----- Warming up -----
Iteration 1
  QuicksortImproved(threshold: 192, partitioning: QuicksortVariant3(pivot: MEDIAN3)) -> time =    293.252 ms
  QuicksortImproved(threshold: 48, partitioning: QuicksortVariant1(pivot: MIDDLE))   -> time =    274.549 ms
  QuicksortImproved(threshold: 16, partitioning: QuicksortVariant1(pivot: MIDDLE))   -> time =    277.373 ms
  QuicksortImproved(threshold: 4, partitioning: QuicksortVariant1(pivot: MEDIAN3))   -> time =    312.167 ms
  QuicksortImproved(threshold: 48, partitioning: QuicksortVariant3(pivot: MIDDLE))   -> time =    265.799 ms
  QuicksortImproved(threshold: 48, partitioning: QuicksortVariant2(pivot: MEDIAN3))  -> time =    277.174 ms
  QuicksortImproved(threshold: 16, partitioning: QuicksortVariant3(pivot: MEDIAN3))  -> time =    290.048 ms
  QuicksortImproved(threshold: 96, partitioning: QuicksortVariant1(pivot: MEDIAN3))  -> time =    261.112 ms
  QuicksortImproved(threshold: 24, partitioning: QuicksortVariant2(pivot: MEDIAN3))  -> time =    284.463 ms
  QuicksortImproved(threshold: 96, partitioning: QuicksortVariant3(pivot: MEDIAN3))  -> time =    264.819 ms
  QuicksortImproved(threshold: 16, partitioning: QuicksortVariant1(pivot: MEDIAN3))  -> time =    285.546 ms
  QuicksortImproved(threshold: 192, partitioning: QuicksortVariant2(pivot: MIDDLE))  -> time =    259.364 ms
  QuicksortImproved(threshold: 192, partitioning: QuicksortVariant1(pivot: MEDIAN3)) -> time =    263.314 ms
  QuicksortImproved(threshold: 96, partitioning: QuicksortVariant3(pivot: MIDDLE))   -> time =    261.935 ms
  QuicksortImproved(threshold: 192, partitioning: QuicksortVariant2(pivot: MEDIAN3)) -> time =    265.603 ms
  QuicksortImproved(threshold: 192, partitioning: QuicksortVariant1(pivot: MIDDLE))  -> time =    255.648 ms
  QuicksortImproved(threshold: 8, partitioning: QuicksortVariant3(pivot: MIDDLE))    -> time =    293.789 ms
  QuicksortImproved(threshold: 8, partitioning: QuicksortVariant1(pivot: MEDIAN3))   -> time =    300.417 ms
  QuicksortImproved(threshold: 24, partitioning: QuicksortVariant3(pivot: MIDDLE))   -> time =    315.704 ms
  QuicksortVariant3(pivot: MEDIAN3)                                                  -> time =    361.757 ms
  QuicksortImproved(threshold: 2, partitioning: QuicksortVariant2(pivot: MIDDLE))    -> time =    342.832 ms
  QuicksortImproved(threshold: 8, partitioning: QuicksortVariant2(pivot: MEDIAN3))   -> time =    311.537 ms
  QuicksortImproved(threshold: 32, partitioning: QuicksortVariant2(pivot: MEDIAN3))  -> time =    281.863 ms
  QuicksortImproved(threshold: 128, partitioning: QuicksortVariant1(pivot: MIDDLE))  -> time =    254.537 ms
  QuicksortVariant2(pivot: MIDDLE)                                                   -> time =    314.188 ms
  QuicksortImproved(threshold: 2, partitioning: QuicksortVariant1(pivot: MEDIAN3))   -> time =    322.101 ms
  QuicksortImproved(threshold: 64, partitioning: QuicksortVariant1(pivot: MIDDLE))   -> time =    259.879 ms
  QuicksortImproved(threshold: 8, partitioning: QuicksortVariant2(pivot: MIDDLE))    -> time =    296.857 ms
  QuicksortImproved(threshold: 96, partitioning: QuicksortVariant2(pivot: MEDIAN3))  -> time =    267.962 ms
  QuicksortImproved(threshold: 2, partitioning: QuicksortVariant3(pivot: MIDDLE))    -> time =    303.352 ms
  QuicksortImproved(threshold: 4, partitioning: QuicksortVariant2(pivot: MIDDLE))    -> time =    304.902 ms
  QuicksortImproved(threshold: 48, partitioning: QuicksortVariant1(pivot: MEDIAN3))  -> time =    275.872 ms
  QuicksortImproved(threshold: 2, partitioning: QuicksortVariant1(pivot: MIDDLE))    -> time =    308.373 ms
  QuicksortImproved(threshold: 32, partitioning: QuicksortVariant1(pivot: MEDIAN3))  -> time =    282.499 ms
  QuicksortImproved(threshold: 128, partitioning: QuicksortVariant2(pivot: MEDIAN3)) -> time =    267.642 ms
  QuicksortImproved(threshold: 32, partitioning: QuicksortVariant1(pivot: MIDDLE))   -> time =    266.659 ms
  QuicksortImproved(threshold: 24, partitioning: QuicksortVariant1(pivot: MIDDLE))   -> time =    271.305 ms
  QuicksortImproved(threshold: 64, partitioning: QuicksortVariant1(pivot: MEDIAN3))  -> time =    265.898 ms
  QuicksortImproved(threshold: 96, partitioning: QuicksortVariant1(pivot: MIDDLE))   -> time =    256.242 ms
  QuicksortImproved(threshold: 2, partitioning: QuicksortVariant2(pivot: MEDIAN3))   -> time =    333.222 ms
  QuicksortVariant1(pivot: MEDIAN3)                                                  -> time =    318.269 ms
  QuicksortImproved(threshold: 192, partitioning: QuicksortVariant3(pivot: MIDDLE))  -> time =    260.445 ms
  QuicksortImproved(threshold: 48, partitioning: QuicksortVariant3(pivot: MEDIAN3))  -> time =    273.879 ms
  QuicksortImproved(threshold: 24, partitioning: QuicksortVariant2(pivot: MIDDLE))   -> time =    276.547 ms
  QuicksortImproved(threshold: 64, partitioning: QuicksortVariant3(pivot: MIDDLE))   -> time =    264.226 ms
  QuicksortImproved(threshold: 64, partitioning: QuicksortVariant2(pivot: MIDDLE))   -> time =    263.021 ms
  QuicksortVariant1(pivot: MIDDLE)                                                   -> time =    300.343 ms
  QuicksortImproved(threshold: 128, partitioning: QuicksortVariant3(pivot: MEDIAN3)) -> time =    265.359 ms
  QuicksortImproved(threshold: 32, partitioning: QuicksortVariant3(pivot: MIDDLE))   -> time =    271.226 ms
  QuicksortImproved(threshold: 32, partitioning: QuicksortVariant3(pivot: MEDIAN3))  -> time =    288.323 ms
  QuicksortImproved(threshold: 16, partitioning: QuicksortVariant2(pivot: MIDDLE))   -> time =    295.219 ms
  QuicksortImproved(threshold: 8, partitioning: QuicksortVariant1(pivot: MIDDLE))    -> time =    289.912 ms
  QuicksortImproved(threshold: 128, partitioning: QuicksortVariant3(pivot: MIDDLE))  -> time =    257.934 ms
  QuicksortImproved(threshold: 4, partitioning: QuicksortVariant1(pivot: MIDDLE))    -> time =    297.799 ms
  QuicksortImproved(threshold: 2, partitioning: QuicksortVariant3(pivot: MEDIAN3))   -> time =    326.868 ms
  QuicksortImproved(threshold: 4, partitioning: QuicksortVariant3(pivot: MEDIAN3))   -> time =    319.258 ms
  QuicksortImproved(threshold: 48, partitioning: QuicksortVariant2(pivot: MIDDLE))   -> time =    266.177 ms
  QuicksortVariant3(pivot: MIDDLE)                                                   -> time =    306.534 ms
  QuicksortImproved(threshold: 4, partitioning: QuicksortVariant2(pivot: MEDIAN3))   -> time =    320.469 ms
  QuicksortImproved(threshold: 24, partitioning: QuicksortVariant1(pivot: MEDIAN3))  -> time =    281.500 ms
  QuicksortImproved(threshold: 24, partitioning: QuicksortVariant3(pivot: MEDIAN3))  -> time =    284.424 ms
  QuicksortImproved(threshold: 64, partitioning: QuicksortVariant3(pivot: MEDIAN3))  -> time =    269.982 ms
  QuicksortVariant2(pivot: MEDIAN3)                                                  -> time =    327.617 ms
  QuicksortImproved(threshold: 64, partitioning: QuicksortVariant2(pivot: MEDIAN3))  -> time =    271.125 ms
  QuicksortImproved(threshold: 128, partitioning: QuicksortVariant2(pivot: MIDDLE))  -> time =    259.131 ms
  QuicksortImproved(threshold: 128, partitioning: QuicksortVariant1(pivot: MEDIAN3)) -> time =    262.434 ms
  QuicksortImproved(threshold: 16, partitioning: QuicksortVariant3(pivot: MIDDLE))   -> time =    279.181 ms
  QuicksortImproved(threshold: 16, partitioning: QuicksortVariant2(pivot: MEDIAN3))  -> time =    294.835 ms
  QuicksortImproved(threshold: 4, partitioning: QuicksortVariant3(pivot: MIDDLE))    -> time =    300.804 ms
  QuicksortImproved(threshold: 32, partitioning: QuicksortVariant2(pivot: MIDDLE))   -> time =    274.651 ms
  QuicksortImproved(threshold: 8, partitioning: QuicksortVariant3(pivot: MEDIAN3))   -> time =    310.018 ms
  QuicksortImproved(threshold: 96, partitioning: QuicksortVariant2(pivot: MIDDLE))   -> time =    269.579 ms
Iteration 2
  QuicksortImproved(threshold: 2, partitioning: QuicksortVariant1(pivot: MEDIAN3))   -> time =    323.288 ms
  QuicksortVariant2(pivot: MEDIAN3)                                                  -> time =    323.723 ms
  QuicksortImproved(threshold: 64, partitioning: QuicksortVariant1(pivot: MEDIAN3))  -> time =    271.331 ms
  QuicksortImproved(threshold: 2, partitioning: QuicksortVariant3(pivot: MIDDLE))    -> time =    313.723 ms
  QuicksortImproved(threshold: 64, partitioning: QuicksortVariant2(pivot: MEDIAN3))  -> time =    266.287 ms
  QuicksortImproved(threshold: 192, partitioning: QuicksortVariant2(pivot: MEDIAN3)) -> time =    264.507 ms
  QuicksortImproved(threshold: 8, partitioning: QuicksortVariant2(pivot: MIDDLE))    -> time =    301.116 ms
  QuicksortImproved(threshold: 2, partitioning: QuicksortVariant3(pivot: MEDIAN3))   -> time =    331.713 ms
  QuicksortImproved(threshold: 96, partitioning: QuicksortVariant1(pivot: MEDIAN3))  -> time =    265.825 ms
  QuicksortImproved(threshold: 8, partitioning: QuicksortVariant3(pivot: MEDIAN3))   -> time =    310.160 ms
  QuicksortImproved(threshold: 16, partitioning: QuicksortVariant1(pivot: MIDDLE))   -> time =    292.045 ms
  QuicksortImproved(threshold: 8, partitioning: QuicksortVariant1(pivot: MIDDLE))    -> time =    293.028 ms
  QuicksortImproved(threshold: 16, partitioning: QuicksortVariant3(pivot: MIDDLE))   -> time =    282.320 ms
  QuicksortImproved(threshold: 96, partitioning: QuicksortVariant2(pivot: MEDIAN3))  -> time =    263.417 ms
  QuicksortVariant3(pivot: MIDDLE)                                                   -> time =    308.656 ms
  QuicksortImproved(threshold: 16, partitioning: QuicksortVariant3(pivot: MEDIAN3))  -> time =    292.042 ms
  QuicksortImproved(threshold: 24, partitioning: QuicksortVariant1(pivot: MEDIAN3))  -> time =    283.720 ms
  QuicksortImproved(threshold: 48, partitioning: QuicksortVariant3(pivot: MIDDLE))   -> time =    267.340 ms
  QuicksortImproved(threshold: 8, partitioning: QuicksortVariant1(pivot: MEDIAN3))   -> time =    302.902 ms
  QuicksortImproved(threshold: 8, partitioning: QuicksortVariant2(pivot: MEDIAN3))   -> time =    306.131 ms
  QuicksortImproved(threshold: 8, partitioning: QuicksortVariant3(pivot: MIDDLE))    -> time =    292.848 ms
  QuicksortImproved(threshold: 96, partitioning: QuicksortVariant3(pivot: MIDDLE))   -> time =    260.971 ms
  QuicksortImproved(threshold: 16, partitioning: QuicksortVariant1(pivot: MEDIAN3))  -> time =    294.750 ms
  QuicksortVariant2(pivot: MIDDLE)                                                   -> time =    315.572 ms
  QuicksortImproved(threshold: 4, partitioning: QuicksortVariant1(pivot: MIDDLE))    -> time =    310.386 ms
  QuicksortImproved(threshold: 96, partitioning: QuicksortVariant3(pivot: MEDIAN3))  -> time =    266.266 ms
  QuicksortImproved(threshold: 192, partitioning: QuicksortVariant1(pivot: MIDDLE))  -> time =    263.431 ms
  QuicksortImproved(threshold: 2, partitioning: QuicksortVariant1(pivot: MIDDLE))    -> time =    310.297 ms
  QuicksortVariant1(pivot: MEDIAN3)                                                  -> time =    318.751 ms
  QuicksortImproved(threshold: 192, partitioning: QuicksortVariant1(pivot: MEDIAN3)) -> time =    271.580 ms
  QuicksortImproved(threshold: 4, partitioning: QuicksortVariant2(pivot: MIDDLE))    -> time =    308.657 ms
  QuicksortImproved(threshold: 64, partitioning: QuicksortVariant3(pivot: MEDIAN3))  -> time =    269.138 ms
  QuicksortImproved(threshold: 2, partitioning: QuicksortVariant2(pivot: MIDDLE))    -> time =    314.324 ms
  QuicksortImproved(threshold: 32, partitioning: QuicksortVariant2(pivot: MEDIAN3))  -> time =    277.298 ms
  QuicksortImproved(threshold: 192, partitioning: QuicksortVariant3(pivot: MEDIAN3)) -> time =    266.478 ms
  QuicksortImproved(threshold: 32, partitioning: QuicksortVariant1(pivot: MEDIAN3))  -> time =    277.024 ms
  QuicksortImproved(threshold: 32, partitioning: QuicksortVariant3(pivot: MIDDLE))   -> time =    276.433 ms
  QuicksortImproved(threshold: 64, partitioning: QuicksortVariant3(pivot: MIDDLE))   -> time =    264.457 ms
  QuicksortImproved(threshold: 48, partitioning: QuicksortVariant2(pivot: MIDDLE))   -> time =    269.438 ms
  QuicksortImproved(threshold: 64, partitioning: QuicksortVariant1(pivot: MIDDLE))   -> time =    263.393 ms
  QuicksortImproved(threshold: 64, partitioning: QuicksortVariant2(pivot: MIDDLE))   -> time =    266.886 ms
  QuicksortImproved(threshold: 128, partitioning: QuicksortVariant2(pivot: MEDIAN3)) -> time =    261.703 ms
  QuicksortImproved(threshold: 24, partitioning: QuicksortVariant2(pivot: MIDDLE))   -> time =    280.136 ms
  QuicksortImproved(threshold: 16, partitioning: QuicksortVariant2(pivot: MEDIAN3))  -> time =    289.655 ms
  QuicksortImproved(threshold: 48, partitioning: QuicksortVariant3(pivot: MEDIAN3))  -> time =    273.127 ms
  QuicksortImproved(threshold: 128, partitioning: QuicksortVariant1(pivot: MIDDLE))  -> time =    260.432 ms
  QuicksortImproved(threshold: 24, partitioning: QuicksortVariant2(pivot: MEDIAN3))  -> time =    282.355 ms
  QuicksortImproved(threshold: 32, partitioning: QuicksortVariant3(pivot: MEDIAN3))  -> time =    279.746 ms
  QuicksortImproved(threshold: 24, partitioning: QuicksortVariant1(pivot: MIDDLE))   -> time =    277.304 ms
  QuicksortImproved(threshold: 16, partitioning: QuicksortVariant2(pivot: MIDDLE))   -> time =    285.847 ms
  QuicksortImproved(threshold: 24, partitioning: QuicksortVariant3(pivot: MIDDLE))   -> time =    275.924 ms
  QuicksortImproved(threshold: 4, partitioning: QuicksortVariant3(pivot: MIDDLE))    -> time =    300.670 ms
  QuicksortImproved(threshold: 128, partitioning: QuicksortVariant3(pivot: MIDDLE))  -> time =    259.788 ms
  QuicksortImproved(threshold: 32, partitioning: QuicksortVariant2(pivot: MIDDLE))   -> time =    275.383 ms
  QuicksortImproved(threshold: 128, partitioning: QuicksortVariant2(pivot: MIDDLE))  -> time =    263.319 ms
  QuicksortImproved(threshold: 4, partitioning: QuicksortVariant2(pivot: MEDIAN3))   -> time =    317.194 ms
  QuicksortImproved(threshold: 24, partitioning: QuicksortVariant3(pivot: MEDIAN3))  -> time =    284.475 ms
  QuicksortImproved(threshold: 48, partitioning: QuicksortVariant2(pivot: MEDIAN3))  -> time =    270.700 ms
  QuicksortImproved(threshold: 4, partitioning: QuicksortVariant1(pivot: MEDIAN3))   -> time =    314.635 ms
  QuicksortImproved(threshold: 128, partitioning: QuicksortVariant1(pivot: MEDIAN3)) -> time =    266.719 ms
  QuicksortImproved(threshold: 96, partitioning: QuicksortVariant1(pivot: MIDDLE))   -> time =    261.047 ms
  QuicksortImproved(threshold: 48, partitioning: QuicksortVariant1(pivot: MEDIAN3))  -> time =    272.472 ms
  QuicksortImproved(threshold: 2, partitioning: QuicksortVariant2(pivot: MEDIAN3))   -> time =    323.947 ms
  QuicksortImproved(threshold: 48, partitioning: QuicksortVariant1(pivot: MIDDLE))   -> time =    268.283 ms
  QuicksortImproved(threshold: 192, partitioning: QuicksortVariant3(pivot: MIDDLE))  -> time =    261.921 ms
  QuicksortImproved(threshold: 96, partitioning: QuicksortVariant2(pivot: MIDDLE))   -> time =    263.063 ms
  QuicksortImproved(threshold: 32, partitioning: QuicksortVariant1(pivot: MIDDLE))   -> time =    281.133 ms
  QuicksortImproved(threshold: 192, partitioning: QuicksortVariant2(pivot: MIDDLE))  -> time =    278.959 ms
  QuicksortImproved(threshold: 4, partitioning: QuicksortVariant3(pivot: MEDIAN3))   -> time =    323.028 ms
  QuicksortImproved(threshold: 128, partitioning: QuicksortVariant3(pivot: MEDIAN3)) -> time =    265.740 ms
  QuicksortVariant1(pivot: MIDDLE)                                                   -> time =    304.109 ms
  QuicksortVariant3(pivot: MEDIAN3)                                                  -> time =    328.289 ms
Iteration 3
  QuicksortImproved(threshold: 48, partitioning: QuicksortVariant2(pivot: MEDIAN3))  -> time =    280.381 ms
  QuicksortImproved(threshold: 48, partitioning: QuicksortVariant3(pivot: MEDIAN3))  -> time =    277.557 ms
  QuicksortImproved(threshold: 4, partitioning: QuicksortVariant1(pivot: MIDDLE))    -> time =    306.716 ms
  QuicksortImproved(threshold: 192, partitioning: QuicksortVariant3(pivot: MEDIAN3)) -> time =    271.489 ms
  QuicksortImproved(threshold: 32, partitioning: QuicksortVariant1(pivot: MEDIAN3))  -> time =    279.624 ms
  QuicksortImproved(threshold: 64, partitioning: QuicksortVariant3(pivot: MEDIAN3))  -> time =    274.010 ms
  QuicksortImproved(threshold: 16, partitioning: QuicksortVariant2(pivot: MEDIAN3))  -> time =    298.358 ms
  QuicksortImproved(threshold: 2, partitioning: QuicksortVariant3(pivot: MEDIAN3))   -> time =    345.181 ms
  QuicksortImproved(threshold: 192, partitioning: QuicksortVariant1(pivot: MIDDLE))  -> time =    265.631 ms
  QuicksortImproved(threshold: 2, partitioning: QuicksortVariant3(pivot: MIDDLE))    -> time =    307.939 ms
  QuicksortImproved(threshold: 4, partitioning: QuicksortVariant2(pivot: MEDIAN3))   -> time =    322.591 ms
  QuicksortImproved(threshold: 8, partitioning: QuicksortVariant1(pivot: MEDIAN3))   -> time =    304.168 ms
  QuicksortImproved(threshold: 4, partitioning: QuicksortVariant3(pivot: MEDIAN3))   -> time =    323.288 ms
  QuicksortImproved(threshold: 16, partitioning: QuicksortVariant1(pivot: MIDDLE))   -> time =    283.990 ms
  QuicksortImproved(threshold: 8, partitioning: QuicksortVariant1(pivot: MIDDLE))    -> time =    294.228 ms
  QuicksortImproved(threshold: 24, partitioning: QuicksortVariant1(pivot: MEDIAN3))  -> time =    284.562 ms
  QuicksortImproved(threshold: 32, partitioning: QuicksortVariant3(pivot: MIDDLE))   -> time =    278.640 ms
  QuicksortImproved(threshold: 48, partitioning: QuicksortVariant1(pivot: MEDIAN3))  -> time =    273.228 ms
  QuicksortImproved(threshold: 128, partitioning: QuicksortVariant1(pivot: MEDIAN3)) -> time =    265.127 ms
  QuicksortImproved(threshold: 2, partitioning: QuicksortVariant1(pivot: MEDIAN3))   -> time =    323.232 ms
  QuicksortImproved(threshold: 128, partitioning: QuicksortVariant3(pivot: MEDIAN3)) -> time =    269.523 ms
  QuicksortImproved(threshold: 16, partitioning: QuicksortVariant3(pivot: MEDIAN3))  -> time =    295.867 ms
  QuicksortImproved(threshold: 2, partitioning: QuicksortVariant2(pivot: MEDIAN3))   -> time =    330.286 ms
  QuicksortImproved(threshold: 32, partitioning: QuicksortVariant2(pivot: MIDDLE))   -> time =    277.797 ms
  QuicksortImproved(threshold: 24, partitioning: QuicksortVariant3(pivot: MIDDLE))   -> time =    280.740 ms
  QuicksortImproved(threshold: 64, partitioning: QuicksortVariant2(pivot: MIDDLE))   -> time =    268.877 ms
  QuicksortVariant3(pivot: MIDDLE)                                                   -> time =    306.923 ms
  QuicksortImproved(threshold: 96, partitioning: QuicksortVariant3(pivot: MIDDLE))   -> time =    264.365 ms
  QuicksortImproved(threshold: 24, partitioning: QuicksortVariant1(pivot: MIDDLE))   -> time =    279.886 ms
  QuicksortImproved(threshold: 8, partitioning: QuicksortVariant3(pivot: MEDIAN3))   -> time =    309.005 ms
  QuicksortImproved(threshold: 8, partitioning: QuicksortVariant3(pivot: MIDDLE))    -> time =    294.120 ms
  QuicksortImproved(threshold: 64, partitioning: QuicksortVariant3(pivot: MIDDLE))   -> time =    265.851 ms
  QuicksortImproved(threshold: 24, partitioning: QuicksortVariant2(pivot: MEDIAN3))  -> time =    287.906 ms
  QuicksortImproved(threshold: 16, partitioning: QuicksortVariant3(pivot: MIDDLE))   -> time =    283.654 ms
  QuicksortImproved(threshold: 128, partitioning: QuicksortVariant1(pivot: MIDDLE))  -> time =    262.244 ms
  QuicksortImproved(threshold: 2, partitioning: QuicksortVariant2(pivot: MIDDLE))    -> time =    314.442 ms
  QuicksortVariant1(pivot: MEDIAN3)                                                  -> time =    318.296 ms
  QuicksortImproved(threshold: 16, partitioning: QuicksortVariant1(pivot: MEDIAN3))  -> time =    290.743 ms
  QuicksortVariant2(pivot: MEDIAN3)                                                  -> time =    329.011 ms
  QuicksortImproved(threshold: 48, partitioning: QuicksortVariant2(pivot: MIDDLE))   -> time =    272.703 ms
  QuicksortImproved(threshold: 32, partitioning: QuicksortVariant2(pivot: MEDIAN3))  -> time =    283.602 ms
  QuicksortImproved(threshold: 96, partitioning: QuicksortVariant2(pivot: MIDDLE))   -> time =    265.750 ms
  QuicksortImproved(threshold: 64, partitioning: QuicksortVariant2(pivot: MEDIAN3))  -> time =    273.309 ms
  QuicksortImproved(threshold: 8, partitioning: QuicksortVariant2(pivot: MEDIAN3))   -> time =    311.325 ms
  QuicksortImproved(threshold: 4, partitioning: QuicksortVariant1(pivot: MEDIAN3))   -> time =    319.971 ms
  QuicksortImproved(threshold: 192, partitioning: QuicksortVariant3(pivot: MIDDLE))  -> time =    264.787 ms
  QuicksortVariant3(pivot: MEDIAN3)                                                  -> time =    333.208 ms
  QuicksortImproved(threshold: 192, partitioning: QuicksortVariant1(pivot: MEDIAN3)) -> time =    271.664 ms
  QuicksortVariant1(pivot: MIDDLE)                                                   -> time =    308.286 ms
  QuicksortImproved(threshold: 48, partitioning: QuicksortVariant1(pivot: MIDDLE))   -> time =    270.975 ms
  QuicksortImproved(threshold: 64, partitioning: QuicksortVariant1(pivot: MIDDLE))   -> time =    266.227 ms
  QuicksortImproved(threshold: 24, partitioning: QuicksortVariant2(pivot: MIDDLE))   -> time =    283.297 ms
  QuicksortImproved(threshold: 192, partitioning: QuicksortVariant2(pivot: MEDIAN3)) -> time =    269.693 ms
  QuicksortImproved(threshold: 16, partitioning: QuicksortVariant2(pivot: MIDDLE))   -> time =    288.028 ms
  QuicksortImproved(threshold: 96, partitioning: QuicksortVariant2(pivot: MEDIAN3))  -> time =    279.083 ms
  QuicksortImproved(threshold: 8, partitioning: QuicksortVariant2(pivot: MIDDLE))    -> time =    301.578 ms
  QuicksortImproved(threshold: 128, partitioning: QuicksortVariant2(pivot: MIDDLE))  -> time =    268.094 ms
  QuicksortImproved(threshold: 96, partitioning: QuicksortVariant3(pivot: MEDIAN3))  -> time =    271.262 ms
  QuicksortImproved(threshold: 32, partitioning: QuicksortVariant3(pivot: MEDIAN3))  -> time =    284.862 ms
  QuicksortImproved(threshold: 64, partitioning: QuicksortVariant1(pivot: MEDIAN3))  -> time =    269.630 ms
  QuicksortImproved(threshold: 192, partitioning: QuicksortVariant2(pivot: MIDDLE))  -> time =    266.501 ms
  QuicksortImproved(threshold: 48, partitioning: QuicksortVariant3(pivot: MIDDLE))   -> time =    269.183 ms
  QuicksortVariant2(pivot: MIDDLE)                                                   -> time =    315.757 ms
  QuicksortImproved(threshold: 4, partitioning: QuicksortVariant3(pivot: MIDDLE))    -> time =    304.642 ms
  QuicksortImproved(threshold: 96, partitioning: QuicksortVariant1(pivot: MEDIAN3))  -> time =    268.308 ms
  QuicksortImproved(threshold: 96, partitioning: QuicksortVariant1(pivot: MIDDLE))   -> time =    264.798 ms
  QuicksortImproved(threshold: 4, partitioning: QuicksortVariant2(pivot: MIDDLE))    -> time =    310.510 ms
  QuicksortImproved(threshold: 128, partitioning: QuicksortVariant3(pivot: MIDDLE))  -> time =    261.217 ms
  QuicksortImproved(threshold: 128, partitioning: QuicksortVariant2(pivot: MEDIAN3)) -> time =    269.056 ms
  QuicksortImproved(threshold: 24, partitioning: QuicksortVariant3(pivot: MEDIAN3))  -> time =    288.817 ms
  QuicksortImproved(threshold: 2, partitioning: QuicksortVariant1(pivot: MIDDLE))    -> time =    311.235 ms
  QuicksortImproved(threshold: 32, partitioning: QuicksortVariant1(pivot: MIDDLE))   -> time =    281.919 ms
Iteration 4
  QuicksortImproved(threshold: 48, partitioning: QuicksortVariant3(pivot: MEDIAN3))  -> time =    274.545 ms
  QuicksortVariant3(pivot: MEDIAN3)                                                  -> time =    328.920 ms
  QuicksortImproved(threshold: 48, partitioning: QuicksortVariant3(pivot: MIDDLE))   -> time =    264.614 ms
  QuicksortImproved(threshold: 2, partitioning: QuicksortVariant1(pivot: MIDDLE))    -> time =    302.373 ms
  QuicksortImproved(threshold: 8, partitioning: QuicksortVariant3(pivot: MIDDLE))    -> time =    289.161 ms
  QuicksortImproved(threshold: 8, partitioning: QuicksortVariant2(pivot: MIDDLE))    -> time =    293.650 ms
  QuicksortImproved(threshold: 8, partitioning: QuicksortVariant3(pivot: MEDIAN3))   -> time =    305.772 ms
  QuicksortImproved(threshold: 24, partitioning: QuicksortVariant2(pivot: MEDIAN3))  -> time =    285.723 ms
  QuicksortImproved(threshold: 96, partitioning: QuicksortVariant3(pivot: MEDIAN3))  -> time =    266.307 ms
  QuicksortImproved(threshold: 8, partitioning: QuicksortVariant1(pivot: MIDDLE))    -> time =    285.638 ms
  QuicksortImproved(threshold: 4, partitioning: QuicksortVariant3(pivot: MIDDLE))    -> time =    298.532 ms
  QuicksortImproved(threshold: 32, partitioning: QuicksortVariant2(pivot: MIDDLE))   -> time =    271.379 ms
  QuicksortImproved(threshold: 64, partitioning: QuicksortVariant1(pivot: MEDIAN3))  -> time =    265.653 ms
  QuicksortImproved(threshold: 32, partitioning: QuicksortVariant3(pivot: MIDDLE))   -> time =    269.605 ms
  QuicksortImproved(threshold: 24, partitioning: QuicksortVariant1(pivot: MIDDLE))   -> time =    269.747 ms
  QuicksortImproved(threshold: 8, partitioning: QuicksortVariant1(pivot: MEDIAN3))   -> time =    299.557 ms
  QuicksortImproved(threshold: 64, partitioning: QuicksortVariant2(pivot: MIDDLE))   -> time =    260.607 ms
  QuicksortImproved(threshold: 24, partitioning: QuicksortVariant1(pivot: MEDIAN3))  -> time =    284.774 ms
  QuicksortImproved(threshold: 4, partitioning: QuicksortVariant2(pivot: MIDDLE))    -> time =    303.249 ms
  QuicksortImproved(threshold: 16, partitioning: QuicksortVariant2(pivot: MEDIAN3))  -> time =    292.506 ms
  QuicksortImproved(threshold: 48, partitioning: QuicksortVariant2(pivot: MEDIAN3))  -> time =    274.627 ms
  QuicksortImproved(threshold: 192, partitioning: QuicksortVariant2(pivot: MEDIAN3)) -> time =    267.191 ms
  QuicksortImproved(threshold: 128, partitioning: QuicksortVariant1(pivot: MIDDLE))  -> time =    260.162 ms
  QuicksortImproved(threshold: 192, partitioning: QuicksortVariant3(pivot: MEDIAN3)) -> time =    269.088 ms
  QuicksortImproved(threshold: 24, partitioning: QuicksortVariant3(pivot: MIDDLE))   -> time =    276.129 ms
  QuicksortImproved(threshold: 48, partitioning: QuicksortVariant1(pivot: MIDDLE))   -> time =    263.945 ms
  QuicksortImproved(threshold: 2, partitioning: QuicksortVariant1(pivot: MEDIAN3))   -> time =    320.381 ms
  QuicksortVariant2(pivot: MIDDLE)                                                   -> time =    310.253 ms
  QuicksortImproved(threshold: 2, partitioning: QuicksortVariant2(pivot: MEDIAN3))   -> time =    326.255 ms
  QuicksortImproved(threshold: 64, partitioning: QuicksortVariant3(pivot: MIDDLE))   -> time =    260.730 ms
  QuicksortImproved(threshold: 32, partitioning: QuicksortVariant1(pivot: MEDIAN3))  -> time =    275.332 ms
  QuicksortImproved(threshold: 64, partitioning: QuicksortVariant3(pivot: MEDIAN3))  -> time =    269.870 ms
  QuicksortImproved(threshold: 24, partitioning: QuicksortVariant3(pivot: MEDIAN3))  -> time =    284.292 ms
  QuicksortImproved(threshold: 2, partitioning: QuicksortVariant2(pivot: MIDDLE))    -> time =    307.494 ms
  QuicksortImproved(threshold: 16, partitioning: QuicksortVariant2(pivot: MIDDLE))   -> time =    281.728 ms
  QuicksortImproved(threshold: 96, partitioning: QuicksortVariant3(pivot: MIDDLE))   -> time =    257.457 ms
  QuicksortImproved(threshold: 96, partitioning: QuicksortVariant2(pivot: MEDIAN3))  -> time =    265.849 ms
  QuicksortImproved(threshold: 64, partitioning: QuicksortVariant2(pivot: MEDIAN3))  -> time =    270.425 ms
  QuicksortImproved(threshold: 192, partitioning: QuicksortVariant3(pivot: MIDDLE))  -> time =    260.516 ms
  QuicksortImproved(threshold: 8, partitioning: QuicksortVariant2(pivot: MEDIAN3))   -> time =    306.751 ms
  QuicksortImproved(threshold: 128, partitioning: QuicksortVariant2(pivot: MIDDLE))  -> time =    257.223 ms
  QuicksortImproved(threshold: 4, partitioning: QuicksortVariant2(pivot: MEDIAN3))   -> time =    318.095 ms
  QuicksortImproved(threshold: 4, partitioning: QuicksortVariant3(pivot: MEDIAN3))   -> time =    320.021 ms
  QuicksortImproved(threshold: 128, partitioning: QuicksortVariant3(pivot: MIDDLE))  -> time =    256.704 ms
  QuicksortImproved(threshold: 24, partitioning: QuicksortVariant2(pivot: MIDDLE))   -> time =    273.746 ms
  QuicksortVariant3(pivot: MIDDLE)                                                   -> time =    302.164 ms
  QuicksortImproved(threshold: 48, partitioning: QuicksortVariant2(pivot: MIDDLE))   -> time =    265.835 ms
  QuicksortImproved(threshold: 192, partitioning: QuicksortVariant1(pivot: MEDIAN3)) -> time =    264.877 ms
  QuicksortImproved(threshold: 64, partitioning: QuicksortVariant1(pivot: MIDDLE))   -> time =    258.616 ms
  QuicksortImproved(threshold: 192, partitioning: QuicksortVariant2(pivot: MIDDLE))  -> time =    260.378 ms
  QuicksortImproved(threshold: 32, partitioning: QuicksortVariant1(pivot: MIDDLE))   -> time =    266.946 ms
  QuicksortImproved(threshold: 2, partitioning: QuicksortVariant3(pivot: MIDDLE))    -> time =    302.916 ms
  QuicksortImproved(threshold: 16, partitioning: QuicksortVariant1(pivot: MEDIAN3))  -> time =    288.052 ms
  QuicksortImproved(threshold: 32, partitioning: QuicksortVariant3(pivot: MEDIAN3))  -> time =    279.808 ms
  QuicksortImproved(threshold: 192, partitioning: QuicksortVariant1(pivot: MIDDLE))  -> time =    256.841 ms
  QuicksortImproved(threshold: 96, partitioning: QuicksortVariant1(pivot: MIDDLE))   -> time =    255.760 ms
  QuicksortImproved(threshold: 16, partitioning: QuicksortVariant3(pivot: MIDDLE))   -> time =    279.774 ms
  QuicksortImproved(threshold: 32, partitioning: QuicksortVariant2(pivot: MEDIAN3))  -> time =    279.815 ms
  QuicksortImproved(threshold: 96, partitioning: QuicksortVariant2(pivot: MIDDLE))   -> time =    258.333 ms
  QuicksortImproved(threshold: 2, partitioning: QuicksortVariant3(pivot: MEDIAN3))   -> time =    329.022 ms
  QuicksortImproved(threshold: 48, partitioning: QuicksortVariant1(pivot: MEDIAN3))  -> time =    269.893 ms
  QuicksortVariant1(pivot: MEDIAN3)                                                  -> time =    317.249 ms
  QuicksortImproved(threshold: 128, partitioning: QuicksortVariant1(pivot: MEDIAN3)) -> time =    261.961 ms
  QuicksortImproved(threshold: 16, partitioning: QuicksortVariant1(pivot: MIDDLE))   -> time =    278.374 ms
  QuicksortImproved(threshold: 128, partitioning: QuicksortVariant2(pivot: MEDIAN3)) -> time =    264.778 ms
  QuicksortImproved(threshold: 4, partitioning: QuicksortVariant1(pivot: MEDIAN3))   -> time =    313.491 ms
  QuicksortImproved(threshold: 16, partitioning: QuicksortVariant3(pivot: MEDIAN3))  -> time =    292.160 ms
  QuicksortVariant2(pivot: MEDIAN3)                                                  -> time =    325.820 ms
  QuicksortImproved(threshold: 128, partitioning: QuicksortVariant3(pivot: MEDIAN3)) -> time =    265.316 ms
  QuicksortVariant1(pivot: MIDDLE)                                                   -> time =    297.336 ms
  QuicksortImproved(threshold: 4, partitioning: QuicksortVariant1(pivot: MIDDLE))    -> time =    296.045 ms
  QuicksortImproved(threshold: 96, partitioning: QuicksortVariant1(pivot: MEDIAN3))  -> time =    261.905 ms
Iteration 5
  QuicksortVariant2(pivot: MEDIAN3)                                                  -> time =    330.131 ms
  QuicksortImproved(threshold: 2, partitioning: QuicksortVariant3(pivot: MIDDLE))    -> time =    303.963 ms
  QuicksortImproved(threshold: 16, partitioning: QuicksortVariant2(pivot: MEDIAN3))  -> time =    298.102 ms
  QuicksortImproved(threshold: 48, partitioning: QuicksortVariant2(pivot: MIDDLE))   -> time =    269.933 ms
  QuicksortImproved(threshold: 32, partitioning: QuicksortVariant2(pivot: MEDIAN3))  -> time =    285.869 ms
  QuicksortImproved(threshold: 48, partitioning: QuicksortVariant1(pivot: MIDDLE))   -> time =    264.192 ms
  QuicksortImproved(threshold: 128, partitioning: QuicksortVariant2(pivot: MIDDLE))  -> time =    272.205 ms
  QuicksortImproved(threshold: 24, partitioning: QuicksortVariant3(pivot: MEDIAN3))  -> time =    285.417 ms
  QuicksortImproved(threshold: 96, partitioning: QuicksortVariant1(pivot: MIDDLE))   -> time =    258.100 ms
  QuicksortVariant1(pivot: MEDIAN3)                                                  -> time =    318.845 ms
  QuicksortImproved(threshold: 4, partitioning: QuicksortVariant2(pivot: MEDIAN3))   -> time =    324.655 ms
  QuicksortImproved(threshold: 32, partitioning: QuicksortVariant3(pivot: MEDIAN3))  -> time =    280.807 ms
  QuicksortImproved(threshold: 128, partitioning: QuicksortVariant1(pivot: MIDDLE))  -> time =    257.304 ms
  QuicksortImproved(threshold: 48, partitioning: QuicksortVariant3(pivot: MIDDLE))   -> time =    263.688 ms
  QuicksortVariant3(pivot: MEDIAN3)                                                  -> time =    329.088 ms
  QuicksortImproved(threshold: 128, partitioning: QuicksortVariant3(pivot: MIDDLE))  -> time =    256.999 ms
  QuicksortImproved(threshold: 64, partitioning: QuicksortVariant1(pivot: MEDIAN3))  -> time =    268.572 ms
  QuicksortImproved(threshold: 2, partitioning: QuicksortVariant2(pivot: MEDIAN3))   -> time =    333.289 ms
  QuicksortImproved(threshold: 32, partitioning: QuicksortVariant1(pivot: MIDDLE))   -> time =    273.030 ms
  QuicksortImproved(threshold: 8, partitioning: QuicksortVariant2(pivot: MEDIAN3))   -> time =    315.027 ms
  QuicksortImproved(threshold: 16, partitioning: QuicksortVariant3(pivot: MIDDLE))   -> time =    279.002 ms
  QuicksortImproved(threshold: 96, partitioning: QuicksortVariant2(pivot: MEDIAN3))  -> time =    274.037 ms
  QuicksortImproved(threshold: 24, partitioning: QuicksortVariant1(pivot: MEDIAN3))  -> time =    286.369 ms
  QuicksortImproved(threshold: 16, partitioning: QuicksortVariant1(pivot: MEDIAN3))  -> time =    293.728 ms
  QuicksortImproved(threshold: 8, partitioning: QuicksortVariant3(pivot: MEDIAN3))   -> time =    307.613 ms
  QuicksortImproved(threshold: 32, partitioning: QuicksortVariant2(pivot: MIDDLE))   -> time =    278.369 ms
  QuicksortImproved(threshold: 4, partitioning: QuicksortVariant3(pivot: MIDDLE))    -> time =    300.093 ms
  QuicksortVariant2(pivot: MIDDLE)                                                   -> time =    314.327 ms
  QuicksortImproved(threshold: 4, partitioning: QuicksortVariant1(pivot: MEDIAN3))   -> time =    318.860 ms
  QuicksortImproved(threshold: 8, partitioning: QuicksortVariant3(pivot: MIDDLE))    -> time =    290.975 ms
  QuicksortImproved(threshold: 32, partitioning: QuicksortVariant3(pivot: MIDDLE))   -> time =    270.216 ms
  QuicksortImproved(threshold: 16, partitioning: QuicksortVariant3(pivot: MEDIAN3))  -> time =    292.922 ms
  QuicksortImproved(threshold: 4, partitioning: QuicksortVariant1(pivot: MIDDLE))    -> time =    300.522 ms
  QuicksortImproved(threshold: 16, partitioning: QuicksortVariant1(pivot: MIDDLE))   -> time =    282.205 ms
  QuicksortImproved(threshold: 64, partitioning: QuicksortVariant3(pivot: MEDIAN3))  -> time =    270.125 ms
  QuicksortImproved(threshold: 64, partitioning: QuicksortVariant3(pivot: MIDDLE))   -> time =    262.390 ms
  QuicksortImproved(threshold: 48, partitioning: QuicksortVariant2(pivot: MEDIAN3))  -> time =    279.832 ms
  QuicksortImproved(threshold: 64, partitioning: QuicksortVariant2(pivot: MIDDLE))   -> time =    266.483 ms
  QuicksortImproved(threshold: 96, partitioning: QuicksortVariant3(pivot: MIDDLE))   -> time =    258.210 ms
  QuicksortImproved(threshold: 2, partitioning: QuicksortVariant1(pivot: MEDIAN3))   -> time =    326.137 ms
  QuicksortImproved(threshold: 64, partitioning: QuicksortVariant2(pivot: MEDIAN3))  -> time =    276.814 ms
  QuicksortImproved(threshold: 2, partitioning: QuicksortVariant3(pivot: MEDIAN3))   -> time =    328.722 ms
  QuicksortImproved(threshold: 192, partitioning: QuicksortVariant1(pivot: MIDDLE))  -> time =    260.923 ms
  QuicksortVariant1(pivot: MIDDLE)                                                   -> time =    307.942 ms
  QuicksortImproved(threshold: 128, partitioning: QuicksortVariant3(pivot: MEDIAN3)) -> time =    266.501 ms
  QuicksortImproved(threshold: 192, partitioning: QuicksortVariant2(pivot: MEDIAN3)) -> time =    274.819 ms
  QuicksortImproved(threshold: 192, partitioning: QuicksortVariant3(pivot: MIDDLE))  -> time =    262.166 ms
  QuicksortImproved(threshold: 32, partitioning: QuicksortVariant1(pivot: MEDIAN3))  -> time =    279.188 ms
  QuicksortImproved(threshold: 4, partitioning: QuicksortVariant2(pivot: MIDDLE))    -> time =    306.398 ms
  QuicksortImproved(threshold: 64, partitioning: QuicksortVariant1(pivot: MIDDLE))   -> time =    263.167 ms
  QuicksortImproved(threshold: 24, partitioning: QuicksortVariant3(pivot: MIDDLE))   -> time =    273.819 ms
  QuicksortImproved(threshold: 48, partitioning: QuicksortVariant1(pivot: MEDIAN3))  -> time =    272.463 ms
  QuicksortImproved(threshold: 8, partitioning: QuicksortVariant1(pivot: MIDDLE))    -> time =    290.448 ms
  QuicksortImproved(threshold: 24, partitioning: QuicksortVariant2(pivot: MIDDLE))   -> time =    280.805 ms
  QuicksortImproved(threshold: 48, partitioning: QuicksortVariant3(pivot: MEDIAN3))  -> time =    274.104 ms
  QuicksortImproved(threshold: 16, partitioning: QuicksortVariant2(pivot: MIDDLE))   -> time =    286.037 ms
  QuicksortImproved(threshold: 96, partitioning: QuicksortVariant3(pivot: MEDIAN3))  -> time =    267.358 ms
  QuicksortImproved(threshold: 2, partitioning: QuicksortVariant2(pivot: MIDDLE))    -> time =    313.076 ms
  QuicksortImproved(threshold: 24, partitioning: QuicksortVariant1(pivot: MIDDLE))   -> time =    274.090 ms
  QuicksortImproved(threshold: 24, partitioning: QuicksortVariant2(pivot: MEDIAN3))  -> time =    290.740 ms
  QuicksortImproved(threshold: 2, partitioning: QuicksortVariant1(pivot: MIDDLE))    -> time =    305.026 ms
  QuicksortImproved(threshold: 128, partitioning: QuicksortVariant1(pivot: MEDIAN3)) -> time =    264.294 ms
  QuicksortImproved(threshold: 96, partitioning: QuicksortVariant1(pivot: MEDIAN3))  -> time =    264.841 ms
  QuicksortImproved(threshold: 8, partitioning: QuicksortVariant2(pivot: MIDDLE))    -> time =    297.975 ms
  QuicksortImproved(threshold: 192, partitioning: QuicksortVariant1(pivot: MEDIAN3)) -> time =    270.307 ms
  QuicksortImproved(threshold: 192, partitioning: QuicksortVariant2(pivot: MIDDLE))  -> time =    266.140 ms
  QuicksortImproved(threshold: 4, partitioning: QuicksortVariant3(pivot: MEDIAN3))   -> time =    321.955 ms
  QuicksortImproved(threshold: 8, partitioning: QuicksortVariant1(pivot: MEDIAN3))   -> time =    304.485 ms
  QuicksortVariant3(pivot: MIDDLE)                                                   -> time =    301.148 ms
  QuicksortImproved(threshold: 128, partitioning: QuicksortVariant2(pivot: MEDIAN3)) -> time =    271.616 ms
  QuicksortImproved(threshold: 96, partitioning: QuicksortVariant2(pivot: MIDDLE))   -> time =    271.104 ms
  QuicksortImproved(threshold: 192, partitioning: QuicksortVariant3(pivot: MEDIAN3)) -> time =    272.503 ms
Iteration 6
  QuicksortImproved(threshold: 2, partitioning: QuicksortVariant1(pivot: MEDIAN3))   -> time =    325.304 ms
  QuicksortImproved(threshold: 32, partitioning: QuicksortVariant2(pivot: MIDDLE))   -> time =    289.420 ms
  QuicksortImproved(threshold: 4, partitioning: QuicksortVariant1(pivot: MEDIAN3))   -> time =    316.040 ms
  QuicksortImproved(threshold: 64, partitioning: QuicksortVariant3(pivot: MIDDLE))   -> time =    267.506 ms
  QuicksortImproved(threshold: 8, partitioning: QuicksortVariant2(pivot: MIDDLE))    -> time =    301.109 ms
  QuicksortImproved(threshold: 16, partitioning: QuicksortVariant2(pivot: MEDIAN3))  -> time =    296.450 ms
  QuicksortImproved(threshold: 32, partitioning: QuicksortVariant3(pivot: MIDDLE))   -> time =    276.504 ms
  QuicksortImproved(threshold: 24, partitioning: QuicksortVariant2(pivot: MEDIAN3))  -> time =    288.964 ms
  QuicksortVariant1(pivot: MEDIAN3)                                                  -> time =    320.961 ms
  QuicksortImproved(threshold: 32, partitioning: QuicksortVariant3(pivot: MEDIAN3))  -> time =    281.951 ms
  QuicksortImproved(threshold: 192, partitioning: QuicksortVariant2(pivot: MIDDLE))  -> time =    268.126 ms
  QuicksortImproved(threshold: 24, partitioning: QuicksortVariant1(pivot: MIDDLE))   -> time =    281.313 ms
  QuicksortImproved(threshold: 8, partitioning: QuicksortVariant1(pivot: MEDIAN3))   -> time =    304.147 ms
  QuicksortImproved(threshold: 48, partitioning: QuicksortVariant1(pivot: MIDDLE))   -> time =    270.518 ms
  QuicksortImproved(threshold: 8, partitioning: QuicksortVariant3(pivot: MEDIAN3))   -> time =    306.586 ms
  QuicksortVariant1(pivot: MIDDLE)                                                   -> time =    308.606 ms
  QuicksortImproved(threshold: 128, partitioning: QuicksortVariant1(pivot: MIDDLE))  -> time =    267.173 ms
  QuicksortImproved(threshold: 8, partitioning: QuicksortVariant1(pivot: MIDDLE))    -> time =    294.700 ms
  QuicksortImproved(threshold: 48, partitioning: QuicksortVariant3(pivot: MIDDLE))   -> time =    271.176 ms
  QuicksortVariant2(pivot: MEDIAN3)                                                  -> time =    328.403 ms
  QuicksortImproved(threshold: 32, partitioning: QuicksortVariant2(pivot: MEDIAN3))  -> time =    283.842 ms
  QuicksortImproved(threshold: 16, partitioning: QuicksortVariant1(pivot: MIDDLE))   -> time =    284.157 ms
  QuicksortImproved(threshold: 32, partitioning: QuicksortVariant1(pivot: MIDDLE))   -> time =    275.810 ms
  QuicksortImproved(threshold: 48, partitioning: QuicksortVariant2(pivot: MEDIAN3))  -> time =    276.938 ms
  QuicksortImproved(threshold: 4, partitioning: QuicksortVariant3(pivot: MIDDLE))    -> time =    305.419 ms
  QuicksortImproved(threshold: 96, partitioning: QuicksortVariant2(pivot: MEDIAN3))  -> time =    269.588 ms
  QuicksortImproved(threshold: 4, partitioning: QuicksortVariant2(pivot: MIDDLE))    -> time =    310.776 ms
  QuicksortImproved(threshold: 24, partitioning: QuicksortVariant2(pivot: MIDDLE))   -> time =    282.854 ms
  QuicksortImproved(threshold: 4, partitioning: QuicksortVariant2(pivot: MEDIAN3))   -> time =    322.028 ms
  QuicksortImproved(threshold: 192, partitioning: QuicksortVariant3(pivot: MEDIAN3)) -> time =    267.746 ms
  QuicksortImproved(threshold: 2, partitioning: QuicksortVariant1(pivot: MIDDLE))    -> time =    310.776 ms
  QuicksortImproved(threshold: 96, partitioning: QuicksortVariant3(pivot: MIDDLE))   -> time =    263.614 ms
  QuicksortImproved(threshold: 64, partitioning: QuicksortVariant1(pivot: MEDIAN3))  -> time =    269.529 ms
  QuicksortImproved(threshold: 96, partitioning: QuicksortVariant1(pivot: MEDIAN3))  -> time =    267.540 ms
  QuicksortImproved(threshold: 64, partitioning: QuicksortVariant3(pivot: MEDIAN3))  -> time =    271.036 ms
  QuicksortImproved(threshold: 64, partitioning: QuicksortVariant2(pivot: MIDDLE))   -> time =    270.536 ms
  QuicksortImproved(threshold: 2, partitioning: QuicksortVariant2(pivot: MEDIAN3))   -> time =    328.892 ms
  QuicksortImproved(threshold: 96, partitioning: QuicksortVariant3(pivot: MEDIAN3))  -> time =    268.313 ms
  QuicksortImproved(threshold: 2, partitioning: QuicksortVariant2(pivot: MIDDLE))    -> time =    315.546 ms
  QuicksortVariant3(pivot: MIDDLE)                                                   -> time =    309.984 ms
  QuicksortImproved(threshold: 96, partitioning: QuicksortVariant1(pivot: MIDDLE))   -> time =    265.616 ms
  QuicksortImproved(threshold: 32, partitioning: QuicksortVariant1(pivot: MEDIAN3))  -> time =    280.102 ms
  QuicksortImproved(threshold: 24, partitioning: QuicksortVariant1(pivot: MEDIAN3))  -> time =    286.101 ms
  QuicksortImproved(threshold: 48, partitioning: QuicksortVariant3(pivot: MEDIAN3))  -> time =    277.267 ms
  QuicksortImproved(threshold: 16, partitioning: QuicksortVariant1(pivot: MEDIAN3))  -> time =    291.719 ms
  QuicksortImproved(threshold: 8, partitioning: QuicksortVariant2(pivot: MEDIAN3))   -> time =    309.934 ms
  QuicksortImproved(threshold: 24, partitioning: QuicksortVariant3(pivot: MIDDLE))   -> time =    281.092 ms
  QuicksortImproved(threshold: 16, partitioning: QuicksortVariant2(pivot: MIDDLE))   -> time =    289.638 ms
  QuicksortImproved(threshold: 64, partitioning: QuicksortVariant2(pivot: MEDIAN3))  -> time =    273.608 ms
  QuicksortImproved(threshold: 128, partitioning: QuicksortVariant1(pivot: MEDIAN3)) -> time =    266.577 ms
  QuicksortImproved(threshold: 192, partitioning: QuicksortVariant1(pivot: MEDIAN3)) -> time =    268.176 ms
  QuicksortImproved(threshold: 48, partitioning: QuicksortVariant2(pivot: MIDDLE))   -> time =    274.071 ms
  QuicksortImproved(threshold: 48, partitioning: QuicksortVariant1(pivot: MEDIAN3))  -> time =    272.897 ms
  QuicksortImproved(threshold: 64, partitioning: QuicksortVariant1(pivot: MIDDLE))   -> time =    277.757 ms
  QuicksortImproved(threshold: 4, partitioning: QuicksortVariant3(pivot: MEDIAN3))   -> time =    321.595 ms
  QuicksortImproved(threshold: 2, partitioning: QuicksortVariant3(pivot: MIDDLE))    -> time =    310.549 ms
  QuicksortVariant2(pivot: MIDDLE)                                                   -> time =    315.091 ms
  QuicksortImproved(threshold: 16, partitioning: QuicksortVariant3(pivot: MEDIAN3))  -> time =    293.972 ms
  QuicksortImproved(threshold: 8, partitioning: QuicksortVariant3(pivot: MIDDLE))    -> time =    297.077 ms
  QuicksortImproved(threshold: 4, partitioning: QuicksortVariant1(pivot: MIDDLE))    -> time =    305.413 ms
  QuicksortImproved(threshold: 128, partitioning: QuicksortVariant2(pivot: MIDDLE))  -> time =    265.507 ms
  QuicksortImproved(threshold: 192, partitioning: QuicksortVariant2(pivot: MEDIAN3)) -> time =    270.681 ms
  QuicksortImproved(threshold: 128, partitioning: QuicksortVariant3(pivot: MEDIAN3)) -> time =    267.961 ms
  QuicksortImproved(threshold: 192, partitioning: QuicksortVariant3(pivot: MIDDLE))  -> time =    268.489 ms
  QuicksortImproved(threshold: 2, partitioning: QuicksortVariant3(pivot: MEDIAN3))   -> time =    332.503 ms
  QuicksortVariant3(pivot: MEDIAN3)                                                  -> time =    332.511 ms
  QuicksortImproved(threshold: 192, partitioning: QuicksortVariant1(pivot: MIDDLE))  -> time =    267.935 ms
  QuicksortImproved(threshold: 128, partitioning: QuicksortVariant3(pivot: MIDDLE))  -> time =    264.024 ms
  QuicksortImproved(threshold: 96, partitioning: QuicksortVariant2(pivot: MIDDLE))   -> time =    267.905 ms
  QuicksortImproved(threshold: 128, partitioning: QuicksortVariant2(pivot: MEDIAN3)) -> time =    268.250 ms
  QuicksortImproved(threshold: 16, partitioning: QuicksortVariant3(pivot: MIDDLE))   -> time =    286.653 ms
  QuicksortImproved(threshold: 24, partitioning: QuicksortVariant3(pivot: MEDIAN3))  -> time =    286.475 ms
Iteration 7
  QuicksortImproved(threshold: 8, partitioning: QuicksortVariant1(pivot: MIDDLE))    -> time =    291.706 ms
  QuicksortImproved(threshold: 4, partitioning: QuicksortVariant2(pivot: MEDIAN3))   -> time =    322.354 ms
  QuicksortImproved(threshold: 4, partitioning: QuicksortVariant1(pivot: MIDDLE))    -> time =    303.643 ms
  QuicksortImproved(threshold: 8, partitioning: QuicksortVariant2(pivot: MEDIAN3))   -> time =    312.041 ms
  QuicksortImproved(threshold: 16, partitioning: QuicksortVariant2(pivot: MIDDLE))   -> time =    289.998 ms
  QuicksortImproved(threshold: 32, partitioning: QuicksortVariant3(pivot: MEDIAN3))  -> time =    284.915 ms
  QuicksortImproved(threshold: 96, partitioning: QuicksortVariant1(pivot: MEDIAN3))  -> time =    266.568 ms
  QuicksortImproved(threshold: 16, partitioning: QuicksortVariant1(pivot: MIDDLE))   -> time =    282.033 ms
  QuicksortImproved(threshold: 128, partitioning: QuicksortVariant3(pivot: MEDIAN3)) -> time =    267.323 ms
  QuicksortImproved(threshold: 64, partitioning: QuicksortVariant1(pivot: MEDIAN3))  -> time =    269.413 ms
  QuicksortImproved(threshold: 4, partitioning: QuicksortVariant2(pivot: MIDDLE))    -> time =    310.298 ms
  QuicksortImproved(threshold: 16, partitioning: QuicksortVariant2(pivot: MEDIAN3))  -> time =    296.249 ms
  QuicksortImproved(threshold: 48, partitioning: QuicksortVariant2(pivot: MIDDLE))   -> time =    272.192 ms
  QuicksortImproved(threshold: 64, partitioning: QuicksortVariant3(pivot: MEDIAN3))  -> time =    272.931 ms
  QuicksortImproved(threshold: 192, partitioning: QuicksortVariant3(pivot: MEDIAN3)) -> time =    275.071 ms
  QuicksortImproved(threshold: 24, partitioning: QuicksortVariant1(pivot: MEDIAN3))  -> time =    286.145 ms
  QuicksortImproved(threshold: 48, partitioning: QuicksortVariant3(pivot: MEDIAN3))  -> time =    275.377 ms
  QuicksortImproved(threshold: 2, partitioning: QuicksortVariant3(pivot: MEDIAN3))   -> time =    330.427 ms
  QuicksortImproved(threshold: 8, partitioning: QuicksortVariant1(pivot: MEDIAN3))   -> time =    303.325 ms
  QuicksortImproved(threshold: 16, partitioning: QuicksortVariant3(pivot: MEDIAN3))  -> time =    293.234 ms
  QuicksortVariant3(pivot: MIDDLE)                                                   -> time =    307.109 ms
  QuicksortImproved(threshold: 48, partitioning: QuicksortVariant1(pivot: MIDDLE))   -> time =    264.738 ms
  QuicksortImproved(threshold: 2, partitioning: QuicksortVariant2(pivot: MIDDLE))    -> time =    314.183 ms
  QuicksortImproved(threshold: 8, partitioning: QuicksortVariant3(pivot: MEDIAN3))   -> time =    307.819 ms
  QuicksortImproved(threshold: 24, partitioning: QuicksortVariant2(pivot: MIDDLE))   -> time =    281.881 ms
  QuicksortImproved(threshold: 24, partitioning: QuicksortVariant2(pivot: MEDIAN3))  -> time =    289.546 ms
  QuicksortImproved(threshold: 64, partitioning: QuicksortVariant3(pivot: MIDDLE))   -> time =    267.224 ms
  QuicksortVariant3(pivot: MEDIAN3)                                                  -> time =    330.754 ms
  QuicksortImproved(threshold: 32, partitioning: QuicksortVariant2(pivot: MEDIAN3))  -> time =    283.206 ms
  QuicksortImproved(threshold: 192, partitioning: QuicksortVariant1(pivot: MIDDLE))  -> time =    261.562 ms
  QuicksortImproved(threshold: 64, partitioning: QuicksortVariant1(pivot: MIDDLE))   -> time =    263.685 ms
  QuicksortImproved(threshold: 2, partitioning: QuicksortVariant2(pivot: MEDIAN3))   -> time =    328.936 ms
  QuicksortImproved(threshold: 192, partitioning: QuicksortVariant1(pivot: MEDIAN3)) -> time =    266.515 ms
  QuicksortImproved(threshold: 24, partitioning: QuicksortVariant1(pivot: MIDDLE))   -> time =    275.509 ms
  QuicksortImproved(threshold: 96, partitioning: QuicksortVariant2(pivot: MEDIAN3))  -> time =    270.399 ms
  QuicksortImproved(threshold: 96, partitioning: QuicksortVariant3(pivot: MEDIAN3))  -> time =    267.267 ms
  QuicksortImproved(threshold: 192, partitioning: QuicksortVariant2(pivot: MEDIAN3)) -> time =    274.266 ms
  QuicksortImproved(threshold: 2, partitioning: QuicksortVariant1(pivot: MIDDLE))    -> time =    310.756 ms
  QuicksortImproved(threshold: 24, partitioning: QuicksortVariant3(pivot: MIDDLE))   -> time =    283.895 ms
  QuicksortImproved(threshold: 96, partitioning: QuicksortVariant3(pivot: MIDDLE))   -> time =    265.145 ms
  QuicksortImproved(threshold: 128, partitioning: QuicksortVariant3(pivot: MIDDLE))  -> time =    264.332 ms
  QuicksortImproved(threshold: 16, partitioning: QuicksortVariant3(pivot: MIDDLE))   -> time =    286.751 ms
  QuicksortImproved(threshold: 16, partitioning: QuicksortVariant1(pivot: MEDIAN3))  -> time =    291.371 ms
  QuicksortVariant1(pivot: MIDDLE)                                                   -> time =    303.667 ms
  QuicksortVariant1(pivot: MEDIAN3)                                                  -> time =    322.084 ms
  QuicksortImproved(threshold: 32, partitioning: QuicksortVariant2(pivot: MIDDLE))   -> time =    279.692 ms
  QuicksortVariant2(pivot: MIDDLE)                                                   -> time =    315.678 ms
  QuicksortImproved(threshold: 48, partitioning: QuicksortVariant2(pivot: MEDIAN3))  -> time =    279.550 ms
  QuicksortImproved(threshold: 128, partitioning: QuicksortVariant1(pivot: MEDIAN3)) -> time =    266.696 ms
  QuicksortVariant2(pivot: MEDIAN3)                                                  -> time =    330.901 ms
  QuicksortImproved(threshold: 64, partitioning: QuicksortVariant2(pivot: MEDIAN3))  -> time =    284.738 ms
  QuicksortImproved(threshold: 128, partitioning: QuicksortVariant2(pivot: MEDIAN3)) -> time =    270.032 ms
  QuicksortImproved(threshold: 4, partitioning: QuicksortVariant1(pivot: MEDIAN3))   -> time =    318.364 ms
  QuicksortImproved(threshold: 32, partitioning: QuicksortVariant3(pivot: MIDDLE))   -> time =    276.172 ms
  QuicksortImproved(threshold: 8, partitioning: QuicksortVariant2(pivot: MIDDLE))    -> time =    300.676 ms
  QuicksortImproved(threshold: 32, partitioning: QuicksortVariant1(pivot: MEDIAN3))  -> time =    278.889 ms
  QuicksortImproved(threshold: 128, partitioning: QuicksortVariant1(pivot: MIDDLE))  -> time =    267.957 ms
  QuicksortImproved(threshold: 192, partitioning: QuicksortVariant2(pivot: MIDDLE))  -> time =    267.447 ms
  QuicksortImproved(threshold: 4, partitioning: QuicksortVariant3(pivot: MIDDLE))    -> time =    309.096 ms
  QuicksortImproved(threshold: 96, partitioning: QuicksortVariant1(pivot: MIDDLE))   -> time =    261.224 ms
  QuicksortImproved(threshold: 32, partitioning: QuicksortVariant1(pivot: MIDDLE))   -> time =    272.114 ms
  QuicksortImproved(threshold: 96, partitioning: QuicksortVariant2(pivot: MIDDLE))   -> time =    266.081 ms
  QuicksortImproved(threshold: 64, partitioning: QuicksortVariant2(pivot: MIDDLE))   -> time =    270.053 ms
  QuicksortImproved(threshold: 192, partitioning: QuicksortVariant3(pivot: MIDDLE))  -> time =    265.747 ms
  QuicksortImproved(threshold: 24, partitioning: QuicksortVariant3(pivot: MEDIAN3))  -> time =    287.475 ms
  QuicksortImproved(threshold: 2, partitioning: QuicksortVariant3(pivot: MIDDLE))    -> time =    311.117 ms
  QuicksortImproved(threshold: 48, partitioning: QuicksortVariant1(pivot: MEDIAN3))  -> time =    272.783 ms
  QuicksortImproved(threshold: 2, partitioning: QuicksortVariant1(pivot: MEDIAN3))   -> time =    324.294 ms
  QuicksortImproved(threshold: 128, partitioning: QuicksortVariant2(pivot: MIDDLE))  -> time =    265.976 ms
  QuicksortImproved(threshold: 48, partitioning: QuicksortVariant3(pivot: MIDDLE))   -> time =    269.522 ms
  QuicksortImproved(threshold: 8, partitioning: QuicksortVariant3(pivot: MIDDLE))    -> time =    295.733 ms
  QuicksortImproved(threshold: 4, partitioning: QuicksortVariant3(pivot: MEDIAN3))   -> time =    322.778 ms
Iteration 8
  QuicksortImproved(threshold: 48, partitioning: QuicksortVariant3(pivot: MEDIAN3))  -> time =    279.661 ms
  QuicksortVariant1(pivot: MEDIAN3)                                                  -> time =    317.326 ms
  QuicksortImproved(threshold: 2, partitioning: QuicksortVariant2(pivot: MIDDLE))    -> time =    311.933 ms
  QuicksortVariant2(pivot: MEDIAN3)                                                  -> time =    327.734 ms
  QuicksortImproved(threshold: 24, partitioning: QuicksortVariant2(pivot: MEDIAN3))  -> time =    286.347 ms
  QuicksortImproved(threshold: 96, partitioning: QuicksortVariant2(pivot: MEDIAN3))  -> time =    268.710 ms
  QuicksortImproved(threshold: 24, partitioning: QuicksortVariant3(pivot: MEDIAN3))  -> time =    288.834 ms
  QuicksortImproved(threshold: 32, partitioning: QuicksortVariant3(pivot: MEDIAN3))  -> time =    283.397 ms
  QuicksortImproved(threshold: 96, partitioning: QuicksortVariant3(pivot: MIDDLE))   -> time =    261.393 ms
  QuicksortImproved(threshold: 2, partitioning: QuicksortVariant2(pivot: MEDIAN3))   -> time =    327.165 ms
  QuicksortImproved(threshold: 32, partitioning: QuicksortVariant3(pivot: MIDDLE))   -> time =    274.374 ms
  QuicksortImproved(threshold: 16, partitioning: QuicksortVariant1(pivot: MIDDLE))   -> time =    278.042 ms
  QuicksortVariant1(pivot: MIDDLE)                                                   -> time =    301.044 ms
  QuicksortImproved(threshold: 24, partitioning: QuicksortVariant2(pivot: MIDDLE))   -> time =    276.771 ms
  QuicksortImproved(threshold: 24, partitioning: QuicksortVariant1(pivot: MEDIAN3))  -> time =    280.773 ms
  QuicksortImproved(threshold: 2, partitioning: QuicksortVariant1(pivot: MIDDLE))    -> time =    304.605 ms
  QuicksortImproved(threshold: 2, partitioning: QuicksortVariant1(pivot: MEDIAN3))   -> time =    319.788 ms
  QuicksortImproved(threshold: 64, partitioning: QuicksortVariant3(pivot: MIDDLE))   -> time =    266.047 ms
  QuicksortImproved(threshold: 32, partitioning: QuicksortVariant2(pivot: MIDDLE))   -> time =    271.922 ms
  QuicksortImproved(threshold: 96, partitioning: QuicksortVariant1(pivot: MIDDLE))   -> time =    258.240 ms
  QuicksortImproved(threshold: 16, partitioning: QuicksortVariant3(pivot: MEDIAN3))  -> time =    296.899 ms
  QuicksortImproved(threshold: 64, partitioning: QuicksortVariant1(pivot: MIDDLE))   -> time =    260.793 ms
  QuicksortImproved(threshold: 48, partitioning: QuicksortVariant2(pivot: MEDIAN3))  -> time =    275.596 ms
  QuicksortImproved(threshold: 48, partitioning: QuicksortVariant1(pivot: MEDIAN3))  -> time =    269.814 ms
  QuicksortImproved(threshold: 64, partitioning: QuicksortVariant2(pivot: MIDDLE))   -> time =    263.271 ms
  QuicksortImproved(threshold: 96, partitioning: QuicksortVariant1(pivot: MEDIAN3))  -> time =    262.252 ms
  QuicksortImproved(threshold: 48, partitioning: QuicksortVariant2(pivot: MIDDLE))   -> time =    266.976 ms
  QuicksortVariant3(pivot: MIDDLE)                                                   -> time =    306.049 ms
  QuicksortImproved(threshold: 8, partitioning: QuicksortVariant2(pivot: MEDIAN3))   -> time =    310.643 ms
  QuicksortImproved(threshold: 96, partitioning: QuicksortVariant3(pivot: MEDIAN3))  -> time =    270.501 ms
  QuicksortImproved(threshold: 16, partitioning: QuicksortVariant3(pivot: MIDDLE))   -> time =    283.890 ms
  QuicksortImproved(threshold: 4, partitioning: QuicksortVariant1(pivot: MIDDLE))    -> time =    299.445 ms
  QuicksortVariant2(pivot: MIDDLE)                                                   -> time =    309.828 ms
  QuicksortImproved(threshold: 192, partitioning: QuicksortVariant2(pivot: MIDDLE))  -> time =    261.666 ms
  QuicksortImproved(threshold: 128, partitioning: QuicksortVariant1(pivot: MIDDLE))  -> time =    257.204 ms
  QuicksortVariant3(pivot: MEDIAN3)                                                  -> time =    333.059 ms
  QuicksortImproved(threshold: 4, partitioning: QuicksortVariant3(pivot: MIDDLE))    -> time =    304.589 ms
  QuicksortImproved(threshold: 64, partitioning: QuicksortVariant1(pivot: MEDIAN3))  -> time =    268.259 ms
  QuicksortImproved(threshold: 8, partitioning: QuicksortVariant1(pivot: MIDDLE))    -> time =    289.519 ms
  QuicksortImproved(threshold: 4, partitioning: QuicksortVariant2(pivot: MEDIAN3))   -> time =    321.682 ms
  QuicksortImproved(threshold: 2, partitioning: QuicksortVariant3(pivot: MIDDLE))    -> time =    307.349 ms
  QuicksortImproved(threshold: 128, partitioning: QuicksortVariant2(pivot: MEDIAN3)) -> time =    267.590 ms
  QuicksortImproved(threshold: 2, partitioning: QuicksortVariant3(pivot: MEDIAN3))   -> time =    332.471 ms
  QuicksortImproved(threshold: 32, partitioning: QuicksortVariant2(pivot: MEDIAN3))  -> time =    281.900 ms
  QuicksortImproved(threshold: 24, partitioning: QuicksortVariant3(pivot: MIDDLE))   -> time =    277.512 ms
  QuicksortImproved(threshold: 64, partitioning: QuicksortVariant3(pivot: MEDIAN3))  -> time =    275.075 ms
  QuicksortImproved(threshold: 4, partitioning: QuicksortVariant3(pivot: MEDIAN3))   -> time =    324.900 ms
  QuicksortImproved(threshold: 8, partitioning: QuicksortVariant3(pivot: MEDIAN3))   -> time =    310.679 ms
  QuicksortImproved(threshold: 192, partitioning: QuicksortVariant3(pivot: MEDIAN3)) -> time =    272.161 ms
  QuicksortImproved(threshold: 192, partitioning: QuicksortVariant1(pivot: MIDDLE))  -> time =    258.535 ms
  QuicksortImproved(threshold: 24, partitioning: QuicksortVariant1(pivot: MIDDLE))   -> time =    274.376 ms
  QuicksortImproved(threshold: 192, partitioning: QuicksortVariant1(pivot: MEDIAN3)) -> time =    264.517 ms
  QuicksortImproved(threshold: 32, partitioning: QuicksortVariant1(pivot: MIDDLE))   -> time =    269.000 ms
  QuicksortImproved(threshold: 96, partitioning: QuicksortVariant2(pivot: MIDDLE))   -> time =    260.260 ms
  QuicksortImproved(threshold: 8, partitioning: QuicksortVariant1(pivot: MEDIAN3))   -> time =    303.550 ms
  QuicksortImproved(threshold: 8, partitioning: QuicksortVariant3(pivot: MIDDLE))    -> time =    293.724 ms
  QuicksortImproved(threshold: 4, partitioning: QuicksortVariant1(pivot: MEDIAN3))   -> time =    313.293 ms
  QuicksortImproved(threshold: 8, partitioning: QuicksortVariant2(pivot: MIDDLE))    -> time =    295.249 ms
  QuicksortImproved(threshold: 4, partitioning: QuicksortVariant2(pivot: MIDDLE))    -> time =    304.471 ms
  QuicksortImproved(threshold: 48, partitioning: QuicksortVariant1(pivot: MIDDLE))   -> time =    264.099 ms
  QuicksortImproved(threshold: 32, partitioning: QuicksortVariant1(pivot: MEDIAN3))  -> time =    279.090 ms
  QuicksortImproved(threshold: 192, partitioning: QuicksortVariant2(pivot: MEDIAN3)) -> time =    276.423 ms
  QuicksortImproved(threshold: 128, partitioning: QuicksortVariant1(pivot: MEDIAN3)) -> time =    261.397 ms
  QuicksortImproved(threshold: 48, partitioning: QuicksortVariant3(pivot: MIDDLE))   -> time =    269.108 ms
  QuicksortImproved(threshold: 64, partitioning: QuicksortVariant2(pivot: MEDIAN3))  -> time =    272.254 ms
  QuicksortImproved(threshold: 16, partitioning: QuicksortVariant2(pivot: MEDIAN3))  -> time =    294.673 ms
  QuicksortImproved(threshold: 16, partitioning: QuicksortVariant2(pivot: MIDDLE))   -> time =    283.222 ms
  QuicksortImproved(threshold: 128, partitioning: QuicksortVariant2(pivot: MIDDLE))  -> time =    259.715 ms
  QuicksortImproved(threshold: 128, partitioning: QuicksortVariant3(pivot: MIDDLE))  -> time =    262.976 ms
  QuicksortImproved(threshold: 16, partitioning: QuicksortVariant1(pivot: MEDIAN3))  -> time =    288.473 ms
  QuicksortImproved(threshold: 192, partitioning: QuicksortVariant3(pivot: MIDDLE))  -> time =    263.944 ms
  QuicksortImproved(threshold: 128, partitioning: QuicksortVariant3(pivot: MEDIAN3)) -> time =    270.462 ms
Iteration 9
  QuicksortVariant2(pivot: MIDDLE)                                                   -> time =    315.452 ms
  QuicksortImproved(threshold: 128, partitioning: QuicksortVariant2(pivot: MIDDLE))  -> time =    266.278 ms
  QuicksortImproved(threshold: 64, partitioning: QuicksortVariant1(pivot: MEDIAN3))  -> time =    269.935 ms
  QuicksortImproved(threshold: 32, partitioning: QuicksortVariant1(pivot: MIDDLE))   -> time =    273.167 ms
  QuicksortImproved(threshold: 16, partitioning: QuicksortVariant2(pivot: MIDDLE))   -> time =    289.392 ms
  QuicksortImproved(threshold: 2, partitioning: QuicksortVariant3(pivot: MEDIAN3))   -> time =    330.888 ms
  QuicksortImproved(threshold: 192, partitioning: QuicksortVariant3(pivot: MIDDLE))  -> time =    274.316 ms
  QuicksortImproved(threshold: 24, partitioning: QuicksortVariant3(pivot: MEDIAN3))  -> time =    311.574 ms
  QuicksortImproved(threshold: 2, partitioning: QuicksortVariant1(pivot: MIDDLE))    -> time =    321.181 ms
  QuicksortImproved(threshold: 24, partitioning: QuicksortVariant1(pivot: MIDDLE))   -> time =    280.118 ms
  QuicksortImproved(threshold: 2, partitioning: QuicksortVariant2(pivot: MIDDLE))    -> time =    317.103 ms
  QuicksortImproved(threshold: 96, partitioning: QuicksortVariant3(pivot: MIDDLE))   -> time =    263.986 ms
  QuicksortImproved(threshold: 16, partitioning: QuicksortVariant1(pivot: MIDDLE))   -> time =    287.688 ms
  QuicksortImproved(threshold: 4, partitioning: QuicksortVariant3(pivot: MEDIAN3))   -> time =    326.154 ms
  QuicksortImproved(threshold: 64, partitioning: QuicksortVariant2(pivot: MEDIAN3))  -> time =    278.227 ms
  QuicksortImproved(threshold: 128, partitioning: QuicksortVariant2(pivot: MEDIAN3)) -> time =    272.830 ms
  QuicksortImproved(threshold: 64, partitioning: QuicksortVariant1(pivot: MIDDLE))   -> time =    265.467 ms
  QuicksortImproved(threshold: 96, partitioning: QuicksortVariant1(pivot: MIDDLE))   -> time =    263.649 ms
  QuicksortImproved(threshold: 32, partitioning: QuicksortVariant3(pivot: MIDDLE))   -> time =    273.344 ms
  QuicksortImproved(threshold: 64, partitioning: QuicksortVariant3(pivot: MEDIAN3))  -> time =    272.258 ms
  QuicksortImproved(threshold: 128, partitioning: QuicksortVariant1(pivot: MIDDLE))  -> time =    263.668 ms
  QuicksortImproved(threshold: 2, partitioning: QuicksortVariant3(pivot: MIDDLE))    -> time =    310.552 ms
  QuicksortImproved(threshold: 4, partitioning: QuicksortVariant2(pivot: MEDIAN3))   -> time =    325.840 ms
  QuicksortVariant3(pivot: MIDDLE)                                                   -> time =    307.238 ms
  QuicksortImproved(threshold: 192, partitioning: QuicksortVariant2(pivot: MEDIAN3)) -> time =    272.844 ms
  QuicksortImproved(threshold: 24, partitioning: QuicksortVariant1(pivot: MEDIAN3))  -> time =    285.920 ms
  QuicksortVariant3(pivot: MEDIAN3)                                                  -> time =    332.217 ms
  QuicksortImproved(threshold: 16, partitioning: QuicksortVariant1(pivot: MEDIAN3))  -> time =    292.730 ms
  QuicksortImproved(threshold: 48, partitioning: QuicksortVariant1(pivot: MEDIAN3))  -> time =    273.870 ms
  QuicksortImproved(threshold: 2, partitioning: QuicksortVariant2(pivot: MEDIAN3))   -> time =    329.306 ms
  QuicksortImproved(threshold: 96, partitioning: QuicksortVariant2(pivot: MIDDLE))   -> time =    266.835 ms
  QuicksortImproved(threshold: 96, partitioning: QuicksortVariant2(pivot: MEDIAN3))  -> time =    271.073 ms
  QuicksortImproved(threshold: 2, partitioning: QuicksortVariant1(pivot: MEDIAN3))   -> time =    325.047 ms
  QuicksortImproved(threshold: 8, partitioning: QuicksortVariant1(pivot: MEDIAN3))   -> time =    306.683 ms
  QuicksortImproved(threshold: 8, partitioning: QuicksortVariant2(pivot: MEDIAN3))   -> time =    314.266 ms
  QuicksortImproved(threshold: 48, partitioning: QuicksortVariant2(pivot: MIDDLE))   -> time =    272.563 ms
  QuicksortVariant1(pivot: MEDIAN3)                                                  -> time =    320.608 ms
  QuicksortImproved(threshold: 64, partitioning: QuicksortVariant2(pivot: MIDDLE))   -> time =    269.401 ms
  QuicksortImproved(threshold: 192, partitioning: QuicksortVariant2(pivot: MIDDLE))  -> time =    266.699 ms
  QuicksortVariant2(pivot: MEDIAN3)                                                  -> time =    333.329 ms
  QuicksortImproved(threshold: 192, partitioning: QuicksortVariant1(pivot: MIDDLE))  -> time =    265.559 ms
  QuicksortImproved(threshold: 8, partitioning: QuicksortVariant3(pivot: MIDDLE))    -> time =    294.729 ms
  QuicksortImproved(threshold: 128, partitioning: QuicksortVariant3(pivot: MIDDLE))  -> time =    262.736 ms
  QuicksortImproved(threshold: 48, partitioning: QuicksortVariant3(pivot: MIDDLE))   -> time =    270.858 ms
  QuicksortImproved(threshold: 32, partitioning: QuicksortVariant2(pivot: MEDIAN3))  -> time =    286.021 ms
  QuicksortImproved(threshold: 8, partitioning: QuicksortVariant2(pivot: MIDDLE))    -> time =    302.241 ms
  QuicksortImproved(threshold: 8, partitioning: QuicksortVariant3(pivot: MEDIAN3))   -> time =    309.449 ms
  QuicksortImproved(threshold: 48, partitioning: QuicksortVariant3(pivot: MEDIAN3))  -> time =    276.613 ms
  QuicksortImproved(threshold: 96, partitioning: QuicksortVariant3(pivot: MEDIAN3))  -> time =    269.971 ms
  QuicksortImproved(threshold: 32, partitioning: QuicksortVariant1(pivot: MEDIAN3))  -> time =    280.529 ms
  QuicksortImproved(threshold: 4, partitioning: QuicksortVariant1(pivot: MIDDLE))    -> time =    305.457 ms
  QuicksortImproved(threshold: 128, partitioning: QuicksortVariant1(pivot: MEDIAN3)) -> time =    266.496 ms
  QuicksortImproved(threshold: 16, partitioning: QuicksortVariant2(pivot: MEDIAN3))  -> time =    298.404 ms
  QuicksortImproved(threshold: 64, partitioning: QuicksortVariant3(pivot: MIDDLE))   -> time =    264.863 ms
  QuicksortImproved(threshold: 4, partitioning: QuicksortVariant1(pivot: MEDIAN3))   -> time =    318.526 ms
  QuicksortImproved(threshold: 16, partitioning: QuicksortVariant3(pivot: MEDIAN3))  -> time =    295.927 ms
  QuicksortImproved(threshold: 96, partitioning: QuicksortVariant1(pivot: MEDIAN3))  -> time =    267.524 ms
  QuicksortImproved(threshold: 24, partitioning: QuicksortVariant3(pivot: MIDDLE))   -> time =    278.418 ms
  QuicksortImproved(threshold: 48, partitioning: QuicksortVariant2(pivot: MEDIAN3))  -> time =    277.378 ms
  QuicksortImproved(threshold: 192, partitioning: QuicksortVariant3(pivot: MEDIAN3)) -> time =    269.736 ms
  QuicksortImproved(threshold: 32, partitioning: QuicksortVariant3(pivot: MEDIAN3))  -> time =    283.600 ms
  QuicksortImproved(threshold: 192, partitioning: QuicksortVariant1(pivot: MEDIAN3)) -> time =    269.502 ms
  QuicksortImproved(threshold: 8, partitioning: QuicksortVariant1(pivot: MIDDLE))    -> time =    298.584 ms
  QuicksortImproved(threshold: 128, partitioning: QuicksortVariant3(pivot: MEDIAN3)) -> time =    268.889 ms
  QuicksortImproved(threshold: 32, partitioning: QuicksortVariant2(pivot: MIDDLE))   -> time =    278.814 ms
  QuicksortImproved(threshold: 24, partitioning: QuicksortVariant2(pivot: MIDDLE))   -> time =    283.315 ms
  QuicksortImproved(threshold: 48, partitioning: QuicksortVariant1(pivot: MIDDLE))   -> time =    270.018 ms
  QuicksortImproved(threshold: 16, partitioning: QuicksortVariant3(pivot: MIDDLE))   -> time =    283.214 ms
  QuicksortImproved(threshold: 4, partitioning: QuicksortVariant3(pivot: MIDDLE))    -> time =    304.364 ms
  QuicksortImproved(threshold: 4, partitioning: QuicksortVariant2(pivot: MIDDLE))    -> time =    310.535 ms
  QuicksortVariant1(pivot: MIDDLE)                                                   -> time =    304.904 ms
  QuicksortImproved(threshold: 24, partitioning: QuicksortVariant2(pivot: MEDIAN3))  -> time =    289.538 ms
Iteration 10
  QuicksortImproved(threshold: 96, partitioning: QuicksortVariant1(pivot: MIDDLE))   -> time =    260.299 ms
  QuicksortImproved(threshold: 2, partitioning: QuicksortVariant3(pivot: MIDDLE))    -> time =    304.920 ms
  QuicksortVariant1(pivot: MEDIAN3)                                                  -> time =    320.677 ms
  QuicksortImproved(threshold: 2, partitioning: QuicksortVariant2(pivot: MIDDLE))    -> time =    312.910 ms
  QuicksortImproved(threshold: 32, partitioning: QuicksortVariant3(pivot: MEDIAN3))  -> time =    288.522 ms
  QuicksortImproved(threshold: 64, partitioning: QuicksortVariant2(pivot: MEDIAN3))  -> time =    272.221 ms
  QuicksortImproved(threshold: 64, partitioning: QuicksortVariant1(pivot: MIDDLE))   -> time =    264.185 ms
  QuicksortImproved(threshold: 4, partitioning: QuicksortVariant3(pivot: MIDDLE))    -> time =    300.233 ms
  QuicksortImproved(threshold: 128, partitioning: QuicksortVariant1(pivot: MIDDLE))  -> time =    258.937 ms
  QuicksortImproved(threshold: 8, partitioning: QuicksortVariant3(pivot: MIDDLE))    -> time =    290.955 ms
  QuicksortVariant1(pivot: MIDDLE)                                                   -> time =    302.335 ms
  QuicksortImproved(threshold: 8, partitioning: QuicksortVariant2(pivot: MEDIAN3))   -> time =    307.986 ms
  QuicksortImproved(threshold: 16, partitioning: QuicksortVariant1(pivot: MIDDLE))   -> time =    279.695 ms
  QuicksortImproved(threshold: 4, partitioning: QuicksortVariant3(pivot: MEDIAN3))   -> time =    320.430 ms
  QuicksortImproved(threshold: 16, partitioning: QuicksortVariant3(pivot: MEDIAN3))  -> time =    297.212 ms
  QuicksortImproved(threshold: 16, partitioning: QuicksortVariant3(pivot: MIDDLE))   -> time =    280.410 ms
  QuicksortImproved(threshold: 32, partitioning: QuicksortVariant1(pivot: MIDDLE))   -> time =    272.711 ms
  QuicksortImproved(threshold: 4, partitioning: QuicksortVariant2(pivot: MIDDLE))    -> time =    307.850 ms
  QuicksortImproved(threshold: 4, partitioning: QuicksortVariant1(pivot: MEDIAN3))   -> time =    318.092 ms
  QuicksortImproved(threshold: 2, partitioning: QuicksortVariant3(pivot: MEDIAN3))   -> time =    329.326 ms
  QuicksortImproved(threshold: 32, partitioning: QuicksortVariant2(pivot: MEDIAN3))  -> time =    282.774 ms
  QuicksortImproved(threshold: 48, partitioning: QuicksortVariant1(pivot: MIDDLE))   -> time =    271.953 ms
  QuicksortImproved(threshold: 96, partitioning: QuicksortVariant2(pivot: MIDDLE))   -> time =    278.857 ms
  QuicksortVariant3(pivot: MIDDLE)                                                   -> time =    323.658 ms
  QuicksortImproved(threshold: 128, partitioning: QuicksortVariant2(pivot: MEDIAN3)) -> time =    269.002 ms
  QuicksortImproved(threshold: 8, partitioning: QuicksortVariant1(pivot: MIDDLE))    -> time =    304.697 ms
  QuicksortImproved(threshold: 24, partitioning: QuicksortVariant3(pivot: MEDIAN3))  -> time =    284.931 ms
  QuicksortImproved(threshold: 32, partitioning: QuicksortVariant2(pivot: MIDDLE))   -> time =    275.233 ms
  QuicksortImproved(threshold: 192, partitioning: QuicksortVariant1(pivot: MEDIAN3)) -> time =    267.522 ms
  QuicksortImproved(threshold: 24, partitioning: QuicksortVariant2(pivot: MEDIAN3))  -> time =    286.595 ms
  QuicksortImproved(threshold: 128, partitioning: QuicksortVariant3(pivot: MIDDLE))  -> time =    259.427 ms
  QuicksortImproved(threshold: 4, partitioning: QuicksortVariant2(pivot: MEDIAN3))   -> time =    322.008 ms
  QuicksortImproved(threshold: 8, partitioning: QuicksortVariant1(pivot: MEDIAN3))   -> time =    304.411 ms
  QuicksortImproved(threshold: 8, partitioning: QuicksortVariant2(pivot: MIDDLE))    -> time =    301.293 ms
  QuicksortImproved(threshold: 64, partitioning: QuicksortVariant3(pivot: MIDDLE))   -> time =    264.124 ms
  QuicksortImproved(threshold: 24, partitioning: QuicksortVariant1(pivot: MEDIAN3))  -> time =    284.977 ms
  QuicksortVariant3(pivot: MEDIAN3)                                                  -> time =    331.207 ms
  QuicksortImproved(threshold: 96, partitioning: QuicksortVariant3(pivot: MIDDLE))   -> time =    261.481 ms
  QuicksortVariant2(pivot: MIDDLE)                                                   -> time =    314.106 ms
  QuicksortImproved(threshold: 32, partitioning: QuicksortVariant1(pivot: MEDIAN3))  -> time =    281.825 ms
  QuicksortImproved(threshold: 24, partitioning: QuicksortVariant1(pivot: MIDDLE))   -> time =    279.600 ms
  QuicksortImproved(threshold: 16, partitioning: QuicksortVariant2(pivot: MIDDLE))   -> time =    289.187 ms
  QuicksortImproved(threshold: 24, partitioning: QuicksortVariant3(pivot: MIDDLE))   -> time =    276.281 ms
  QuicksortImproved(threshold: 48, partitioning: QuicksortVariant2(pivot: MIDDLE))   -> time =    270.856 ms
  QuicksortImproved(threshold: 48, partitioning: QuicksortVariant3(pivot: MIDDLE))   -> time =    266.607 ms
  QuicksortImproved(threshold: 192, partitioning: QuicksortVariant3(pivot: MEDIAN3)) -> time =    269.333 ms
  QuicksortImproved(threshold: 16, partitioning: QuicksortVariant2(pivot: MEDIAN3))  -> time =    293.932 ms
  QuicksortImproved(threshold: 192, partitioning: QuicksortVariant1(pivot: MIDDLE))  -> time =    262.300 ms
  QuicksortImproved(threshold: 96, partitioning: QuicksortVariant1(pivot: MEDIAN3))  -> time =    269.583 ms
  QuicksortImproved(threshold: 48, partitioning: QuicksortVariant1(pivot: MEDIAN3))  -> time =    274.604 ms
  QuicksortImproved(threshold: 96, partitioning: QuicksortVariant2(pivot: MEDIAN3))  -> time =    268.477 ms
  QuicksortImproved(threshold: 16, partitioning: QuicksortVariant1(pivot: MEDIAN3))  -> time =    293.355 ms
  QuicksortImproved(threshold: 128, partitioning: QuicksortVariant2(pivot: MIDDLE))  -> time =    263.708 ms
  QuicksortImproved(threshold: 48, partitioning: QuicksortVariant2(pivot: MEDIAN3))  -> time =    276.104 ms
  QuicksortImproved(threshold: 2, partitioning: QuicksortVariant1(pivot: MEDIAN3))   -> time =    324.819 ms
  QuicksortImproved(threshold: 32, partitioning: QuicksortVariant3(pivot: MIDDLE))   -> time =    271.694 ms
  QuicksortImproved(threshold: 4, partitioning: QuicksortVariant1(pivot: MIDDLE))    -> time =    301.634 ms
  QuicksortImproved(threshold: 24, partitioning: QuicksortVariant2(pivot: MIDDLE))   -> time =    280.471 ms
  QuicksortImproved(threshold: 64, partitioning: QuicksortVariant3(pivot: MEDIAN3))  -> time =    280.376 ms
  QuicksortImproved(threshold: 192, partitioning: QuicksortVariant3(pivot: MIDDLE))  -> time =    263.190 ms
  QuicksortImproved(threshold: 128, partitioning: QuicksortVariant1(pivot: MEDIAN3)) -> time =    268.410 ms
  QuicksortImproved(threshold: 2, partitioning: QuicksortVariant1(pivot: MIDDLE))    -> time =    309.895 ms
  QuicksortImproved(threshold: 64, partitioning: QuicksortVariant1(pivot: MEDIAN3))  -> time =    273.006 ms
  QuicksortImproved(threshold: 64, partitioning: QuicksortVariant2(pivot: MIDDLE))   -> time =    268.384 ms
  QuicksortImproved(threshold: 192, partitioning: QuicksortVariant2(pivot: MIDDLE))  -> time =    265.547 ms
  QuicksortImproved(threshold: 192, partitioning: QuicksortVariant2(pivot: MEDIAN3)) -> time =    269.892 ms
  QuicksortImproved(threshold: 2, partitioning: QuicksortVariant2(pivot: MEDIAN3))   -> time =    328.277 ms
  QuicksortImproved(threshold: 48, partitioning: QuicksortVariant3(pivot: MEDIAN3))  -> time =    273.897 ms
  QuicksortImproved(threshold: 8, partitioning: QuicksortVariant3(pivot: MEDIAN3))   -> time =    306.385 ms
  QuicksortImproved(threshold: 96, partitioning: QuicksortVariant3(pivot: MEDIAN3))  -> time =    267.415 ms
  QuicksortVariant2(pivot: MEDIAN3)                                                  -> time =    328.496 ms
  QuicksortImproved(threshold: 128, partitioning: QuicksortVariant3(pivot: MEDIAN3)) -> time =    268.128 ms
Iteration 11
  QuicksortImproved(threshold: 32, partitioning: QuicksortVariant3(pivot: MIDDLE))   -> time =    278.101 ms
  QuicksortImproved(threshold: 48, partitioning: QuicksortVariant1(pivot: MIDDLE))   -> time =    271.098 ms
  QuicksortImproved(threshold: 16, partitioning: QuicksortVariant1(pivot: MEDIAN3))  -> time =    295.903 ms
  QuicksortImproved(threshold: 16, partitioning: QuicksortVariant1(pivot: MIDDLE))   -> time =    288.053 ms
  QuicksortImproved(threshold: 192, partitioning: QuicksortVariant1(pivot: MIDDLE))  -> time =    266.705 ms
  QuicksortImproved(threshold: 2, partitioning: QuicksortVariant1(pivot: MEDIAN3))   -> time =    326.980 ms
  QuicksortImproved(threshold: 24, partitioning: QuicksortVariant1(pivot: MEDIAN3))  -> time =    286.685 ms
  QuicksortImproved(threshold: 24, partitioning: QuicksortVariant3(pivot: MEDIAN3))  -> time =    290.716 ms
  QuicksortVariant3(pivot: MIDDLE)                                                   -> time =    307.300 ms
  QuicksortImproved(threshold: 128, partitioning: QuicksortVariant1(pivot: MEDIAN3)) -> time =    268.575 ms
  QuicksortVariant1(pivot: MIDDLE)                                                   -> time =    307.243 ms
  QuicksortImproved(threshold: 48, partitioning: QuicksortVariant2(pivot: MEDIAN3))  -> time =    281.043 ms
  QuicksortImproved(threshold: 4, partitioning: QuicksortVariant1(pivot: MEDIAN3))   -> time =    326.116 ms
  QuicksortImproved(threshold: 96, partitioning: QuicksortVariant3(pivot: MEDIAN3))  -> time =    286.649 ms
  QuicksortImproved(threshold: 64, partitioning: QuicksortVariant2(pivot: MIDDLE))   -> time =    269.946 ms
  QuicksortImproved(threshold: 48, partitioning: QuicksortVariant3(pivot: MIDDLE))   -> time =    270.592 ms
  QuicksortImproved(threshold: 8, partitioning: QuicksortVariant1(pivot: MIDDLE))    -> time =    294.487 ms
  QuicksortImproved(threshold: 2, partitioning: QuicksortVariant3(pivot: MIDDLE))    -> time =    313.127 ms
  QuicksortImproved(threshold: 48, partitioning: QuicksortVariant3(pivot: MEDIAN3))  -> time =    287.031 ms
  QuicksortImproved(threshold: 4, partitioning: QuicksortVariant2(pivot: MIDDLE))    -> time =    316.582 ms
  QuicksortVariant2(pivot: MEDIAN3)                                                  -> time =    334.149 ms
  QuicksortImproved(threshold: 128, partitioning: QuicksortVariant3(pivot: MEDIAN3)) -> time =    271.025 ms
  QuicksortImproved(threshold: 8, partitioning: QuicksortVariant3(pivot: MEDIAN3))   -> time =    313.703 ms
  QuicksortImproved(threshold: 64, partitioning: QuicksortVariant1(pivot: MEDIAN3))  -> time =    271.436 ms
  QuicksortImproved(threshold: 192, partitioning: QuicksortVariant1(pivot: MEDIAN3)) -> time =    270.170 ms
  QuicksortImproved(threshold: 16, partitioning: QuicksortVariant3(pivot: MEDIAN3))  -> time =    298.336 ms
  QuicksortImproved(threshold: 24, partitioning: QuicksortVariant2(pivot: MIDDLE))   -> time =    281.006 ms
  QuicksortImproved(threshold: 8, partitioning: QuicksortVariant2(pivot: MEDIAN3))   -> time =    314.910 ms
  QuicksortImproved(threshold: 16, partitioning: QuicksortVariant2(pivot: MIDDLE))   -> time =    289.693 ms
  QuicksortImproved(threshold: 128, partitioning: QuicksortVariant2(pivot: MIDDLE))  -> time =    264.617 ms
  QuicksortImproved(threshold: 96, partitioning: QuicksortVariant2(pivot: MEDIAN3))  -> time =    275.503 ms
  QuicksortImproved(threshold: 48, partitioning: QuicksortVariant2(pivot: MIDDLE))   -> time =    273.040 ms
  QuicksortImproved(threshold: 96, partitioning: QuicksortVariant1(pivot: MEDIAN3))  -> time =    268.777 ms
  QuicksortImproved(threshold: 4, partitioning: QuicksortVariant1(pivot: MIDDLE))    -> time =    303.910 ms
  QuicksortImproved(threshold: 128, partitioning: QuicksortVariant2(pivot: MEDIAN3)) -> time =    272.768 ms
  QuicksortImproved(threshold: 16, partitioning: QuicksortVariant2(pivot: MEDIAN3))  -> time =    300.865 ms
  QuicksortImproved(threshold: 96, partitioning: QuicksortVariant3(pivot: MIDDLE))   -> time =    263.474 ms
  QuicksortImproved(threshold: 192, partitioning: QuicksortVariant3(pivot: MIDDLE))  -> time =    264.647 ms
  QuicksortImproved(threshold: 8, partitioning: QuicksortVariant3(pivot: MIDDLE))    -> time =    296.434 ms
  QuicksortVariant2(pivot: MIDDLE)                                                   -> time =    314.935 ms
  QuicksortImproved(threshold: 64, partitioning: QuicksortVariant1(pivot: MIDDLE))   -> time =    265.878 ms
  QuicksortVariant3(pivot: MEDIAN3)                                                  -> time =    334.499 ms
  QuicksortImproved(threshold: 2, partitioning: QuicksortVariant1(pivot: MIDDLE))    -> time =    311.422 ms
  QuicksortImproved(threshold: 128, partitioning: QuicksortVariant3(pivot: MIDDLE))  -> time =    262.976 ms
  QuicksortImproved(threshold: 8, partitioning: QuicksortVariant2(pivot: MIDDLE))    -> time =    300.839 ms
  QuicksortImproved(threshold: 48, partitioning: QuicksortVariant1(pivot: MEDIAN3))  -> time =    278.167 ms
  QuicksortImproved(threshold: 4, partitioning: QuicksortVariant3(pivot: MIDDLE))    -> time =    306.025 ms
  QuicksortImproved(threshold: 2, partitioning: QuicksortVariant2(pivot: MEDIAN3))   -> time =    335.891 ms
  QuicksortImproved(threshold: 2, partitioning: QuicksortVariant2(pivot: MIDDLE))    -> time =    315.802 ms
  QuicksortImproved(threshold: 32, partitioning: QuicksortVariant1(pivot: MEDIAN3))  -> time =    282.630 ms
  QuicksortImproved(threshold: 128, partitioning: QuicksortVariant1(pivot: MIDDLE))  -> time =    265.671 ms
  QuicksortImproved(threshold: 24, partitioning: QuicksortVariant3(pivot: MIDDLE))   -> time =    290.975 ms
  QuicksortImproved(threshold: 96, partitioning: QuicksortVariant1(pivot: MIDDLE))   -> time =    263.823 ms
  QuicksortImproved(threshold: 4, partitioning: QuicksortVariant2(pivot: MEDIAN3))   -> time =    325.570 ms
  QuicksortImproved(threshold: 32, partitioning: QuicksortVariant2(pivot: MEDIAN3))  -> time =    294.804 ms
  QuicksortImproved(threshold: 32, partitioning: QuicksortVariant2(pivot: MIDDLE))   -> time =    284.759 ms
  QuicksortImproved(threshold: 192, partitioning: QuicksortVariant2(pivot: MIDDLE))  -> time =    273.518 ms
  QuicksortImproved(threshold: 32, partitioning: QuicksortVariant1(pivot: MIDDLE))   -> time =    279.266 ms
  QuicksortImproved(threshold: 192, partitioning: QuicksortVariant2(pivot: MEDIAN3)) -> time =    274.375 ms
  QuicksortImproved(threshold: 16, partitioning: QuicksortVariant3(pivot: MIDDLE))   -> time =    303.753 ms
  QuicksortImproved(threshold: 8, partitioning: QuicksortVariant1(pivot: MEDIAN3))   -> time =    306.863 ms
  QuicksortImproved(threshold: 32, partitioning: QuicksortVariant3(pivot: MEDIAN3))  -> time =    286.570 ms
  QuicksortImproved(threshold: 4, partitioning: QuicksortVariant3(pivot: MEDIAN3))   -> time =    326.681 ms
  QuicksortVariant1(pivot: MEDIAN3)                                                  -> time =    325.100 ms
  QuicksortImproved(threshold: 24, partitioning: QuicksortVariant1(pivot: MIDDLE))   -> time =    279.349 ms
  QuicksortImproved(threshold: 64, partitioning: QuicksortVariant3(pivot: MIDDLE))   -> time =    267.329 ms
  QuicksortImproved(threshold: 192, partitioning: QuicksortVariant3(pivot: MEDIAN3)) -> time =    274.840 ms
  QuicksortImproved(threshold: 2, partitioning: QuicksortVariant3(pivot: MEDIAN3))   -> time =    333.589 ms
  QuicksortImproved(threshold: 64, partitioning: QuicksortVariant2(pivot: MEDIAN3))  -> time =    278.109 ms
  QuicksortImproved(threshold: 64, partitioning: QuicksortVariant3(pivot: MEDIAN3))  -> time =    274.727 ms
  QuicksortImproved(threshold: 96, partitioning: QuicksortVariant2(pivot: MIDDLE))   -> time =    272.859 ms
  QuicksortImproved(threshold: 24, partitioning: QuicksortVariant2(pivot: MEDIAN3))  -> time =    294.890 ms
Iteration 12
  QuicksortImproved(threshold: 96, partitioning: QuicksortVariant3(pivot: MEDIAN3))  -> time =    272.717 ms
  QuicksortVariant3(pivot: MEDIAN3)                                                  -> time =    334.189 ms
  QuicksortImproved(threshold: 8, partitioning: QuicksortVariant1(pivot: MIDDLE))    -> time =    287.368 ms
  QuicksortImproved(threshold: 2, partitioning: QuicksortVariant2(pivot: MEDIAN3))   -> time =    334.473 ms
  QuicksortVariant1(pivot: MEDIAN3)                                                  -> time =    320.303 ms
  QuicksortImproved(threshold: 8, partitioning: QuicksortVariant2(pivot: MIDDLE))    -> time =    294.079 ms
  QuicksortImproved(threshold: 32, partitioning: QuicksortVariant3(pivot: MIDDLE))   -> time =    271.979 ms
  QuicksortImproved(threshold: 64, partitioning: QuicksortVariant3(pivot: MIDDLE))   -> time =    264.208 ms
  QuicksortImproved(threshold: 32, partitioning: QuicksortVariant3(pivot: MEDIAN3))  -> time =    285.530 ms
  QuicksortImproved(threshold: 4, partitioning: QuicksortVariant2(pivot: MIDDLE))    -> time =    305.363 ms
  QuicksortImproved(threshold: 4, partitioning: QuicksortVariant3(pivot: MIDDLE))    -> time =    301.504 ms
  QuicksortImproved(threshold: 4, partitioning: QuicksortVariant1(pivot: MIDDLE))    -> time =    297.839 ms
  QuicksortImproved(threshold: 192, partitioning: QuicksortVariant2(pivot: MEDIAN3)) -> time =    274.028 ms
  QuicksortImproved(threshold: 16, partitioning: QuicksortVariant3(pivot: MEDIAN3))  -> time =    296.663 ms
  QuicksortImproved(threshold: 8, partitioning: QuicksortVariant1(pivot: MEDIAN3))   -> time =    303.012 ms
  QuicksortImproved(threshold: 32, partitioning: QuicksortVariant1(pivot: MEDIAN3))  -> time =    277.079 ms
  QuicksortImproved(threshold: 24, partitioning: QuicksortVariant3(pivot: MEDIAN3))  -> time =    289.439 ms
  QuicksortImproved(threshold: 96, partitioning: QuicksortVariant3(pivot: MIDDLE))   -> time =    261.273 ms
  QuicksortImproved(threshold: 32, partitioning: QuicksortVariant1(pivot: MIDDLE))   -> time =    267.576 ms
  QuicksortImproved(threshold: 2, partitioning: QuicksortVariant2(pivot: MIDDLE))    -> time =    316.731 ms
  QuicksortImproved(threshold: 16, partitioning: QuicksortVariant1(pivot: MEDIAN3))  -> time =    293.489 ms
  QuicksortImproved(threshold: 128, partitioning: QuicksortVariant3(pivot: MEDIAN3)) -> time =    276.940 ms
  QuicksortImproved(threshold: 64, partitioning: QuicksortVariant2(pivot: MIDDLE))   -> time =    263.197 ms
  QuicksortVariant2(pivot: MIDDLE)                                                   -> time =    310.498 ms
  QuicksortImproved(threshold: 2, partitioning: QuicksortVariant1(pivot: MEDIAN3))   -> time =    337.001 ms
  QuicksortImproved(threshold: 16, partitioning: QuicksortVariant1(pivot: MIDDLE))   -> time =    282.963 ms
  QuicksortImproved(threshold: 128, partitioning: QuicksortVariant1(pivot: MEDIAN3)) -> time =    280.515 ms
  QuicksortImproved(threshold: 24, partitioning: QuicksortVariant2(pivot: MIDDLE))   -> time =    295.502 ms
  QuicksortVariant2(pivot: MEDIAN3)                                                  -> time =    349.736 ms
  QuicksortImproved(threshold: 64, partitioning: QuicksortVariant1(pivot: MIDDLE))   -> time =    267.616 ms
  QuicksortVariant3(pivot: MIDDLE)                                                   -> time =    316.656 ms
  QuicksortImproved(threshold: 192, partitioning: QuicksortVariant3(pivot: MIDDLE))  -> time =    267.869 ms
  QuicksortImproved(threshold: 32, partitioning: QuicksortVariant2(pivot: MEDIAN3))  -> time =    288.529 ms
  QuicksortImproved(threshold: 8, partitioning: QuicksortVariant3(pivot: MIDDLE))    -> time =    294.918 ms
  QuicksortImproved(threshold: 96, partitioning: QuicksortVariant2(pivot: MEDIAN3))  -> time =    274.890 ms
  QuicksortImproved(threshold: 8, partitioning: QuicksortVariant2(pivot: MEDIAN3))   -> time =    319.148 ms
  QuicksortImproved(threshold: 64, partitioning: QuicksortVariant3(pivot: MEDIAN3))  -> time =    290.758 ms
  QuicksortImproved(threshold: 96, partitioning: QuicksortVariant2(pivot: MIDDLE))   -> time =    282.658 ms
  QuicksortImproved(threshold: 16, partitioning: QuicksortVariant3(pivot: MIDDLE))   -> time =    317.619 ms
  QuicksortImproved(threshold: 2, partitioning: QuicksortVariant3(pivot: MEDIAN3))   -> time =    356.520 ms
  QuicksortImproved(threshold: 128, partitioning: QuicksortVariant1(pivot: MIDDLE))  -> time =    270.286 ms
  QuicksortImproved(threshold: 96, partitioning: QuicksortVariant1(pivot: MIDDLE))   -> time =    270.714 ms
  QuicksortImproved(threshold: 48, partitioning: QuicksortVariant2(pivot: MEDIAN3))  -> time =    296.649 ms
  QuicksortImproved(threshold: 128, partitioning: QuicksortVariant3(pivot: MIDDLE))  -> time =    274.644 ms
  QuicksortImproved(threshold: 4, partitioning: QuicksortVariant2(pivot: MEDIAN3))   -> time =    344.436 ms
  QuicksortImproved(threshold: 64, partitioning: QuicksortVariant2(pivot: MEDIAN3))  -> time =    294.939 ms
  QuicksortImproved(threshold: 4, partitioning: QuicksortVariant3(pivot: MEDIAN3))   -> time =    342.141 ms
  QuicksortImproved(threshold: 16, partitioning: QuicksortVariant2(pivot: MIDDLE))   -> time =    304.272 ms
  QuicksortImproved(threshold: 48, partitioning: QuicksortVariant1(pivot: MEDIAN3))  -> time =    297.311 ms
  QuicksortImproved(threshold: 2, partitioning: QuicksortVariant1(pivot: MIDDLE))    -> time =    322.508 ms
  QuicksortImproved(threshold: 2, partitioning: QuicksortVariant3(pivot: MIDDLE))    -> time =    324.762 ms
  QuicksortImproved(threshold: 24, partitioning: QuicksortVariant1(pivot: MIDDLE))   -> time =    290.493 ms
  QuicksortImproved(threshold: 192, partitioning: QuicksortVariant1(pivot: MIDDLE))  -> time =    272.929 ms
  QuicksortImproved(threshold: 48, partitioning: QuicksortVariant3(pivot: MIDDLE))   -> time =    275.435 ms
  QuicksortImproved(threshold: 4, partitioning: QuicksortVariant1(pivot: MEDIAN3))   -> time =    323.861 ms
  QuicksortImproved(threshold: 24, partitioning: QuicksortVariant1(pivot: MEDIAN3))  -> time =    281.892 ms
  QuicksortImproved(threshold: 64, partitioning: QuicksortVariant1(pivot: MEDIAN3))  -> time =    274.320 ms
  QuicksortImproved(threshold: 192, partitioning: QuicksortVariant1(pivot: MEDIAN3)) -> time =    265.229 ms
  QuicksortImproved(threshold: 16, partitioning: QuicksortVariant2(pivot: MEDIAN3))  -> time =    299.354 ms
  QuicksortImproved(threshold: 192, partitioning: QuicksortVariant3(pivot: MEDIAN3)) -> time =    277.246 ms
  QuicksortVariant1(pivot: MIDDLE)                                                   -> time =    310.878 ms
  QuicksortImproved(threshold: 24, partitioning: QuicksortVariant3(pivot: MIDDLE))   -> time =    294.505 ms
  QuicksortImproved(threshold: 48, partitioning: QuicksortVariant3(pivot: MEDIAN3))  -> time =    309.614 ms
  QuicksortImproved(threshold: 192, partitioning: QuicksortVariant2(pivot: MIDDLE))  -> time =    278.066 ms
  QuicksortImproved(threshold: 24, partitioning: QuicksortVariant2(pivot: MEDIAN3))  -> time =    314.327 ms
  QuicksortImproved(threshold: 32, partitioning: QuicksortVariant2(pivot: MIDDLE))   -> time =    287.614 ms
  QuicksortImproved(threshold: 48, partitioning: QuicksortVariant2(pivot: MIDDLE))   -> time =    270.912 ms
  QuicksortImproved(threshold: 8, partitioning: QuicksortVariant3(pivot: MEDIAN3))   -> time =    314.471 ms
  QuicksortImproved(threshold: 48, partitioning: QuicksortVariant1(pivot: MIDDLE))   -> time =    276.410 ms
  QuicksortImproved(threshold: 128, partitioning: QuicksortVariant2(pivot: MEDIAN3)) -> time =    276.137 ms
  QuicksortImproved(threshold: 128, partitioning: QuicksortVariant2(pivot: MIDDLE))  -> time =    274.760 ms
  QuicksortImproved(threshold: 96, partitioning: QuicksortVariant1(pivot: MEDIAN3))  -> time =    290.811 ms
Iteration 13
  QuicksortImproved(threshold: 2, partitioning: QuicksortVariant1(pivot: MIDDLE))    -> time =    321.916 ms
  QuicksortImproved(threshold: 16, partitioning: QuicksortVariant1(pivot: MIDDLE))   -> time =    296.286 ms
  QuicksortImproved(threshold: 32, partitioning: QuicksortVariant1(pivot: MIDDLE))   -> time =    277.093 ms
  QuicksortImproved(threshold: 96, partitioning: QuicksortVariant2(pivot: MEDIAN3))  -> time =    270.692 ms
  QuicksortImproved(threshold: 24, partitioning: QuicksortVariant2(pivot: MIDDLE))   -> time =    281.000 ms
  QuicksortImproved(threshold: 16, partitioning: QuicksortVariant2(pivot: MIDDLE))   -> time =    294.497 ms
  QuicksortVariant2(pivot: MIDDLE)                                                   -> time =    314.090 ms
  QuicksortImproved(threshold: 64, partitioning: QuicksortVariant1(pivot: MIDDLE))   -> time =    262.969 ms
  QuicksortImproved(threshold: 16, partitioning: QuicksortVariant2(pivot: MEDIAN3))  -> time =    295.811 ms
  QuicksortImproved(threshold: 2, partitioning: QuicksortVariant1(pivot: MEDIAN3))   -> time =    323.374 ms
  QuicksortVariant3(pivot: MEDIAN3)                                                  -> time =    333.546 ms
  QuicksortImproved(threshold: 16, partitioning: QuicksortVariant3(pivot: MEDIAN3))  -> time =    294.493 ms
  QuicksortImproved(threshold: 48, partitioning: QuicksortVariant1(pivot: MEDIAN3))  -> time =    273.484 ms
  QuicksortImproved(threshold: 4, partitioning: QuicksortVariant1(pivot: MEDIAN3))   -> time =    320.722 ms
  QuicksortImproved(threshold: 2, partitioning: QuicksortVariant2(pivot: MEDIAN3))   -> time =    327.056 ms
  QuicksortImproved(threshold: 96, partitioning: QuicksortVariant3(pivot: MIDDLE))   -> time =    260.975 ms
  QuicksortImproved(threshold: 24, partitioning: QuicksortVariant1(pivot: MIDDLE))   -> time =    279.564 ms
  QuicksortImproved(threshold: 24, partitioning: QuicksortVariant3(pivot: MEDIAN3))  -> time =    289.332 ms
  QuicksortImproved(threshold: 4, partitioning: QuicksortVariant1(pivot: MIDDLE))    -> time =    297.795 ms
  QuicksortImproved(threshold: 16, partitioning: QuicksortVariant3(pivot: MIDDLE))   -> time =    280.241 ms
  QuicksortVariant2(pivot: MEDIAN3)                                                  -> time =    328.628 ms
  QuicksortImproved(threshold: 128, partitioning: QuicksortVariant1(pivot: MIDDLE))  -> time =    261.764 ms
  QuicksortImproved(threshold: 2, partitioning: QuicksortVariant2(pivot: MIDDLE))    -> time =    311.938 ms
  QuicksortImproved(threshold: 4, partitioning: QuicksortVariant3(pivot: MIDDLE))    -> time =    299.045 ms
  QuicksortImproved(threshold: 128, partitioning: QuicksortVariant2(pivot: MIDDLE))  -> time =    260.724 ms
  QuicksortImproved(threshold: 96, partitioning: QuicksortVariant2(pivot: MIDDLE))   -> time =    266.415 ms
  QuicksortVariant3(pivot: MIDDLE)                                                   -> time =    302.243 ms
  QuicksortImproved(threshold: 8, partitioning: QuicksortVariant1(pivot: MEDIAN3))   -> time =    311.886 ms
  QuicksortImproved(threshold: 96, partitioning: QuicksortVariant1(pivot: MEDIAN3))  -> time =    265.564 ms
  QuicksortImproved(threshold: 192, partitioning: QuicksortVariant2(pivot: MEDIAN3)) -> time =    270.552 ms
  QuicksortImproved(threshold: 192, partitioning: QuicksortVariant1(pivot: MIDDLE))  -> time =    267.066 ms
  QuicksortImproved(threshold: 192, partitioning: QuicksortVariant3(pivot: MIDDLE))  -> time =    262.869 ms
  QuicksortVariant1(pivot: MEDIAN3)                                                  -> time =    320.523 ms
  QuicksortImproved(threshold: 64, partitioning: QuicksortVariant2(pivot: MIDDLE))   -> time =    270.892 ms
  QuicksortVariant1(pivot: MIDDLE)                                                   -> time =    317.936 ms
  QuicksortImproved(threshold: 2, partitioning: QuicksortVariant3(pivot: MIDDLE))    -> time =    314.950 ms
  QuicksortImproved(threshold: 48, partitioning: QuicksortVariant3(pivot: MEDIAN3))  -> time =    277.095 ms
  QuicksortImproved(threshold: 32, partitioning: QuicksortVariant3(pivot: MIDDLE))   -> time =    293.639 ms
  QuicksortImproved(threshold: 32, partitioning: QuicksortVariant2(pivot: MEDIAN3))  -> time =    308.803 ms
  QuicksortImproved(threshold: 24, partitioning: QuicksortVariant2(pivot: MEDIAN3))  -> time =    307.984 ms
  QuicksortImproved(threshold: 4, partitioning: QuicksortVariant3(pivot: MEDIAN3))   -> time =    346.984 ms
  QuicksortImproved(threshold: 192, partitioning: QuicksortVariant3(pivot: MEDIAN3)) -> time =    278.159 ms
  QuicksortImproved(threshold: 48, partitioning: QuicksortVariant3(pivot: MIDDLE))   -> time =    272.260 ms
  QuicksortImproved(threshold: 8, partitioning: QuicksortVariant3(pivot: MIDDLE))    -> time =    291.750 ms
  QuicksortImproved(threshold: 8, partitioning: QuicksortVariant1(pivot: MIDDLE))    -> time =    288.355 ms
  QuicksortImproved(threshold: 24, partitioning: QuicksortVariant3(pivot: MIDDLE))   -> time =    273.244 ms
  QuicksortImproved(threshold: 48, partitioning: QuicksortVariant1(pivot: MIDDLE))   -> time =    261.849 ms
  QuicksortImproved(threshold: 32, partitioning: QuicksortVariant1(pivot: MEDIAN3))  -> time =    279.998 ms
  QuicksortImproved(threshold: 64, partitioning: QuicksortVariant3(pivot: MEDIAN3))  -> time =    277.088 ms
  QuicksortImproved(threshold: 48, partitioning: QuicksortVariant2(pivot: MIDDLE))   -> time =    280.132 ms
  QuicksortImproved(threshold: 16, partitioning: QuicksortVariant1(pivot: MEDIAN3))  -> time =    309.792 ms
  QuicksortImproved(threshold: 96, partitioning: QuicksortVariant3(pivot: MEDIAN3))  -> time =    300.112 ms
  QuicksortImproved(threshold: 8, partitioning: QuicksortVariant2(pivot: MIDDLE))    -> time =    323.078 ms
  QuicksortImproved(threshold: 64, partitioning: QuicksortVariant1(pivot: MEDIAN3))  -> time =    284.511 ms
  QuicksortImproved(threshold: 4, partitioning: QuicksortVariant2(pivot: MIDDLE))    -> time =    325.073 ms
  QuicksortImproved(threshold: 2, partitioning: QuicksortVariant3(pivot: MEDIAN3))   -> time =    336.578 ms
  QuicksortImproved(threshold: 128, partitioning: QuicksortVariant1(pivot: MEDIAN3)) -> time =    274.893 ms
  QuicksortImproved(threshold: 48, partitioning: QuicksortVariant2(pivot: MEDIAN3))  -> time =    309.790 ms
  QuicksortImproved(threshold: 128, partitioning: QuicksortVariant3(pivot: MEDIAN3)) -> time =    268.928 ms
  QuicksortImproved(threshold: 64, partitioning: QuicksortVariant3(pivot: MIDDLE))   -> time =    258.591 ms
  QuicksortImproved(threshold: 64, partitioning: QuicksortVariant2(pivot: MEDIAN3))  -> time =    269.108 ms
  QuicksortImproved(threshold: 192, partitioning: QuicksortVariant1(pivot: MEDIAN3)) -> time =    264.552 ms
  QuicksortImproved(threshold: 128, partitioning: QuicksortVariant3(pivot: MIDDLE))  -> time =    255.154 ms
  QuicksortImproved(threshold: 24, partitioning: QuicksortVariant1(pivot: MEDIAN3))  -> time =    282.822 ms
  QuicksortImproved(threshold: 8, partitioning: QuicksortVariant2(pivot: MEDIAN3))   -> time =    310.953 ms
  QuicksortImproved(threshold: 32, partitioning: QuicksortVariant3(pivot: MEDIAN3))  -> time =    294.986 ms
  QuicksortImproved(threshold: 8, partitioning: QuicksortVariant3(pivot: MEDIAN3))   -> time =    321.602 ms
  QuicksortImproved(threshold: 4, partitioning: QuicksortVariant2(pivot: MEDIAN3))   -> time =    323.676 ms
  QuicksortImproved(threshold: 32, partitioning: QuicksortVariant2(pivot: MIDDLE))   -> time =    278.719 ms
  QuicksortImproved(threshold: 192, partitioning: QuicksortVariant2(pivot: MIDDLE))  -> time =    273.870 ms
  QuicksortImproved(threshold: 128, partitioning: QuicksortVariant2(pivot: MEDIAN3)) -> time =    294.472 ms
  QuicksortImproved(threshold: 96, partitioning: QuicksortVariant1(pivot: MIDDLE))   -> time =    266.194 ms
Iteration 14
  QuicksortVariant1(pivot: MIDDLE)                                                   -> time =    310.238 ms
  QuicksortImproved(threshold: 4, partitioning: QuicksortVariant2(pivot: MEDIAN3))   -> time =    340.462 ms
  QuicksortImproved(threshold: 8, partitioning: QuicksortVariant3(pivot: MEDIAN3))   -> time =    345.201 ms
  QuicksortImproved(threshold: 64, partitioning: QuicksortVariant2(pivot: MIDDLE))   -> time =    276.998 ms
  QuicksortImproved(threshold: 96, partitioning: QuicksortVariant3(pivot: MIDDLE))   -> time =    274.960 ms
  QuicksortImproved(threshold: 48, partitioning: QuicksortVariant1(pivot: MEDIAN3))  -> time =    282.572 ms
  QuicksortImproved(threshold: 16, partitioning: QuicksortVariant3(pivot: MIDDLE))   -> time =    315.013 ms
  QuicksortImproved(threshold: 24, partitioning: QuicksortVariant2(pivot: MIDDLE))   -> time =    279.980 ms
  QuicksortImproved(threshold: 2, partitioning: QuicksortVariant3(pivot: MEDIAN3))   -> time =    349.902 ms
  QuicksortImproved(threshold: 2, partitioning: QuicksortVariant1(pivot: MIDDLE))    -> time =    311.957 ms
  QuicksortImproved(threshold: 16, partitioning: QuicksortVariant1(pivot: MEDIAN3))  -> time =    301.266 ms
  QuicksortImproved(threshold: 64, partitioning: QuicksortVariant3(pivot: MIDDLE))   -> time =    269.781 ms
  QuicksortImproved(threshold: 2, partitioning: QuicksortVariant3(pivot: MIDDLE))    -> time =    310.333 ms
  QuicksortImproved(threshold: 8, partitioning: QuicksortVariant1(pivot: MEDIAN3))   -> time =    317.210 ms
  QuicksortImproved(threshold: 24, partitioning: QuicksortVariant2(pivot: MEDIAN3))  -> time =    301.278 ms
  QuicksortImproved(threshold: 128, partitioning: QuicksortVariant1(pivot: MIDDLE))  -> time =    260.840 ms
  QuicksortImproved(threshold: 128, partitioning: QuicksortVariant2(pivot: MEDIAN3)) -> time =    275.040 ms
  QuicksortImproved(threshold: 192, partitioning: QuicksortVariant3(pivot: MEDIAN3)) -> time =    273.045 ms
  QuicksortImproved(threshold: 192, partitioning: QuicksortVariant1(pivot: MIDDLE))  -> time =    275.502 ms
  QuicksortImproved(threshold: 64, partitioning: QuicksortVariant2(pivot: MEDIAN3))  -> time =    292.380 ms
  QuicksortImproved(threshold: 8, partitioning: QuicksortVariant2(pivot: MEDIAN3))   -> time =    348.698 ms
  QuicksortVariant1(pivot: MEDIAN3)                                                  -> time =    352.728 ms
  QuicksortImproved(threshold: 32, partitioning: QuicksortVariant3(pivot: MEDIAN3))  -> time =    310.813 ms
  QuicksortImproved(threshold: 16, partitioning: QuicksortVariant2(pivot: MIDDLE))   -> time =    293.678 ms
  QuicksortVariant2(pivot: MEDIAN3)                                                  -> time =    349.010 ms
  QuicksortImproved(threshold: 96, partitioning: QuicksortVariant2(pivot: MIDDLE))   -> time =    292.691 ms
  QuicksortImproved(threshold: 64, partitioning: QuicksortVariant3(pivot: MEDIAN3))  -> time =    289.212 ms
  QuicksortImproved(threshold: 32, partitioning: QuicksortVariant2(pivot: MEDIAN3))  -> time =    290.255 ms
  QuicksortImproved(threshold: 4, partitioning: QuicksortVariant2(pivot: MIDDLE))    -> time =    306.710 ms
  QuicksortImproved(threshold: 48, partitioning: QuicksortVariant3(pivot: MEDIAN3))  -> time =    280.629 ms
  QuicksortImproved(threshold: 32, partitioning: QuicksortVariant2(pivot: MIDDLE))   -> time =    275.070 ms
  QuicksortImproved(threshold: 2, partitioning: QuicksortVariant1(pivot: MEDIAN3))   -> time =    332.442 ms
  QuicksortVariant3(pivot: MIDDLE)                                                   -> time =    304.499 ms
  QuicksortImproved(threshold: 4, partitioning: QuicksortVariant3(pivot: MEDIAN3))   -> time =    328.297 ms
  QuicksortImproved(threshold: 64, partitioning: QuicksortVariant1(pivot: MEDIAN3))  -> time =    275.668 ms
  QuicksortImproved(threshold: 8, partitioning: QuicksortVariant3(pivot: MIDDLE))    -> time =    294.249 ms
  QuicksortImproved(threshold: 192, partitioning: QuicksortVariant2(pivot: MIDDLE))  -> time =    277.918 ms
  QuicksortImproved(threshold: 96, partitioning: QuicksortVariant2(pivot: MEDIAN3))  -> time =    283.746 ms
  QuicksortImproved(threshold: 64, partitioning: QuicksortVariant1(pivot: MIDDLE))   -> time =    268.821 ms
  QuicksortImproved(threshold: 8, partitioning: QuicksortVariant2(pivot: MIDDLE))    -> time =    296.733 ms
  QuicksortImproved(threshold: 128, partitioning: QuicksortVariant2(pivot: MIDDLE))  -> time =    265.654 ms
  QuicksortImproved(threshold: 48, partitioning: QuicksortVariant2(pivot: MIDDLE))   -> time =    269.178 ms
  QuicksortImproved(threshold: 24, partitioning: QuicksortVariant3(pivot: MEDIAN3))  -> time =    303.255 ms
  QuicksortImproved(threshold: 8, partitioning: QuicksortVariant1(pivot: MIDDLE))    -> time =    302.778 ms
  QuicksortVariant2(pivot: MIDDLE)                                                   -> time =    313.169 ms
  QuicksortImproved(threshold: 32, partitioning: QuicksortVariant1(pivot: MIDDLE))   -> time =    269.352 ms
  QuicksortImproved(threshold: 2, partitioning: QuicksortVariant2(pivot: MEDIAN3))   -> time =    333.244 ms
  QuicksortImproved(threshold: 128, partitioning: QuicksortVariant3(pivot: MEDIAN3)) -> time =    272.075 ms
  QuicksortImproved(threshold: 128, partitioning: QuicksortVariant3(pivot: MIDDLE))  -> time =    265.046 ms
  QuicksortImproved(threshold: 96, partitioning: QuicksortVariant1(pivot: MIDDLE))   -> time =    260.235 ms
  QuicksortImproved(threshold: 96, partitioning: QuicksortVariant3(pivot: MEDIAN3))  -> time =    284.138 ms
  QuicksortImproved(threshold: 48, partitioning: QuicksortVariant2(pivot: MEDIAN3))  -> time =    298.185 ms
  QuicksortImproved(threshold: 16, partitioning: QuicksortVariant1(pivot: MIDDLE))   -> time =    296.747 ms
  QuicksortImproved(threshold: 4, partitioning: QuicksortVariant1(pivot: MEDIAN3))   -> time =    340.308 ms
  QuicksortImproved(threshold: 192, partitioning: QuicksortVariant2(pivot: MEDIAN3)) -> time =    287.390 ms
  QuicksortImproved(threshold: 2, partitioning: QuicksortVariant2(pivot: MIDDLE))    -> time =    315.653 ms
  QuicksortImproved(threshold: 4, partitioning: QuicksortVariant1(pivot: MIDDLE))    -> time =    304.689 ms
  QuicksortImproved(threshold: 24, partitioning: QuicksortVariant3(pivot: MIDDLE))   -> time =    282.825 ms
  QuicksortImproved(threshold: 4, partitioning: QuicksortVariant3(pivot: MIDDLE))    -> time =    308.568 ms
  QuicksortImproved(threshold: 24, partitioning: QuicksortVariant1(pivot: MIDDLE))   -> time =    281.294 ms
  QuicksortImproved(threshold: 48, partitioning: QuicksortVariant3(pivot: MIDDLE))   -> time =    269.442 ms
  QuicksortVariant3(pivot: MEDIAN3)                                                  -> time =    336.402 ms
  QuicksortImproved(threshold: 192, partitioning: QuicksortVariant1(pivot: MEDIAN3)) -> time =    271.600 ms
  QuicksortImproved(threshold: 96, partitioning: QuicksortVariant1(pivot: MEDIAN3))  -> time =    271.223 ms
  QuicksortImproved(threshold: 192, partitioning: QuicksortVariant3(pivot: MIDDLE))  -> time =    267.789 ms
  QuicksortImproved(threshold: 24, partitioning: QuicksortVariant1(pivot: MEDIAN3))  -> time =    290.490 ms
  QuicksortImproved(threshold: 32, partitioning: QuicksortVariant1(pivot: MEDIAN3))  -> time =    282.635 ms
  QuicksortImproved(threshold: 16, partitioning: QuicksortVariant2(pivot: MEDIAN3))  -> time =    300.917 ms
  QuicksortImproved(threshold: 48, partitioning: QuicksortVariant1(pivot: MIDDLE))   -> time =    263.774 ms
  QuicksortImproved(threshold: 128, partitioning: QuicksortVariant1(pivot: MEDIAN3)) -> time =    269.144 ms
  QuicksortImproved(threshold: 16, partitioning: QuicksortVariant3(pivot: MEDIAN3))  -> time =    299.096 ms
  QuicksortImproved(threshold: 32, partitioning: QuicksortVariant3(pivot: MIDDLE))   -> time =    271.472 ms
Iteration 15
  QuicksortVariant3(pivot: MIDDLE)                                                   -> time =    308.691 ms
  QuicksortImproved(threshold: 32, partitioning: QuicksortVariant1(pivot: MIDDLE))   -> time =    273.229 ms
  QuicksortImproved(threshold: 96, partitioning: QuicksortVariant3(pivot: MIDDLE))   -> time =    260.335 ms
  QuicksortImproved(threshold: 192, partitioning: QuicksortVariant3(pivot: MIDDLE))  -> time =    262.320 ms
  QuicksortImproved(threshold: 4, partitioning: QuicksortVariant2(pivot: MEDIAN3))   -> time =    323.968 ms
  QuicksortImproved(threshold: 2, partitioning: QuicksortVariant2(pivot: MEDIAN3))   -> time =    338.012 ms
  QuicksortImproved(threshold: 8, partitioning: QuicksortVariant1(pivot: MEDIAN3))   -> time =    303.979 ms
  QuicksortImproved(threshold: 2, partitioning: QuicksortVariant3(pivot: MEDIAN3))   -> time =    328.887 ms
  QuicksortImproved(threshold: 24, partitioning: QuicksortVariant1(pivot: MIDDLE))   -> time =    280.300 ms
  QuicksortImproved(threshold: 32, partitioning: QuicksortVariant1(pivot: MEDIAN3))  -> time =    279.500 ms
  QuicksortVariant1(pivot: MEDIAN3)                                                  -> time =    319.402 ms
  QuicksortImproved(threshold: 32, partitioning: QuicksortVariant3(pivot: MEDIAN3))  -> time =    277.365 ms
  QuicksortImproved(threshold: 48, partitioning: QuicksortVariant3(pivot: MIDDLE))   -> time =    266.410 ms
  QuicksortImproved(threshold: 24, partitioning: QuicksortVariant2(pivot: MEDIAN3))  -> time =    289.805 ms
  QuicksortImproved(threshold: 192, partitioning: QuicksortVariant2(pivot: MIDDLE))  -> time =    276.966 ms
  QuicksortImproved(threshold: 16, partitioning: QuicksortVariant1(pivot: MEDIAN3))  -> time =    292.562 ms
  QuicksortImproved(threshold: 24, partitioning: QuicksortVariant3(pivot: MEDIAN3))  -> time =    284.093 ms
  QuicksortImproved(threshold: 24, partitioning: QuicksortVariant1(pivot: MEDIAN3))  -> time =    281.210 ms
  QuicksortImproved(threshold: 64, partitioning: QuicksortVariant3(pivot: MEDIAN3))  -> time =    269.152 ms
  QuicksortImproved(threshold: 16, partitioning: QuicksortVariant2(pivot: MEDIAN3))  -> time =    295.569 ms
  QuicksortImproved(threshold: 2, partitioning: QuicksortVariant1(pivot: MIDDLE))    -> time =    310.773 ms
  QuicksortImproved(threshold: 4, partitioning: QuicksortVariant1(pivot: MEDIAN3))   -> time =    315.224 ms
  QuicksortImproved(threshold: 64, partitioning: QuicksortVariant1(pivot: MIDDLE))   -> time =    266.861 ms
  QuicksortImproved(threshold: 192, partitioning: QuicksortVariant3(pivot: MEDIAN3)) -> time =    265.621 ms
  QuicksortImproved(threshold: 192, partitioning: QuicksortVariant2(pivot: MEDIAN3)) -> time =    265.646 ms
  QuicksortImproved(threshold: 24, partitioning: QuicksortVariant3(pivot: MIDDLE))   -> time =    275.686 ms
  QuicksortImproved(threshold: 48, partitioning: QuicksortVariant2(pivot: MEDIAN3))  -> time =    278.460 ms
  QuicksortImproved(threshold: 48, partitioning: QuicksortVariant1(pivot: MIDDLE))   -> time =    276.298 ms
  QuicksortImproved(threshold: 8, partitioning: QuicksortVariant3(pivot: MIDDLE))    -> time =    300.785 ms
  QuicksortImproved(threshold: 64, partitioning: QuicksortVariant2(pivot: MIDDLE))   -> time =    271.746 ms
  QuicksortImproved(threshold: 4, partitioning: QuicksortVariant3(pivot: MIDDLE))    -> time =    308.127 ms
  QuicksortImproved(threshold: 64, partitioning: QuicksortVariant3(pivot: MIDDLE))   -> time =    267.199 ms
  QuicksortImproved(threshold: 128, partitioning: QuicksortVariant3(pivot: MEDIAN3)) -> time =    262.087 ms
  QuicksortVariant3(pivot: MEDIAN3)                                                  -> time =    326.860 ms
  QuicksortImproved(threshold: 16, partitioning: QuicksortVariant3(pivot: MIDDLE))   -> time =    281.353 ms
  QuicksortImproved(threshold: 8, partitioning: QuicksortVariant2(pivot: MIDDLE))    -> time =    297.171 ms
  QuicksortImproved(threshold: 96, partitioning: QuicksortVariant2(pivot: MEDIAN3))  -> time =    265.588 ms
  QuicksortImproved(threshold: 2, partitioning: QuicksortVariant2(pivot: MIDDLE))    -> time =    313.761 ms
  QuicksortImproved(threshold: 2, partitioning: QuicksortVariant3(pivot: MIDDLE))    -> time =    305.137 ms
  QuicksortImproved(threshold: 48, partitioning: QuicksortVariant2(pivot: MIDDLE))   -> time =    271.055 ms
  QuicksortImproved(threshold: 128, partitioning: QuicksortVariant1(pivot: MIDDLE))  -> time =    267.228 ms
  QuicksortImproved(threshold: 64, partitioning: QuicksortVariant1(pivot: MEDIAN3))  -> time =    274.619 ms
  QuicksortImproved(threshold: 16, partitioning: QuicksortVariant2(pivot: MIDDLE))   -> time =    288.423 ms
  QuicksortImproved(threshold: 24, partitioning: QuicksortVariant2(pivot: MIDDLE))   -> time =    283.558 ms
  QuicksortImproved(threshold: 48, partitioning: QuicksortVariant3(pivot: MEDIAN3))  -> time =    280.088 ms
  QuicksortImproved(threshold: 96, partitioning: QuicksortVariant1(pivot: MIDDLE))   -> time =    268.917 ms
  QuicksortImproved(threshold: 128, partitioning: QuicksortVariant1(pivot: MEDIAN3)) -> time =    263.073 ms
  QuicksortImproved(threshold: 16, partitioning: QuicksortVariant1(pivot: MIDDLE))   -> time =    283.130 ms
  QuicksortImproved(threshold: 96, partitioning: QuicksortVariant2(pivot: MIDDLE))   -> time =    264.357 ms
  QuicksortImproved(threshold: 96, partitioning: QuicksortVariant3(pivot: MEDIAN3))  -> time =    264.116 ms
  QuicksortImproved(threshold: 32, partitioning: QuicksortVariant3(pivot: MIDDLE))   -> time =    277.476 ms
  QuicksortImproved(threshold: 32, partitioning: QuicksortVariant2(pivot: MIDDLE))   -> time =    275.411 ms
  QuicksortImproved(threshold: 4, partitioning: QuicksortVariant3(pivot: MEDIAN3))   -> time =    329.947 ms
  QuicksortImproved(threshold: 4, partitioning: QuicksortVariant1(pivot: MIDDLE))    -> time =    304.431 ms
  QuicksortImproved(threshold: 8, partitioning: QuicksortVariant2(pivot: MEDIAN3))   -> time =    307.227 ms
  QuicksortImproved(threshold: 128, partitioning: QuicksortVariant2(pivot: MEDIAN3)) -> time =    269.943 ms
  QuicksortImproved(threshold: 16, partitioning: QuicksortVariant3(pivot: MEDIAN3))  -> time =    290.254 ms
  QuicksortImproved(threshold: 48, partitioning: QuicksortVariant1(pivot: MEDIAN3))  -> time =    274.564 ms
  QuicksortVariant1(pivot: MIDDLE)                                                   -> time =    303.170 ms
  QuicksortImproved(threshold: 2, partitioning: QuicksortVariant1(pivot: MEDIAN3))   -> time =    319.895 ms
  QuicksortImproved(threshold: 4, partitioning: QuicksortVariant2(pivot: MIDDLE))    -> time =    310.060 ms
  QuicksortImproved(threshold: 128, partitioning: QuicksortVariant3(pivot: MIDDLE))  -> time =    267.444 ms
  QuicksortImproved(threshold: 192, partitioning: QuicksortVariant1(pivot: MEDIAN3)) -> time =    269.775 ms
  QuicksortImproved(threshold: 8, partitioning: QuicksortVariant1(pivot: MIDDLE))    -> time =    295.103 ms
  QuicksortImproved(threshold: 128, partitioning: QuicksortVariant2(pivot: MIDDLE))  -> time =    263.334 ms
  QuicksortImproved(threshold: 8, partitioning: QuicksortVariant3(pivot: MEDIAN3))   -> time =    304.661 ms
  QuicksortVariant2(pivot: MEDIAN3)                                                  -> time =    325.418 ms
  QuicksortVariant2(pivot: MIDDLE)                                                   -> time =    324.398 ms
  QuicksortImproved(threshold: 192, partitioning: QuicksortVariant1(pivot: MIDDLE))  -> time =    271.388 ms
  QuicksortImproved(threshold: 32, partitioning: QuicksortVariant2(pivot: MEDIAN3))  -> time =    278.994 ms
  QuicksortImproved(threshold: 64, partitioning: QuicksortVariant2(pivot: MEDIAN3))  -> time =    267.945 ms
  QuicksortImproved(threshold: 96, partitioning: QuicksortVariant1(pivot: MEDIAN3))  -> time =    263.726 ms

----- Measuring -----
Iteration 1
  QuicksortImproved(threshold: 2, partitioning: QuicksortVariant2(pivot: MEDIAN3))   -> time =    338.771 ms <<< NEW RECORD :-)
  QuicksortImproved(threshold: 24, partitioning: QuicksortVariant1(pivot: MEDIAN3))  -> time =    290.939 ms <<< NEW RECORD :-)
  QuicksortImproved(threshold: 16, partitioning: QuicksortVariant2(pivot: MEDIAN3))  -> time =    306.973 ms <<< NEW RECORD :-)
  QuicksortVariant1(pivot: MIDDLE)                                                   -> time =    302.067 ms <<< NEW RECORD :-)
  QuicksortImproved(threshold: 4, partitioning: QuicksortVariant3(pivot: MEDIAN3))   -> time =    331.109 ms <<< NEW RECORD :-)
  QuicksortImproved(threshold: 8, partitioning: QuicksortVariant3(pivot: MIDDLE))    -> time =    291.738 ms <<< NEW RECORD :-)
  QuicksortVariant3(pivot: MEDIAN3)                                                  -> time =    336.366 ms <<< NEW RECORD :-)
  QuicksortImproved(threshold: 64, partitioning: QuicksortVariant3(pivot: MIDDLE))   -> time =    262.898 ms <<< NEW RECORD :-)
  QuicksortImproved(threshold: 64, partitioning: QuicksortVariant3(pivot: MEDIAN3))  -> time =    275.425 ms <<< NEW RECORD :-)
  QuicksortImproved(threshold: 32, partitioning: QuicksortVariant2(pivot: MIDDLE))   -> time =    278.416 ms <<< NEW RECORD :-)
  QuicksortImproved(threshold: 48, partitioning: QuicksortVariant1(pivot: MEDIAN3))  -> time =    279.284 ms <<< NEW RECORD :-)
  QuicksortImproved(threshold: 8, partitioning: QuicksortVariant3(pivot: MEDIAN3))   -> time =    312.808 ms <<< NEW RECORD :-)
  QuicksortImproved(threshold: 96, partitioning: QuicksortVariant3(pivot: MEDIAN3))  -> time =    273.371 ms <<< NEW RECORD :-)
  QuicksortImproved(threshold: 24, partitioning: QuicksortVariant2(pivot: MEDIAN3))  -> time =    295.422 ms <<< NEW RECORD :-)
  QuicksortImproved(threshold: 128, partitioning: QuicksortVariant1(pivot: MEDIAN3)) -> time =    270.937 ms <<< NEW RECORD :-)
  QuicksortImproved(threshold: 16, partitioning: QuicksortVariant3(pivot: MIDDLE))   -> time =    280.536 ms <<< NEW RECORD :-)
  QuicksortVariant2(pivot: MEDIAN3)                                                  -> time =    335.302 ms <<< NEW RECORD :-)
  QuicksortImproved(threshold: 96, partitioning: QuicksortVariant3(pivot: MIDDLE))   -> time =    259.943 ms <<< NEW RECORD :-)
  QuicksortImproved(threshold: 128, partitioning: QuicksortVariant1(pivot: MIDDLE))  -> time =    261.627 ms <<< NEW RECORD :-)
  QuicksortVariant1(pivot: MEDIAN3)                                                  -> time =    332.101 ms <<< NEW RECORD :-)
  QuicksortImproved(threshold: 32, partitioning: QuicksortVariant3(pivot: MEDIAN3))  -> time =    286.311 ms <<< NEW RECORD :-)
  QuicksortImproved(threshold: 32, partitioning: QuicksortVariant1(pivot: MEDIAN3))  -> time =    284.822 ms <<< NEW RECORD :-)
  QuicksortImproved(threshold: 96, partitioning: QuicksortVariant2(pivot: MEDIAN3))  -> time =    274.763 ms <<< NEW RECORD :-)
  QuicksortImproved(threshold: 48, partitioning: QuicksortVariant1(pivot: MIDDLE))   -> time =    263.095 ms <<< NEW RECORD :-)
  QuicksortImproved(threshold: 2, partitioning: QuicksortVariant3(pivot: MIDDLE))    -> time =    311.734 ms <<< NEW RECORD :-)
  QuicksortImproved(threshold: 192, partitioning: QuicksortVariant1(pivot: MIDDLE))  -> time =    270.495 ms <<< NEW RECORD :-)
  QuicksortImproved(threshold: 48, partitioning: QuicksortVariant2(pivot: MEDIAN3))  -> time =    282.824 ms <<< NEW RECORD :-)
  QuicksortImproved(threshold: 2, partitioning: QuicksortVariant1(pivot: MIDDLE))    -> time =    304.523 ms <<< NEW RECORD :-)
  QuicksortImproved(threshold: 192, partitioning: QuicksortVariant2(pivot: MIDDLE))  -> time =    262.111 ms <<< NEW RECORD :-)
  QuicksortImproved(threshold: 4, partitioning: QuicksortVariant3(pivot: MIDDLE))    -> time =    299.025 ms <<< NEW RECORD :-)
  QuicksortImproved(threshold: 192, partitioning: QuicksortVariant3(pivot: MEDIAN3)) -> time =    281.383 ms <<< NEW RECORD :-)
  QuicksortImproved(threshold: 32, partitioning: QuicksortVariant3(pivot: MIDDLE))   -> time =    271.592 ms <<< NEW RECORD :-)
  QuicksortImproved(threshold: 64, partitioning: QuicksortVariant2(pivot: MIDDLE))   -> time =    264.736 ms <<< NEW RECORD :-)
  QuicksortVariant2(pivot: MIDDLE)                                                   -> time =    312.436 ms <<< NEW RECORD :-)
  QuicksortImproved(threshold: 32, partitioning: QuicksortVariant2(pivot: MEDIAN3))  -> time =    289.176 ms <<< NEW RECORD :-)
  QuicksortImproved(threshold: 16, partitioning: QuicksortVariant2(pivot: MIDDLE))   -> time =    296.604 ms <<< NEW RECORD :-)
  QuicksortImproved(threshold: 8, partitioning: QuicksortVariant1(pivot: MEDIAN3))   -> time =    319.866 ms <<< NEW RECORD :-)
  QuicksortVariant3(pivot: MIDDLE)                                                   -> time =    305.929 ms <<< NEW RECORD :-)
  QuicksortImproved(threshold: 16, partitioning: QuicksortVariant3(pivot: MEDIAN3))  -> time =    299.611 ms <<< NEW RECORD :-)
  QuicksortImproved(threshold: 48, partitioning: QuicksortVariant2(pivot: MIDDLE))   -> time =    267.460 ms <<< NEW RECORD :-)
  QuicksortImproved(threshold: 2, partitioning: QuicksortVariant3(pivot: MEDIAN3))   -> time =    336.778 ms <<< NEW RECORD :-)
  QuicksortImproved(threshold: 24, partitioning: QuicksortVariant3(pivot: MEDIAN3))  -> time =    295.981 ms <<< NEW RECORD :-)
  QuicksortImproved(threshold: 128, partitioning: QuicksortVariant2(pivot: MEDIAN3)) -> time =    275.535 ms <<< NEW RECORD :-)
  QuicksortImproved(threshold: 8, partitioning: QuicksortVariant2(pivot: MEDIAN3))   -> time =    319.347 ms <<< NEW RECORD :-)
  QuicksortImproved(threshold: 8, partitioning: QuicksortVariant1(pivot: MIDDLE))    -> time =    290.245 ms <<< NEW RECORD :-)
  QuicksortImproved(threshold: 128, partitioning: QuicksortVariant2(pivot: MIDDLE))  -> time =    260.695 ms <<< NEW RECORD :-)
  QuicksortImproved(threshold: 96, partitioning: QuicksortVariant1(pivot: MEDIAN3))  -> time =    271.442 ms <<< NEW RECORD :-)
  QuicksortImproved(threshold: 2, partitioning: QuicksortVariant1(pivot: MEDIAN3))   -> time =    330.434 ms <<< NEW RECORD :-)
  QuicksortImproved(threshold: 4, partitioning: QuicksortVariant1(pivot: MEDIAN3))   -> time =    323.284 ms <<< NEW RECORD :-)
  QuicksortImproved(threshold: 4, partitioning: QuicksortVariant2(pivot: MEDIAN3))   -> time =    327.995 ms <<< NEW RECORD :-)
  QuicksortImproved(threshold: 128, partitioning: QuicksortVariant3(pivot: MEDIAN3)) -> time =    271.956 ms <<< NEW RECORD :-)
  QuicksortImproved(threshold: 24, partitioning: QuicksortVariant2(pivot: MIDDLE))   -> time =    285.700 ms <<< NEW RECORD :-)
  QuicksortImproved(threshold: 64, partitioning: QuicksortVariant1(pivot: MIDDLE))   -> time =    261.714 ms <<< NEW RECORD :-)
  QuicksortImproved(threshold: 32, partitioning: QuicksortVariant1(pivot: MIDDLE))   -> time =    268.835 ms <<< NEW RECORD :-)
  QuicksortImproved(threshold: 64, partitioning: QuicksortVariant1(pivot: MEDIAN3))  -> time =    275.760 ms <<< NEW RECORD :-)
  QuicksortImproved(threshold: 8, partitioning: QuicksortVariant2(pivot: MIDDLE))    -> time =    295.355 ms <<< NEW RECORD :-)
  QuicksortImproved(threshold: 192, partitioning: QuicksortVariant3(pivot: MIDDLE))  -> time =    259.236 ms <<< NEW RECORD :-)
  QuicksortImproved(threshold: 48, partitioning: QuicksortVariant3(pivot: MIDDLE))   -> time =    265.246 ms <<< NEW RECORD :-)
  QuicksortImproved(threshold: 64, partitioning: QuicksortVariant2(pivot: MEDIAN3))  -> time =    280.626 ms <<< NEW RECORD :-)
  QuicksortImproved(threshold: 4, partitioning: QuicksortVariant2(pivot: MIDDLE))    -> time =    306.410 ms <<< NEW RECORD :-)
  QuicksortImproved(threshold: 192, partitioning: QuicksortVariant1(pivot: MEDIAN3)) -> time =    273.037 ms <<< NEW RECORD :-)
  QuicksortImproved(threshold: 4, partitioning: QuicksortVariant1(pivot: MIDDLE))    -> time =    298.128 ms <<< NEW RECORD :-)
  QuicksortImproved(threshold: 16, partitioning: QuicksortVariant1(pivot: MIDDLE))   -> time =    278.329 ms <<< NEW RECORD :-)
  QuicksortImproved(threshold: 96, partitioning: QuicksortVariant2(pivot: MIDDLE))   -> time =    261.714 ms <<< NEW RECORD :-)
  QuicksortImproved(threshold: 192, partitioning: QuicksortVariant2(pivot: MEDIAN3)) -> time =    275.561 ms <<< NEW RECORD :-)
  QuicksortImproved(threshold: 24, partitioning: QuicksortVariant3(pivot: MIDDLE))   -> time =    276.098 ms <<< NEW RECORD :-)
  QuicksortImproved(threshold: 2, partitioning: QuicksortVariant2(pivot: MIDDLE))    -> time =    314.469 ms <<< NEW RECORD :-)
  QuicksortImproved(threshold: 16, partitioning: QuicksortVariant1(pivot: MEDIAN3))  -> time =    300.443 ms <<< NEW RECORD :-)
  QuicksortImproved(threshold: 24, partitioning: QuicksortVariant1(pivot: MIDDLE))   -> time =    274.888 ms <<< NEW RECORD :-)
  QuicksortImproved(threshold: 48, partitioning: QuicksortVariant3(pivot: MEDIAN3))  -> time =    281.894 ms <<< NEW RECORD :-)
  QuicksortImproved(threshold: 128, partitioning: QuicksortVariant3(pivot: MIDDLE))  -> time =    260.334 ms <<< NEW RECORD :-)
  QuicksortImproved(threshold: 96, partitioning: QuicksortVariant1(pivot: MIDDLE))   -> time =    260.938 ms <<< NEW RECORD :-)
Iteration 2
  QuicksortImproved(threshold: 96, partitioning: QuicksortVariant1(pivot: MEDIAN3))  -> time =    263.450 ms <<< NEW RECORD :-)
  QuicksortVariant2(pivot: MEDIAN3)                                                  -> time =    329.128 ms <<< NEW RECORD :-)
  QuicksortImproved(threshold: 96, partitioning: QuicksortVariant3(pivot: MIDDLE))   -> time =    266.435 ms
  QuicksortImproved(threshold: 4, partitioning: QuicksortVariant2(pivot: MIDDLE))    -> time =    320.282 ms
  QuicksortImproved(threshold: 192, partitioning: QuicksortVariant2(pivot: MIDDLE))  -> time =    262.395 ms
  QuicksortImproved(threshold: 2, partitioning: QuicksortVariant3(pivot: MEDIAN3))   -> time =    329.033 ms <<< NEW RECORD :-)
  QuicksortImproved(threshold: 64, partitioning: QuicksortVariant3(pivot: MIDDLE))   -> time =    265.771 ms
  QuicksortImproved(threshold: 128, partitioning: QuicksortVariant1(pivot: MIDDLE))  -> time =    261.106 ms <<< NEW RECORD :-)
  QuicksortImproved(threshold: 48, partitioning: QuicksortVariant2(pivot: MIDDLE))   -> time =    267.845 ms
  QuicksortImproved(threshold: 16, partitioning: QuicksortVariant1(pivot: MIDDLE))   -> time =    281.704 ms
  QuicksortImproved(threshold: 16, partitioning: QuicksortVariant2(pivot: MEDIAN3))  -> time =    294.658 ms <<< NEW RECORD :-)
  QuicksortImproved(threshold: 24, partitioning: QuicksortVariant3(pivot: MIDDLE))   -> time =    276.980 ms
  QuicksortImproved(threshold: 24, partitioning: QuicksortVariant2(pivot: MIDDLE))   -> time =    278.927 ms <<< NEW RECORD :-)
  QuicksortVariant1(pivot: MEDIAN3)                                                  -> time =    318.572 ms <<< NEW RECORD :-)
  QuicksortImproved(threshold: 64, partitioning: QuicksortVariant2(pivot: MIDDLE))   -> time =    268.351 ms
  QuicksortImproved(threshold: 128, partitioning: QuicksortVariant3(pivot: MEDIAN3)) -> time =    266.126 ms <<< NEW RECORD :-)
  QuicksortImproved(threshold: 192, partitioning: QuicksortVariant2(pivot: MEDIAN3)) -> time =    270.001 ms <<< NEW RECORD :-)
  QuicksortImproved(threshold: 48, partitioning: QuicksortVariant1(pivot: MEDIAN3))  -> time =    271.957 ms <<< NEW RECORD :-)
  QuicksortImproved(threshold: 24, partitioning: QuicksortVariant1(pivot: MEDIAN3))  -> time =    282.059 ms <<< NEW RECORD :-)
  QuicksortImproved(threshold: 4, partitioning: QuicksortVariant3(pivot: MIDDLE))    -> time =    301.496 ms
  QuicksortImproved(threshold: 48, partitioning: QuicksortVariant2(pivot: MEDIAN3))  -> time =    278.066 ms <<< NEW RECORD :-)
  QuicksortImproved(threshold: 16, partitioning: QuicksortVariant1(pivot: MEDIAN3))  -> time =    296.254 ms <<< NEW RECORD :-)
  QuicksortImproved(threshold: 16, partitioning: QuicksortVariant2(pivot: MIDDLE))   -> time =    286.566 ms <<< NEW RECORD :-)
  QuicksortImproved(threshold: 2, partitioning: QuicksortVariant1(pivot: MEDIAN3))   -> time =    321.719 ms <<< NEW RECORD :-)
  QuicksortImproved(threshold: 2, partitioning: QuicksortVariant2(pivot: MIDDLE))    -> time =    313.447 ms <<< NEW RECORD :-)
  QuicksortImproved(threshold: 128, partitioning: QuicksortVariant1(pivot: MEDIAN3)) -> time =    261.313 ms <<< NEW RECORD :-)
  QuicksortVariant3(pivot: MEDIAN3)                                                  -> time =    340.968 ms
  QuicksortImproved(threshold: 96, partitioning: QuicksortVariant2(pivot: MIDDLE))   -> time =    267.988 ms
  QuicksortImproved(threshold: 32, partitioning: QuicksortVariant2(pivot: MEDIAN3))  -> time =    291.614 ms
  QuicksortImproved(threshold: 8, partitioning: QuicksortVariant3(pivot: MIDDLE))    -> time =    292.520 ms
  QuicksortImproved(threshold: 64, partitioning: QuicksortVariant3(pivot: MEDIAN3))  -> time =    269.680 ms <<< NEW RECORD :-)
  QuicksortImproved(threshold: 192, partitioning: QuicksortVariant1(pivot: MIDDLE))  -> time =    261.621 ms <<< NEW RECORD :-)
  QuicksortImproved(threshold: 48, partitioning: QuicksortVariant3(pivot: MEDIAN3))  -> time =    272.908 ms <<< NEW RECORD :-)
  QuicksortImproved(threshold: 192, partitioning: QuicksortVariant3(pivot: MEDIAN3)) -> time =    267.516 ms <<< NEW RECORD :-)
  QuicksortImproved(threshold: 96, partitioning: QuicksortVariant2(pivot: MEDIAN3))  -> time =    267.305 ms <<< NEW RECORD :-)
  QuicksortImproved(threshold: 24, partitioning: QuicksortVariant1(pivot: MIDDLE))   -> time =    274.254 ms <<< NEW RECORD :-)
  QuicksortImproved(threshold: 2, partitioning: QuicksortVariant1(pivot: MIDDLE))    -> time =    304.503 ms <<< NEW RECORD :-)
  QuicksortImproved(threshold: 192, partitioning: QuicksortVariant3(pivot: MIDDLE))  -> time =    262.925 ms
  QuicksortImproved(threshold: 32, partitioning: QuicksortVariant3(pivot: MIDDLE))   -> time =    272.967 ms
  QuicksortImproved(threshold: 64, partitioning: QuicksortVariant2(pivot: MEDIAN3))  -> time =    272.707 ms <<< NEW RECORD :-)
  QuicksortImproved(threshold: 4, partitioning: QuicksortVariant1(pivot: MIDDLE))    -> time =    300.651 ms
  QuicksortImproved(threshold: 48, partitioning: QuicksortVariant3(pivot: MIDDLE))   -> time =    266.759 ms
  QuicksortImproved(threshold: 24, partitioning: QuicksortVariant3(pivot: MEDIAN3))  -> time =    284.580 ms <<< NEW RECORD :-)
  QuicksortImproved(threshold: 8, partitioning: QuicksortVariant1(pivot: MEDIAN3))   -> time =    298.660 ms <<< NEW RECORD :-)
  QuicksortVariant1(pivot: MIDDLE)                                                   -> time =    305.780 ms
  QuicksortImproved(threshold: 32, partitioning: QuicksortVariant1(pivot: MEDIAN3))  -> time =    274.984 ms <<< NEW RECORD :-)
  QuicksortImproved(threshold: 8, partitioning: QuicksortVariant3(pivot: MEDIAN3))   -> time =    304.973 ms <<< NEW RECORD :-)
  QuicksortImproved(threshold: 96, partitioning: QuicksortVariant3(pivot: MEDIAN3))  -> time =    266.193 ms <<< NEW RECORD :-)
  QuicksortImproved(threshold: 24, partitioning: QuicksortVariant2(pivot: MEDIAN3))  -> time =    285.805 ms <<< NEW RECORD :-)
  QuicksortImproved(threshold: 4, partitioning: QuicksortVariant1(pivot: MEDIAN3))   -> time =    312.223 ms <<< NEW RECORD :-)
  QuicksortImproved(threshold: 192, partitioning: QuicksortVariant1(pivot: MEDIAN3)) -> time =    267.909 ms <<< NEW RECORD :-)
  QuicksortImproved(threshold: 32, partitioning: QuicksortVariant1(pivot: MIDDLE))   -> time =    270.313 ms
  QuicksortVariant3(pivot: MIDDLE)                                                   -> time =    305.123 ms <<< NEW RECORD :-)
  QuicksortVariant2(pivot: MIDDLE)                                                   -> time =    310.127 ms <<< NEW RECORD :-)
  QuicksortImproved(threshold: 32, partitioning: QuicksortVariant2(pivot: MIDDLE))   -> time =    274.361 ms <<< NEW RECORD :-)
  QuicksortImproved(threshold: 4, partitioning: QuicksortVariant2(pivot: MEDIAN3))   -> time =    320.140 ms <<< NEW RECORD :-)
  QuicksortImproved(threshold: 128, partitioning: QuicksortVariant3(pivot: MIDDLE))  -> time =    260.385 ms
  QuicksortImproved(threshold: 16, partitioning: QuicksortVariant3(pivot: MIDDLE))   -> time =    282.967 ms
  QuicksortImproved(threshold: 32, partitioning: QuicksortVariant3(pivot: MEDIAN3))  -> time =    279.457 ms <<< NEW RECORD :-)
  QuicksortImproved(threshold: 128, partitioning: QuicksortVariant2(pivot: MIDDLE))  -> time =    260.409 ms <<< NEW RECORD :-)
  QuicksortImproved(threshold: 8, partitioning: QuicksortVariant1(pivot: MIDDLE))    -> time =    290.049 ms <<< NEW RECORD :-)
  QuicksortImproved(threshold: 8, partitioning: QuicksortVariant2(pivot: MEDIAN3))   -> time =    307.465 ms <<< NEW RECORD :-)
  QuicksortImproved(threshold: 64, partitioning: QuicksortVariant1(pivot: MEDIAN3))  -> time =    265.450 ms <<< NEW RECORD :-)
  QuicksortImproved(threshold: 2, partitioning: QuicksortVariant3(pivot: MIDDLE))    -> time =    306.269 ms <<< NEW RECORD :-)
  QuicksortImproved(threshold: 128, partitioning: QuicksortVariant2(pivot: MEDIAN3)) -> time =    265.495 ms <<< NEW RECORD :-)
  QuicksortImproved(threshold: 64, partitioning: QuicksortVariant1(pivot: MIDDLE))   -> time =    262.163 ms
  QuicksortImproved(threshold: 8, partitioning: QuicksortVariant2(pivot: MIDDLE))    -> time =    296.201 ms
  QuicksortImproved(threshold: 4, partitioning: QuicksortVariant3(pivot: MEDIAN3))   -> time =    327.277 ms <<< NEW RECORD :-)
  QuicksortImproved(threshold: 16, partitioning: QuicksortVariant3(pivot: MEDIAN3))  -> time =    303.940 ms
  QuicksortImproved(threshold: 2, partitioning: QuicksortVariant2(pivot: MEDIAN3))   -> time =    327.146 ms <<< NEW RECORD :-)
  QuicksortImproved(threshold: 48, partitioning: QuicksortVariant1(pivot: MIDDLE))   -> time =    265.383 ms
  QuicksortImproved(threshold: 96, partitioning: QuicksortVariant1(pivot: MIDDLE))   -> time =    258.558 ms <<< NEW RECORD :-)
Iteration 3
  QuicksortVariant1(pivot: MEDIAN3)                                                  -> time =    317.134 ms <<< NEW RECORD :-)
  QuicksortImproved(threshold: 24, partitioning: QuicksortVariant1(pivot: MIDDLE))   -> time =    271.074 ms <<< NEW RECORD :-)
  QuicksortImproved(threshold: 8, partitioning: QuicksortVariant3(pivot: MIDDLE))    -> time =    289.186 ms <<< NEW RECORD :-)
  QuicksortImproved(threshold: 24, partitioning: QuicksortVariant2(pivot: MEDIAN3))  -> time =    289.429 ms
  QuicksortImproved(threshold: 2, partitioning: QuicksortVariant1(pivot: MIDDLE))    -> time =    301.590 ms <<< NEW RECORD :-)
  QuicksortImproved(threshold: 16, partitioning: QuicksortVariant2(pivot: MIDDLE))   -> time =    284.138 ms <<< NEW RECORD :-)
  QuicksortImproved(threshold: 128, partitioning: QuicksortVariant2(pivot: MIDDLE))  -> time =    261.373 ms
  QuicksortImproved(threshold: 32, partitioning: QuicksortVariant2(pivot: MIDDLE))   -> time =    272.895 ms <<< NEW RECORD :-)
  QuicksortImproved(threshold: 128, partitioning: QuicksortVariant2(pivot: MEDIAN3)) -> time =    269.732 ms
  QuicksortVariant3(pivot: MIDDLE)                                                   -> time =    302.349 ms <<< NEW RECORD :-)
  QuicksortImproved(threshold: 96, partitioning: QuicksortVariant1(pivot: MEDIAN3))  -> time =    263.457 ms
  QuicksortImproved(threshold: 96, partitioning: QuicksortVariant2(pivot: MEDIAN3))  -> time =    271.587 ms
  QuicksortImproved(threshold: 4, partitioning: QuicksortVariant2(pivot: MEDIAN3))   -> time =    324.775 ms
  QuicksortImproved(threshold: 48, partitioning: QuicksortVariant3(pivot: MIDDLE))   -> time =    264.747 ms <<< NEW RECORD :-)
  QuicksortImproved(threshold: 16, partitioning: QuicksortVariant1(pivot: MIDDLE))   -> time =    279.147 ms
  QuicksortImproved(threshold: 48, partitioning: QuicksortVariant2(pivot: MIDDLE))   -> time =    277.358 ms
  QuicksortImproved(threshold: 48, partitioning: QuicksortVariant2(pivot: MEDIAN3))  -> time =    277.685 ms <<< NEW RECORD :-)
  QuicksortImproved(threshold: 24, partitioning: QuicksortVariant3(pivot: MEDIAN3))  -> time =    287.465 ms
  QuicksortImproved(threshold: 96, partitioning: QuicksortVariant3(pivot: MEDIAN3))  -> time =    268.903 ms
  QuicksortVariant3(pivot: MEDIAN3)                                                  -> time =    331.615 ms <<< NEW RECORD :-)
  QuicksortImproved(threshold: 32, partitioning: QuicksortVariant2(pivot: MEDIAN3))  -> time =    284.620 ms <<< NEW RECORD :-)
  QuicksortImproved(threshold: 8, partitioning: QuicksortVariant3(pivot: MEDIAN3))   -> time =    311.538 ms
  QuicksortImproved(threshold: 24, partitioning: QuicksortVariant2(pivot: MIDDLE))   -> time =    277.143 ms <<< NEW RECORD :-)
  QuicksortImproved(threshold: 192, partitioning: QuicksortVariant1(pivot: MIDDLE))  -> time =    256.730 ms <<< NEW RECORD :-)
  QuicksortImproved(threshold: 64, partitioning: QuicksortVariant3(pivot: MIDDLE))   -> time =    261.799 ms <<< NEW RECORD :-)
  QuicksortImproved(threshold: 96, partitioning: QuicksortVariant2(pivot: MIDDLE))   -> time =    260.661 ms <<< NEW RECORD :-)
  QuicksortImproved(threshold: 32, partitioning: QuicksortVariant3(pivot: MEDIAN3))  -> time =    280.962 ms
  QuicksortImproved(threshold: 4, partitioning: QuicksortVariant3(pivot: MIDDLE))    -> time =    299.946 ms
  QuicksortImproved(threshold: 4, partitioning: QuicksortVariant1(pivot: MIDDLE))    -> time =    296.716 ms <<< NEW RECORD :-)
  QuicksortImproved(threshold: 16, partitioning: QuicksortVariant3(pivot: MIDDLE))   -> time =    281.007 ms
  QuicksortImproved(threshold: 128, partitioning: QuicksortVariant3(pivot: MIDDLE))  -> time =    263.035 ms
  QuicksortImproved(threshold: 128, partitioning: QuicksortVariant3(pivot: MEDIAN3)) -> time =    268.246 ms
  QuicksortImproved(threshold: 24, partitioning: QuicksortVariant1(pivot: MEDIAN3))  -> time =    283.580 ms
  QuicksortVariant1(pivot: MIDDLE)                                                   -> time =    299.818 ms <<< NEW RECORD :-)
  QuicksortImproved(threshold: 2, partitioning: QuicksortVariant3(pivot: MEDIAN3))   -> time =    331.485 ms
  QuicksortImproved(threshold: 32, partitioning: QuicksortVariant3(pivot: MIDDLE))   -> time =    270.990 ms <<< NEW RECORD :-)
  QuicksortImproved(threshold: 8, partitioning: QuicksortVariant1(pivot: MIDDLE))    -> time =    286.062 ms <<< NEW RECORD :-)
  QuicksortVariant2(pivot: MEDIAN3)                                                  -> time =    329.498 ms
  QuicksortImproved(threshold: 4, partitioning: QuicksortVariant3(pivot: MEDIAN3))   -> time =    322.329 ms <<< NEW RECORD :-)
  QuicksortImproved(threshold: 8, partitioning: QuicksortVariant1(pivot: MEDIAN3))   -> time =    302.684 ms
  QuicksortImproved(threshold: 4, partitioning: QuicksortVariant1(pivot: MEDIAN3))   -> time =    314.783 ms
  QuicksortImproved(threshold: 192, partitioning: QuicksortVariant2(pivot: MIDDLE))  -> time =    264.767 ms
  QuicksortImproved(threshold: 64, partitioning: QuicksortVariant2(pivot: MEDIAN3))  -> time =    283.931 ms
  QuicksortImproved(threshold: 128, partitioning: QuicksortVariant1(pivot: MIDDLE))  -> time =    257.128 ms <<< NEW RECORD :-)
  QuicksortImproved(threshold: 2, partitioning: QuicksortVariant2(pivot: MEDIAN3))   -> time =    331.951 ms
  QuicksortVariant2(pivot: MIDDLE)                                                   -> time =    310.822 ms
  QuicksortImproved(threshold: 24, partitioning: QuicksortVariant3(pivot: MIDDLE))   -> time =    274.622 ms <<< NEW RECORD :-)
  QuicksortImproved(threshold: 64, partitioning: QuicksortVariant2(pivot: MIDDLE))   -> time =    263.509 ms <<< NEW RECORD :-)
  QuicksortImproved(threshold: 192, partitioning: QuicksortVariant2(pivot: MEDIAN3)) -> time =    272.194 ms
  QuicksortImproved(threshold: 8, partitioning: QuicksortVariant2(pivot: MEDIAN3))   -> time =    314.638 ms
  QuicksortImproved(threshold: 64, partitioning: QuicksortVariant3(pivot: MEDIAN3))  -> time =    274.170 ms
  QuicksortImproved(threshold: 2, partitioning: QuicksortVariant1(pivot: MEDIAN3))   -> time =    322.603 ms
  QuicksortImproved(threshold: 64, partitioning: QuicksortVariant1(pivot: MIDDLE))   -> time =    259.719 ms <<< NEW RECORD :-)
  QuicksortImproved(threshold: 4, partitioning: QuicksortVariant2(pivot: MIDDLE))    -> time =    307.330 ms
  QuicksortImproved(threshold: 8, partitioning: QuicksortVariant2(pivot: MIDDLE))    -> time =    308.546 ms
  QuicksortImproved(threshold: 192, partitioning: QuicksortVariant3(pivot: MEDIAN3)) -> time =    270.124 ms
  QuicksortImproved(threshold: 96, partitioning: QuicksortVariant1(pivot: MIDDLE))   -> time =    255.485 ms <<< NEW RECORD :-)
  QuicksortImproved(threshold: 32, partitioning: QuicksortVariant1(pivot: MIDDLE))   -> time =    267.011 ms <<< NEW RECORD :-)
  QuicksortImproved(threshold: 96, partitioning: QuicksortVariant3(pivot: MIDDLE))   -> time =    258.108 ms <<< NEW RECORD :-)
  QuicksortImproved(threshold: 192, partitioning: QuicksortVariant1(pivot: MEDIAN3)) -> time =    264.214 ms <<< NEW RECORD :-)
  QuicksortImproved(threshold: 128, partitioning: QuicksortVariant1(pivot: MEDIAN3)) -> time =    270.028 ms
  QuicksortImproved(threshold: 192, partitioning: QuicksortVariant3(pivot: MIDDLE))  -> time =    259.845 ms
  QuicksortImproved(threshold: 16, partitioning: QuicksortVariant2(pivot: MEDIAN3))  -> time =    298.395 ms
  QuicksortImproved(threshold: 2, partitioning: QuicksortVariant2(pivot: MIDDLE))    -> time =    311.384 ms <<< NEW RECORD :-)
  QuicksortImproved(threshold: 64, partitioning: QuicksortVariant1(pivot: MEDIAN3))  -> time =    268.226 ms
  QuicksortImproved(threshold: 48, partitioning: QuicksortVariant1(pivot: MEDIAN3))  -> time =    271.522 ms <<< NEW RECORD :-)
  QuicksortImproved(threshold: 16, partitioning: QuicksortVariant3(pivot: MEDIAN3))  -> time =    297.096 ms <<< NEW RECORD :-)
  QuicksortImproved(threshold: 48, partitioning: QuicksortVariant1(pivot: MIDDLE))   -> time =    263.421 ms
  QuicksortImproved(threshold: 48, partitioning: QuicksortVariant3(pivot: MEDIAN3))  -> time =    280.395 ms
  QuicksortImproved(threshold: 16, partitioning: QuicksortVariant1(pivot: MEDIAN3))  -> time =    290.686 ms <<< NEW RECORD :-)
  QuicksortImproved(threshold: 2, partitioning: QuicksortVariant3(pivot: MIDDLE))    -> time =    304.980 ms <<< NEW RECORD :-)
  QuicksortImproved(threshold: 32, partitioning: QuicksortVariant1(pivot: MEDIAN3))  -> time =    278.622 ms
Iteration 4
  QuicksortVariant2(pivot: MIDDLE)                                                   -> time =    308.975 ms <<< NEW RECORD :-)
  QuicksortImproved(threshold: 24, partitioning: QuicksortVariant2(pivot: MIDDLE))   -> time =    277.118 ms <<< NEW RECORD :-)
  QuicksortImproved(threshold: 4, partitioning: QuicksortVariant1(pivot: MIDDLE))    -> time =    308.331 ms
  QuicksortImproved(threshold: 16, partitioning: QuicksortVariant2(pivot: MIDDLE))   -> time =    279.522 ms <<< NEW RECORD :-)
  QuicksortImproved(threshold: 48, partitioning: QuicksortVariant1(pivot: MIDDLE))   -> time =    264.750 ms
  QuicksortImproved(threshold: 96, partitioning: QuicksortVariant3(pivot: MIDDLE))   -> time =    257.768 ms <<< NEW RECORD :-)
  QuicksortImproved(threshold: 4, partitioning: QuicksortVariant2(pivot: MIDDLE))    -> time =    301.579 ms <<< NEW RECORD :-)
  QuicksortImproved(threshold: 96, partitioning: QuicksortVariant2(pivot: MIDDLE))   -> time =    259.414 ms <<< NEW RECORD :-)
  QuicksortImproved(threshold: 4, partitioning: QuicksortVariant1(pivot: MEDIAN3))   -> time =    344.410 ms
  QuicksortImproved(threshold: 96, partitioning: QuicksortVariant2(pivot: MEDIAN3))  -> time =    296.813 ms
  QuicksortImproved(threshold: 2, partitioning: QuicksortVariant2(pivot: MEDIAN3))   -> time =    336.437 ms
  QuicksortImproved(threshold: 48, partitioning: QuicksortVariant2(pivot: MEDIAN3))  -> time =    285.479 ms
  QuicksortImproved(threshold: 24, partitioning: QuicksortVariant3(pivot: MEDIAN3))  -> time =    294.622 ms
  QuicksortImproved(threshold: 128, partitioning: QuicksortVariant1(pivot: MEDIAN3)) -> time =    273.173 ms
  QuicksortImproved(threshold: 48, partitioning: QuicksortVariant2(pivot: MIDDLE))   -> time =    273.296 ms
  QuicksortImproved(threshold: 2, partitioning: QuicksortVariant2(pivot: MIDDLE))    -> time =    310.203 ms <<< NEW RECORD :-)
  QuicksortImproved(threshold: 24, partitioning: QuicksortVariant3(pivot: MIDDLE))   -> time =    274.175 ms <<< NEW RECORD :-)
  QuicksortImproved(threshold: 2, partitioning: QuicksortVariant3(pivot: MEDIAN3))   -> time =    337.241 ms
  QuicksortImproved(threshold: 64, partitioning: QuicksortVariant1(pivot: MEDIAN3))  -> time =    282.272 ms
  QuicksortImproved(threshold: 8, partitioning: QuicksortVariant1(pivot: MEDIAN3))   -> time =    320.494 ms
  QuicksortImproved(threshold: 24, partitioning: QuicksortVariant1(pivot: MIDDLE))   -> time =    277.654 ms
  QuicksortImproved(threshold: 16, partitioning: QuicksortVariant3(pivot: MEDIAN3))  -> time =    299.343 ms
  QuicksortImproved(threshold: 2, partitioning: QuicksortVariant1(pivot: MEDIAN3))   -> time =    335.731 ms
  QuicksortImproved(threshold: 8, partitioning: QuicksortVariant3(pivot: MEDIAN3))   -> time =    316.116 ms
  QuicksortImproved(threshold: 48, partitioning: QuicksortVariant1(pivot: MEDIAN3))  -> time =    281.557 ms
  QuicksortVariant3(pivot: MIDDLE)                                                   -> time =    302.068 ms <<< NEW RECORD :-)
  QuicksortImproved(threshold: 4, partitioning: QuicksortVariant2(pivot: MEDIAN3))   -> time =    329.707 ms
  QuicksortImproved(threshold: 64, partitioning: QuicksortVariant2(pivot: MEDIAN3))  -> time =    288.088 ms
  QuicksortImproved(threshold: 16, partitioning: QuicksortVariant1(pivot: MIDDLE))   -> time =    285.640 ms
  QuicksortImproved(threshold: 96, partitioning: QuicksortVariant3(pivot: MEDIAN3))  -> time =    275.376 ms
  QuicksortImproved(threshold: 32, partitioning: QuicksortVariant2(pivot: MIDDLE))   -> time =    272.196 ms <<< NEW RECORD :-)
  QuicksortImproved(threshold: 48, partitioning: QuicksortVariant3(pivot: MIDDLE))   -> time =    267.125 ms
  QuicksortVariant3(pivot: MEDIAN3)                                                  -> time =    337.845 ms
  QuicksortImproved(threshold: 48, partitioning: QuicksortVariant3(pivot: MEDIAN3))  -> time =    280.877 ms
  QuicksortImproved(threshold: 192, partitioning: QuicksortVariant2(pivot: MIDDLE))  -> time =    267.439 ms
  QuicksortImproved(threshold: 8, partitioning: QuicksortVariant2(pivot: MIDDLE))    -> time =    301.311 ms
  QuicksortImproved(threshold: 32, partitioning: QuicksortVariant2(pivot: MEDIAN3))  -> time =    287.533 ms
  QuicksortImproved(threshold: 8, partitioning: QuicksortVariant3(pivot: MIDDLE))    -> time =    290.471 ms
  QuicksortImproved(threshold: 2, partitioning: QuicksortVariant3(pivot: MIDDLE))    -> time =    305.151 ms
  QuicksortImproved(threshold: 24, partitioning: QuicksortVariant1(pivot: MEDIAN3))  -> time =    291.695 ms
  QuicksortImproved(threshold: 64, partitioning: QuicksortVariant2(pivot: MIDDLE))   -> time =    261.078 ms <<< NEW RECORD :-)
  QuicksortImproved(threshold: 24, partitioning: QuicksortVariant2(pivot: MEDIAN3))  -> time =    293.533 ms
  QuicksortImproved(threshold: 128, partitioning: QuicksortVariant3(pivot: MEDIAN3)) -> time =    272.617 ms
  QuicksortVariant1(pivot: MIDDLE)                                                   -> time =    303.954 ms
  QuicksortImproved(threshold: 4, partitioning: QuicksortVariant3(pivot: MIDDLE))    -> time =    299.335 ms
  QuicksortImproved(threshold: 32, partitioning: QuicksortVariant1(pivot: MEDIAN3))  -> time =    287.244 ms
  QuicksortImproved(threshold: 8, partitioning: QuicksortVariant2(pivot: MEDIAN3))   -> time =    329.484 ms
  QuicksortImproved(threshold: 96, partitioning: QuicksortVariant1(pivot: MEDIAN3))  -> time =    286.230 ms
  QuicksortImproved(threshold: 96, partitioning: QuicksortVariant1(pivot: MIDDLE))   -> time =    273.157 ms
  QuicksortImproved(threshold: 192, partitioning: QuicksortVariant3(pivot: MEDIAN3)) -> time =    277.238 ms
  QuicksortImproved(threshold: 192, partitioning: QuicksortVariant2(pivot: MEDIAN3)) -> time =    274.683 ms
  QuicksortImproved(threshold: 64, partitioning: QuicksortVariant3(pivot: MEDIAN3))  -> time =    277.141 ms
  QuicksortImproved(threshold: 192, partitioning: QuicksortVariant1(pivot: MEDIAN3)) -> time =    272.792 ms
  QuicksortVariant2(pivot: MEDIAN3)                                                  -> time =    332.089 ms
  QuicksortImproved(threshold: 64, partitioning: QuicksortVariant3(pivot: MIDDLE))   -> time =    260.766 ms <<< NEW RECORD :-)
  QuicksortImproved(threshold: 192, partitioning: QuicksortVariant1(pivot: MIDDLE))  -> time =    262.140 ms
  QuicksortImproved(threshold: 2, partitioning: QuicksortVariant1(pivot: MIDDLE))    -> time =    306.131 ms
  QuicksortImproved(threshold: 128, partitioning: QuicksortVariant1(pivot: MIDDLE))  -> time =    257.632 ms
  QuicksortImproved(threshold: 192, partitioning: QuicksortVariant3(pivot: MIDDLE))  -> time =    259.521 ms
  QuicksortImproved(threshold: 8, partitioning: QuicksortVariant1(pivot: MIDDLE))    -> time =    291.024 ms
  QuicksortImproved(threshold: 16, partitioning: QuicksortVariant3(pivot: MIDDLE))   -> time =    280.802 ms
  QuicksortImproved(threshold: 32, partitioning: QuicksortVariant1(pivot: MIDDLE))   -> time =    273.444 ms
  QuicksortImproved(threshold: 16, partitioning: QuicksortVariant2(pivot: MEDIAN3))  -> time =    303.499 ms
  QuicksortImproved(threshold: 128, partitioning: QuicksortVariant3(pivot: MIDDLE))  -> time =    257.211 ms <<< NEW RECORD :-)
  QuicksortImproved(threshold: 32, partitioning: QuicksortVariant3(pivot: MEDIAN3))  -> time =    290.806 ms
  QuicksortImproved(threshold: 32, partitioning: QuicksortVariant3(pivot: MIDDLE))   -> time =    272.658 ms
  QuicksortImproved(threshold: 4, partitioning: QuicksortVariant3(pivot: MEDIAN3))   -> time =    328.027 ms
  QuicksortImproved(threshold: 128, partitioning: QuicksortVariant2(pivot: MEDIAN3)) -> time =    272.123 ms
  QuicksortImproved(threshold: 64, partitioning: QuicksortVariant1(pivot: MIDDLE))   -> time =    262.275 ms
  QuicksortImproved(threshold: 16, partitioning: QuicksortVariant1(pivot: MEDIAN3))  -> time =    312.495 ms
  QuicksortImproved(threshold: 128, partitioning: QuicksortVariant2(pivot: MIDDLE))  -> time =    258.545 ms <<< NEW RECORD :-)
  QuicksortVariant1(pivot: MEDIAN3)                                                  -> time =    328.788 ms
Iteration 5
  QuicksortImproved(threshold: 32, partitioning: QuicksortVariant1(pivot: MIDDLE))   -> time =    287.422 ms
  QuicksortImproved(threshold: 24, partitioning: QuicksortVariant1(pivot: MIDDLE))   -> time =    296.501 ms
  QuicksortImproved(threshold: 4, partitioning: QuicksortVariant3(pivot: MEDIAN3))   -> time =    338.101 ms
  QuicksortImproved(threshold: 16, partitioning: QuicksortVariant3(pivot: MIDDLE))   -> time =    298.321 ms
  QuicksortImproved(threshold: 48, partitioning: QuicksortVariant2(pivot: MIDDLE))   -> time =    288.586 ms
  QuicksortImproved(threshold: 192, partitioning: QuicksortVariant3(pivot: MIDDLE))  -> time =    276.898 ms
  QuicksortImproved(threshold: 128, partitioning: QuicksortVariant3(pivot: MIDDLE))  -> time =    276.043 ms
  QuicksortImproved(threshold: 4, partitioning: QuicksortVariant1(pivot: MEDIAN3))   -> time =    337.854 ms
  QuicksortImproved(threshold: 192, partitioning: QuicksortVariant3(pivot: MEDIAN3)) -> time =    280.242 ms
  QuicksortImproved(threshold: 8, partitioning: QuicksortVariant3(pivot: MIDDLE))    -> time =    309.257 ms
  QuicksortImproved(threshold: 32, partitioning: QuicksortVariant2(pivot: MEDIAN3))  -> time =    297.144 ms
  QuicksortImproved(threshold: 16, partitioning: QuicksortVariant2(pivot: MEDIAN3))  -> time =    311.897 ms
  QuicksortVariant1(pivot: MEDIAN3)                                                  -> time =    339.944 ms
  QuicksortImproved(threshold: 8, partitioning: QuicksortVariant2(pivot: MEDIAN3))   -> time =    328.501 ms
  QuicksortImproved(threshold: 96, partitioning: QuicksortVariant1(pivot: MIDDLE))   -> time =    283.762 ms
  QuicksortImproved(threshold: 24, partitioning: QuicksortVariant3(pivot: MEDIAN3))  -> time =    306.336 ms
  QuicksortVariant2(pivot: MIDDLE)                                                   -> time =    343.873 ms
  QuicksortImproved(threshold: 4, partitioning: QuicksortVariant3(pivot: MIDDLE))    -> time =    322.449 ms
  QuicksortImproved(threshold: 64, partitioning: QuicksortVariant2(pivot: MEDIAN3))  -> time =    288.046 ms
  QuicksortImproved(threshold: 48, partitioning: QuicksortVariant2(pivot: MEDIAN3))  -> time =    292.224 ms
  QuicksortImproved(threshold: 4, partitioning: QuicksortVariant2(pivot: MEDIAN3))   -> time =    339.838 ms
  QuicksortImproved(threshold: 96, partitioning: QuicksortVariant3(pivot: MEDIAN3))  -> time =    282.901 ms
  QuicksortImproved(threshold: 24, partitioning: QuicksortVariant2(pivot: MEDIAN3))  -> time =    304.083 ms
  QuicksortImproved(threshold: 2, partitioning: QuicksortVariant1(pivot: MEDIAN3))   -> time =    349.181 ms
  QuicksortImproved(threshold: 4, partitioning: QuicksortVariant2(pivot: MIDDLE))    -> time =    337.510 ms
  QuicksortImproved(threshold: 16, partitioning: QuicksortVariant1(pivot: MEDIAN3))  -> time =    320.385 ms
  QuicksortImproved(threshold: 2, partitioning: QuicksortVariant3(pivot: MIDDLE))    -> time =    320.738 ms
  QuicksortImproved(threshold: 96, partitioning: QuicksortVariant3(pivot: MIDDLE))   -> time =    302.313 ms
  QuicksortImproved(threshold: 128, partitioning: QuicksortVariant2(pivot: MEDIAN3)) -> time =    290.435 ms
  QuicksortImproved(threshold: 32, partitioning: QuicksortVariant3(pivot: MIDDLE))   -> time =    286.673 ms
  QuicksortImproved(threshold: 2, partitioning: QuicksortVariant1(pivot: MIDDLE))    -> time =    308.830 ms
  QuicksortImproved(threshold: 64, partitioning: QuicksortVariant1(pivot: MIDDLE))   -> time =    265.617 ms
  QuicksortImproved(threshold: 64, partitioning: QuicksortVariant1(pivot: MEDIAN3))  -> time =    273.165 ms
  QuicksortImproved(threshold: 96, partitioning: QuicksortVariant2(pivot: MIDDLE))   -> time =    266.875 ms
  QuicksortImproved(threshold: 96, partitioning: QuicksortVariant1(pivot: MEDIAN3))  -> time =    268.490 ms
  QuicksortImproved(threshold: 8, partitioning: QuicksortVariant2(pivot: MIDDLE))    -> time =    297.597 ms
  QuicksortImproved(threshold: 64, partitioning: QuicksortVariant3(pivot: MIDDLE))   -> time =    262.037 ms
  QuicksortImproved(threshold: 2, partitioning: QuicksortVariant2(pivot: MEDIAN3))   -> time =    326.422 ms <<< NEW RECORD :-)
  QuicksortImproved(threshold: 48, partitioning: QuicksortVariant3(pivot: MIDDLE))   -> time =    262.796 ms <<< NEW RECORD :-)
  QuicksortImproved(threshold: 16, partitioning: QuicksortVariant3(pivot: MEDIAN3))  -> time =    291.459 ms <<< NEW RECORD :-)
  QuicksortImproved(threshold: 128, partitioning: QuicksortVariant3(pivot: MEDIAN3)) -> time =    265.622 ms <<< NEW RECORD :-)
  QuicksortImproved(threshold: 64, partitioning: QuicksortVariant2(pivot: MIDDLE))   -> time =    267.835 ms
  QuicksortImproved(threshold: 128, partitioning: QuicksortVariant2(pivot: MIDDLE))  -> time =    263.668 ms
  QuicksortImproved(threshold: 24, partitioning: QuicksortVariant3(pivot: MIDDLE))   -> time =    277.291 ms
  QuicksortImproved(threshold: 16, partitioning: QuicksortVariant2(pivot: MIDDLE))   -> time =    290.446 ms
  QuicksortImproved(threshold: 8, partitioning: QuicksortVariant3(pivot: MEDIAN3))   -> time =    305.906 ms
  QuicksortImproved(threshold: 32, partitioning: QuicksortVariant2(pivot: MIDDLE))   -> time =    286.952 ms
  QuicksortImproved(threshold: 2, partitioning: QuicksortVariant2(pivot: MIDDLE))    -> time =    313.938 ms
  QuicksortImproved(threshold: 2, partitioning: QuicksortVariant3(pivot: MEDIAN3))   -> time =    327.355 ms <<< NEW RECORD :-)
  QuicksortVariant1(pivot: MIDDLE)                                                   -> time =    304.327 ms
  QuicksortImproved(threshold: 8, partitioning: QuicksortVariant1(pivot: MIDDLE))    -> time =    296.202 ms
  QuicksortImproved(threshold: 64, partitioning: QuicksortVariant3(pivot: MEDIAN3))  -> time =    269.818 ms
  QuicksortImproved(threshold: 128, partitioning: QuicksortVariant1(pivot: MEDIAN3)) -> time =    264.264 ms
  QuicksortImproved(threshold: 128, partitioning: QuicksortVariant1(pivot: MIDDLE))  -> time =    263.386 ms
  QuicksortImproved(threshold: 16, partitioning: QuicksortVariant1(pivot: MIDDLE))   -> time =    283.634 ms
  QuicksortVariant2(pivot: MEDIAN3)                                                  -> time =    337.845 ms
  QuicksortImproved(threshold: 8, partitioning: QuicksortVariant1(pivot: MEDIAN3))   -> time =    334.025 ms
  QuicksortImproved(threshold: 192, partitioning: QuicksortVariant1(pivot: MIDDLE))  -> time =    276.279 ms
  QuicksortImproved(threshold: 192, partitioning: QuicksortVariant2(pivot: MEDIAN3)) -> time =    271.405 ms
  QuicksortImproved(threshold: 24, partitioning: QuicksortVariant1(pivot: MEDIAN3))  -> time =    283.343 ms
  QuicksortImproved(threshold: 32, partitioning: QuicksortVariant1(pivot: MEDIAN3))  -> time =    284.619 ms
  QuicksortImproved(threshold: 4, partitioning: QuicksortVariant1(pivot: MIDDLE))    -> time =    308.193 ms
  QuicksortImproved(threshold: 48, partitioning: QuicksortVariant1(pivot: MIDDLE))   -> time =    268.139 ms
  QuicksortImproved(threshold: 192, partitioning: QuicksortVariant2(pivot: MIDDLE))  -> time =    265.193 ms
  QuicksortImproved(threshold: 32, partitioning: QuicksortVariant3(pivot: MEDIAN3))  -> time =    280.080 ms
  QuicksortImproved(threshold: 96, partitioning: QuicksortVariant2(pivot: MEDIAN3))  -> time =    277.197 ms
  QuicksortImproved(threshold: 24, partitioning: QuicksortVariant2(pivot: MIDDLE))   -> time =    288.020 ms
  QuicksortImproved(threshold: 192, partitioning: QuicksortVariant1(pivot: MEDIAN3)) -> time =    265.699 ms
  QuicksortVariant3(pivot: MIDDLE)                                                   -> time =    301.324 ms <<< NEW RECORD :-)
  QuicksortImproved(threshold: 48, partitioning: QuicksortVariant1(pivot: MEDIAN3))  -> time =    277.111 ms
  QuicksortImproved(threshold: 48, partitioning: QuicksortVariant3(pivot: MEDIAN3))  -> time =    282.740 ms
  QuicksortVariant3(pivot: MEDIAN3)                                                  -> time =    329.494 ms <<< NEW RECORD :-)
Iteration 6
  QuicksortImproved(threshold: 64, partitioning: QuicksortVariant1(pivot: MEDIAN3))  -> time =    272.581 ms
  QuicksortImproved(threshold: 8, partitioning: QuicksortVariant3(pivot: MEDIAN3))   -> time =    318.288 ms
  QuicksortVariant2(pivot: MEDIAN3)                                                  -> time =    331.014 ms
  QuicksortVariant1(pivot: MEDIAN3)                                                  -> time =    321.140 ms
  QuicksortImproved(threshold: 4, partitioning: QuicksortVariant1(pivot: MIDDLE))    -> time =    294.641 ms <<< NEW RECORD :-)
  QuicksortImproved(threshold: 32, partitioning: QuicksortVariant1(pivot: MEDIAN3))  -> time =    287.021 ms
  QuicksortImproved(threshold: 4, partitioning: QuicksortVariant3(pivot: MIDDLE))    -> time =    295.314 ms <<< NEW RECORD :-)
  QuicksortImproved(threshold: 2, partitioning: QuicksortVariant1(pivot: MIDDLE))    -> time =    302.431 ms
  QuicksortImproved(threshold: 96, partitioning: QuicksortVariant1(pivot: MIDDLE))   -> time =    257.626 ms
  QuicksortImproved(threshold: 48, partitioning: QuicksortVariant1(pivot: MEDIAN3))  -> time =    276.355 ms
  QuicksortImproved(threshold: 2, partitioning: QuicksortVariant3(pivot: MEDIAN3))   -> time =    332.822 ms
  QuicksortImproved(threshold: 64, partitioning: QuicksortVariant2(pivot: MIDDLE))   -> time =    272.373 ms
  QuicksortImproved(threshold: 24, partitioning: QuicksortVariant2(pivot: MEDIAN3))  -> time =    288.403 ms
  QuicksortImproved(threshold: 16, partitioning: QuicksortVariant1(pivot: MEDIAN3))  -> time =    292.318 ms
  QuicksortImproved(threshold: 64, partitioning: QuicksortVariant3(pivot: MEDIAN3))  -> time =    270.771 ms
  QuicksortImproved(threshold: 24, partitioning: QuicksortVariant3(pivot: MEDIAN3))  -> time =    287.541 ms
  QuicksortImproved(threshold: 16, partitioning: QuicksortVariant2(pivot: MEDIAN3))  -> time =    295.985 ms
  QuicksortImproved(threshold: 128, partitioning: QuicksortVariant2(pivot: MIDDLE))  -> time =    259.461 ms
  QuicksortImproved(threshold: 48, partitioning: QuicksortVariant1(pivot: MIDDLE))   -> time =    260.967 ms <<< NEW RECORD :-)
  QuicksortImproved(threshold: 16, partitioning: QuicksortVariant3(pivot: MEDIAN3))  -> time =    296.810 ms
  QuicksortImproved(threshold: 2, partitioning: QuicksortVariant2(pivot: MEDIAN3))   -> time =    329.250 ms
  QuicksortImproved(threshold: 8, partitioning: QuicksortVariant3(pivot: MIDDLE))    -> time =    286.266 ms <<< NEW RECORD :-)
  QuicksortImproved(threshold: 128, partitioning: QuicksortVariant1(pivot: MIDDLE))  -> time =    257.048 ms <<< NEW RECORD :-)
  QuicksortImproved(threshold: 8, partitioning: QuicksortVariant2(pivot: MEDIAN3))   -> time =    309.892 ms
  QuicksortImproved(threshold: 64, partitioning: QuicksortVariant1(pivot: MIDDLE))   -> time =    256.761 ms <<< NEW RECORD :-)
  QuicksortImproved(threshold: 2, partitioning: QuicksortVariant1(pivot: MEDIAN3))   -> time =    324.928 ms
  QuicksortVariant3(pivot: MIDDLE)                                                   -> time =    299.226 ms <<< NEW RECORD :-)
  QuicksortImproved(threshold: 48, partitioning: QuicksortVariant2(pivot: MEDIAN3))  -> time =    275.607 ms <<< NEW RECORD :-)
  QuicksortImproved(threshold: 48, partitioning: QuicksortVariant3(pivot: MEDIAN3))  -> time =    275.312 ms
  QuicksortImproved(threshold: 24, partitioning: QuicksortVariant2(pivot: MIDDLE))   -> time =    278.100 ms
  QuicksortVariant1(pivot: MIDDLE)                                                   -> time =    304.940 ms
  QuicksortImproved(threshold: 64, partitioning: QuicksortVariant3(pivot: MIDDLE))   -> time =    267.096 ms
  QuicksortVariant2(pivot: MIDDLE)                                                   -> time =    321.692 ms
  QuicksortImproved(threshold: 4, partitioning: QuicksortVariant1(pivot: MEDIAN3))   -> time =    317.853 ms
  QuicksortImproved(threshold: 4, partitioning: QuicksortVariant3(pivot: MEDIAN3))   -> time =    322.104 ms <<< NEW RECORD :-)
  QuicksortImproved(threshold: 8, partitioning: QuicksortVariant1(pivot: MEDIAN3))   -> time =    306.314 ms
  QuicksortImproved(threshold: 48, partitioning: QuicksortVariant3(pivot: MIDDLE))   -> time =    261.312 ms <<< NEW RECORD :-)
  QuicksortImproved(threshold: 2, partitioning: QuicksortVariant2(pivot: MIDDLE))    -> time =    311.945 ms
  QuicksortImproved(threshold: 16, partitioning: QuicksortVariant3(pivot: MIDDLE))   -> time =    274.685 ms <<< NEW RECORD :-)
  QuicksortImproved(threshold: 32, partitioning: QuicksortVariant1(pivot: MIDDLE))   -> time =    267.200 ms
  QuicksortImproved(threshold: 48, partitioning: QuicksortVariant2(pivot: MIDDLE))   -> time =    266.190 ms <<< NEW RECORD :-)
  QuicksortImproved(threshold: 96, partitioning: QuicksortVariant3(pivot: MEDIAN3))  -> time =    268.687 ms
  QuicksortImproved(threshold: 192, partitioning: QuicksortVariant2(pivot: MIDDLE))  -> time =    260.883 ms <<< NEW RECORD :-)
  QuicksortImproved(threshold: 64, partitioning: QuicksortVariant2(pivot: MEDIAN3))  -> time =    273.145 ms
  QuicksortImproved(threshold: 192, partitioning: QuicksortVariant2(pivot: MEDIAN3)) -> time =    271.326 ms
  QuicksortImproved(threshold: 128, partitioning: QuicksortVariant1(pivot: MEDIAN3)) -> time =    266.040 ms
  QuicksortImproved(threshold: 192, partitioning: QuicksortVariant1(pivot: MIDDLE))  -> time =    258.912 ms
  QuicksortImproved(threshold: 16, partitioning: QuicksortVariant2(pivot: MIDDLE))   -> time =    282.628 ms
  QuicksortImproved(threshold: 96, partitioning: QuicksortVariant2(pivot: MEDIAN3))  -> time =    268.572 ms
  QuicksortImproved(threshold: 128, partitioning: QuicksortVariant3(pivot: MEDIAN3)) -> time =    267.642 ms
  QuicksortImproved(threshold: 96, partitioning: QuicksortVariant1(pivot: MEDIAN3))  -> time =    267.873 ms
  QuicksortImproved(threshold: 192, partitioning: QuicksortVariant1(pivot: MEDIAN3)) -> time =    270.548 ms
  QuicksortImproved(threshold: 24, partitioning: QuicksortVariant3(pivot: MIDDLE))   -> time =    271.872 ms <<< NEW RECORD :-)
  QuicksortImproved(threshold: 24, partitioning: QuicksortVariant1(pivot: MEDIAN3))  -> time =    288.001 ms
  QuicksortImproved(threshold: 192, partitioning: QuicksortVariant3(pivot: MEDIAN3)) -> time =    271.676 ms
  QuicksortImproved(threshold: 96, partitioning: QuicksortVariant3(pivot: MIDDLE))   -> time =    257.597 ms <<< NEW RECORD :-)
  QuicksortImproved(threshold: 4, partitioning: QuicksortVariant2(pivot: MIDDLE))    -> time =    306.542 ms
  QuicksortImproved(threshold: 192, partitioning: QuicksortVariant3(pivot: MIDDLE))  -> time =    258.684 ms <<< NEW RECORD :-)
  QuicksortImproved(threshold: 16, partitioning: QuicksortVariant1(pivot: MIDDLE))   -> time =    279.014 ms
  QuicksortImproved(threshold: 128, partitioning: QuicksortVariant3(pivot: MIDDLE))  -> time =    255.054 ms <<< NEW RECORD :-)
  QuicksortImproved(threshold: 24, partitioning: QuicksortVariant1(pivot: MIDDLE))   -> time =    269.765 ms <<< NEW RECORD :-)
  QuicksortImproved(threshold: 32, partitioning: QuicksortVariant2(pivot: MEDIAN3))  -> time =    296.727 ms
  QuicksortImproved(threshold: 32, partitioning: QuicksortVariant3(pivot: MEDIAN3))  -> time =    298.731 ms
  QuicksortImproved(threshold: 8, partitioning: QuicksortVariant2(pivot: MIDDLE))    -> time =    297.410 ms
  QuicksortImproved(threshold: 32, partitioning: QuicksortVariant3(pivot: MIDDLE))   -> time =    268.153 ms <<< NEW RECORD :-)
  QuicksortImproved(threshold: 2, partitioning: QuicksortVariant3(pivot: MIDDLE))    -> time =    303.009 ms <<< NEW RECORD :-)
  QuicksortVariant3(pivot: MEDIAN3)                                                  -> time =    342.936 ms
  QuicksortImproved(threshold: 4, partitioning: QuicksortVariant2(pivot: MEDIAN3))   -> time =    321.397 ms
  QuicksortImproved(threshold: 32, partitioning: QuicksortVariant2(pivot: MIDDLE))   -> time =    271.736 ms <<< NEW RECORD :-)
  QuicksortImproved(threshold: 96, partitioning: QuicksortVariant2(pivot: MIDDLE))   -> time =    259.874 ms
  QuicksortImproved(threshold: 8, partitioning: QuicksortVariant1(pivot: MIDDLE))    -> time =    285.936 ms <<< NEW RECORD :-)
  QuicksortImproved(threshold: 128, partitioning: QuicksortVariant2(pivot: MEDIAN3)) -> time =    267.503 ms
Iteration 7
  QuicksortVariant3(pivot: MIDDLE)                                                   -> time =    302.379 ms
  QuicksortImproved(threshold: 48, partitioning: QuicksortVariant2(pivot: MEDIAN3))  -> time =    279.591 ms
  QuicksortImproved(threshold: 4, partitioning: QuicksortVariant2(pivot: MIDDLE))    -> time =    303.353 ms
  QuicksortImproved(threshold: 32, partitioning: QuicksortVariant2(pivot: MIDDLE))   -> time =    272.617 ms
  QuicksortImproved(threshold: 96, partitioning: QuicksortVariant1(pivot: MIDDLE))   -> time =    256.784 ms
  QuicksortImproved(threshold: 64, partitioning: QuicksortVariant1(pivot: MIDDLE))   -> time =    259.776 ms
  QuicksortImproved(threshold: 2, partitioning: QuicksortVariant1(pivot: MIDDLE))    -> time =    304.389 ms
  QuicksortImproved(threshold: 8, partitioning: QuicksortVariant3(pivot: MIDDLE))    -> time =    289.057 ms
  QuicksortImproved(threshold: 4, partitioning: QuicksortVariant3(pivot: MIDDLE))    -> time =    298.248 ms
  QuicksortImproved(threshold: 48, partitioning: QuicksortVariant2(pivot: MIDDLE))   -> time =    264.648 ms <<< NEW RECORD :-)
  QuicksortImproved(threshold: 32, partitioning: QuicksortVariant1(pivot: MEDIAN3))  -> time =    281.904 ms
  QuicksortImproved(threshold: 8, partitioning: QuicksortVariant2(pivot: MIDDLE))    -> time =    293.398 ms <<< NEW RECORD :-)
  QuicksortImproved(threshold: 24, partitioning: QuicksortVariant2(pivot: MIDDLE))   -> time =    274.907 ms <<< NEW RECORD :-)
  QuicksortImproved(threshold: 32, partitioning: QuicksortVariant2(pivot: MEDIAN3))  -> time =    286.091 ms
  QuicksortImproved(threshold: 64, partitioning: QuicksortVariant2(pivot: MIDDLE))   -> time =    262.094 ms
  QuicksortImproved(threshold: 4, partitioning: QuicksortVariant3(pivot: MEDIAN3))   -> time =    323.207 ms
  QuicksortImproved(threshold: 32, partitioning: QuicksortVariant3(pivot: MIDDLE))   -> time =    274.849 ms
  QuicksortImproved(threshold: 96, partitioning: QuicksortVariant3(pivot: MIDDLE))   -> time =    263.912 ms
  QuicksortImproved(threshold: 16, partitioning: QuicksortVariant2(pivot: MIDDLE))   -> time =    290.677 ms
  QuicksortImproved(threshold: 2, partitioning: QuicksortVariant3(pivot: MEDIAN3))   -> time =    331.674 ms
  QuicksortImproved(threshold: 16, partitioning: QuicksortVariant1(pivot: MIDDLE))   -> time =    282.590 ms
  QuicksortImproved(threshold: 24, partitioning: QuicksortVariant1(pivot: MIDDLE))   -> time =    273.173 ms
  QuicksortImproved(threshold: 16, partitioning: QuicksortVariant2(pivot: MEDIAN3))  -> time =    297.948 ms
  QuicksortImproved(threshold: 192, partitioning: QuicksortVariant3(pivot: MEDIAN3)) -> time =    270.217 ms
  QuicksortImproved(threshold: 192, partitioning: QuicksortVariant1(pivot: MIDDLE))  -> time =    258.842 ms
  QuicksortImproved(threshold: 48, partitioning: QuicksortVariant1(pivot: MEDIAN3))  -> time =    275.613 ms
  QuicksortImproved(threshold: 16, partitioning: QuicksortVariant1(pivot: MEDIAN3))  -> time =    293.544 ms
  QuicksortVariant2(pivot: MIDDLE)                                                   -> time =    308.224 ms <<< NEW RECORD :-)
  QuicksortImproved(threshold: 8, partitioning: QuicksortVariant2(pivot: MEDIAN3))   -> time =    312.052 ms
  QuicksortImproved(threshold: 64, partitioning: QuicksortVariant1(pivot: MEDIAN3))  -> time =    272.317 ms
  QuicksortImproved(threshold: 2, partitioning: QuicksortVariant2(pivot: MEDIAN3))   -> time =    330.877 ms
  QuicksortImproved(threshold: 192, partitioning: QuicksortVariant1(pivot: MEDIAN3)) -> time =    269.757 ms
  QuicksortImproved(threshold: 48, partitioning: QuicksortVariant1(pivot: MIDDLE))   -> time =    263.030 ms
  QuicksortImproved(threshold: 64, partitioning: QuicksortVariant3(pivot: MIDDLE))   -> time =    267.208 ms
  QuicksortImproved(threshold: 32, partitioning: QuicksortVariant1(pivot: MIDDLE))   -> time =    268.770 ms
  QuicksortImproved(threshold: 8, partitioning: QuicksortVariant1(pivot: MEDIAN3))   -> time =    306.975 ms
  QuicksortImproved(threshold: 48, partitioning: QuicksortVariant3(pivot: MEDIAN3))  -> time =    276.158 ms
  QuicksortImproved(threshold: 8, partitioning: QuicksortVariant3(pivot: MEDIAN3))   -> time =    309.355 ms
  QuicksortImproved(threshold: 128, partitioning: QuicksortVariant3(pivot: MIDDLE))  -> time =    257.893 ms
  QuicksortImproved(threshold: 48, partitioning: QuicksortVariant3(pivot: MIDDLE))   -> time =    263.414 ms
  QuicksortImproved(threshold: 32, partitioning: QuicksortVariant3(pivot: MEDIAN3))  -> time =    282.076 ms
  QuicksortImproved(threshold: 192, partitioning: QuicksortVariant3(pivot: MIDDLE))  -> time =    261.280 ms
  QuicksortImproved(threshold: 24, partitioning: QuicksortVariant2(pivot: MEDIAN3))  -> time =    290.478 ms
  QuicksortImproved(threshold: 4, partitioning: QuicksortVariant1(pivot: MIDDLE))    -> time =    297.590 ms
  QuicksortVariant1(pivot: MIDDLE)                                                   -> time =    300.267 ms
  QuicksortImproved(threshold: 24, partitioning: QuicksortVariant3(pivot: MEDIAN3))  -> time =    288.129 ms
  QuicksortImproved(threshold: 24, partitioning: QuicksortVariant3(pivot: MIDDLE))   -> time =    273.644 ms
  QuicksortImproved(threshold: 96, partitioning: QuicksortVariant1(pivot: MEDIAN3))  -> time =    268.609 ms
  QuicksortImproved(threshold: 8, partitioning: QuicksortVariant1(pivot: MIDDLE))    -> time =    288.247 ms
  QuicksortImproved(threshold: 2, partitioning: QuicksortVariant3(pivot: MIDDLE))    -> time =    303.390 ms
  QuicksortImproved(threshold: 128, partitioning: QuicksortVariant1(pivot: MIDDLE))  -> time =    255.850 ms <<< NEW RECORD :-)
  QuicksortImproved(threshold: 16, partitioning: QuicksortVariant3(pivot: MEDIAN3))  -> time =    295.242 ms
  QuicksortImproved(threshold: 128, partitioning: QuicksortVariant2(pivot: MEDIAN3)) -> time =    271.230 ms
  QuicksortImproved(threshold: 128, partitioning: QuicksortVariant1(pivot: MEDIAN3)) -> time =    268.980 ms
  QuicksortImproved(threshold: 96, partitioning: QuicksortVariant3(pivot: MEDIAN3))  -> time =    273.713 ms
  QuicksortImproved(threshold: 128, partitioning: QuicksortVariant3(pivot: MEDIAN3)) -> time =    271.881 ms
  QuicksortImproved(threshold: 64, partitioning: QuicksortVariant3(pivot: MEDIAN3))  -> time =    276.917 ms
  QuicksortImproved(threshold: 96, partitioning: QuicksortVariant2(pivot: MEDIAN3))  -> time =    272.837 ms
  QuicksortVariant2(pivot: MEDIAN3)                                                  -> time =    332.949 ms
  QuicksortVariant1(pivot: MEDIAN3)                                                  -> time =    325.527 ms
  QuicksortImproved(threshold: 2, partitioning: QuicksortVariant1(pivot: MEDIAN3))   -> time =    327.128 ms
  QuicksortImproved(threshold: 96, partitioning: QuicksortVariant2(pivot: MIDDLE))   -> time =    259.679 ms
  QuicksortImproved(threshold: 24, partitioning: QuicksortVariant1(pivot: MEDIAN3))  -> time =    286.927 ms
  QuicksortVariant3(pivot: MEDIAN3)                                                  -> time =    346.179 ms
  QuicksortImproved(threshold: 4, partitioning: QuicksortVariant1(pivot: MEDIAN3))   -> time =    318.099 ms
  QuicksortImproved(threshold: 192, partitioning: QuicksortVariant2(pivot: MIDDLE))  -> time =    259.105 ms <<< NEW RECORD :-)
  QuicksortImproved(threshold: 128, partitioning: QuicksortVariant2(pivot: MIDDLE))  -> time =    256.926 ms <<< NEW RECORD :-)
  QuicksortImproved(threshold: 16, partitioning: QuicksortVariant3(pivot: MIDDLE))   -> time =    278.189 ms
  QuicksortImproved(threshold: 4, partitioning: QuicksortVariant2(pivot: MEDIAN3))   -> time =    322.545 ms
  QuicksortImproved(threshold: 2, partitioning: QuicksortVariant2(pivot: MIDDLE))    -> time =    307.019 ms <<< NEW RECORD :-)
  QuicksortImproved(threshold: 64, partitioning: QuicksortVariant2(pivot: MEDIAN3))  -> time =    274.090 ms
  QuicksortImproved(threshold: 192, partitioning: QuicksortVariant2(pivot: MEDIAN3)) -> time =    270.552 ms
Iteration 8
  QuicksortImproved(threshold: 192, partitioning: QuicksortVariant2(pivot: MIDDLE))  -> time =    263.157 ms
  QuicksortImproved(threshold: 32, partitioning: QuicksortVariant2(pivot: MIDDLE))   -> time =    279.328 ms
  QuicksortImproved(threshold: 16, partitioning: QuicksortVariant1(pivot: MEDIAN3))  -> time =    291.254 ms
  QuicksortImproved(threshold: 4, partitioning: QuicksortVariant2(pivot: MIDDLE))    -> time =    305.735 ms
  QuicksortImproved(threshold: 24, partitioning: QuicksortVariant2(pivot: MIDDLE))   -> time =    277.866 ms
  QuicksortImproved(threshold: 48, partitioning: QuicksortVariant1(pivot: MEDIAN3))  -> time =    272.927 ms
  QuicksortImproved(threshold: 8, partitioning: QuicksortVariant3(pivot: MEDIAN3))   -> time =    317.840 ms
  QuicksortImproved(threshold: 48, partitioning: QuicksortVariant1(pivot: MIDDLE))   -> time =    265.083 ms
  QuicksortImproved(threshold: 2, partitioning: QuicksortVariant1(pivot: MEDIAN3))   -> time =    324.237 ms
  QuicksortImproved(threshold: 4, partitioning: QuicksortVariant2(pivot: MEDIAN3))   -> time =    320.982 ms
  QuicksortVariant1(pivot: MEDIAN3)                                                  -> time =    320.571 ms
  QuicksortVariant3(pivot: MEDIAN3)                                                  -> time =    330.008 ms
  QuicksortImproved(threshold: 192, partitioning: QuicksortVariant1(pivot: MEDIAN3)) -> time =    267.198 ms
  QuicksortImproved(threshold: 128, partitioning: QuicksortVariant2(pivot: MIDDLE))  -> time =    261.737 ms
  QuicksortImproved(threshold: 24, partitioning: QuicksortVariant3(pivot: MEDIAN3))  -> time =    286.063 ms
  QuicksortImproved(threshold: 4, partitioning: QuicksortVariant3(pivot: MIDDLE))    -> time =    301.998 ms
  QuicksortImproved(threshold: 4, partitioning: QuicksortVariant1(pivot: MIDDLE))    -> time =    298.370 ms
  QuicksortImproved(threshold: 2, partitioning: QuicksortVariant2(pivot: MIDDLE))    -> time =    311.028 ms
  QuicksortImproved(threshold: 16, partitioning: QuicksortVariant2(pivot: MEDIAN3))  -> time =    296.999 ms
  QuicksortImproved(threshold: 128, partitioning: QuicksortVariant3(pivot: MIDDLE))  -> time =    259.296 ms
  QuicksortImproved(threshold: 128, partitioning: QuicksortVariant3(pivot: MEDIAN3)) -> time =    266.639 ms
  QuicksortImproved(threshold: 16, partitioning: QuicksortVariant2(pivot: MIDDLE))   -> time =    284.714 ms
  QuicksortImproved(threshold: 64, partitioning: QuicksortVariant2(pivot: MIDDLE))   -> time =    265.088 ms
  QuicksortImproved(threshold: 64, partitioning: QuicksortVariant2(pivot: MEDIAN3))  -> time =    271.321 ms <<< NEW RECORD :-)
  QuicksortImproved(threshold: 64, partitioning: QuicksortVariant1(pivot: MIDDLE))   -> time =    263.879 ms
  QuicksortImproved(threshold: 2, partitioning: QuicksortVariant2(pivot: MEDIAN3))   -> time =    327.658 ms
  QuicksortImproved(threshold: 192, partitioning: QuicksortVariant1(pivot: MIDDLE))  -> time =    259.704 ms
  QuicksortImproved(threshold: 64, partitioning: QuicksortVariant3(pivot: MEDIAN3))  -> time =    271.093 ms
  QuicksortImproved(threshold: 4, partitioning: QuicksortVariant1(pivot: MEDIAN3))   -> time =    316.869 ms
  QuicksortImproved(threshold: 24, partitioning: QuicksortVariant3(pivot: MIDDLE))   -> time =    276.201 ms
  QuicksortImproved(threshold: 192, partitioning: QuicksortVariant3(pivot: MEDIAN3)) -> time =    268.120 ms
  QuicksortImproved(threshold: 96, partitioning: QuicksortVariant1(pivot: MIDDLE))   -> time =    258.729 ms
  QuicksortVariant1(pivot: MIDDLE)                                                   -> time =    301.603 ms
  QuicksortImproved(threshold: 96, partitioning: QuicksortVariant3(pivot: MIDDLE))   -> time =    260.409 ms
  QuicksortImproved(threshold: 64, partitioning: QuicksortVariant1(pivot: MEDIAN3))  -> time =    269.996 ms
  QuicksortImproved(threshold: 2, partitioning: QuicksortVariant3(pivot: MEDIAN3))   -> time =    334.725 ms
  QuicksortImproved(threshold: 96, partitioning: QuicksortVariant1(pivot: MEDIAN3))  -> time =    268.872 ms
  QuicksortImproved(threshold: 4, partitioning: QuicksortVariant3(pivot: MEDIAN3))   -> time =    320.941 ms <<< NEW RECORD :-)
  QuicksortImproved(threshold: 16, partitioning: QuicksortVariant3(pivot: MIDDLE))   -> time =    283.706 ms
  QuicksortImproved(threshold: 16, partitioning: QuicksortVariant1(pivot: MIDDLE))   -> time =    282.574 ms
  QuicksortImproved(threshold: 192, partitioning: QuicksortVariant2(pivot: MEDIAN3)) -> time =    267.194 ms <<< NEW RECORD :-)
  QuicksortImproved(threshold: 32, partitioning: QuicksortVariant2(pivot: MEDIAN3))  -> time =    281.843 ms <<< NEW RECORD :-)
  QuicksortVariant2(pivot: MEDIAN3)                                                  -> time =    328.066 ms <<< NEW RECORD :-)
  QuicksortImproved(threshold: 48, partitioning: QuicksortVariant3(pivot: MEDIAN3))  -> time =    274.300 ms
  QuicksortImproved(threshold: 16, partitioning: QuicksortVariant3(pivot: MEDIAN3))  -> time =    293.366 ms
  QuicksortImproved(threshold: 24, partitioning: QuicksortVariant1(pivot: MEDIAN3))  -> time =    285.704 ms
  QuicksortImproved(threshold: 8, partitioning: QuicksortVariant2(pivot: MIDDLE))    -> time =    296.076 ms
  QuicksortImproved(threshold: 8, partitioning: QuicksortVariant3(pivot: MIDDLE))    -> time =    292.832 ms
  QuicksortImproved(threshold: 192, partitioning: QuicksortVariant3(pivot: MIDDLE))  -> time =    262.443 ms
  QuicksortImproved(threshold: 2, partitioning: QuicksortVariant1(pivot: MIDDLE))    -> time =    307.016 ms
  QuicksortImproved(threshold: 8, partitioning: QuicksortVariant1(pivot: MIDDLE))    -> time =    305.665 ms
  QuicksortImproved(threshold: 128, partitioning: QuicksortVariant1(pivot: MEDIAN3)) -> time =    268.738 ms
  QuicksortImproved(threshold: 32, partitioning: QuicksortVariant1(pivot: MIDDLE))   -> time =    270.435 ms
  QuicksortImproved(threshold: 96, partitioning: QuicksortVariant2(pivot: MEDIAN3))  -> time =    269.647 ms
  QuicksortImproved(threshold: 96, partitioning: QuicksortVariant2(pivot: MIDDLE))   -> time =    263.923 ms
  QuicksortImproved(threshold: 128, partitioning: QuicksortVariant2(pivot: MEDIAN3)) -> time =    267.291 ms
  QuicksortImproved(threshold: 64, partitioning: QuicksortVariant3(pivot: MIDDLE))   -> time =    262.970 ms
  QuicksortImproved(threshold: 2, partitioning: QuicksortVariant3(pivot: MIDDLE))    -> time =    305.695 ms
  QuicksortImproved(threshold: 8, partitioning: QuicksortVariant2(pivot: MEDIAN3))   -> time =    308.483 ms
  QuicksortVariant3(pivot: MIDDLE)                                                   -> time =    304.365 ms
  QuicksortVariant2(pivot: MIDDLE)                                                   -> time =    310.541 ms
  QuicksortImproved(threshold: 48, partitioning: QuicksortVariant2(pivot: MEDIAN3))  -> time =    275.024 ms <<< NEW RECORD :-)
  QuicksortImproved(threshold: 48, partitioning: QuicksortVariant3(pivot: MIDDLE))   -> time =    267.076 ms
  QuicksortImproved(threshold: 128, partitioning: QuicksortVariant1(pivot: MIDDLE))  -> time =    257.589 ms
  QuicksortImproved(threshold: 48, partitioning: QuicksortVariant2(pivot: MIDDLE))   -> time =    268.116 ms
  QuicksortImproved(threshold: 24, partitioning: QuicksortVariant2(pivot: MEDIAN3))  -> time =    286.843 ms
  QuicksortImproved(threshold: 32, partitioning: QuicksortVariant3(pivot: MEDIAN3))  -> time =    280.618 ms
  QuicksortImproved(threshold: 24, partitioning: QuicksortVariant1(pivot: MIDDLE))   -> time =    273.713 ms
  QuicksortImproved(threshold: 32, partitioning: QuicksortVariant3(pivot: MIDDLE))   -> time =    271.781 ms
  QuicksortImproved(threshold: 96, partitioning: QuicksortVariant3(pivot: MEDIAN3))  -> time =    266.950 ms
  QuicksortImproved(threshold: 8, partitioning: QuicksortVariant1(pivot: MEDIAN3))   -> time =    304.652 ms
  QuicksortImproved(threshold: 32, partitioning: QuicksortVariant1(pivot: MEDIAN3))  -> time =    280.646 ms
Iteration 9
  QuicksortImproved(threshold: 2, partitioning: QuicksortVariant1(pivot: MIDDLE))    -> time =    305.752 ms
  QuicksortImproved(threshold: 128, partitioning: QuicksortVariant3(pivot: MIDDLE))  -> time =    263.721 ms
  QuicksortImproved(threshold: 32, partitioning: QuicksortVariant3(pivot: MEDIAN3))  -> time =    284.038 ms
  QuicksortImproved(threshold: 64, partitioning: QuicksortVariant3(pivot: MIDDLE))   -> time =    264.167 ms
  QuicksortImproved(threshold: 24, partitioning: QuicksortVariant2(pivot: MEDIAN3))  -> time =    288.473 ms
  QuicksortImproved(threshold: 8, partitioning: QuicksortVariant2(pivot: MIDDLE))    -> time =    299.147 ms
  QuicksortImproved(threshold: 48, partitioning: QuicksortVariant2(pivot: MIDDLE))   -> time =    270.979 ms
  QuicksortImproved(threshold: 48, partitioning: QuicksortVariant3(pivot: MIDDLE))   -> time =    267.170 ms
  QuicksortImproved(threshold: 2, partitioning: QuicksortVariant3(pivot: MIDDLE))    -> time =    305.911 ms
  QuicksortImproved(threshold: 192, partitioning: QuicksortVariant2(pivot: MEDIAN3)) -> time =    270.009 ms
  QuicksortImproved(threshold: 4, partitioning: QuicksortVariant1(pivot: MIDDLE))    -> time =    299.888 ms
  QuicksortImproved(threshold: 32, partitioning: QuicksortVariant1(pivot: MIDDLE))   -> time =    270.439 ms
  QuicksortImproved(threshold: 192, partitioning: QuicksortVariant3(pivot: MIDDLE))  -> time =    264.486 ms
  QuicksortImproved(threshold: 128, partitioning: QuicksortVariant1(pivot: MIDDLE))  -> time =    257.818 ms
  QuicksortImproved(threshold: 16, partitioning: QuicksortVariant2(pivot: MEDIAN3))  -> time =    296.364 ms
  QuicksortImproved(threshold: 16, partitioning: QuicksortVariant1(pivot: MIDDLE))   -> time =    280.845 ms
  QuicksortImproved(threshold: 96, partitioning: QuicksortVariant3(pivot: MEDIAN3))  -> time =    268.572 ms
  QuicksortImproved(threshold: 32, partitioning: QuicksortVariant2(pivot: MIDDLE))   -> time =    277.558 ms
  QuicksortImproved(threshold: 128, partitioning: QuicksortVariant1(pivot: MEDIAN3)) -> time =    263.686 ms
  QuicksortImproved(threshold: 4, partitioning: QuicksortVariant2(pivot: MIDDLE))    -> time =    310.536 ms
  QuicksortImproved(threshold: 16, partitioning: QuicksortVariant1(pivot: MEDIAN3))  -> time =    290.035 ms <<< NEW RECORD :-)
  QuicksortImproved(threshold: 96, partitioning: QuicksortVariant1(pivot: MEDIAN3))  -> time =    265.024 ms
  QuicksortImproved(threshold: 48, partitioning: QuicksortVariant3(pivot: MEDIAN3))  -> time =    290.274 ms
  QuicksortImproved(threshold: 64, partitioning: QuicksortVariant1(pivot: MEDIAN3))  -> time =    280.531 ms
  QuicksortVariant1(pivot: MIDDLE)                                                   -> time =    304.961 ms
  QuicksortImproved(threshold: 2, partitioning: QuicksortVariant2(pivot: MIDDLE))    -> time =    314.820 ms
  QuicksortVariant3(pivot: MEDIAN3)                                                  -> time =    331.174 ms
  QuicksortImproved(threshold: 128, partitioning: QuicksortVariant3(pivot: MEDIAN3)) -> time =    281.427 ms
  QuicksortImproved(threshold: 32, partitioning: QuicksortVariant2(pivot: MEDIAN3))  -> time =    286.063 ms
  QuicksortImproved(threshold: 96, partitioning: QuicksortVariant3(pivot: MIDDLE))   -> time =    260.629 ms
  QuicksortImproved(threshold: 16, partitioning: QuicksortVariant3(pivot: MIDDLE))   -> time =    282.945 ms
  QuicksortVariant2(pivot: MEDIAN3)                                                  -> time =    328.814 ms
  QuicksortImproved(threshold: 192, partitioning: QuicksortVariant1(pivot: MIDDLE))  -> time =    264.180 ms
  QuicksortImproved(threshold: 24, partitioning: QuicksortVariant1(pivot: MEDIAN3))  -> time =    285.612 ms
  QuicksortImproved(threshold: 24, partitioning: QuicksortVariant1(pivot: MIDDLE))   -> time =    276.851 ms
  QuicksortImproved(threshold: 24, partitioning: QuicksortVariant3(pivot: MEDIAN3))  -> time =    287.053 ms
  QuicksortVariant1(pivot: MEDIAN3)                                                  -> time =    321.280 ms
  QuicksortImproved(threshold: 8, partitioning: QuicksortVariant2(pivot: MEDIAN3))   -> time =    311.257 ms
  QuicksortImproved(threshold: 4, partitioning: QuicksortVariant3(pivot: MEDIAN3))   -> time =    321.310 ms
  QuicksortImproved(threshold: 96, partitioning: QuicksortVariant2(pivot: MEDIAN3))  -> time =    274.533 ms
  QuicksortImproved(threshold: 32, partitioning: QuicksortVariant3(pivot: MIDDLE))   -> time =    273.790 ms
  QuicksortImproved(threshold: 32, partitioning: QuicksortVariant1(pivot: MEDIAN3))  -> time =    277.727 ms
  QuicksortImproved(threshold: 128, partitioning: QuicksortVariant2(pivot: MEDIAN3)) -> time =    268.128 ms
  QuicksortImproved(threshold: 2, partitioning: QuicksortVariant1(pivot: MEDIAN3))   -> time =    322.290 ms
  QuicksortImproved(threshold: 4, partitioning: QuicksortVariant2(pivot: MEDIAN3))   -> time =    321.407 ms
  QuicksortImproved(threshold: 96, partitioning: QuicksortVariant2(pivot: MIDDLE))   -> time =    265.494 ms
  QuicksortImproved(threshold: 64, partitioning: QuicksortVariant2(pivot: MIDDLE))   -> time =    268.159 ms
  QuicksortImproved(threshold: 192, partitioning: QuicksortVariant2(pivot: MIDDLE))  -> time =    267.031 ms
  QuicksortImproved(threshold: 192, partitioning: QuicksortVariant1(pivot: MEDIAN3)) -> time =    265.828 ms
  QuicksortImproved(threshold: 8, partitioning: QuicksortVariant1(pivot: MEDIAN3))   -> time =    308.469 ms
  QuicksortImproved(threshold: 48, partitioning: QuicksortVariant1(pivot: MIDDLE))   -> time =    264.538 ms
  QuicksortImproved(threshold: 96, partitioning: QuicksortVariant1(pivot: MIDDLE))   -> time =    260.607 ms
  QuicksortImproved(threshold: 4, partitioning: QuicksortVariant3(pivot: MIDDLE))    -> time =    303.308 ms
  QuicksortImproved(threshold: 192, partitioning: QuicksortVariant3(pivot: MEDIAN3)) -> time =    268.623 ms
  QuicksortImproved(threshold: 48, partitioning: QuicksortVariant1(pivot: MEDIAN3))  -> time =    272.758 ms
  QuicksortVariant3(pivot: MIDDLE)                                                   -> time =    304.572 ms
  QuicksortImproved(threshold: 16, partitioning: QuicksortVariant2(pivot: MIDDLE))   -> time =    287.784 ms
  QuicksortImproved(threshold: 8, partitioning: QuicksortVariant1(pivot: MIDDLE))    -> time =    291.370 ms
  QuicksortImproved(threshold: 24, partitioning: QuicksortVariant3(pivot: MIDDLE))   -> time =    276.168 ms
  QuicksortImproved(threshold: 64, partitioning: QuicksortVariant3(pivot: MEDIAN3))  -> time =    272.130 ms
  QuicksortImproved(threshold: 4, partitioning: QuicksortVariant1(pivot: MEDIAN3))   -> time =    316.022 ms
  QuicksortImproved(threshold: 48, partitioning: QuicksortVariant2(pivot: MEDIAN3))  -> time =    278.137 ms
  QuicksortImproved(threshold: 2, partitioning: QuicksortVariant3(pivot: MEDIAN3))   -> time =    331.226 ms
  QuicksortImproved(threshold: 64, partitioning: QuicksortVariant2(pivot: MEDIAN3))  -> time =    272.520 ms
  QuicksortImproved(threshold: 8, partitioning: QuicksortVariant3(pivot: MEDIAN3))   -> time =    307.286 ms
  QuicksortImproved(threshold: 8, partitioning: QuicksortVariant3(pivot: MIDDLE))    -> time =    291.591 ms
  QuicksortImproved(threshold: 24, partitioning: QuicksortVariant2(pivot: MIDDLE))   -> time =    281.631 ms
  QuicksortImproved(threshold: 64, partitioning: QuicksortVariant1(pivot: MIDDLE))   -> time =    263.555 ms
  QuicksortImproved(threshold: 128, partitioning: QuicksortVariant2(pivot: MIDDLE))  -> time =    264.188 ms
  QuicksortImproved(threshold: 2, partitioning: QuicksortVariant2(pivot: MEDIAN3))   -> time =    329.264 ms
  QuicksortImproved(threshold: 16, partitioning: QuicksortVariant3(pivot: MEDIAN3))  -> time =    294.569 ms
  QuicksortVariant2(pivot: MIDDLE)                                                   -> time =    313.926 ms
Iteration 10
  QuicksortImproved(threshold: 128, partitioning: QuicksortVariant3(pivot: MEDIAN3)) -> time =    269.400 ms
  QuicksortImproved(threshold: 8, partitioning: QuicksortVariant2(pivot: MIDDLE))    -> time =    301.630 ms
  QuicksortImproved(threshold: 96, partitioning: QuicksortVariant3(pivot: MEDIAN3))  -> time =    271.182 ms
  QuicksortImproved(threshold: 24, partitioning: QuicksortVariant3(pivot: MEDIAN3))  -> time =    288.762 ms
  QuicksortImproved(threshold: 16, partitioning: QuicksortVariant3(pivot: MIDDLE))   -> time =    277.653 ms
  QuicksortImproved(threshold: 192, partitioning: QuicksortVariant2(pivot: MEDIAN3)) -> time =    274.269 ms
  QuicksortImproved(threshold: 4, partitioning: QuicksortVariant1(pivot: MEDIAN3))   -> time =    315.815 ms
  QuicksortImproved(threshold: 8, partitioning: QuicksortVariant1(pivot: MEDIAN3))   -> time =    303.156 ms
  QuicksortImproved(threshold: 2, partitioning: QuicksortVariant3(pivot: MIDDLE))    -> time =    302.283 ms <<< NEW RECORD :-)
  QuicksortImproved(threshold: 192, partitioning: QuicksortVariant3(pivot: MEDIAN3)) -> time =    272.291 ms
  QuicksortImproved(threshold: 16, partitioning: QuicksortVariant2(pivot: MEDIAN3))  -> time =    301.429 ms
  QuicksortVariant2(pivot: MEDIAN3)                                                  -> time =    332.699 ms
  QuicksortImproved(threshold: 4, partitioning: QuicksortVariant2(pivot: MIDDLE))    -> time =    303.598 ms
  QuicksortImproved(threshold: 96, partitioning: QuicksortVariant2(pivot: MIDDLE))   -> time =    259.872 ms
  QuicksortImproved(threshold: 48, partitioning: QuicksortVariant3(pivot: MEDIAN3))  -> time =    279.440 ms
  QuicksortImproved(threshold: 4, partitioning: QuicksortVariant1(pivot: MIDDLE))    -> time =    299.735 ms
  QuicksortImproved(threshold: 8, partitioning: QuicksortVariant1(pivot: MIDDLE))    -> time =    289.974 ms
  QuicksortImproved(threshold: 48, partitioning: QuicksortVariant3(pivot: MIDDLE))   -> time =    262.768 ms
  QuicksortImproved(threshold: 24, partitioning: QuicksortVariant1(pivot: MEDIAN3))  -> time =    283.895 ms
  QuicksortImproved(threshold: 2, partitioning: QuicksortVariant3(pivot: MEDIAN3))   -> time =    335.859 ms
  QuicksortImproved(threshold: 128, partitioning: QuicksortVariant3(pivot: MIDDLE))  -> time =    257.989 ms
  QuicksortImproved(threshold: 8, partitioning: QuicksortVariant3(pivot: MEDIAN3))   -> time =    309.796 ms
  QuicksortImproved(threshold: 24, partitioning: QuicksortVariant1(pivot: MIDDLE))   -> time =    274.498 ms
  QuicksortImproved(threshold: 128, partitioning: QuicksortVariant1(pivot: MEDIAN3)) -> time =    269.443 ms
  QuicksortVariant3(pivot: MIDDLE)                                                   -> time =    300.880 ms
  QuicksortImproved(threshold: 48, partitioning: QuicksortVariant1(pivot: MEDIAN3))  -> time =    273.409 ms
  QuicksortImproved(threshold: 32, partitioning: QuicksortVariant3(pivot: MIDDLE))   -> time =    269.408 ms
  QuicksortImproved(threshold: 16, partitioning: QuicksortVariant1(pivot: MEDIAN3))  -> time =    295.054 ms
  QuicksortImproved(threshold: 32, partitioning: QuicksortVariant2(pivot: MEDIAN3))  -> time =    287.042 ms
  QuicksortImproved(threshold: 64, partitioning: QuicksortVariant1(pivot: MEDIAN3))  -> time =    268.817 ms
  QuicksortImproved(threshold: 96, partitioning: QuicksortVariant2(pivot: MEDIAN3))  -> time =    273.857 ms
  QuicksortImproved(threshold: 64, partitioning: QuicksortVariant3(pivot: MEDIAN3))  -> time =    275.243 ms
  QuicksortImproved(threshold: 32, partitioning: QuicksortVariant3(pivot: MEDIAN3))  -> time =    285.013 ms
  QuicksortImproved(threshold: 2, partitioning: QuicksortVariant1(pivot: MEDIAN3))   -> time =    323.502 ms
  QuicksortImproved(threshold: 24, partitioning: QuicksortVariant2(pivot: MEDIAN3))  -> time =    293.063 ms
  QuicksortImproved(threshold: 8, partitioning: QuicksortVariant3(pivot: MIDDLE))    -> time =    288.380 ms
  QuicksortImproved(threshold: 4, partitioning: QuicksortVariant3(pivot: MEDIAN3))   -> time =    324.484 ms
  QuicksortVariant3(pivot: MEDIAN3)                                                  -> time =    334.299 ms
  QuicksortVariant1(pivot: MEDIAN3)                                                  -> time =    318.447 ms
  QuicksortImproved(threshold: 2, partitioning: QuicksortVariant2(pivot: MIDDLE))    -> time =    307.903 ms
  QuicksortImproved(threshold: 96, partitioning: QuicksortVariant1(pivot: MIDDLE))   -> time =    257.010 ms
  QuicksortImproved(threshold: 64, partitioning: QuicksortVariant2(pivot: MIDDLE))   -> time =    261.317 ms
  QuicksortImproved(threshold: 32, partitioning: QuicksortVariant1(pivot: MIDDLE))   -> time =    268.387 ms
  QuicksortImproved(threshold: 16, partitioning: QuicksortVariant3(pivot: MEDIAN3))  -> time =    295.971 ms
  QuicksortImproved(threshold: 64, partitioning: QuicksortVariant3(pivot: MIDDLE))   -> time =    258.931 ms <<< NEW RECORD :-)
  QuicksortImproved(threshold: 48, partitioning: QuicksortVariant1(pivot: MIDDLE))   -> time =    262.506 ms
  QuicksortImproved(threshold: 48, partitioning: QuicksortVariant2(pivot: MEDIAN3))  -> time =    281.315 ms
  QuicksortImproved(threshold: 96, partitioning: QuicksortVariant1(pivot: MEDIAN3))  -> time =    264.536 ms
  QuicksortImproved(threshold: 192, partitioning: QuicksortVariant1(pivot: MIDDLE))  -> time =    257.945 ms
  QuicksortImproved(threshold: 96, partitioning: QuicksortVariant3(pivot: MIDDLE))   -> time =    257.650 ms
  QuicksortVariant1(pivot: MIDDLE)                                                   -> time =    299.906 ms
  QuicksortImproved(threshold: 128, partitioning: QuicksortVariant2(pivot: MIDDLE))  -> time =    258.518 ms
  QuicksortImproved(threshold: 8, partitioning: QuicksortVariant2(pivot: MEDIAN3))   -> time =    312.963 ms
  QuicksortImproved(threshold: 128, partitioning: QuicksortVariant2(pivot: MEDIAN3)) -> time =    272.034 ms
  QuicksortImproved(threshold: 64, partitioning: QuicksortVariant1(pivot: MIDDLE))   -> time =    259.845 ms
  QuicksortImproved(threshold: 32, partitioning: QuicksortVariant1(pivot: MEDIAN3))  -> time =    278.257 ms
  QuicksortImproved(threshold: 4, partitioning: QuicksortVariant2(pivot: MEDIAN3))   -> time =    326.176 ms
  QuicksortImproved(threshold: 2, partitioning: QuicksortVariant2(pivot: MEDIAN3))   -> time =    331.864 ms
  QuicksortImproved(threshold: 64, partitioning: QuicksortVariant2(pivot: MEDIAN3))  -> time =    276.582 ms
  QuicksortImproved(threshold: 16, partitioning: QuicksortVariant2(pivot: MIDDLE))   -> time =    281.292 ms
  QuicksortImproved(threshold: 192, partitioning: QuicksortVariant1(pivot: MEDIAN3)) -> time =    266.600 ms
  QuicksortImproved(threshold: 48, partitioning: QuicksortVariant2(pivot: MIDDLE))   -> time =    265.786 ms
  QuicksortImproved(threshold: 4, partitioning: QuicksortVariant3(pivot: MIDDLE))    -> time =    296.761 ms
  QuicksortImproved(threshold: 24, partitioning: QuicksortVariant3(pivot: MIDDLE))   -> time =    273.562 ms
  QuicksortImproved(threshold: 192, partitioning: QuicksortVariant2(pivot: MIDDLE))  -> time =    259.850 ms
  QuicksortImproved(threshold: 128, partitioning: QuicksortVariant1(pivot: MIDDLE))  -> time =    259.653 ms
  QuicksortImproved(threshold: 2, partitioning: QuicksortVariant1(pivot: MIDDLE))    -> time =    313.232 ms
  QuicksortImproved(threshold: 24, partitioning: QuicksortVariant2(pivot: MIDDLE))   -> time =    279.121 ms
  QuicksortVariant2(pivot: MIDDLE)                                                   -> time =    307.586 ms <<< NEW RECORD :-)
  QuicksortImproved(threshold: 192, partitioning: QuicksortVariant3(pivot: MIDDLE))  -> time =    267.638 ms
  QuicksortImproved(threshold: 16, partitioning: QuicksortVariant1(pivot: MIDDLE))   -> time =    282.085 ms
  QuicksortImproved(threshold: 32, partitioning: QuicksortVariant2(pivot: MIDDLE))   -> time =    272.802 ms

----- Results after 10 iterations-----
QuicksortVariant1(pivot: MIDDLE)                                                   -> fastest:    299.818 ms, median:    303.011 ms 
QuicksortVariant1(pivot: MEDIAN3)                                                  -> fastest:    317.134 ms, median:    321.210 ms 
QuicksortVariant2(pivot: MIDDLE)                                                   -> fastest:    307.586 ms, median:    310.682 ms 
QuicksortVariant2(pivot: MEDIAN3)                                                  -> fastest:    328.066 ms, median:    331.551 ms 
QuicksortVariant3(pivot: MIDDLE)                                                   -> fastest:    299.226 ms, median:    302.364 ms 
QuicksortVariant3(pivot: MEDIAN3)                                                  -> fastest:    329.494 ms, median:    335.333 ms 
QuicksortImproved(threshold: 2, partitioning: QuicksortVariant1(pivot: MIDDLE))    -> fastest:    301.590 ms, median:    305.137 ms 
QuicksortImproved(threshold: 2, partitioning: QuicksortVariant1(pivot: MEDIAN3))   -> fastest:    321.719 ms, median:    324.583 ms 
QuicksortImproved(threshold: 2, partitioning: QuicksortVariant2(pivot: MIDDLE))    -> fastest:    307.019 ms, median:    311.664 ms 
QuicksortImproved(threshold: 2, partitioning: QuicksortVariant2(pivot: MEDIAN3))   -> fastest:    326.422 ms, median:    330.071 ms 
QuicksortImproved(threshold: 2, partitioning: QuicksortVariant3(pivot: MIDDLE))    -> fastest:    302.283 ms, median:    305.423 ms 
QuicksortImproved(threshold: 2, partitioning: QuicksortVariant3(pivot: MEDIAN3))   -> fastest:    327.355 ms, median:    332.248 ms 
QuicksortImproved(threshold: 4, partitioning: QuicksortVariant1(pivot: MIDDLE))    -> fastest:    294.641 ms, median:    299.053 ms 
QuicksortImproved(threshold: 4, partitioning: QuicksortVariant1(pivot: MEDIAN3))   -> fastest:    312.223 ms, median:    317.361 ms 
QuicksortImproved(threshold: 4, partitioning: QuicksortVariant2(pivot: MIDDLE))    -> fastest:    301.579 ms, median:    306.476 ms 
QuicksortImproved(threshold: 4, partitioning: QuicksortVariant2(pivot: MEDIAN3))   -> fastest:    320.140 ms, median:    323.660 ms 
QuicksortImproved(threshold: 4, partitioning: QuicksortVariant3(pivot: MIDDLE))    -> fastest:    295.314 ms, median:    299.640 ms 
QuicksortImproved(threshold: 4, partitioning: QuicksortVariant3(pivot: MEDIAN3))   -> fastest:    320.941 ms, median:    323.846 ms 
QuicksortImproved(threshold: 8, partitioning: QuicksortVariant1(pivot: MIDDLE))    -> fastest:    285.936 ms, median:    290.147 ms 
QuicksortImproved(threshold: 8, partitioning: QuicksortVariant1(pivot: MEDIAN3))   -> fastest:    298.660 ms, median:    306.645 ms 
QuicksortImproved(threshold: 8, partitioning: QuicksortVariant2(pivot: MIDDLE))    -> fastest:    293.398 ms, median:    297.504 ms 
QuicksortImproved(threshold: 8, partitioning: QuicksortVariant2(pivot: MEDIAN3))   -> fastest:    307.465 ms, median:    312.508 ms 
QuicksortImproved(threshold: 8, partitioning: QuicksortVariant3(pivot: MIDDLE))    -> fastest:    286.266 ms, median:    291.031 ms 
QuicksortImproved(threshold: 8, partitioning: QuicksortVariant3(pivot: MEDIAN3))   -> fastest:    304.973 ms, median:    310.667 ms 
QuicksortImproved(threshold: 16, partitioning: QuicksortVariant1(pivot: MIDDLE))   -> fastest:    278.329 ms, median:    281.894 ms 
QuicksortImproved(threshold: 16, partitioning: QuicksortVariant1(pivot: MEDIAN3))  -> fastest:    290.035 ms, median:    294.299 ms 
QuicksortImproved(threshold: 16, partitioning: QuicksortVariant2(pivot: MIDDLE))   -> fastest:    279.522 ms, median:    285.640 ms 
QuicksortImproved(threshold: 16, partitioning: QuicksortVariant2(pivot: MEDIAN3))  -> fastest:    294.658 ms, median:    298.172 ms 
QuicksortImproved(threshold: 16, partitioning: QuicksortVariant3(pivot: MIDDLE))   -> fastest:    274.685 ms, median:    280.904 ms 
QuicksortImproved(threshold: 16, partitioning: QuicksortVariant3(pivot: MEDIAN3))  -> fastest:    291.459 ms, median:    296.391 ms 
QuicksortImproved(threshold: 24, partitioning: QuicksortVariant1(pivot: MIDDLE))   -> fastest:    269.765 ms, median:    274.376 ms 
QuicksortImproved(threshold: 24, partitioning: QuicksortVariant1(pivot: MEDIAN3))  -> fastest:    282.059 ms, median:    285.658 ms 
QuicksortImproved(threshold: 24, partitioning: QuicksortVariant2(pivot: MIDDLE))   -> fastest:    274.907 ms, median:    278.513 ms 
QuicksortImproved(threshold: 24, partitioning: QuicksortVariant2(pivot: MEDIAN3))  -> fastest:    285.805 ms, median:    289.953 ms 
QuicksortImproved(threshold: 24, partitioning: QuicksortVariant3(pivot: MIDDLE))   -> fastest:    271.872 ms, median:    275.360 ms 
QuicksortImproved(threshold: 24, partitioning: QuicksortVariant3(pivot: MEDIAN3))  -> fastest:    284.580 ms, median:    287.835 ms 
QuicksortImproved(threshold: 32, partitioning: QuicksortVariant1(pivot: MIDDLE))   -> fastest:    267.011 ms, median:    269.574 ms 
QuicksortImproved(threshold: 32, partitioning: QuicksortVariant1(pivot: MEDIAN3))  -> fastest:    274.984 ms, median:    281.275 ms 
QuicksortImproved(threshold: 32, partitioning: QuicksortVariant2(pivot: MIDDLE))   -> fastest:    271.736 ms, median:    273.628 ms 
QuicksortImproved(threshold: 32, partitioning: QuicksortVariant2(pivot: MEDIAN3))  -> fastest:    281.843 ms, median:    287.288 ms 
QuicksortImproved(threshold: 32, partitioning: QuicksortVariant3(pivot: MIDDLE))   -> fastest:    268.153 ms, median:    272.219 ms 
QuicksortImproved(threshold: 32, partitioning: QuicksortVariant3(pivot: MEDIAN3))  -> fastest:    279.457 ms, median:    283.057 ms 
QuicksortImproved(threshold: 48, partitioning: QuicksortVariant1(pivot: MIDDLE))   -> fastest:    260.967 ms, median:    263.979 ms 
QuicksortImproved(threshold: 48, partitioning: QuicksortVariant1(pivot: MEDIAN3))  -> fastest:    271.522 ms, median:    274.511 ms 
QuicksortImproved(threshold: 48, partitioning: QuicksortVariant2(pivot: MIDDLE))   -> fastest:    264.648 ms, median:    267.981 ms 
QuicksortImproved(threshold: 48, partitioning: QuicksortVariant2(pivot: MEDIAN3))  -> fastest:    275.024 ms, median:    278.864 ms 
QuicksortImproved(threshold: 48, partitioning: QuicksortVariant3(pivot: MIDDLE))   -> fastest:    261.312 ms, median:    264.996 ms 
QuicksortImproved(threshold: 48, partitioning: QuicksortVariant3(pivot: MEDIAN3))  -> fastest:    272.908 ms, median:    279.917 ms 
QuicksortImproved(threshold: 64, partitioning: QuicksortVariant1(pivot: MIDDLE))   -> fastest:    256.761 ms, median:    261.938 ms 
QuicksortImproved(threshold: 64, partitioning: QuicksortVariant1(pivot: MEDIAN3))  -> fastest:    265.450 ms, median:    272.449 ms 
QuicksortImproved(threshold: 64, partitioning: QuicksortVariant2(pivot: MIDDLE))   -> fastest:    261.078 ms, median:    264.912 ms 
QuicksortImproved(threshold: 64, partitioning: QuicksortVariant2(pivot: MEDIAN3))  -> fastest:    271.321 ms, median:    275.336 ms 
QuicksortImproved(threshold: 64, partitioning: QuicksortVariant3(pivot: MIDDLE))   -> fastest:    258.931 ms, median:    262.934 ms 
QuicksortImproved(threshold: 64, partitioning: QuicksortVariant3(pivot: MEDIAN3))  -> fastest:    269.680 ms, median:    273.150 ms 
QuicksortImproved(threshold: 96, partitioning: QuicksortVariant1(pivot: MIDDLE))   -> fastest:    255.485 ms, median:    258.643 ms 
QuicksortImproved(threshold: 96, partitioning: QuicksortVariant1(pivot: MEDIAN3))  -> fastest:    263.450 ms, median:    268.181 ms 
QuicksortImproved(threshold: 96, partitioning: QuicksortVariant2(pivot: MIDDLE))   -> fastest:    259.414 ms, median:    261.188 ms 
QuicksortImproved(threshold: 96, partitioning: QuicksortVariant2(pivot: MEDIAN3))  -> fastest:    267.305 ms, median:    273.347 ms 
QuicksortImproved(threshold: 96, partitioning: QuicksortVariant3(pivot: MIDDLE))   -> fastest:    257.597 ms, median:    260.176 ms 
QuicksortImproved(threshold: 96, partitioning: QuicksortVariant3(pivot: MEDIAN3))  -> fastest:    266.193 ms, median:    270.043 ms 
QuicksortImproved(threshold: 128, partitioning: QuicksortVariant1(pivot: MIDDLE))  -> fastest:    255.850 ms, median:    257.725 ms <<< FASTEST MEDIAN :-)
QuicksortImproved(threshold: 128, partitioning: QuicksortVariant1(pivot: MEDIAN3)) -> fastest:    261.313 ms, median:    268.859 ms 
QuicksortImproved(threshold: 128, partitioning: QuicksortVariant2(pivot: MIDDLE))  -> fastest:    256.926 ms, median:    260.552 ms 
QuicksortImproved(threshold: 128, partitioning: QuicksortVariant2(pivot: MEDIAN3)) -> fastest:    265.495 ms, median:    270.481 ms 
QuicksortImproved(threshold: 128, partitioning: QuicksortVariant3(pivot: MIDDLE))  -> fastest:    255.054 ms, median:    259.815 ms 
QuicksortImproved(threshold: 128, partitioning: QuicksortVariant3(pivot: MEDIAN3)) -> fastest:    265.622 ms, median:    268.823 ms 
QuicksortImproved(threshold: 192, partitioning: QuicksortVariant1(pivot: MIDDLE))  -> fastest:    256.730 ms, median:    260.663 ms 
QuicksortImproved(threshold: 192, partitioning: QuicksortVariant1(pivot: MEDIAN3)) -> fastest:    264.214 ms, median:    267.554 ms 
QuicksortImproved(threshold: 192, partitioning: QuicksortVariant2(pivot: MIDDLE))  -> fastest:    259.105 ms, median:    262.776 ms 
QuicksortImproved(threshold: 192, partitioning: QuicksortVariant2(pivot: MEDIAN3)) -> fastest:    267.194 ms, median:    271.366 ms 
QuicksortImproved(threshold: 192, partitioning: QuicksortVariant3(pivot: MIDDLE))  -> fastest:    258.684 ms, median:    261.862 ms 
QuicksortImproved(threshold: 192, partitioning: QuicksortVariant3(pivot: MEDIAN3)) -> fastest:    267.516 ms, median:    270.946 ms 

Iteration 11
  QuicksortImproved(threshold: 4, partitioning: QuicksortVariant2(pivot: MIDDLE))    -> time =    308.339 ms
  QuicksortImproved(threshold: 96, partitioning: QuicksortVariant1(pivot: MEDIAN3))  -> time =    269.563 ms
  QuicksortImproved(threshold: 32, partitioning: QuicksortVariant3(pivot: MIDDLE))   -> time =    269.611 ms
  QuicksortImproved(threshold: 4, partitioning: QuicksortVariant2(pivot: MEDIAN3))   -> time =    324.638 ms
  QuicksortImproved(threshold: 2, partitioning: QuicksortVariant2(pivot: MEDIAN3))   -> time =    330.556 ms
  QuicksortImproved(threshold: 16, partitioning: QuicksortVariant1(pivot: MEDIAN3))  -> time =    293.883 ms
  QuicksortVariant3(pivot: MEDIAN3)                                                  -> time =    329.036 ms <<< NEW RECORD :-)
  QuicksortImproved(threshold: 2, partitioning: QuicksortVariant1(pivot: MEDIAN3))   -> time =    326.110 ms
  QuicksortImproved(threshold: 96, partitioning: QuicksortVariant3(pivot: MIDDLE))   -> time =    257.945 ms
  QuicksortImproved(threshold: 8, partitioning: QuicksortVariant3(pivot: MIDDLE))    -> time =    290.317 ms
  QuicksortVariant2(pivot: MIDDLE)                                                   -> time =    312.505 ms
  QuicksortImproved(threshold: 16, partitioning: QuicksortVariant2(pivot: MEDIAN3))  -> time =    298.665 ms
  QuicksortImproved(threshold: 8, partitioning: QuicksortVariant2(pivot: MEDIAN3))   -> time =    311.876 ms
  QuicksortImproved(threshold: 64, partitioning: QuicksortVariant1(pivot: MEDIAN3))  -> time =    271.943 ms
  QuicksortImproved(threshold: 64, partitioning: QuicksortVariant2(pivot: MEDIAN3))  -> time =    274.598 ms
  QuicksortImproved(threshold: 96, partitioning: QuicksortVariant1(pivot: MIDDLE))   -> time =    260.623 ms
  QuicksortImproved(threshold: 48, partitioning: QuicksortVariant3(pivot: MIDDLE))   -> time =    265.008 ms
  QuicksortImproved(threshold: 2, partitioning: QuicksortVariant3(pivot: MIDDLE))    -> time =    313.830 ms
  QuicksortVariant2(pivot: MEDIAN3)                                                  -> time =    333.793 ms
  QuicksortImproved(threshold: 64, partitioning: QuicksortVariant1(pivot: MIDDLE))   -> time =    263.301 ms
  QuicksortImproved(threshold: 192, partitioning: QuicksortVariant1(pivot: MIDDLE))  -> time =    262.319 ms
  QuicksortImproved(threshold: 128, partitioning: QuicksortVariant2(pivot: MIDDLE))  -> time =    261.831 ms
  QuicksortImproved(threshold: 24, partitioning: QuicksortVariant1(pivot: MEDIAN3))  -> time =    288.333 ms
  QuicksortImproved(threshold: 64, partitioning: QuicksortVariant2(pivot: MIDDLE))   -> time =    265.984 ms
  QuicksortImproved(threshold: 2, partitioning: QuicksortVariant1(pivot: MIDDLE))    -> time =    305.862 ms
  QuicksortImproved(threshold: 128, partitioning: QuicksortVariant2(pivot: MEDIAN3)) -> time =    272.196 ms
  QuicksortImproved(threshold: 192, partitioning: QuicksortVariant3(pivot: MIDDLE))  -> time =    260.043 ms
  QuicksortVariant3(pivot: MIDDLE)                                                   -> time =    303.411 ms
  QuicksortImproved(threshold: 48, partitioning: QuicksortVariant3(pivot: MEDIAN3))  -> time =    275.803 ms
  QuicksortImproved(threshold: 48, partitioning: QuicksortVariant1(pivot: MEDIAN3))  -> time =    280.470 ms
  QuicksortImproved(threshold: 24, partitioning: QuicksortVariant2(pivot: MEDIAN3))  -> time =    290.101 ms
  QuicksortImproved(threshold: 16, partitioning: QuicksortVariant3(pivot: MIDDLE))   -> time =    278.872 ms
  QuicksortImproved(threshold: 128, partitioning: QuicksortVariant1(pivot: MIDDLE))  -> time =    258.670 ms
  QuicksortImproved(threshold: 32, partitioning: QuicksortVariant3(pivot: MEDIAN3))  -> time =    280.175 ms
  QuicksortImproved(threshold: 24, partitioning: QuicksortVariant2(pivot: MIDDLE))   -> time =    279.585 ms
  QuicksortImproved(threshold: 32, partitioning: QuicksortVariant1(pivot: MEDIAN3))  -> time =    283.687 ms
  QuicksortImproved(threshold: 48, partitioning: QuicksortVariant1(pivot: MIDDLE))   -> time =    264.399 ms
  QuicksortImproved(threshold: 8, partitioning: QuicksortVariant2(pivot: MIDDLE))    -> time =    297.217 ms
  QuicksortImproved(threshold: 32, partitioning: QuicksortVariant2(pivot: MEDIAN3))  -> time =    285.396 ms
  QuicksortImproved(threshold: 24, partitioning: QuicksortVariant1(pivot: MIDDLE))   -> time =    274.815 ms
  QuicksortImproved(threshold: 2, partitioning: QuicksortVariant3(pivot: MEDIAN3))   -> time =    328.472 ms
  QuicksortImproved(threshold: 16, partitioning: QuicksortVariant2(pivot: MIDDLE))   -> time =    286.556 ms
  QuicksortImproved(threshold: 192, partitioning: QuicksortVariant1(pivot: MEDIAN3)) -> time =    269.941 ms
  QuicksortImproved(threshold: 4, partitioning: QuicksortVariant1(pivot: MIDDLE))    -> time =    303.431 ms
  QuicksortImproved(threshold: 24, partitioning: QuicksortVariant3(pivot: MIDDLE))   -> time =    273.879 ms
  QuicksortImproved(threshold: 64, partitioning: QuicksortVariant3(pivot: MEDIAN3))  -> time =    269.041 ms <<< NEW RECORD :-)
  QuicksortImproved(threshold: 4, partitioning: QuicksortVariant1(pivot: MEDIAN3))   -> time =    321.439 ms
  QuicksortImproved(threshold: 128, partitioning: QuicksortVariant1(pivot: MEDIAN3)) -> time =    269.157 ms
  QuicksortImproved(threshold: 48, partitioning: QuicksortVariant2(pivot: MIDDLE))   -> time =    269.297 ms
  QuicksortImproved(threshold: 128, partitioning: QuicksortVariant3(pivot: MEDIAN3)) -> time =    264.453 ms <<< NEW RECORD :-)
  QuicksortImproved(threshold: 4, partitioning: QuicksortVariant3(pivot: MEDIAN3))   -> time =    319.861 ms <<< NEW RECORD :-)
  QuicksortImproved(threshold: 8, partitioning: QuicksortVariant1(pivot: MIDDLE))    -> time =    290.852 ms
  QuicksortImproved(threshold: 8, partitioning: QuicksortVariant1(pivot: MEDIAN3))   -> time =    309.933 ms
  QuicksortImproved(threshold: 96, partitioning: QuicksortVariant2(pivot: MIDDLE))   -> time =    265.235 ms
  QuicksortImproved(threshold: 32, partitioning: QuicksortVariant1(pivot: MIDDLE))   -> time =    270.819 ms
  QuicksortImproved(threshold: 16, partitioning: QuicksortVariant3(pivot: MEDIAN3))  -> time =    291.743 ms
  QuicksortImproved(threshold: 192, partitioning: QuicksortVariant2(pivot: MIDDLE))  -> time =    263.841 ms
  QuicksortImproved(threshold: 2, partitioning: QuicksortVariant2(pivot: MIDDLE))    -> time =    312.102 ms
  QuicksortVariant1(pivot: MIDDLE)                                                   -> time =    301.825 ms
  QuicksortImproved(threshold: 24, partitioning: QuicksortVariant3(pivot: MEDIAN3))  -> time =    284.396 ms <<< NEW RECORD :-)
  QuicksortImproved(threshold: 128, partitioning: QuicksortVariant3(pivot: MIDDLE))  -> time =    257.030 ms
  QuicksortImproved(threshold: 16, partitioning: QuicksortVariant1(pivot: MIDDLE))   -> time =    278.466 ms
  QuicksortImproved(threshold: 8, partitioning: QuicksortVariant3(pivot: MEDIAN3))   -> time =    306.145 ms
  QuicksortImproved(threshold: 32, partitioning: QuicksortVariant2(pivot: MIDDLE))   -> time =    274.544 ms
  QuicksortImproved(threshold: 48, partitioning: QuicksortVariant2(pivot: MEDIAN3))  -> time =    280.760 ms
  QuicksortImproved(threshold: 4, partitioning: QuicksortVariant3(pivot: MIDDLE))    -> time =    301.571 ms
  QuicksortVariant1(pivot: MEDIAN3)                                                  -> time =    323.100 ms
  QuicksortImproved(threshold: 96, partitioning: QuicksortVariant3(pivot: MEDIAN3))  -> time =    265.994 ms <<< NEW RECORD :-)
  QuicksortImproved(threshold: 96, partitioning: QuicksortVariant2(pivot: MEDIAN3))  -> time =    282.497 ms
  QuicksortImproved(threshold: 192, partitioning: QuicksortVariant2(pivot: MEDIAN3)) -> time =    271.860 ms
  QuicksortImproved(threshold: 64, partitioning: QuicksortVariant3(pivot: MIDDLE))   -> time =    260.049 ms
  QuicksortImproved(threshold: 192, partitioning: QuicksortVariant3(pivot: MEDIAN3)) -> time =    267.215 ms <<< NEW RECORD :-)
Iteration 12
  QuicksortImproved(threshold: 2, partitioning: QuicksortVariant1(pivot: MIDDLE))    -> time =    305.546 ms
  QuicksortVariant1(pivot: MIDDLE)                                                   -> time =    301.657 ms
  QuicksortImproved(threshold: 48, partitioning: QuicksortVariant3(pivot: MEDIAN3))  -> time =    272.545 ms <<< NEW RECORD :-)
  QuicksortImproved(threshold: 16, partitioning: QuicksortVariant1(pivot: MEDIAN3))  -> time =    289.725 ms <<< NEW RECORD :-)
  QuicksortImproved(threshold: 4, partitioning: QuicksortVariant3(pivot: MEDIAN3))   -> time =    318.982 ms <<< NEW RECORD :-)
  QuicksortImproved(threshold: 48, partitioning: QuicksortVariant2(pivot: MEDIAN3))  -> time =    272.812 ms <<< NEW RECORD :-)
  QuicksortImproved(threshold: 4, partitioning: QuicksortVariant1(pivot: MIDDLE))    -> time =    299.134 ms
  QuicksortImproved(threshold: 16, partitioning: QuicksortVariant1(pivot: MIDDLE))   -> time =    278.613 ms
  QuicksortImproved(threshold: 192, partitioning: QuicksortVariant3(pivot: MIDDLE))  -> time =    260.902 ms
  QuicksortImproved(threshold: 128, partitioning: QuicksortVariant1(pivot: MEDIAN3)) -> time =    262.477 ms
  QuicksortImproved(threshold: 2, partitioning: QuicksortVariant2(pivot: MIDDLE))    -> time =    311.188 ms
  QuicksortImproved(threshold: 96, partitioning: QuicksortVariant2(pivot: MIDDLE))   -> time =    261.595 ms
  QuicksortImproved(threshold: 96, partitioning: QuicksortVariant2(pivot: MEDIAN3))  -> time =    265.423 ms <<< NEW RECORD :-)
  QuicksortImproved(threshold: 32, partitioning: QuicksortVariant2(pivot: MIDDLE))   -> time =    285.716 ms
  QuicksortImproved(threshold: 24, partitioning: QuicksortVariant1(pivot: MEDIAN3))  -> time =    287.559 ms
  QuicksortImproved(threshold: 8, partitioning: QuicksortVariant3(pivot: MIDDLE))    -> time =    299.882 ms
  QuicksortImproved(threshold: 16, partitioning: QuicksortVariant2(pivot: MEDIAN3))  -> time =    295.026 ms
  QuicksortImproved(threshold: 16, partitioning: QuicksortVariant3(pivot: MIDDLE))   -> time =    284.002 ms
  QuicksortImproved(threshold: 128, partitioning: QuicksortVariant1(pivot: MIDDLE))  -> time =    261.130 ms
  QuicksortImproved(threshold: 192, partitioning: QuicksortVariant2(pivot: MIDDLE))  -> time =    263.052 ms
  QuicksortImproved(threshold: 8, partitioning: QuicksortVariant2(pivot: MEDIAN3))   -> time =    307.212 ms <<< NEW RECORD :-)
  QuicksortImproved(threshold: 24, partitioning: QuicksortVariant2(pivot: MIDDLE))   -> time =    279.330 ms
  QuicksortImproved(threshold: 32, partitioning: QuicksortVariant2(pivot: MEDIAN3))  -> time =    281.602 ms <<< NEW RECORD :-)
  QuicksortImproved(threshold: 24, partitioning: QuicksortVariant1(pivot: MIDDLE))   -> time =    275.527 ms
  QuicksortImproved(threshold: 16, partitioning: QuicksortVariant3(pivot: MEDIAN3))  -> time =    294.326 ms
  QuicksortImproved(threshold: 2, partitioning: QuicksortVariant1(pivot: MEDIAN3))   -> time =    331.239 ms
  QuicksortImproved(threshold: 4, partitioning: QuicksortVariant2(pivot: MEDIAN3))   -> time =    318.523 ms <<< NEW RECORD :-)
  QuicksortImproved(threshold: 128, partitioning: QuicksortVariant3(pivot: MEDIAN3)) -> time =    265.750 ms
  QuicksortImproved(threshold: 96, partitioning: QuicksortVariant1(pivot: MEDIAN3))  -> time =    264.152 ms
  QuicksortImproved(threshold: 2, partitioning: QuicksortVariant3(pivot: MIDDLE))    -> time =    304.560 ms
  QuicksortImproved(threshold: 8, partitioning: QuicksortVariant2(pivot: MIDDLE))    -> time =    296.027 ms
  QuicksortImproved(threshold: 192, partitioning: QuicksortVariant2(pivot: MEDIAN3)) -> time =    268.651 ms
  QuicksortImproved(threshold: 24, partitioning: QuicksortVariant3(pivot: MIDDLE))   -> time =    275.323 ms
  QuicksortVariant3(pivot: MIDDLE)                                                   -> time =    303.748 ms
  QuicksortImproved(threshold: 96, partitioning: QuicksortVariant3(pivot: MEDIAN3))  -> time =    266.472 ms
  QuicksortImproved(threshold: 4, partitioning: QuicksortVariant3(pivot: MIDDLE))    -> time =    301.985 ms
  QuicksortImproved(threshold: 32, partitioning: QuicksortVariant3(pivot: MIDDLE))   -> time =    270.909 ms
  QuicksortImproved(threshold: 48, partitioning: QuicksortVariant1(pivot: MIDDLE))   -> time =    264.278 ms
  QuicksortImproved(threshold: 8, partitioning: QuicksortVariant1(pivot: MEDIAN3))   -> time =    302.306 ms
  QuicksortVariant3(pivot: MEDIAN3)                                                  -> time =    327.510 ms <<< NEW RECORD :-)
  QuicksortImproved(threshold: 48, partitioning: QuicksortVariant1(pivot: MEDIAN3))  -> time =    270.464 ms <<< NEW RECORD :-)
  QuicksortImproved(threshold: 24, partitioning: QuicksortVariant2(pivot: MEDIAN3))  -> time =    284.126 ms <<< NEW RECORD :-)
  QuicksortImproved(threshold: 96, partitioning: QuicksortVariant3(pivot: MIDDLE))   -> time =    260.347 ms
  QuicksortImproved(threshold: 32, partitioning: QuicksortVariant3(pivot: MEDIAN3))  -> time =    280.360 ms
  QuicksortImproved(threshold: 2, partitioning: QuicksortVariant3(pivot: MEDIAN3))   -> time =    330.834 ms
  QuicksortImproved(threshold: 64, partitioning: QuicksortVariant2(pivot: MIDDLE))   -> time =    266.515 ms
  QuicksortImproved(threshold: 128, partitioning: QuicksortVariant2(pivot: MEDIAN3)) -> time =    266.627 ms
  QuicksortImproved(threshold: 8, partitioning: QuicksortVariant1(pivot: MIDDLE))    -> time =    290.956 ms
  QuicksortImproved(threshold: 128, partitioning: QuicksortVariant2(pivot: MIDDLE))  -> time =    265.643 ms
  QuicksortImproved(threshold: 48, partitioning: QuicksortVariant3(pivot: MIDDLE))   -> time =    270.707 ms
  QuicksortImproved(threshold: 192, partitioning: QuicksortVariant1(pivot: MEDIAN3)) -> time =    263.966 ms <<< NEW RECORD :-)
  QuicksortImproved(threshold: 64, partitioning: QuicksortVariant1(pivot: MEDIAN3))  -> time =    267.693 ms
  QuicksortImproved(threshold: 4, partitioning: QuicksortVariant2(pivot: MIDDLE))    -> time =    306.465 ms
  QuicksortImproved(threshold: 64, partitioning: QuicksortVariant3(pivot: MIDDLE))   -> time =    264.143 ms
  QuicksortImproved(threshold: 192, partitioning: QuicksortVariant3(pivot: MEDIAN3)) -> time =    268.493 ms
  QuicksortImproved(threshold: 192, partitioning: QuicksortVariant1(pivot: MIDDLE))  -> time =    259.661 ms
  QuicksortVariant2(pivot: MIDDLE)                                                   -> time =    310.765 ms
  QuicksortImproved(threshold: 64, partitioning: QuicksortVariant3(pivot: MEDIAN3))  -> time =    269.280 ms
  QuicksortImproved(threshold: 4, partitioning: QuicksortVariant1(pivot: MEDIAN3))   -> time =    315.037 ms
  QuicksortImproved(threshold: 64, partitioning: QuicksortVariant1(pivot: MIDDLE))   -> time =    262.095 ms
  QuicksortImproved(threshold: 24, partitioning: QuicksortVariant3(pivot: MEDIAN3))  -> time =    284.362 ms <<< NEW RECORD :-)
  QuicksortVariant1(pivot: MEDIAN3)                                                  -> time =    319.379 ms
  QuicksortImproved(threshold: 2, partitioning: QuicksortVariant2(pivot: MEDIAN3))   -> time =    325.374 ms <<< NEW RECORD :-)
  QuicksortImproved(threshold: 32, partitioning: QuicksortVariant1(pivot: MIDDLE))   -> time =    270.662 ms
  QuicksortImproved(threshold: 64, partitioning: QuicksortVariant2(pivot: MEDIAN3))  -> time =    268.914 ms <<< NEW RECORD :-)
  QuicksortImproved(threshold: 8, partitioning: QuicksortVariant3(pivot: MEDIAN3))   -> time =    305.923 ms
  QuicksortVariant2(pivot: MEDIAN3)                                                  -> time =    326.102 ms <<< NEW RECORD :-)
  QuicksortImproved(threshold: 48, partitioning: QuicksortVariant2(pivot: MIDDLE))   -> time =    267.795 ms
  QuicksortImproved(threshold: 128, partitioning: QuicksortVariant3(pivot: MIDDLE))  -> time =    260.606 ms
  QuicksortImproved(threshold: 96, partitioning: QuicksortVariant1(pivot: MIDDLE))   -> time =    258.528 ms
  QuicksortImproved(threshold: 16, partitioning: QuicksortVariant2(pivot: MIDDLE))   -> time =    284.299 ms
  QuicksortImproved(threshold: 32, partitioning: QuicksortVariant1(pivot: MEDIAN3))  -> time =    276.999 ms
Iteration 13
  QuicksortImproved(threshold: 64, partitioning: QuicksortVariant1(pivot: MEDIAN3))  -> time =    270.915 ms
  QuicksortImproved(threshold: 8, partitioning: QuicksortVariant1(pivot: MEDIAN3))   -> time =    305.913 ms
  QuicksortImproved(threshold: 48, partitioning: QuicksortVariant2(pivot: MEDIAN3))  -> time =    276.143 ms
  QuicksortImproved(threshold: 48, partitioning: QuicksortVariant3(pivot: MIDDLE))   -> time =    264.480 ms
  QuicksortImproved(threshold: 24, partitioning: QuicksortVariant1(pivot: MIDDLE))   -> time =    279.439 ms
  QuicksortImproved(threshold: 8, partitioning: QuicksortVariant3(pivot: MEDIAN3))   -> time =    308.228 ms
  QuicksortImproved(threshold: 96, partitioning: QuicksortVariant2(pivot: MEDIAN3))  -> time =    269.182 ms
  QuicksortImproved(threshold: 32, partitioning: QuicksortVariant2(pivot: MEDIAN3))  -> time =    282.190 ms
  QuicksortImproved(threshold: 24, partitioning: QuicksortVariant1(pivot: MEDIAN3))  -> time =    286.349 ms
  QuicksortImproved(threshold: 8, partitioning: QuicksortVariant2(pivot: MIDDLE))    -> time =    292.892 ms <<< NEW RECORD :-)
  QuicksortImproved(threshold: 24, partitioning: QuicksortVariant2(pivot: MEDIAN3))  -> time =    287.887 ms
  QuicksortImproved(threshold: 16, partitioning: QuicksortVariant1(pivot: MIDDLE))   -> time =    288.162 ms
  QuicksortImproved(threshold: 2, partitioning: QuicksortVariant2(pivot: MEDIAN3))   -> time =    327.331 ms
  QuicksortImproved(threshold: 2, partitioning: QuicksortVariant3(pivot: MEDIAN3))   -> time =    327.948 ms
  QuicksortImproved(threshold: 48, partitioning: QuicksortVariant1(pivot: MEDIAN3))  -> time =    274.715 ms
  QuicksortImproved(threshold: 24, partitioning: QuicksortVariant3(pivot: MIDDLE))   -> time =    275.589 ms
  QuicksortImproved(threshold: 128, partitioning: QuicksortVariant2(pivot: MIDDLE))  -> time =    259.274 ms
  QuicksortImproved(threshold: 8, partitioning: QuicksortVariant3(pivot: MIDDLE))    -> time =    287.601 ms
  QuicksortImproved(threshold: 16, partitioning: QuicksortVariant2(pivot: MEDIAN3))  -> time =    294.708 ms
  QuicksortImproved(threshold: 4, partitioning: QuicksortVariant3(pivot: MIDDLE))    -> time =    296.207 ms
  QuicksortVariant2(pivot: MEDIAN3)                                                  -> time =    327.759 ms
  QuicksortVariant2(pivot: MIDDLE)                                                   -> time =    308.784 ms
  QuicksortImproved(threshold: 192, partitioning: QuicksortVariant2(pivot: MIDDLE))  -> time =    260.451 ms
  QuicksortImproved(threshold: 24, partitioning: QuicksortVariant2(pivot: MIDDLE))   -> time =    275.038 ms
  QuicksortImproved(threshold: 64, partitioning: QuicksortVariant3(pivot: MIDDLE))   -> time =    260.972 ms
  QuicksortImproved(threshold: 16, partitioning: QuicksortVariant1(pivot: MEDIAN3))  -> time =    293.432 ms
  QuicksortImproved(threshold: 96, partitioning: QuicksortVariant3(pivot: MIDDLE))   -> time =    257.642 ms
  QuicksortImproved(threshold: 48, partitioning: QuicksortVariant2(pivot: MIDDLE))   -> time =    265.491 ms
  QuicksortImproved(threshold: 96, partitioning: QuicksortVariant1(pivot: MIDDLE))   -> time =    253.012 ms <<< NEW RECORD :-)
  QuicksortImproved(threshold: 2, partitioning: QuicksortVariant3(pivot: MIDDLE))    -> time =    302.152 ms <<< NEW RECORD :-)
  QuicksortImproved(threshold: 4, partitioning: QuicksortVariant3(pivot: MEDIAN3))   -> time =    319.149 ms
  QuicksortImproved(threshold: 8, partitioning: QuicksortVariant1(pivot: MIDDLE))    -> time =    285.131 ms <<< NEW RECORD :-)
  QuicksortImproved(threshold: 64, partitioning: QuicksortVariant2(pivot: MEDIAN3))  -> time =    271.864 ms
  QuicksortImproved(threshold: 16, partitioning: QuicksortVariant2(pivot: MIDDLE))   -> time =    281.530 ms
  QuicksortImproved(threshold: 128, partitioning: QuicksortVariant1(pivot: MIDDLE))  -> time =    253.007 ms <<< NEW RECORD :-)
  QuicksortImproved(threshold: 4, partitioning: QuicksortVariant2(pivot: MEDIAN3))   -> time =    319.976 ms
  QuicksortImproved(threshold: 32, partitioning: QuicksortVariant3(pivot: MIDDLE))   -> time =    267.848 ms <<< NEW RECORD :-)
  QuicksortImproved(threshold: 48, partitioning: QuicksortVariant3(pivot: MEDIAN3))  -> time =    271.534 ms <<< NEW RECORD :-)
  QuicksortImproved(threshold: 48, partitioning: QuicksortVariant1(pivot: MIDDLE))   -> time =    261.059 ms
  QuicksortImproved(threshold: 64, partitioning: QuicksortVariant3(pivot: MEDIAN3))  -> time =    268.379 ms <<< NEW RECORD :-)
  QuicksortImproved(threshold: 192, partitioning: QuicksortVariant3(pivot: MEDIAN3)) -> time =    266.329 ms <<< NEW RECORD :-)
  QuicksortVariant3(pivot: MEDIAN3)                                                  -> time =    327.623 ms
  QuicksortImproved(threshold: 192, partitioning: QuicksortVariant1(pivot: MEDIAN3)) -> time =    268.295 ms
  QuicksortImproved(threshold: 4, partitioning: QuicksortVariant2(pivot: MIDDLE))    -> time =    304.471 ms
  QuicksortImproved(threshold: 64, partitioning: QuicksortVariant1(pivot: MIDDLE))   -> time =    256.152 ms <<< NEW RECORD :-)
  QuicksortImproved(threshold: 128, partitioning: QuicksortVariant2(pivot: MEDIAN3)) -> time =    267.117 ms
  QuicksortImproved(threshold: 32, partitioning: QuicksortVariant3(pivot: MEDIAN3))  -> time =    279.020 ms <<< NEW RECORD :-)
  QuicksortImproved(threshold: 2, partitioning: QuicksortVariant1(pivot: MIDDLE))    -> time =    300.152 ms <<< NEW RECORD :-)
  QuicksortImproved(threshold: 192, partitioning: QuicksortVariant3(pivot: MIDDLE))  -> time =    257.273 ms <<< NEW RECORD :-)
  QuicksortVariant3(pivot: MIDDLE)                                                   -> time =    300.301 ms
  QuicksortImproved(threshold: 96, partitioning: QuicksortVariant2(pivot: MIDDLE))   -> time =    259.059 ms <<< NEW RECORD :-)
  QuicksortImproved(threshold: 32, partitioning: QuicksortVariant1(pivot: MIDDLE))   -> time =    264.511 ms <<< NEW RECORD :-)
  QuicksortImproved(threshold: 16, partitioning: QuicksortVariant3(pivot: MEDIAN3))  -> time =    291.156 ms <<< NEW RECORD :-)
  QuicksortImproved(threshold: 192, partitioning: QuicksortVariant2(pivot: MEDIAN3)) -> time =    269.293 ms
  QuicksortImproved(threshold: 192, partitioning: QuicksortVariant1(pivot: MIDDLE))  -> time =    255.263 ms <<< NEW RECORD :-)
  QuicksortImproved(threshold: 128, partitioning: QuicksortVariant3(pivot: MEDIAN3)) -> time =    263.763 ms <<< NEW RECORD :-)
  QuicksortImproved(threshold: 32, partitioning: QuicksortVariant2(pivot: MIDDLE))   -> time =    271.007 ms <<< NEW RECORD :-)
  QuicksortImproved(threshold: 96, partitioning: QuicksortVariant1(pivot: MEDIAN3))  -> time =    266.244 ms
  QuicksortImproved(threshold: 32, partitioning: QuicksortVariant1(pivot: MEDIAN3))  -> time =    281.992 ms
  QuicksortImproved(threshold: 128, partitioning: QuicksortVariant3(pivot: MIDDLE))  -> time =    255.261 ms
  QuicksortImproved(threshold: 128, partitioning: QuicksortVariant1(pivot: MEDIAN3)) -> time =    265.570 ms
  QuicksortVariant1(pivot: MEDIAN3)                                                  -> time =    322.950 ms
  QuicksortImproved(threshold: 8, partitioning: QuicksortVariant2(pivot: MEDIAN3))   -> time =    322.645 ms
  QuicksortImproved(threshold: 16, partitioning: QuicksortVariant3(pivot: MIDDLE))   -> time =    281.274 ms
  QuicksortImproved(threshold: 96, partitioning: QuicksortVariant3(pivot: MEDIAN3))  -> time =    267.828 ms
  QuicksortImproved(threshold: 4, partitioning: QuicksortVariant1(pivot: MIDDLE))    -> time =    296.984 ms
  QuicksortImproved(threshold: 2, partitioning: QuicksortVariant2(pivot: MIDDLE))    -> time =    316.520 ms
  QuicksortVariant1(pivot: MIDDLE)                                                   -> time =    297.522 ms <<< NEW RECORD :-)
  QuicksortImproved(threshold: 2, partitioning: QuicksortVariant1(pivot: MEDIAN3))   -> time =    324.676 ms
  QuicksortImproved(threshold: 4, partitioning: QuicksortVariant1(pivot: MEDIAN3))   -> time =    321.362 ms
  QuicksortImproved(threshold: 64, partitioning: QuicksortVariant2(pivot: MIDDLE))   -> time =    261.894 ms
  QuicksortImproved(threshold: 24, partitioning: QuicksortVariant3(pivot: MEDIAN3))  -> time =    284.319 ms <<< NEW RECORD :-)
Iteration 14
  QuicksortImproved(threshold: 2, partitioning: QuicksortVariant1(pivot: MEDIAN3))   -> time =    320.283 ms <<< NEW RECORD :-)
  QuicksortImproved(threshold: 32, partitioning: QuicksortVariant1(pivot: MIDDLE))   -> time =    270.826 ms
  QuicksortImproved(threshold: 8, partitioning: QuicksortVariant3(pivot: MEDIAN3))   -> time =    305.471 ms
  QuicksortImproved(threshold: 128, partitioning: QuicksortVariant1(pivot: MIDDLE))  -> time =    258.192 ms
  QuicksortImproved(threshold: 4, partitioning: QuicksortVariant2(pivot: MEDIAN3))   -> time =    319.797 ms
  QuicksortImproved(threshold: 128, partitioning: QuicksortVariant2(pivot: MEDIAN3)) -> time =    274.524 ms
  QuicksortImproved(threshold: 24, partitioning: QuicksortVariant1(pivot: MIDDLE))   -> time =    282.697 ms
  QuicksortImproved(threshold: 4, partitioning: QuicksortVariant3(pivot: MEDIAN3))   -> time =    322.592 ms
  QuicksortImproved(threshold: 24, partitioning: QuicksortVariant3(pivot: MEDIAN3))  -> time =    286.847 ms
  QuicksortImproved(threshold: 96, partitioning: QuicksortVariant3(pivot: MEDIAN3))  -> time =    269.420 ms
  QuicksortImproved(threshold: 2, partitioning: QuicksortVariant1(pivot: MIDDLE))    -> time =    308.099 ms
  QuicksortImproved(threshold: 64, partitioning: QuicksortVariant3(pivot: MEDIAN3))  -> time =    270.656 ms
  QuicksortImproved(threshold: 4, partitioning: QuicksortVariant2(pivot: MIDDLE))    -> time =    308.528 ms
  QuicksortImproved(threshold: 4, partitioning: QuicksortVariant3(pivot: MIDDLE))    -> time =    312.716 ms
  QuicksortImproved(threshold: 32, partitioning: QuicksortVariant3(pivot: MEDIAN3))  -> time =    280.426 ms
  QuicksortImproved(threshold: 24, partitioning: QuicksortVariant2(pivot: MIDDLE))   -> time =    280.652 ms
  QuicksortImproved(threshold: 192, partitioning: QuicksortVariant3(pivot: MIDDLE))  -> time =    266.115 ms
  QuicksortImproved(threshold: 8, partitioning: QuicksortVariant1(pivot: MEDIAN3))   -> time =    304.098 ms
  QuicksortImproved(threshold: 8, partitioning: QuicksortVariant2(pivot: MEDIAN3))   -> time =    307.180 ms <<< NEW RECORD :-)
  QuicksortVariant3(pivot: MEDIAN3)                                                  -> time =    332.434 ms
  QuicksortImproved(threshold: 192, partitioning: QuicksortVariant2(pivot: MEDIAN3)) -> time =    267.019 ms <<< NEW RECORD :-)
  QuicksortImproved(threshold: 16, partitioning: QuicksortVariant1(pivot: MEDIAN3))  -> time =    291.856 ms
  QuicksortImproved(threshold: 32, partitioning: QuicksortVariant3(pivot: MIDDLE))   -> time =    277.282 ms
  QuicksortImproved(threshold: 48, partitioning: QuicksortVariant1(pivot: MEDIAN3))  -> time =    272.308 ms
  QuicksortImproved(threshold: 128, partitioning: QuicksortVariant3(pivot: MEDIAN3)) -> time =    268.229 ms
  QuicksortImproved(threshold: 2, partitioning: QuicksortVariant2(pivot: MIDDLE))    -> time =    312.895 ms
  QuicksortImproved(threshold: 32, partitioning: QuicksortVariant2(pivot: MIDDLE))   -> time =    281.662 ms
  QuicksortImproved(threshold: 48, partitioning: QuicksortVariant3(pivot: MIDDLE))   -> time =    271.959 ms
  QuicksortImproved(threshold: 2, partitioning: QuicksortVariant3(pivot: MEDIAN3))   -> time =    335.469 ms
  QuicksortVariant1(pivot: MIDDLE)                                                   -> time =    307.337 ms
  QuicksortImproved(threshold: 16, partitioning: QuicksortVariant1(pivot: MIDDLE))   -> time =    283.748 ms
  QuicksortImproved(threshold: 96, partitioning: QuicksortVariant2(pivot: MIDDLE))   -> time =    264.041 ms
  QuicksortImproved(threshold: 2, partitioning: QuicksortVariant3(pivot: MIDDLE))    -> time =    312.096 ms
  QuicksortVariant1(pivot: MEDIAN3)                                                  -> time =    322.492 ms
  QuicksortImproved(threshold: 128, partitioning: QuicksortVariant3(pivot: MIDDLE))  -> time =    268.813 ms
  QuicksortImproved(threshold: 64, partitioning: QuicksortVariant1(pivot: MEDIAN3))  -> time =    267.522 ms
  QuicksortImproved(threshold: 96, partitioning: QuicksortVariant2(pivot: MEDIAN3))  -> time =    265.459 ms
  QuicksortImproved(threshold: 32, partitioning: QuicksortVariant2(pivot: MEDIAN3))  -> time =    287.967 ms
  QuicksortImproved(threshold: 64, partitioning: QuicksortVariant3(pivot: MIDDLE))   -> time =    264.435 ms
  QuicksortImproved(threshold: 64, partitioning: QuicksortVariant1(pivot: MIDDLE))   -> time =    262.041 ms
  QuicksortImproved(threshold: 64, partitioning: QuicksortVariant2(pivot: MIDDLE))   -> time =    267.974 ms
  QuicksortImproved(threshold: 8, partitioning: QuicksortVariant3(pivot: MIDDLE))    -> time =    296.235 ms
  QuicksortImproved(threshold: 96, partitioning: QuicksortVariant1(pivot: MEDIAN3))  -> time =    263.159 ms <<< NEW RECORD :-)
  QuicksortImproved(threshold: 8, partitioning: QuicksortVariant2(pivot: MIDDLE))    -> time =    297.332 ms
  QuicksortImproved(threshold: 16, partitioning: QuicksortVariant3(pivot: MIDDLE))   -> time =    287.362 ms
  QuicksortImproved(threshold: 48, partitioning: QuicksortVariant2(pivot: MIDDLE))   -> time =    269.175 ms
  QuicksortImproved(threshold: 8, partitioning: QuicksortVariant1(pivot: MIDDLE))    -> time =    293.927 ms
  QuicksortImproved(threshold: 48, partitioning: QuicksortVariant2(pivot: MEDIAN3))  -> time =    273.736 ms
  QuicksortVariant3(pivot: MIDDLE)                                                   -> time =    305.200 ms
  QuicksortImproved(threshold: 16, partitioning: QuicksortVariant2(pivot: MEDIAN3))  -> time =    292.779 ms <<< NEW RECORD :-)
  QuicksortImproved(threshold: 192, partitioning: QuicksortVariant3(pivot: MEDIAN3)) -> time =    265.893 ms <<< NEW RECORD :-)
  QuicksortImproved(threshold: 192, partitioning: QuicksortVariant1(pivot: MEDIAN3)) -> time =    268.282 ms
  QuicksortImproved(threshold: 192, partitioning: QuicksortVariant2(pivot: MIDDLE))  -> time =    263.628 ms
  QuicksortImproved(threshold: 128, partitioning: QuicksortVariant2(pivot: MIDDLE))  -> time =    262.869 ms
  QuicksortImproved(threshold: 24, partitioning: QuicksortVariant3(pivot: MIDDLE))   -> time =    277.894 ms
  QuicksortImproved(threshold: 192, partitioning: QuicksortVariant1(pivot: MIDDLE))  -> time =    260.496 ms
  QuicksortImproved(threshold: 32, partitioning: QuicksortVariant1(pivot: MEDIAN3))  -> time =    276.091 ms
  QuicksortImproved(threshold: 96, partitioning: QuicksortVariant1(pivot: MIDDLE))   -> time =    258.718 ms
  QuicksortImproved(threshold: 128, partitioning: QuicksortVariant1(pivot: MEDIAN3)) -> time =    262.520 ms
  QuicksortImproved(threshold: 96, partitioning: QuicksortVariant3(pivot: MIDDLE))   -> time =    263.689 ms
  QuicksortImproved(threshold: 24, partitioning: QuicksortVariant2(pivot: MEDIAN3))  -> time =    286.208 ms
  QuicksortImproved(threshold: 4, partitioning: QuicksortVariant1(pivot: MEDIAN3))   -> time =    315.077 ms
  QuicksortImproved(threshold: 2, partitioning: QuicksortVariant2(pivot: MEDIAN3))   -> time =    331.148 ms
  QuicksortVariant2(pivot: MEDIAN3)                                                  -> time =    330.901 ms
  QuicksortImproved(threshold: 16, partitioning: QuicksortVariant2(pivot: MIDDLE))   -> time =    286.890 ms
  QuicksortImproved(threshold: 48, partitioning: QuicksortVariant1(pivot: MIDDLE))   -> time =    268.224 ms
  QuicksortImproved(threshold: 64, partitioning: QuicksortVariant2(pivot: MEDIAN3))  -> time =    276.860 ms
  QuicksortImproved(threshold: 16, partitioning: QuicksortVariant3(pivot: MEDIAN3))  -> time =    299.430 ms
  QuicksortImproved(threshold: 48, partitioning: QuicksortVariant3(pivot: MEDIAN3))  -> time =    274.755 ms
  QuicksortImproved(threshold: 4, partitioning: QuicksortVariant1(pivot: MIDDLE))    -> time =    302.052 ms
  QuicksortImproved(threshold: 24, partitioning: QuicksortVariant1(pivot: MEDIAN3))  -> time =    284.457 ms
  QuicksortVariant2(pivot: MIDDLE)                                                   -> time =    323.080 ms
Iteration 15
  QuicksortImproved(threshold: 16, partitioning: QuicksortVariant1(pivot: MIDDLE))   -> time =    283.314 ms
  QuicksortVariant3(pivot: MEDIAN3)                                                  -> time =    335.008 ms
  QuicksortImproved(threshold: 2, partitioning: QuicksortVariant1(pivot: MEDIAN3))   -> time =    325.706 ms
  QuicksortImproved(threshold: 4, partitioning: QuicksortVariant1(pivot: MEDIAN3))   -> time =    326.017 ms
  QuicksortImproved(threshold: 16, partitioning: QuicksortVariant3(pivot: MIDDLE))   -> time =    283.402 ms
  QuicksortImproved(threshold: 64, partitioning: QuicksortVariant2(pivot: MIDDLE))   -> time =    275.649 ms
  QuicksortImproved(threshold: 8, partitioning: QuicksortVariant2(pivot: MIDDLE))    -> time =    300.074 ms
  QuicksortImproved(threshold: 16, partitioning: QuicksortVariant3(pivot: MEDIAN3))  -> time =    296.753 ms
  QuicksortVariant1(pivot: MEDIAN3)                                                  -> time =    321.454 ms
  QuicksortImproved(threshold: 64, partitioning: QuicksortVariant2(pivot: MEDIAN3))  -> time =    270.477 ms
  QuicksortImproved(threshold: 32, partitioning: QuicksortVariant2(pivot: MIDDLE))   -> time =    275.048 ms
  QuicksortImproved(threshold: 48, partitioning: QuicksortVariant3(pivot: MIDDLE))   -> time =    267.122 ms
  QuicksortImproved(threshold: 4, partitioning: QuicksortVariant2(pivot: MEDIAN3))   -> time =    320.631 ms
  QuicksortImproved(threshold: 24, partitioning: QuicksortVariant2(pivot: MEDIAN3))  -> time =    286.521 ms
  QuicksortImproved(threshold: 48, partitioning: QuicksortVariant1(pivot: MEDIAN3))  -> time =    273.337 ms
  QuicksortImproved(threshold: 48, partitioning: QuicksortVariant2(pivot: MEDIAN3))  -> time =    274.243 ms
  QuicksortImproved(threshold: 16, partitioning: QuicksortVariant2(pivot: MEDIAN3))  -> time =    294.607 ms
  QuicksortImproved(threshold: 8, partitioning: QuicksortVariant3(pivot: MIDDLE))    -> time =    291.040 ms
  QuicksortImproved(threshold: 32, partitioning: QuicksortVariant2(pivot: MEDIAN3))  -> time =    280.943 ms <<< NEW RECORD :-)
  QuicksortImproved(threshold: 16, partitioning: QuicksortVariant1(pivot: MEDIAN3))  -> time =    291.820 ms
  QuicksortImproved(threshold: 192, partitioning: QuicksortVariant3(pivot: MIDDLE))  -> time =    262.668 ms
  QuicksortImproved(threshold: 64, partitioning: QuicksortVariant1(pivot: MEDIAN3))  -> time =    270.466 ms
  QuicksortImproved(threshold: 48, partitioning: QuicksortVariant3(pivot: MEDIAN3))  -> time =    276.755 ms
  QuicksortImproved(threshold: 32, partitioning: QuicksortVariant1(pivot: MEDIAN3))  -> time =    280.795 ms
  QuicksortImproved(threshold: 8, partitioning: QuicksortVariant1(pivot: MEDIAN3))   -> time =    306.199 ms
  QuicksortImproved(threshold: 128, partitioning: QuicksortVariant3(pivot: MIDDLE))  -> time =    260.410 ms
  QuicksortImproved(threshold: 8, partitioning: QuicksortVariant3(pivot: MEDIAN3))   -> time =    309.233 ms
  QuicksortImproved(threshold: 96, partitioning: QuicksortVariant2(pivot: MEDIAN3))  -> time =    277.322 ms
  QuicksortImproved(threshold: 32, partitioning: QuicksortVariant1(pivot: MIDDLE))   -> time =    272.536 ms
  QuicksortImproved(threshold: 32, partitioning: QuicksortVariant3(pivot: MIDDLE))   -> time =    271.807 ms
  QuicksortImproved(threshold: 2, partitioning: QuicksortVariant3(pivot: MEDIAN3))   -> time =    332.323 ms
  QuicksortImproved(threshold: 2, partitioning: QuicksortVariant2(pivot: MEDIAN3))   -> time =    328.341 ms
  QuicksortImproved(threshold: 128, partitioning: QuicksortVariant2(pivot: MEDIAN3)) -> time =    266.739 ms
  QuicksortImproved(threshold: 48, partitioning: QuicksortVariant2(pivot: MIDDLE))   -> time =    269.399 ms
  QuicksortImproved(threshold: 192, partitioning: QuicksortVariant1(pivot: MIDDLE))  -> time =    260.276 ms
  QuicksortImproved(threshold: 8, partitioning: QuicksortVariant1(pivot: MIDDLE))    -> time =    298.482 ms
  QuicksortImproved(threshold: 32, partitioning: QuicksortVariant3(pivot: MEDIAN3))  -> time =    283.489 ms
  QuicksortImproved(threshold: 192, partitioning: QuicksortVariant2(pivot: MIDDLE))  -> time =    264.039 ms
  QuicksortImproved(threshold: 64, partitioning: QuicksortVariant3(pivot: MEDIAN3))  -> time =    272.975 ms
  QuicksortImproved(threshold: 8, partitioning: QuicksortVariant2(pivot: MEDIAN3))   -> time =    309.166 ms
  QuicksortVariant1(pivot: MIDDLE)                                                   -> time =    301.722 ms
  QuicksortImproved(threshold: 24, partitioning: QuicksortVariant1(pivot: MIDDLE))   -> time =    277.574 ms
  QuicksortImproved(threshold: 64, partitioning: QuicksortVariant1(pivot: MIDDLE))   -> time =    268.565 ms
  QuicksortImproved(threshold: 16, partitioning: QuicksortVariant2(pivot: MIDDLE))   -> time =    293.950 ms
  QuicksortImproved(threshold: 4, partitioning: QuicksortVariant3(pivot: MIDDLE))    -> time =    301.358 ms
  QuicksortImproved(threshold: 128, partitioning: QuicksortVariant1(pivot: MEDIAN3)) -> time =    266.477 ms
  QuicksortImproved(threshold: 96, partitioning: QuicksortVariant3(pivot: MIDDLE))   -> time =    259.950 ms
  QuicksortVariant3(pivot: MIDDLE)                                                   -> time =    303.872 ms
  QuicksortImproved(threshold: 4, partitioning: QuicksortVariant3(pivot: MEDIAN3))   -> time =    323.521 ms
  QuicksortImproved(threshold: 2, partitioning: QuicksortVariant2(pivot: MIDDLE))    -> time =    311.762 ms
  QuicksortImproved(threshold: 24, partitioning: QuicksortVariant1(pivot: MEDIAN3))  -> time =    284.526 ms
  QuicksortImproved(threshold: 64, partitioning: QuicksortVariant3(pivot: MIDDLE))   -> time =    262.103 ms
  QuicksortImproved(threshold: 96, partitioning: QuicksortVariant3(pivot: MEDIAN3))  -> time =    269.313 ms
  QuicksortImproved(threshold: 128, partitioning: QuicksortVariant2(pivot: MIDDLE))  -> time =    261.805 ms
  QuicksortImproved(threshold: 2, partitioning: QuicksortVariant1(pivot: MIDDLE))    -> time =    309.168 ms
  QuicksortImproved(threshold: 128, partitioning: QuicksortVariant1(pivot: MIDDLE))  -> time =    259.198 ms
  QuicksortImproved(threshold: 24, partitioning: QuicksortVariant3(pivot: MEDIAN3))  -> time =    289.720 ms
  QuicksortImproved(threshold: 48, partitioning: QuicksortVariant1(pivot: MIDDLE))   -> time =    263.099 ms
  QuicksortImproved(threshold: 192, partitioning: QuicksortVariant2(pivot: MEDIAN3)) -> time =    270.902 ms
  QuicksortImproved(threshold: 4, partitioning: QuicksortVariant2(pivot: MIDDLE))    -> time =    306.018 ms
  QuicksortImproved(threshold: 192, partitioning: QuicksortVariant3(pivot: MEDIAN3)) -> time =    269.869 ms
  QuicksortImproved(threshold: 96, partitioning: QuicksortVariant2(pivot: MIDDLE))   -> time =    266.003 ms
  QuicksortImproved(threshold: 128, partitioning: QuicksortVariant3(pivot: MEDIAN3)) -> time =    267.331 ms
  QuicksortVariant2(pivot: MIDDLE)                                                   -> time =    310.725 ms
  QuicksortImproved(threshold: 24, partitioning: QuicksortVariant3(pivot: MIDDLE))   -> time =    275.330 ms
  QuicksortImproved(threshold: 24, partitioning: QuicksortVariant2(pivot: MIDDLE))   -> time =    278.910 ms
  QuicksortImproved(threshold: 4, partitioning: QuicksortVariant1(pivot: MIDDLE))    -> time =    298.552 ms
  QuicksortImproved(threshold: 96, partitioning: QuicksortVariant1(pivot: MEDIAN3))  -> time =    270.622 ms
  QuicksortImproved(threshold: 96, partitioning: QuicksortVariant1(pivot: MIDDLE))   -> time =    257.624 ms
  QuicksortImproved(threshold: 2, partitioning: QuicksortVariant3(pivot: MIDDLE))    -> time =    305.703 ms
  QuicksortVariant2(pivot: MEDIAN3)                                                  -> time =    325.364 ms <<< NEW RECORD :-)
  QuicksortImproved(threshold: 192, partitioning: QuicksortVariant1(pivot: MEDIAN3)) -> time =    267.860 ms
Iteration 16
  QuicksortVariant3(pivot: MEDIAN3)                                                  -> time =    331.770 ms
  QuicksortVariant1(pivot: MEDIAN3)                                                  -> time =    315.918 ms <<< NEW RECORD :-)
  QuicksortImproved(threshold: 96, partitioning: QuicksortVariant2(pivot: MIDDLE))   -> time =    258.682 ms <<< NEW RECORD :-)
  QuicksortImproved(threshold: 24, partitioning: QuicksortVariant2(pivot: MIDDLE))   -> time =    275.802 ms
  QuicksortImproved(threshold: 24, partitioning: QuicksortVariant2(pivot: MEDIAN3))  -> time =    287.789 ms
  QuicksortImproved(threshold: 8, partitioning: QuicksortVariant3(pivot: MEDIAN3))   -> time =    307.192 ms
  QuicksortImproved(threshold: 96, partitioning: QuicksortVariant1(pivot: MIDDLE))   -> time =    258.135 ms
  QuicksortImproved(threshold: 16, partitioning: QuicksortVariant2(pivot: MIDDLE))   -> time =    286.038 ms
  QuicksortImproved(threshold: 4, partitioning: QuicksortVariant1(pivot: MIDDLE))    -> time =    298.330 ms
  QuicksortImproved(threshold: 2, partitioning: QuicksortVariant2(pivot: MEDIAN3))   -> time =    332.282 ms
  QuicksortImproved(threshold: 24, partitioning: QuicksortVariant3(pivot: MEDIAN3))  -> time =    286.336 ms
  QuicksortImproved(threshold: 64, partitioning: QuicksortVariant2(pivot: MIDDLE))   -> time =    261.870 ms
  QuicksortImproved(threshold: 32, partitioning: QuicksortVariant3(pivot: MIDDLE))   -> time =    268.371 ms
  QuicksortImproved(threshold: 2, partitioning: QuicksortVariant3(pivot: MEDIAN3))   -> time =    330.972 ms
  QuicksortImproved(threshold: 192, partitioning: QuicksortVariant2(pivot: MIDDLE))  -> time =    260.028 ms
  QuicksortImproved(threshold: 8, partitioning: QuicksortVariant3(pivot: MIDDLE))    -> time =    288.766 ms
  QuicksortImproved(threshold: 2, partitioning: QuicksortVariant1(pivot: MIDDLE))    -> time =    304.534 ms
  QuicksortImproved(threshold: 24, partitioning: QuicksortVariant1(pivot: MEDIAN3))  -> time =    281.519 ms <<< NEW RECORD :-)
  QuicksortImproved(threshold: 4, partitioning: QuicksortVariant2(pivot: MIDDLE))    -> time =    303.772 ms
  QuicksortImproved(threshold: 16, partitioning: QuicksortVariant3(pivot: MEDIAN3))  -> time =    297.311 ms
  QuicksortImproved(threshold: 8, partitioning: QuicksortVariant1(pivot: MEDIAN3))   -> time =    300.110 ms
  QuicksortImproved(threshold: 128, partitioning: QuicksortVariant3(pivot: MIDDLE))  -> time =    258.369 ms
  QuicksortImproved(threshold: 16, partitioning: QuicksortVariant3(pivot: MIDDLE))   -> time =    278.567 ms
  QuicksortImproved(threshold: 192, partitioning: QuicksortVariant2(pivot: MEDIAN3)) -> time =    280.226 ms
  QuicksortImproved(threshold: 48, partitioning: QuicksortVariant3(pivot: MEDIAN3))  -> time =    275.256 ms
  QuicksortImproved(threshold: 128, partitioning: QuicksortVariant1(pivot: MIDDLE))  -> time =    258.779 ms
  QuicksortImproved(threshold: 32, partitioning: QuicksortVariant2(pivot: MEDIAN3))  -> time =    283.029 ms
  QuicksortImproved(threshold: 128, partitioning: QuicksortVariant2(pivot: MIDDLE))  -> time =    257.828 ms
  QuicksortImproved(threshold: 32, partitioning: QuicksortVariant3(pivot: MEDIAN3))  -> time =    280.573 ms
  QuicksortImproved(threshold: 2, partitioning: QuicksortVariant3(pivot: MIDDLE))    -> time =    302.789 ms
  QuicksortImproved(threshold: 24, partitioning: QuicksortVariant3(pivot: MIDDLE))   -> time =    273.467 ms
  QuicksortImproved(threshold: 4, partitioning: QuicksortVariant3(pivot: MEDIAN3))   -> time =    321.332 ms
  QuicksortImproved(threshold: 2, partitioning: QuicksortVariant1(pivot: MEDIAN3))   -> time =    318.701 ms <<< NEW RECORD :-)
  QuicksortVariant2(pivot: MEDIAN3)                                                  -> time =    327.651 ms
  QuicksortImproved(threshold: 48, partitioning: QuicksortVariant1(pivot: MEDIAN3))  -> time =    270.063 ms <<< NEW RECORD :-)
  QuicksortImproved(threshold: 128, partitioning: QuicksortVariant2(pivot: MEDIAN3)) -> time =    267.406 ms
  QuicksortImproved(threshold: 8, partitioning: QuicksortVariant2(pivot: MEDIAN3))   -> time =    312.561 ms
  QuicksortVariant2(pivot: MIDDLE)                                                   -> time =    309.086 ms
  QuicksortImproved(threshold: 48, partitioning: QuicksortVariant2(pivot: MIDDLE))   -> time =    265.982 ms
  QuicksortImproved(threshold: 192, partitioning: QuicksortVariant3(pivot: MEDIAN3)) -> time =    269.225 ms
  QuicksortImproved(threshold: 48, partitioning: QuicksortVariant2(pivot: MEDIAN3))  -> time =    283.980 ms
  QuicksortImproved(threshold: 64, partitioning: QuicksortVariant1(pivot: MIDDLE))   -> time =    264.429 ms
  QuicksortImproved(threshold: 64, partitioning: QuicksortVariant3(pivot: MIDDLE))   -> time =    263.712 ms
  QuicksortImproved(threshold: 64, partitioning: QuicksortVariant2(pivot: MEDIAN3))  -> time =    280.541 ms
  QuicksortImproved(threshold: 4, partitioning: QuicksortVariant3(pivot: MIDDLE))    -> time =    304.112 ms
  QuicksortImproved(threshold: 16, partitioning: QuicksortVariant1(pivot: MIDDLE))   -> time =    285.686 ms
  QuicksortImproved(threshold: 4, partitioning: QuicksortVariant1(pivot: MEDIAN3))   -> time =    314.981 ms
  QuicksortImproved(threshold: 24, partitioning: QuicksortVariant1(pivot: MIDDLE))   -> time =    277.880 ms
  QuicksortImproved(threshold: 192, partitioning: QuicksortVariant1(pivot: MIDDLE))  -> time =    264.887 ms
  QuicksortImproved(threshold: 48, partitioning: QuicksortVariant3(pivot: MIDDLE))   -> time =    266.840 ms
  QuicksortImproved(threshold: 8, partitioning: QuicksortVariant2(pivot: MIDDLE))    -> time =    293.754 ms
  QuicksortVariant1(pivot: MIDDLE)                                                   -> time =    303.155 ms
  QuicksortImproved(threshold: 96, partitioning: QuicksortVariant2(pivot: MEDIAN3))  -> time =    278.274 ms
  QuicksortImproved(threshold: 16, partitioning: QuicksortVariant2(pivot: MEDIAN3))  -> time =    306.096 ms
  QuicksortImproved(threshold: 48, partitioning: QuicksortVariant1(pivot: MIDDLE))   -> time =    272.270 ms
  QuicksortImproved(threshold: 32, partitioning: QuicksortVariant1(pivot: MEDIAN3))  -> time =    278.537 ms
  QuicksortImproved(threshold: 96, partitioning: QuicksortVariant3(pivot: MIDDLE))   -> time =    257.557 ms <<< NEW RECORD :-)
  QuicksortImproved(threshold: 4, partitioning: QuicksortVariant2(pivot: MEDIAN3))   -> time =    321.431 ms
  QuicksortImproved(threshold: 64, partitioning: QuicksortVariant3(pivot: MEDIAN3))  -> time =    272.545 ms
  QuicksortImproved(threshold: 32, partitioning: QuicksortVariant1(pivot: MIDDLE))   -> time =    272.072 ms
  QuicksortImproved(threshold: 32, partitioning: QuicksortVariant2(pivot: MIDDLE))   -> time =    284.865 ms
  QuicksortImproved(threshold: 8, partitioning: QuicksortVariant1(pivot: MIDDLE))    -> time =    291.275 ms
  QuicksortImproved(threshold: 16, partitioning: QuicksortVariant1(pivot: MEDIAN3))  -> time =    290.192 ms
  QuicksortImproved(threshold: 96, partitioning: QuicksortVariant3(pivot: MEDIAN3))  -> time =    267.775 ms
  QuicksortImproved(threshold: 2, partitioning: QuicksortVariant2(pivot: MIDDLE))    -> time =    309.365 ms
  QuicksortImproved(threshold: 128, partitioning: QuicksortVariant3(pivot: MEDIAN3)) -> time =    268.977 ms
  QuicksortImproved(threshold: 96, partitioning: QuicksortVariant1(pivot: MEDIAN3))  -> time =    264.746 ms
  QuicksortImproved(threshold: 192, partitioning: QuicksortVariant3(pivot: MIDDLE))  -> time =    259.443 ms
  QuicksortImproved(threshold: 64, partitioning: QuicksortVariant1(pivot: MEDIAN3))  -> time =    267.521 ms
  QuicksortImproved(threshold: 192, partitioning: QuicksortVariant1(pivot: MEDIAN3)) -> time =    263.689 ms <<< NEW RECORD :-)
  QuicksortVariant3(pivot: MIDDLE)                                                   -> time =    301.123 ms
  QuicksortImproved(threshold: 128, partitioning: QuicksortVariant1(pivot: MEDIAN3)) -> time =    264.384 ms
Iteration 17
  QuicksortImproved(threshold: 32, partitioning: QuicksortVariant1(pivot: MIDDLE))   -> time =    275.603 ms
  QuicksortImproved(threshold: 4, partitioning: QuicksortVariant1(pivot: MEDIAN3))   -> time =    317.729 ms
  QuicksortImproved(threshold: 24, partitioning: QuicksortVariant3(pivot: MEDIAN3))  -> time =    286.584 ms
  QuicksortImproved(threshold: 64, partitioning: QuicksortVariant3(pivot: MEDIAN3))  -> time =    272.924 ms
  QuicksortImproved(threshold: 16, partitioning: QuicksortVariant3(pivot: MIDDLE))   -> time =    281.720 ms
  QuicksortImproved(threshold: 32, partitioning: QuicksortVariant3(pivot: MEDIAN3))  -> time =    283.602 ms
  QuicksortImproved(threshold: 96, partitioning: QuicksortVariant2(pivot: MIDDLE))   -> time =    265.358 ms
  QuicksortImproved(threshold: 8, partitioning: QuicksortVariant1(pivot: MEDIAN3))   -> time =    302.444 ms
  QuicksortImproved(threshold: 96, partitioning: QuicksortVariant2(pivot: MEDIAN3))  -> time =    268.495 ms
  QuicksortImproved(threshold: 48, partitioning: QuicksortVariant3(pivot: MIDDLE))   -> time =    268.269 ms
  QuicksortImproved(threshold: 128, partitioning: QuicksortVariant3(pivot: MIDDLE))  -> time =    265.490 ms
  QuicksortImproved(threshold: 4, partitioning: QuicksortVariant3(pivot: MEDIAN3))   -> time =    334.483 ms
  QuicksortImproved(threshold: 24, partitioning: QuicksortVariant1(pivot: MIDDLE))   -> time =    274.710 ms
  QuicksortImproved(threshold: 4, partitioning: QuicksortVariant2(pivot: MEDIAN3))   -> time =    318.494 ms <<< NEW RECORD :-)
  QuicksortImproved(threshold: 32, partitioning: QuicksortVariant2(pivot: MIDDLE))   -> time =    274.130 ms
  QuicksortImproved(threshold: 128, partitioning: QuicksortVariant3(pivot: MEDIAN3)) -> time =    267.478 ms
  QuicksortImproved(threshold: 192, partitioning: QuicksortVariant3(pivot: MIDDLE))  -> time =    261.296 ms
  QuicksortImproved(threshold: 16, partitioning: QuicksortVariant2(pivot: MEDIAN3))  -> time =    300.498 ms
  QuicksortImproved(threshold: 2, partitioning: QuicksortVariant2(pivot: MIDDLE))    -> time =    310.730 ms
  QuicksortImproved(threshold: 4, partitioning: QuicksortVariant3(pivot: MIDDLE))    -> time =    300.613 ms
  QuicksortImproved(threshold: 64, partitioning: QuicksortVariant1(pivot: MEDIAN3))  -> time =    269.667 ms
  QuicksortVariant2(pivot: MIDDLE)                                                   -> time =    311.246 ms
  QuicksortImproved(threshold: 16, partitioning: QuicksortVariant2(pivot: MIDDLE))   -> time =    286.087 ms
  QuicksortImproved(threshold: 8, partitioning: QuicksortVariant3(pivot: MIDDLE))    -> time =    298.268 ms
  QuicksortImproved(threshold: 48, partitioning: QuicksortVariant2(pivot: MIDDLE))   -> time =    269.179 ms
  QuicksortImproved(threshold: 8, partitioning: QuicksortVariant2(pivot: MEDIAN3))   -> time =    307.812 ms
  QuicksortImproved(threshold: 64, partitioning: QuicksortVariant2(pivot: MEDIAN3))  -> time =    275.181 ms
  QuicksortImproved(threshold: 24, partitioning: QuicksortVariant1(pivot: MEDIAN3))  -> time =    284.643 ms
  QuicksortVariant3(pivot: MEDIAN3)                                                  -> time =    342.141 ms
  QuicksortImproved(threshold: 48, partitioning: QuicksortVariant1(pivot: MEDIAN3))  -> time =    282.213 ms
  QuicksortImproved(threshold: 96, partitioning: QuicksortVariant3(pivot: MEDIAN3))  -> time =    273.127 ms
  QuicksortImproved(threshold: 32, partitioning: QuicksortVariant3(pivot: MIDDLE))   -> time =    271.722 ms
  QuicksortImproved(threshold: 64, partitioning: QuicksortVariant3(pivot: MIDDLE))   -> time =    265.860 ms
  QuicksortImproved(threshold: 48, partitioning: QuicksortVariant1(pivot: MIDDLE))   -> time =    266.309 ms
  QuicksortImproved(threshold: 2, partitioning: QuicksortVariant2(pivot: MEDIAN3))   -> time =    330.341 ms
  QuicksortImproved(threshold: 16, partitioning: QuicksortVariant1(pivot: MEDIAN3))  -> time =    290.537 ms
  QuicksortImproved(threshold: 128, partitioning: QuicksortVariant1(pivot: MEDIAN3)) -> time =    263.997 ms
  QuicksortVariant3(pivot: MIDDLE)                                                   -> time =    310.411 ms
  QuicksortImproved(threshold: 64, partitioning: QuicksortVariant1(pivot: MIDDLE))   -> time =    261.486 ms
  QuicksortImproved(threshold: 2, partitioning: QuicksortVariant3(pivot: MIDDLE))    -> time =    307.843 ms
  QuicksortImproved(threshold: 192, partitioning: QuicksortVariant2(pivot: MEDIAN3)) -> time =    269.771 ms
  QuicksortImproved(threshold: 48, partitioning: QuicksortVariant3(pivot: MEDIAN3))  -> time =    279.571 ms
  QuicksortImproved(threshold: 128, partitioning: QuicksortVariant1(pivot: MIDDLE))  -> time =    259.230 ms
  QuicksortImproved(threshold: 24, partitioning: QuicksortVariant2(pivot: MEDIAN3))  -> time =    285.858 ms
  QuicksortImproved(threshold: 8, partitioning: QuicksortVariant2(pivot: MIDDLE))    -> time =    310.231 ms
  QuicksortImproved(threshold: 64, partitioning: QuicksortVariant2(pivot: MIDDLE))   -> time =    268.041 ms
  QuicksortImproved(threshold: 32, partitioning: QuicksortVariant2(pivot: MEDIAN3))  -> time =    288.404 ms
  QuicksortImproved(threshold: 16, partitioning: QuicksortVariant1(pivot: MIDDLE))   -> time =    288.420 ms
  QuicksortImproved(threshold: 2, partitioning: QuicksortVariant3(pivot: MEDIAN3))   -> time =    338.365 ms
  QuicksortVariant2(pivot: MEDIAN3)                                                  -> time =    326.955 ms
  QuicksortImproved(threshold: 192, partitioning: QuicksortVariant2(pivot: MIDDLE))  -> time =    261.621 ms
  QuicksortImproved(threshold: 16, partitioning: QuicksortVariant3(pivot: MEDIAN3))  -> time =    298.699 ms
  QuicksortImproved(threshold: 96, partitioning: QuicksortVariant3(pivot: MIDDLE))   -> time =    264.950 ms
  QuicksortImproved(threshold: 96, partitioning: QuicksortVariant1(pivot: MEDIAN3))  -> time =    266.394 ms
  QuicksortImproved(threshold: 192, partitioning: QuicksortVariant1(pivot: MEDIAN3)) -> time =    266.674 ms
  QuicksortImproved(threshold: 48, partitioning: QuicksortVariant2(pivot: MEDIAN3))  -> time =    276.450 ms
  QuicksortVariant1(pivot: MEDIAN3)                                                  -> time =    322.273 ms
  QuicksortImproved(threshold: 4, partitioning: QuicksortVariant1(pivot: MIDDLE))    -> time =    303.949 ms
  QuicksortImproved(threshold: 8, partitioning: QuicksortVariant1(pivot: MIDDLE))    -> time =    291.876 ms
  QuicksortImproved(threshold: 128, partitioning: QuicksortVariant2(pivot: MIDDLE))  -> time =    262.066 ms
  QuicksortImproved(threshold: 32, partitioning: QuicksortVariant1(pivot: MEDIAN3))  -> time =    276.043 ms
  QuicksortImproved(threshold: 24, partitioning: QuicksortVariant2(pivot: MIDDLE))   -> time =    282.788 ms
  QuicksortImproved(threshold: 4, partitioning: QuicksortVariant2(pivot: MIDDLE))    -> time =    311.680 ms
  QuicksortImproved(threshold: 192, partitioning: QuicksortVariant1(pivot: MIDDLE))  -> time =    265.021 ms
  QuicksortImproved(threshold: 2, partitioning: QuicksortVariant1(pivot: MEDIAN3))   -> time =    322.273 ms
  QuicksortImproved(threshold: 24, partitioning: QuicksortVariant3(pivot: MIDDLE))   -> time =    278.240 ms
  QuicksortImproved(threshold: 192, partitioning: QuicksortVariant3(pivot: MEDIAN3)) -> time =    272.019 ms
  QuicksortImproved(threshold: 128, partitioning: QuicksortVariant2(pivot: MEDIAN3)) -> time =    277.984 ms
  QuicksortVariant1(pivot: MIDDLE)                                                   -> time =    306.950 ms
  QuicksortImproved(threshold: 2, partitioning: QuicksortVariant1(pivot: MIDDLE))    -> time =    315.887 ms
  QuicksortImproved(threshold: 8, partitioning: QuicksortVariant3(pivot: MEDIAN3))   -> time =    315.723 ms
  QuicksortImproved(threshold: 96, partitioning: QuicksortVariant1(pivot: MIDDLE))   -> time =    264.882 ms
Iteration 18
  QuicksortImproved(threshold: 32, partitioning: QuicksortVariant2(pivot: MIDDLE))   -> time =    278.775 ms
  QuicksortImproved(threshold: 24, partitioning: QuicksortVariant2(pivot: MIDDLE))   -> time =    282.762 ms
  QuicksortVariant3(pivot: MEDIAN3)                                                  -> time =    335.466 ms
  QuicksortImproved(threshold: 2, partitioning: QuicksortVariant1(pivot: MEDIAN3))   -> time =    330.209 ms
  QuicksortImproved(threshold: 4, partitioning: QuicksortVariant2(pivot: MEDIAN3))   -> time =    320.682 ms
  QuicksortImproved(threshold: 32, partitioning: QuicksortVariant3(pivot: MIDDLE))   -> time =    271.230 ms
  QuicksortImproved(threshold: 48, partitioning: QuicksortVariant2(pivot: MIDDLE))   -> time =    274.031 ms
  QuicksortImproved(threshold: 192, partitioning: QuicksortVariant1(pivot: MEDIAN3)) -> time =    269.338 ms
  QuicksortImproved(threshold: 16, partitioning: QuicksortVariant3(pivot: MIDDLE))   -> time =    281.717 ms
  QuicksortImproved(threshold: 16, partitioning: QuicksortVariant2(pivot: MIDDLE))   -> time =    289.159 ms
  QuicksortImproved(threshold: 2, partitioning: QuicksortVariant3(pivot: MIDDLE))    -> time =    306.128 ms
  QuicksortImproved(threshold: 24, partitioning: QuicksortVariant3(pivot: MIDDLE))   -> time =    275.637 ms
  QuicksortVariant2(pivot: MEDIAN3)                                                  -> time =    326.362 ms
  QuicksortImproved(threshold: 16, partitioning: QuicksortVariant1(pivot: MEDIAN3))  -> time =    294.320 ms
  QuicksortImproved(threshold: 8, partitioning: QuicksortVariant2(pivot: MIDDLE))    -> time =    304.698 ms
  QuicksortImproved(threshold: 24, partitioning: QuicksortVariant1(pivot: MIDDLE))   -> time =    279.053 ms
  QuicksortVariant2(pivot: MIDDLE)                                                   -> time =    315.381 ms
  QuicksortImproved(threshold: 192, partitioning: QuicksortVariant3(pivot: MIDDLE))  -> time =    260.922 ms
  QuicksortImproved(threshold: 128, partitioning: QuicksortVariant1(pivot: MIDDLE))  -> time =    261.496 ms
  QuicksortImproved(threshold: 48, partitioning: QuicksortVariant1(pivot: MIDDLE))   -> time =    269.725 ms
  QuicksortImproved(threshold: 192, partitioning: QuicksortVariant3(pivot: MEDIAN3)) -> time =    276.781 ms
  QuicksortImproved(threshold: 24, partitioning: QuicksortVariant3(pivot: MEDIAN3))  -> time =    295.411 ms
  QuicksortImproved(threshold: 4, partitioning: QuicksortVariant2(pivot: MIDDLE))    -> time =    311.708 ms
  QuicksortImproved(threshold: 2, partitioning: QuicksortVariant2(pivot: MEDIAN3))   -> time =    327.504 ms
  QuicksortImproved(threshold: 24, partitioning: QuicksortVariant1(pivot: MEDIAN3))  -> time =    286.525 ms
  QuicksortImproved(threshold: 4, partitioning: QuicksortVariant3(pivot: MIDDLE))    -> time =    301.211 ms
  QuicksortImproved(threshold: 96, partitioning: QuicksortVariant3(pivot: MEDIAN3))  -> time =    275.390 ms
  QuicksortImproved(threshold: 64, partitioning: QuicksortVariant2(pivot: MIDDLE))   -> time =    270.089 ms
  QuicksortImproved(threshold: 32, partitioning: QuicksortVariant1(pivot: MIDDLE))   -> time =    279.730 ms
  QuicksortImproved(threshold: 32, partitioning: QuicksortVariant3(pivot: MEDIAN3))  -> time =    292.298 ms
  QuicksortVariant1(pivot: MEDIAN3)                                                  -> time =    321.957 ms
  QuicksortImproved(threshold: 48, partitioning: QuicksortVariant3(pivot: MEDIAN3))  -> time =    281.289 ms
  QuicksortImproved(threshold: 96, partitioning: QuicksortVariant3(pivot: MIDDLE))   -> time =    258.963 ms
  QuicksortImproved(threshold: 48, partitioning: QuicksortVariant1(pivot: MEDIAN3))  -> time =    273.799 ms
  QuicksortImproved(threshold: 48, partitioning: QuicksortVariant2(pivot: MEDIAN3))  -> time =    274.183 ms
  QuicksortImproved(threshold: 16, partitioning: QuicksortVariant3(pivot: MEDIAN3))  -> time =    298.969 ms
  QuicksortImproved(threshold: 2, partitioning: QuicksortVariant2(pivot: MIDDLE))    -> time =    315.748 ms
  QuicksortImproved(threshold: 64, partitioning: QuicksortVariant3(pivot: MEDIAN3))  -> time =    278.702 ms
  QuicksortImproved(threshold: 96, partitioning: QuicksortVariant1(pivot: MEDIAN3))  -> time =    268.489 ms
  QuicksortImproved(threshold: 64, partitioning: QuicksortVariant1(pivot: MIDDLE))   -> time =    266.832 ms
  QuicksortImproved(threshold: 128, partitioning: QuicksortVariant1(pivot: MEDIAN3)) -> time =    266.536 ms
  QuicksortImproved(threshold: 192, partitioning: QuicksortVariant1(pivot: MIDDLE))  -> time =    263.811 ms
  QuicksortImproved(threshold: 8, partitioning: QuicksortVariant3(pivot: MIDDLE))    -> time =    289.930 ms
  QuicksortImproved(threshold: 64, partitioning: QuicksortVariant3(pivot: MIDDLE))   -> time =    268.249 ms
  QuicksortImproved(threshold: 192, partitioning: QuicksortVariant2(pivot: MIDDLE))  -> time =    288.270 ms
  QuicksortImproved(threshold: 4, partitioning: QuicksortVariant1(pivot: MIDDLE))    -> time =    310.132 ms
  QuicksortImproved(threshold: 128, partitioning: QuicksortVariant2(pivot: MIDDLE))  -> time =    268.263 ms
  QuicksortImproved(threshold: 2, partitioning: QuicksortVariant3(pivot: MEDIAN3))   -> time =    338.458 ms
  QuicksortImproved(threshold: 96, partitioning: QuicksortVariant2(pivot: MEDIAN3))  -> time =    267.059 ms
  QuicksortImproved(threshold: 8, partitioning: QuicksortVariant3(pivot: MEDIAN3))   -> time =    313.550 ms
  QuicksortImproved(threshold: 64, partitioning: QuicksortVariant2(pivot: MEDIAN3))  -> time =    270.594 ms
  QuicksortImproved(threshold: 192, partitioning: QuicksortVariant2(pivot: MEDIAN3)) -> time =    268.151 ms
  QuicksortImproved(threshold: 2, partitioning: QuicksortVariant1(pivot: MIDDLE))    -> time =    308.237 ms
  QuicksortImproved(threshold: 64, partitioning: QuicksortVariant1(pivot: MEDIAN3))  -> time =    270.489 ms
  QuicksortImproved(threshold: 128, partitioning: QuicksortVariant2(pivot: MEDIAN3)) -> time =    265.557 ms
  QuicksortVariant3(pivot: MIDDLE)                                                   -> time =    301.111 ms
  QuicksortImproved(threshold: 4, partitioning: QuicksortVariant3(pivot: MEDIAN3))   -> time =    324.517 ms
  QuicksortImproved(threshold: 32, partitioning: QuicksortVariant2(pivot: MEDIAN3))  -> time =    280.799 ms <<< NEW RECORD :-)
  QuicksortImproved(threshold: 16, partitioning: QuicksortVariant2(pivot: MEDIAN3))  -> time =    293.431 ms
  QuicksortImproved(threshold: 128, partitioning: QuicksortVariant3(pivot: MIDDLE))  -> time =    260.926 ms
  QuicksortImproved(threshold: 8, partitioning: QuicksortVariant2(pivot: MEDIAN3))   -> time =    310.174 ms
  QuicksortVariant1(pivot: MIDDLE)                                                   -> time =    304.865 ms
  QuicksortImproved(threshold: 96, partitioning: QuicksortVariant2(pivot: MIDDLE))   -> time =    267.715 ms
  QuicksortImproved(threshold: 48, partitioning: QuicksortVariant3(pivot: MIDDLE))   -> time =    265.342 ms
  QuicksortImproved(threshold: 8, partitioning: QuicksortVariant1(pivot: MEDIAN3))   -> time =    306.514 ms
  QuicksortImproved(threshold: 4, partitioning: QuicksortVariant1(pivot: MEDIAN3))   -> time =    323.032 ms
  QuicksortImproved(threshold: 96, partitioning: QuicksortVariant1(pivot: MIDDLE))   -> time =    269.738 ms
  QuicksortImproved(threshold: 24, partitioning: QuicksortVariant2(pivot: MEDIAN3))  -> time =    288.622 ms
  QuicksortImproved(threshold: 128, partitioning: QuicksortVariant3(pivot: MEDIAN3)) -> time =    276.855 ms
  QuicksortImproved(threshold: 32, partitioning: QuicksortVariant1(pivot: MEDIAN3))  -> time =    294.353 ms
  QuicksortImproved(threshold: 8, partitioning: QuicksortVariant1(pivot: MIDDLE))    -> time =    300.247 ms
  QuicksortImproved(threshold: 16, partitioning: QuicksortVariant1(pivot: MIDDLE))   -> time =    283.912 ms
Iteration 19
  QuicksortImproved(threshold: 24, partitioning: QuicksortVariant1(pivot: MIDDLE))   -> time =    281.013 ms
  QuicksortImproved(threshold: 16, partitioning: QuicksortVariant3(pivot: MEDIAN3))  -> time =    298.383 ms
  QuicksortImproved(threshold: 32, partitioning: QuicksortVariant1(pivot: MEDIAN3))  -> time =    282.605 ms
  QuicksortImproved(threshold: 24, partitioning: QuicksortVariant3(pivot: MIDDLE))   -> time =    273.710 ms
  QuicksortImproved(threshold: 16, partitioning: QuicksortVariant1(pivot: MIDDLE))   -> time =    283.193 ms
  QuicksortImproved(threshold: 8, partitioning: QuicksortVariant1(pivot: MIDDLE))    -> time =    293.363 ms
  QuicksortImproved(threshold: 128, partitioning: QuicksortVariant1(pivot: MEDIAN3)) -> time =    268.210 ms
  QuicksortImproved(threshold: 8, partitioning: QuicksortVariant2(pivot: MIDDLE))    -> time =    291.261 ms <<< NEW RECORD :-)
  QuicksortImproved(threshold: 192, partitioning: QuicksortVariant3(pivot: MEDIAN3)) -> time =    269.211 ms
  QuicksortImproved(threshold: 8, partitioning: QuicksortVariant3(pivot: MIDDLE))    -> time =    287.755 ms
  QuicksortImproved(threshold: 64, partitioning: QuicksortVariant1(pivot: MIDDLE))   -> time =    263.342 ms
  QuicksortImproved(threshold: 2, partitioning: QuicksortVariant1(pivot: MEDIAN3))   -> time =    330.240 ms
  QuicksortImproved(threshold: 24, partitioning: QuicksortVariant2(pivot: MIDDLE))   -> time =    276.919 ms
  QuicksortImproved(threshold: 128, partitioning: QuicksortVariant3(pivot: MEDIAN3)) -> time =    268.519 ms
  QuicksortImproved(threshold: 96, partitioning: QuicksortVariant3(pivot: MIDDLE))   -> time =    256.929 ms <<< NEW RECORD :-)
  QuicksortImproved(threshold: 4, partitioning: QuicksortVariant1(pivot: MEDIAN3))   -> time =    318.791 ms
  QuicksortImproved(threshold: 128, partitioning: QuicksortVariant2(pivot: MIDDLE))  -> time =    256.071 ms <<< NEW RECORD :-)
  QuicksortImproved(threshold: 192, partitioning: QuicksortVariant3(pivot: MIDDLE))  -> time =    259.138 ms
  QuicksortImproved(threshold: 8, partitioning: QuicksortVariant1(pivot: MEDIAN3))   -> time =    306.420 ms
  QuicksortImproved(threshold: 2, partitioning: QuicksortVariant1(pivot: MIDDLE))    -> time =    307.137 ms
  QuicksortVariant2(pivot: MEDIAN3)                                                  -> time =    331.088 ms
  QuicksortImproved(threshold: 32, partitioning: QuicksortVariant3(pivot: MEDIAN3))  -> time =    282.950 ms
  QuicksortImproved(threshold: 96, partitioning: QuicksortVariant2(pivot: MEDIAN3))  -> time =    271.417 ms
  QuicksortImproved(threshold: 48, partitioning: QuicksortVariant2(pivot: MIDDLE))   -> time =    263.175 ms <<< NEW RECORD :-)
  QuicksortVariant1(pivot: MIDDLE)                                                   -> time =    302.380 ms
  QuicksortImproved(threshold: 8, partitioning: QuicksortVariant3(pivot: MEDIAN3))   -> time =    308.694 ms
  QuicksortImproved(threshold: 32, partitioning: QuicksortVariant1(pivot: MIDDLE))   -> time =    270.650 ms
  QuicksortImproved(threshold: 64, partitioning: QuicksortVariant3(pivot: MEDIAN3))  -> time =    272.326 ms
  QuicksortImproved(threshold: 96, partitioning: QuicksortVariant2(pivot: MIDDLE))   -> time =    257.698 ms <<< NEW RECORD :-)
  QuicksortImproved(threshold: 2, partitioning: QuicksortVariant2(pivot: MIDDLE))    -> time =    308.259 ms
  QuicksortImproved(threshold: 48, partitioning: QuicksortVariant1(pivot: MEDIAN3))  -> time =    274.161 ms
  QuicksortImproved(threshold: 128, partitioning: QuicksortVariant1(pivot: MIDDLE))  -> time =    258.740 ms
  QuicksortImproved(threshold: 96, partitioning: QuicksortVariant1(pivot: MIDDLE))   -> time =    258.775 ms
  QuicksortImproved(threshold: 192, partitioning: QuicksortVariant2(pivot: MIDDLE))  -> time =    259.053 ms <<< NEW RECORD :-)
  QuicksortImproved(threshold: 32, partitioning: QuicksortVariant2(pivot: MIDDLE))   -> time =    269.416 ms <<< NEW RECORD :-)
  QuicksortImproved(threshold: 48, partitioning: QuicksortVariant1(pivot: MIDDLE))   -> time =    265.359 ms
  QuicksortImproved(threshold: 2, partitioning: QuicksortVariant3(pivot: MEDIAN3))   -> time =    333.577 ms
  QuicksortImproved(threshold: 192, partitioning: QuicksortVariant1(pivot: MIDDLE))  -> time =    260.953 ms
  QuicksortVariant3(pivot: MIDDLE)                                                   -> time =    300.554 ms
  QuicksortImproved(threshold: 4, partitioning: QuicksortVariant2(pivot: MEDIAN3))   -> time =    326.242 ms
  QuicksortVariant3(pivot: MEDIAN3)                                                  -> time =    334.615 ms
  QuicksortImproved(threshold: 24, partitioning: QuicksortVariant3(pivot: MEDIAN3))  -> time =    288.731 ms
  QuicksortImproved(threshold: 16, partitioning: QuicksortVariant2(pivot: MIDDLE))   -> time =    279.726 ms
  QuicksortImproved(threshold: 192, partitioning: QuicksortVariant2(pivot: MEDIAN3)) -> time =    282.904 ms
  QuicksortImproved(threshold: 32, partitioning: QuicksortVariant3(pivot: MIDDLE))   -> time =    272.792 ms
  QuicksortImproved(threshold: 4, partitioning: QuicksortVariant3(pivot: MIDDLE))    -> time =    300.182 ms
  QuicksortImproved(threshold: 64, partitioning: QuicksortVariant2(pivot: MEDIAN3))  -> time =    276.749 ms
  QuicksortImproved(threshold: 4, partitioning: QuicksortVariant2(pivot: MIDDLE))    -> time =    303.795 ms
  QuicksortImproved(threshold: 2, partitioning: QuicksortVariant3(pivot: MIDDLE))    -> time =    302.791 ms
  QuicksortVariant2(pivot: MIDDLE)                                                   -> time =    306.462 ms <<< NEW RECORD :-)
  QuicksortImproved(threshold: 16, partitioning: QuicksortVariant3(pivot: MIDDLE))   -> time =    278.041 ms
  QuicksortVariant1(pivot: MEDIAN3)                                                  -> time =    321.676 ms
  QuicksortImproved(threshold: 4, partitioning: QuicksortVariant1(pivot: MIDDLE))    -> time =    300.463 ms
  QuicksortImproved(threshold: 32, partitioning: QuicksortVariant2(pivot: MEDIAN3))  -> time =    285.351 ms
  QuicksortImproved(threshold: 64, partitioning: QuicksortVariant3(pivot: MIDDLE))   -> time =    259.034 ms
  QuicksortImproved(threshold: 8, partitioning: QuicksortVariant2(pivot: MEDIAN3))   -> time =    312.932 ms
  QuicksortImproved(threshold: 96, partitioning: QuicksortVariant3(pivot: MEDIAN3))  -> time =    269.160 ms
  QuicksortImproved(threshold: 64, partitioning: QuicksortVariant1(pivot: MEDIAN3))  -> time =    273.482 ms
  QuicksortImproved(threshold: 4, partitioning: QuicksortVariant3(pivot: MEDIAN3))   -> time =    325.653 ms
  QuicksortImproved(threshold: 128, partitioning: QuicksortVariant2(pivot: MEDIAN3)) -> time =    282.250 ms
  QuicksortImproved(threshold: 128, partitioning: QuicksortVariant3(pivot: MIDDLE))  -> time =    259.701 ms
  QuicksortImproved(threshold: 48, partitioning: QuicksortVariant2(pivot: MEDIAN3))  -> time =    281.179 ms
  QuicksortImproved(threshold: 192, partitioning: QuicksortVariant1(pivot: MEDIAN3)) -> time =    269.766 ms
  QuicksortImproved(threshold: 24, partitioning: QuicksortVariant1(pivot: MEDIAN3))  -> time =    295.587 ms
  QuicksortImproved(threshold: 24, partitioning: QuicksortVariant2(pivot: MEDIAN3))  -> time =    295.095 ms
  QuicksortImproved(threshold: 16, partitioning: QuicksortVariant2(pivot: MEDIAN3))  -> time =    298.401 ms
  QuicksortImproved(threshold: 48, partitioning: QuicksortVariant3(pivot: MIDDLE))   -> time =    263.064 ms
  QuicksortImproved(threshold: 64, partitioning: QuicksortVariant2(pivot: MIDDLE))   -> time =    261.831 ms
  QuicksortImproved(threshold: 2, partitioning: QuicksortVariant2(pivot: MEDIAN3))   -> time =    332.810 ms
  QuicksortImproved(threshold: 48, partitioning: QuicksortVariant3(pivot: MEDIAN3))  -> time =    278.451 ms
  QuicksortImproved(threshold: 16, partitioning: QuicksortVariant1(pivot: MEDIAN3))  -> time =    292.818 ms
  QuicksortImproved(threshold: 96, partitioning: QuicksortVariant1(pivot: MEDIAN3))  -> time =    267.052 ms
Iteration 20
  QuicksortImproved(threshold: 64, partitioning: QuicksortVariant3(pivot: MEDIAN3))  -> time =    276.006 ms
  QuicksortImproved(threshold: 8, partitioning: QuicksortVariant1(pivot: MEDIAN3))   -> time =    310.911 ms
  QuicksortImproved(threshold: 4, partitioning: QuicksortVariant1(pivot: MIDDLE))    -> time =    303.081 ms
  QuicksortVariant2(pivot: MEDIAN3)                                                  -> time =    331.877 ms
  QuicksortImproved(threshold: 16, partitioning: QuicksortVariant3(pivot: MEDIAN3))  -> time =    300.247 ms
  QuicksortImproved(threshold: 128, partitioning: QuicksortVariant2(pivot: MIDDLE))  -> time =    261.994 ms
  QuicksortImproved(threshold: 96, partitioning: QuicksortVariant3(pivot: MEDIAN3))  -> time =    268.487 ms
  QuicksortImproved(threshold: 48, partitioning: QuicksortVariant1(pivot: MEDIAN3))  -> time =    275.138 ms
  QuicksortImproved(threshold: 64, partitioning: QuicksortVariant3(pivot: MIDDLE))   -> time =    261.968 ms
  QuicksortImproved(threshold: 192, partitioning: QuicksortVariant2(pivot: MEDIAN3)) -> time =    275.505 ms
  QuicksortVariant2(pivot: MIDDLE)                                                   -> time =    313.003 ms
  QuicksortImproved(threshold: 2, partitioning: QuicksortVariant3(pivot: MIDDLE))    -> time =    304.334 ms
  QuicksortImproved(threshold: 96, partitioning: QuicksortVariant3(pivot: MIDDLE))   -> time =    257.660 ms
  QuicksortImproved(threshold: 8, partitioning: QuicksortVariant2(pivot: MEDIAN3))   -> time =    315.290 ms
  QuicksortImproved(threshold: 24, partitioning: QuicksortVariant3(pivot: MEDIAN3))  -> time =    288.654 ms
  QuicksortImproved(threshold: 4, partitioning: QuicksortVariant3(pivot: MIDDLE))    -> time =    300.125 ms
  QuicksortImproved(threshold: 192, partitioning: QuicksortVariant1(pivot: MIDDLE))  -> time =    258.583 ms
  QuicksortImproved(threshold: 8, partitioning: QuicksortVariant3(pivot: MEDIAN3))   -> time =    309.736 ms
  QuicksortImproved(threshold: 24, partitioning: QuicksortVariant3(pivot: MIDDLE))   -> time =    274.978 ms
  QuicksortImproved(threshold: 48, partitioning: QuicksortVariant1(pivot: MIDDLE))   -> time =    272.406 ms
  QuicksortImproved(threshold: 32, partitioning: QuicksortVariant3(pivot: MIDDLE))   -> time =    269.144 ms
  QuicksortImproved(threshold: 2, partitioning: QuicksortVariant2(pivot: MEDIAN3))   -> time =    331.721 ms
  QuicksortImproved(threshold: 8, partitioning: QuicksortVariant3(pivot: MIDDLE))    -> time =    289.875 ms
  QuicksortImproved(threshold: 64, partitioning: QuicksortVariant2(pivot: MEDIAN3))  -> time =    277.685 ms
  QuicksortImproved(threshold: 16, partitioning: QuicksortVariant3(pivot: MIDDLE))   -> time =    282.978 ms
  QuicksortImproved(threshold: 48, partitioning: QuicksortVariant2(pivot: MIDDLE))   -> time =    268.553 ms
  QuicksortImproved(threshold: 48, partitioning: QuicksortVariant3(pivot: MIDDLE))   -> time =    264.338 ms
  QuicksortImproved(threshold: 16, partitioning: QuicksortVariant1(pivot: MEDIAN3))  -> time =    294.065 ms
  QuicksortImproved(threshold: 32, partitioning: QuicksortVariant1(pivot: MEDIAN3))  -> time =    286.049 ms
  QuicksortImproved(threshold: 2, partitioning: QuicksortVariant3(pivot: MEDIAN3))   -> time =    335.808 ms
  QuicksortImproved(threshold: 4, partitioning: QuicksortVariant2(pivot: MIDDLE))    -> time =    306.767 ms
  QuicksortImproved(threshold: 4, partitioning: QuicksortVariant1(pivot: MEDIAN3))   -> time =    319.394 ms
  QuicksortImproved(threshold: 4, partitioning: QuicksortVariant2(pivot: MEDIAN3))   -> time =    326.015 ms
  QuicksortImproved(threshold: 128, partitioning: QuicksortVariant1(pivot: MEDIAN3)) -> time =    266.331 ms
  QuicksortImproved(threshold: 192, partitioning: QuicksortVariant2(pivot: MIDDLE))  -> time =    263.126 ms
  QuicksortImproved(threshold: 24, partitioning: QuicksortVariant1(pivot: MIDDLE))   -> time =    272.249 ms
  QuicksortImproved(threshold: 4, partitioning: QuicksortVariant3(pivot: MEDIAN3))   -> time =    322.676 ms
  QuicksortImproved(threshold: 16, partitioning: QuicksortVariant2(pivot: MIDDLE))   -> time =    283.931 ms
  QuicksortImproved(threshold: 64, partitioning: QuicksortVariant1(pivot: MEDIAN3))  -> time =    271.812 ms
  QuicksortImproved(threshold: 32, partitioning: QuicksortVariant3(pivot: MEDIAN3))  -> time =    283.329 ms
  QuicksortImproved(threshold: 192, partitioning: QuicksortVariant1(pivot: MEDIAN3)) -> time =    269.492 ms
  QuicksortImproved(threshold: 48, partitioning: QuicksortVariant2(pivot: MEDIAN3))  -> time =    285.392 ms
  QuicksortImproved(threshold: 192, partitioning: QuicksortVariant3(pivot: MIDDLE))  -> time =    260.736 ms
  QuicksortImproved(threshold: 64, partitioning: QuicksortVariant2(pivot: MIDDLE))   -> time =    266.862 ms
  QuicksortImproved(threshold: 16, partitioning: QuicksortVariant1(pivot: MIDDLE))   -> time =    281.910 ms
  QuicksortImproved(threshold: 48, partitioning: QuicksortVariant3(pivot: MEDIAN3))  -> time =    281.860 ms
  QuicksortImproved(threshold: 24, partitioning: QuicksortVariant1(pivot: MEDIAN3))  -> time =    286.009 ms
  QuicksortImproved(threshold: 16, partitioning: QuicksortVariant2(pivot: MEDIAN3))  -> time =    302.233 ms
  QuicksortImproved(threshold: 2, partitioning: QuicksortVariant2(pivot: MIDDLE))    -> time =    322.433 ms
  QuicksortVariant3(pivot: MEDIAN3)                                                  -> time =    332.798 ms
  QuicksortImproved(threshold: 96, partitioning: QuicksortVariant1(pivot: MIDDLE))   -> time =    257.009 ms
  QuicksortImproved(threshold: 96, partitioning: QuicksortVariant1(pivot: MEDIAN3))  -> time =    273.077 ms
  QuicksortImproved(threshold: 128, partitioning: QuicksortVariant3(pivot: MEDIAN3)) -> time =    272.754 ms
  QuicksortImproved(threshold: 96, partitioning: QuicksortVariant2(pivot: MIDDLE))   -> time =    262.977 ms
  QuicksortImproved(threshold: 24, partitioning: QuicksortVariant2(pivot: MEDIAN3))  -> time =    291.606 ms
  QuicksortImproved(threshold: 8, partitioning: QuicksortVariant2(pivot: MIDDLE))    -> time =    295.936 ms
  QuicksortImproved(threshold: 32, partitioning: QuicksortVariant2(pivot: MIDDLE))   -> time =    272.736 ms
  QuicksortImproved(threshold: 32, partitioning: QuicksortVariant2(pivot: MEDIAN3))  -> time =    289.479 ms
  QuicksortImproved(threshold: 64, partitioning: QuicksortVariant1(pivot: MIDDLE))   -> time =    263.192 ms
  QuicksortImproved(threshold: 2, partitioning: QuicksortVariant1(pivot: MIDDLE))    -> time =    316.910 ms
  QuicksortVariant1(pivot: MIDDLE)                                                   -> time =    303.491 ms
  QuicksortImproved(threshold: 24, partitioning: QuicksortVariant2(pivot: MIDDLE))   -> time =    292.383 ms
  QuicksortImproved(threshold: 2, partitioning: QuicksortVariant1(pivot: MEDIAN3))   -> time =    339.580 ms
  QuicksortImproved(threshold: 128, partitioning: QuicksortVariant2(pivot: MEDIAN3)) -> time =    274.293 ms
  QuicksortImproved(threshold: 128, partitioning: QuicksortVariant1(pivot: MIDDLE))  -> time =    266.030 ms
  QuicksortVariant1(pivot: MEDIAN3)                                                  -> time =    328.954 ms
  QuicksortVariant3(pivot: MIDDLE)                                                   -> time =    302.201 ms
  QuicksortImproved(threshold: 192, partitioning: QuicksortVariant3(pivot: MEDIAN3)) -> time =    270.245 ms
  QuicksortImproved(threshold: 32, partitioning: QuicksortVariant1(pivot: MIDDLE))   -> time =    269.690 ms
  QuicksortImproved(threshold: 96, partitioning: QuicksortVariant2(pivot: MEDIAN3))  -> time =    278.210 ms
  QuicksortImproved(threshold: 128, partitioning: QuicksortVariant3(pivot: MIDDLE))  -> time =    262.417 ms
  QuicksortImproved(threshold: 8, partitioning: QuicksortVariant1(pivot: MIDDLE))    -> time =    290.673 ms

----- Results after 20 iterations-----
QuicksortVariant1(pivot: MIDDLE)                                                   -> fastest:    297.522 ms, median:    302.768 ms 
QuicksortVariant1(pivot: MEDIAN3)                                                  -> fastest:    315.918 ms, median:    321.817 ms 
QuicksortVariant2(pivot: MIDDLE)                                                   -> fastest:    306.462 ms, median:    310.794 ms 
QuicksortVariant2(pivot: MEDIAN3)                                                  -> fastest:    325.364 ms, median:    330.200 ms 
QuicksortVariant3(pivot: MIDDLE)                                                   -> fastest:    299.226 ms, median:    302.364 ms 
QuicksortVariant3(pivot: MEDIAN3)                                                  -> fastest:    327.510 ms, median:    333.548 ms 
QuicksortImproved(threshold: 2, partitioning: QuicksortVariant1(pivot: MIDDLE))    -> fastest:    300.152 ms, median:    305.997 ms 
QuicksortImproved(threshold: 2, partitioning: QuicksortVariant1(pivot: MEDIAN3))   -> fastest:    318.701 ms, median:    325.317 ms 
QuicksortImproved(threshold: 2, partitioning: QuicksortVariant2(pivot: MIDDLE))    -> fastest:    307.019 ms, median:    311.854 ms 
QuicksortImproved(threshold: 2, partitioning: QuicksortVariant2(pivot: MEDIAN3))   -> fastest:    325.374 ms, median:    330.449 ms 
QuicksortImproved(threshold: 2, partitioning: QuicksortVariant3(pivot: MIDDLE))    -> fastest:    302.152 ms, median:    305.423 ms 
QuicksortImproved(threshold: 2, partitioning: QuicksortVariant3(pivot: MEDIAN3))   -> fastest:    327.355 ms, median:    332.573 ms 
QuicksortImproved(threshold: 4, partitioning: QuicksortVariant1(pivot: MIDDLE))    -> fastest:    294.641 ms, median:    299.811 ms 
QuicksortImproved(threshold: 4, partitioning: QuicksortVariant1(pivot: MEDIAN3))   -> fastest:    312.223 ms, median:    317.976 ms 
QuicksortImproved(threshold: 4, partitioning: QuicksortVariant2(pivot: MIDDLE))    -> fastest:    301.579 ms, median:    306.503 ms 
QuicksortImproved(threshold: 4, partitioning: QuicksortVariant2(pivot: MEDIAN3))   -> fastest:    318.494 ms, median:    321.419 ms 
QuicksortImproved(threshold: 4, partitioning: QuicksortVariant3(pivot: MIDDLE))    -> fastest:    295.314 ms, median:    300.912 ms 
QuicksortImproved(threshold: 4, partitioning: QuicksortVariant3(pivot: MEDIAN3))   -> fastest:    318.982 ms, median:    322.941 ms 
QuicksortImproved(threshold: 8, partitioning: QuicksortVariant1(pivot: MIDDLE))    -> fastest:    285.131 ms, median:    290.990 ms 
QuicksortImproved(threshold: 8, partitioning: QuicksortVariant1(pivot: MEDIAN3))   -> fastest:    298.660 ms, median:    306.257 ms 
QuicksortImproved(threshold: 8, partitioning: QuicksortVariant2(pivot: MIDDLE))    -> fastest:    291.261 ms, median:    297.275 ms 
QuicksortImproved(threshold: 8, partitioning: QuicksortVariant2(pivot: MEDIAN3))   -> fastest:    307.180 ms, median:    311.964 ms 
QuicksortImproved(threshold: 8, partitioning: QuicksortVariant3(pivot: MIDDLE))    -> fastest:    286.266 ms, median:    290.394 ms 
QuicksortImproved(threshold: 8, partitioning: QuicksortVariant3(pivot: MEDIAN3))   -> fastest:    304.973 ms, median:    309.294 ms 
QuicksortImproved(threshold: 16, partitioning: QuicksortVariant1(pivot: MIDDLE))   -> fastest:    278.329 ms, median:    282.582 ms 
QuicksortImproved(threshold: 16, partitioning: QuicksortVariant1(pivot: MEDIAN3))  -> fastest:    289.725 ms, median:    293.125 ms 
QuicksortImproved(threshold: 16, partitioning: QuicksortVariant2(pivot: MIDDLE))   -> fastest:    279.522 ms, median:    286.062 ms 
QuicksortImproved(threshold: 16, partitioning: QuicksortVariant2(pivot: MEDIAN3))  -> fastest:    292.779 ms, median:    298.172 ms 
QuicksortImproved(threshold: 16, partitioning: QuicksortVariant3(pivot: MIDDLE))   -> fastest:    274.685 ms, median:    281.495 ms 
QuicksortImproved(threshold: 16, partitioning: QuicksortVariant3(pivot: MEDIAN3))  -> fastest:    291.156 ms, median:    296.953 ms 
QuicksortImproved(threshold: 24, partitioning: QuicksortVariant1(pivot: MIDDLE))   -> fastest:    269.765 ms, median:    275.208 ms 
QuicksortImproved(threshold: 24, partitioning: QuicksortVariant1(pivot: MEDIAN3))  -> fastest:    281.519 ms, median:    285.857 ms 
QuicksortImproved(threshold: 24, partitioning: QuicksortVariant2(pivot: MIDDLE))   -> fastest:    274.907 ms, median:    279.024 ms 
QuicksortImproved(threshold: 24, partitioning: QuicksortVariant2(pivot: MEDIAN3))  -> fastest:    284.126 ms, median:    288.548 ms 
QuicksortImproved(threshold: 24, partitioning: QuicksortVariant3(pivot: MIDDLE))   -> fastest:    271.872 ms, median:    275.326 ms 
QuicksortImproved(threshold: 24, partitioning: QuicksortVariant3(pivot: MEDIAN3))  -> fastest:    284.319 ms, median:    287.503 ms 
QuicksortImproved(threshold: 32, partitioning: QuicksortVariant1(pivot: MIDDLE))   -> fastest:    264.511 ms, median:    270.545 ms 
QuicksortImproved(threshold: 32, partitioning: QuicksortVariant1(pivot: MEDIAN3))  -> fastest:    274.984 ms, median:    281.350 ms 
QuicksortImproved(threshold: 32, partitioning: QuicksortVariant2(pivot: MIDDLE))   -> fastest:    269.416 ms, median:    274.452 ms 
QuicksortImproved(threshold: 32, partitioning: QuicksortVariant2(pivot: MEDIAN3))  -> fastest:    280.799 ms, median:    286.077 ms 
QuicksortImproved(threshold: 32, partitioning: QuicksortVariant3(pivot: MIDDLE))   -> fastest:    267.848 ms, median:    271.657 ms 
QuicksortImproved(threshold: 32, partitioning: QuicksortVariant3(pivot: MEDIAN3))  -> fastest:    279.020 ms, median:    282.513 ms 
QuicksortImproved(threshold: 48, partitioning: QuicksortVariant1(pivot: MIDDLE))   -> fastest:    260.967 ms, median:    264.644 ms 
QuicksortImproved(threshold: 48, partitioning: QuicksortVariant1(pivot: MEDIAN3))  -> fastest:    270.063 ms, median:    273.980 ms 
QuicksortImproved(threshold: 48, partitioning: QuicksortVariant2(pivot: MIDDLE))   -> fastest:    263.175 ms, median:    268.335 ms 
QuicksortImproved(threshold: 48, partitioning: QuicksortVariant2(pivot: MEDIAN3))  -> fastest:    272.812 ms, median:    278.102 ms 
QuicksortImproved(threshold: 48, partitioning: QuicksortVariant3(pivot: MIDDLE))   -> fastest:    261.312 ms, median:    265.294 ms 
QuicksortImproved(threshold: 48, partitioning: QuicksortVariant3(pivot: MEDIAN3))  -> fastest:    271.534 ms, median:    277.603 ms 
QuicksortImproved(threshold: 64, partitioning: QuicksortVariant1(pivot: MIDDLE))   -> fastest:    256.152 ms, median:    262.219 ms 
QuicksortImproved(threshold: 64, partitioning: QuicksortVariant1(pivot: MEDIAN3))  -> fastest:    265.450 ms, median:    270.702 ms 
QuicksortImproved(threshold: 64, partitioning: QuicksortVariant2(pivot: MIDDLE))   -> fastest:    261.078 ms, median:    266.249 ms 
QuicksortImproved(threshold: 64, partitioning: QuicksortVariant2(pivot: MEDIAN3))  -> fastest:    268.914 ms, median:    274.889 ms 
QuicksortImproved(threshold: 64, partitioning: QuicksortVariant3(pivot: MIDDLE))   -> fastest:    258.931 ms, median:    262.934 ms 
QuicksortImproved(threshold: 64, partitioning: QuicksortVariant3(pivot: MEDIAN3))  -> fastest:    268.379 ms, median:    272.436 ms 
QuicksortImproved(threshold: 96, partitioning: QuicksortVariant1(pivot: MIDDLE))   -> fastest:    253.012 ms, median:    258.638 ms <<< FASTEST MEDIAN :-)
QuicksortImproved(threshold: 96, partitioning: QuicksortVariant1(pivot: MEDIAN3))  -> fastest:    263.159 ms, median:    267.462 ms 
QuicksortImproved(threshold: 96, partitioning: QuicksortVariant2(pivot: MIDDLE))   -> fastest:    257.698 ms, median:    262.346 ms 
QuicksortImproved(threshold: 96, partitioning: QuicksortVariant2(pivot: MEDIAN3))  -> fastest:    265.423 ms, median:    272.212 ms 
QuicksortImproved(threshold: 96, partitioning: QuicksortVariant3(pivot: MIDDLE))   -> fastest:    256.929 ms, median:    259.453 ms 
QuicksortImproved(threshold: 96, partitioning: QuicksortVariant3(pivot: MEDIAN3))  -> fastest:    265.994 ms, median:    269.032 ms 
QuicksortImproved(threshold: 128, partitioning: QuicksortVariant1(pivot: MIDDLE))  -> fastest:    253.007 ms, median:    258.759 ms 
QuicksortImproved(threshold: 128, partitioning: QuicksortVariant1(pivot: MEDIAN3)) -> fastest:    261.313 ms, median:    266.404 ms 
QuicksortImproved(threshold: 128, partitioning: QuicksortVariant2(pivot: MIDDLE))  -> fastest:    256.071 ms, median:    261.555 ms 
QuicksortImproved(threshold: 128, partitioning: QuicksortVariant2(pivot: MEDIAN3)) -> fastest:    265.495 ms, median:    270.481 ms 
QuicksortImproved(threshold: 128, partitioning: QuicksortVariant3(pivot: MIDDLE))  -> fastest:    255.054 ms, median:    260.360 ms 
QuicksortImproved(threshold: 128, partitioning: QuicksortVariant3(pivot: MEDIAN3)) -> fastest:    263.763 ms, median:    268.238 ms 
QuicksortImproved(threshold: 192, partitioning: QuicksortVariant1(pivot: MIDDLE))  -> fastest:    255.263 ms, median:    260.724 ms 
QuicksortImproved(threshold: 192, partitioning: QuicksortVariant1(pivot: MEDIAN3)) -> fastest:    263.689 ms, median:    268.095 ms 
QuicksortImproved(threshold: 192, partitioning: QuicksortVariant2(pivot: MIDDLE))  -> fastest:    259.053 ms, median:    263.089 ms 
QuicksortImproved(threshold: 192, partitioning: QuicksortVariant2(pivot: MEDIAN3)) -> fastest:    267.019 ms, median:    271.114 ms 
QuicksortImproved(threshold: 192, partitioning: QuicksortVariant3(pivot: MIDDLE))  -> fastest:    257.273 ms, median:    260.912 ms 
QuicksortImproved(threshold: 192, partitioning: QuicksortVariant3(pivot: MEDIAN3)) -> fastest:    265.893 ms, median:    269.997 ms 

Iteration 21
  QuicksortImproved(threshold: 4, partitioning: QuicksortVariant1(pivot: MIDDLE))    -> time =    316.394 ms
  QuicksortImproved(threshold: 8, partitioning: QuicksortVariant1(pivot: MIDDLE))    -> time =    302.016 ms
  QuicksortImproved(threshold: 16, partitioning: QuicksortVariant1(pivot: MEDIAN3))  -> time =    292.031 ms
  QuicksortImproved(threshold: 4, partitioning: QuicksortVariant1(pivot: MEDIAN3))   -> time =    320.164 ms
  QuicksortImproved(threshold: 32, partitioning: QuicksortVariant2(pivot: MIDDLE))   -> time =    275.931 ms
  QuicksortImproved(threshold: 24, partitioning: QuicksortVariant2(pivot: MIDDLE))   -> time =    282.496 ms
  QuicksortImproved(threshold: 16, partitioning: QuicksortVariant3(pivot: MIDDLE))   -> time =    282.306 ms
  QuicksortImproved(threshold: 128, partitioning: QuicksortVariant3(pivot: MIDDLE))  -> time =    258.428 ms
  QuicksortImproved(threshold: 2, partitioning: QuicksortVariant3(pivot: MIDDLE))    -> time =    304.598 ms
  QuicksortImproved(threshold: 48, partitioning: QuicksortVariant1(pivot: MEDIAN3))  -> time =    271.563 ms
  QuicksortImproved(threshold: 8, partitioning: QuicksortVariant2(pivot: MIDDLE))    -> time =    298.817 ms
  QuicksortImproved(threshold: 4, partitioning: QuicksortVariant2(pivot: MEDIAN3))   -> time =    320.722 ms
  QuicksortImproved(threshold: 192, partitioning: QuicksortVariant1(pivot: MIDDLE))  -> time =    264.381 ms
  QuicksortImproved(threshold: 24, partitioning: QuicksortVariant2(pivot: MEDIAN3))  -> time =    285.786 ms
  QuicksortImproved(threshold: 192, partitioning: QuicksortVariant2(pivot: MEDIAN3)) -> time =    278.560 ms
  QuicksortImproved(threshold: 16, partitioning: QuicksortVariant1(pivot: MIDDLE))   -> time =    285.367 ms
  QuicksortImproved(threshold: 48, partitioning: QuicksortVariant2(pivot: MEDIAN3))  -> time =    276.334 ms
  QuicksortImproved(threshold: 2, partitioning: QuicksortVariant2(pivot: MEDIAN3))   -> time =    326.554 ms
  QuicksortImproved(threshold: 48, partitioning: QuicksortVariant2(pivot: MIDDLE))   -> time =    270.748 ms
  QuicksortVariant1(pivot: MIDDLE)                                                   -> time =    305.434 ms
  QuicksortImproved(threshold: 16, partitioning: QuicksortVariant2(pivot: MIDDLE))   -> time =    287.858 ms
  QuicksortImproved(threshold: 8, partitioning: QuicksortVariant1(pivot: MEDIAN3))   -> time =    303.855 ms
  QuicksortImproved(threshold: 64, partitioning: QuicksortVariant2(pivot: MIDDLE))   -> time =    275.159 ms
  QuicksortImproved(threshold: 32, partitioning: QuicksortVariant1(pivot: MIDDLE))   -> time =    275.096 ms
  QuicksortImproved(threshold: 4, partitioning: QuicksortVariant3(pivot: MEDIAN3))   -> time =    325.022 ms
  QuicksortImproved(threshold: 128, partitioning: QuicksortVariant2(pivot: MEDIAN3)) -> time =    283.371 ms
  QuicksortImproved(threshold: 96, partitioning: QuicksortVariant3(pivot: MEDIAN3))  -> time =    276.073 ms
  QuicksortImproved(threshold: 192, partitioning: QuicksortVariant3(pivot: MEDIAN3)) -> time =    276.243 ms
  QuicksortImproved(threshold: 8, partitioning: QuicksortVariant3(pivot: MIDDLE))    -> time =    290.429 ms
  QuicksortImproved(threshold: 48, partitioning: QuicksortVariant3(pivot: MIDDLE))   -> time =    264.049 ms
  QuicksortImproved(threshold: 96, partitioning: QuicksortVariant1(pivot: MIDDLE))   -> time =    263.005 ms
  QuicksortImproved(threshold: 192, partitioning: QuicksortVariant1(pivot: MEDIAN3)) -> time =    266.307 ms
  QuicksortImproved(threshold: 24, partitioning: QuicksortVariant3(pivot: MIDDLE))   -> time =    273.519 ms
  QuicksortImproved(threshold: 48, partitioning: QuicksortVariant3(pivot: MEDIAN3))  -> time =    275.561 ms
  QuicksortImproved(threshold: 32, partitioning: QuicksortVariant3(pivot: MEDIAN3))  -> time =    281.629 ms
  QuicksortImproved(threshold: 48, partitioning: QuicksortVariant1(pivot: MIDDLE))   -> time =    268.326 ms
  QuicksortImproved(threshold: 2, partitioning: QuicksortVariant3(pivot: MEDIAN3))   -> time =    331.608 ms
  QuicksortVariant3(pivot: MIDDLE)                                                   -> time =    301.090 ms
  QuicksortImproved(threshold: 96, partitioning: QuicksortVariant3(pivot: MIDDLE))   -> time =    258.538 ms
  QuicksortImproved(threshold: 192, partitioning: QuicksortVariant3(pivot: MIDDLE))  -> time =    262.316 ms
  QuicksortImproved(threshold: 64, partitioning: QuicksortVariant1(pivot: MIDDLE))   -> time =    266.423 ms
  QuicksortImproved(threshold: 128, partitioning: QuicksortVariant1(pivot: MEDIAN3)) -> time =    264.164 ms
  QuicksortImproved(threshold: 8, partitioning: QuicksortVariant2(pivot: MEDIAN3))   -> time =    309.931 ms
  QuicksortImproved(threshold: 96, partitioning: QuicksortVariant1(pivot: MEDIAN3))  -> time =    264.706 ms
  QuicksortImproved(threshold: 64, partitioning: QuicksortVariant3(pivot: MIDDLE))   -> time =    261.133 ms
  QuicksortImproved(threshold: 8, partitioning: QuicksortVariant3(pivot: MEDIAN3))   -> time =    308.601 ms
  QuicksortImproved(threshold: 96, partitioning: QuicksortVariant2(pivot: MIDDLE))   -> time =    263.885 ms
  QuicksortImproved(threshold: 2, partitioning: QuicksortVariant1(pivot: MEDIAN3))   -> time =    320.886 ms
  QuicksortImproved(threshold: 128, partitioning: QuicksortVariant2(pivot: MIDDLE))  -> time =    262.962 ms
  QuicksortImproved(threshold: 24, partitioning: QuicksortVariant1(pivot: MIDDLE))   -> time =    280.764 ms
  QuicksortImproved(threshold: 24, partitioning: QuicksortVariant1(pivot: MEDIAN3))  -> time =    285.123 ms
  QuicksortImproved(threshold: 128, partitioning: QuicksortVariant3(pivot: MEDIAN3)) -> time =    266.987 ms
  QuicksortImproved(threshold: 24, partitioning: QuicksortVariant3(pivot: MEDIAN3))  -> time =    287.227 ms
  QuicksortImproved(threshold: 32, partitioning: QuicksortVariant3(pivot: MIDDLE))   -> time =    270.181 ms
  QuicksortImproved(threshold: 4, partitioning: QuicksortVariant3(pivot: MIDDLE))    -> time =    300.773 ms
  QuicksortVariant3(pivot: MEDIAN3)                                                  -> time =    330.749 ms
  QuicksortImproved(threshold: 64, partitioning: QuicksortVariant3(pivot: MEDIAN3))  -> time =    273.244 ms
  QuicksortVariant2(pivot: MIDDLE)                                                   -> time =    314.518 ms
  QuicksortImproved(threshold: 96, partitioning: QuicksortVariant2(pivot: MEDIAN3))  -> time =    267.272 ms
  QuicksortImproved(threshold: 32, partitioning: QuicksortVariant1(pivot: MEDIAN3))  -> time =    279.651 ms
  QuicksortImproved(threshold: 64, partitioning: QuicksortVariant2(pivot: MEDIAN3))  -> time =    270.807 ms
  QuicksortVariant1(pivot: MEDIAN3)                                                  -> time =    317.731 ms
  QuicksortImproved(threshold: 16, partitioning: QuicksortVariant2(pivot: MEDIAN3))  -> time =    293.766 ms
  QuicksortImproved(threshold: 16, partitioning: QuicksortVariant3(pivot: MEDIAN3))  -> time =    294.320 ms
  QuicksortImproved(threshold: 64, partitioning: QuicksortVariant1(pivot: MEDIAN3))  -> time =    268.252 ms
  QuicksortImproved(threshold: 192, partitioning: QuicksortVariant2(pivot: MIDDLE))  -> time =    265.157 ms
  QuicksortImproved(threshold: 4, partitioning: QuicksortVariant2(pivot: MIDDLE))    -> time =    308.769 ms
  QuicksortImproved(threshold: 128, partitioning: QuicksortVariant1(pivot: MIDDLE))  -> time =    262.862 ms
  QuicksortImproved(threshold: 2, partitioning: QuicksortVariant2(pivot: MIDDLE))    -> time =    313.112 ms
  QuicksortImproved(threshold: 32, partitioning: QuicksortVariant2(pivot: MEDIAN3))  -> time =    283.294 ms
  QuicksortVariant2(pivot: MEDIAN3)                                                  -> time =    326.063 ms
  QuicksortImproved(threshold: 2, partitioning: QuicksortVariant1(pivot: MIDDLE))    -> time =    310.412 ms
Iteration 22
  QuicksortImproved(threshold: 64, partitioning: QuicksortVariant2(pivot: MIDDLE))   -> time =    262.002 ms
  QuicksortImproved(threshold: 24, partitioning: QuicksortVariant3(pivot: MEDIAN3))  -> time =    287.048 ms
  QuicksortImproved(threshold: 4, partitioning: QuicksortVariant3(pivot: MEDIAN3))   -> time =    323.522 ms
  QuicksortImproved(threshold: 64, partitioning: QuicksortVariant3(pivot: MEDIAN3))  -> time =    284.350 ms
  QuicksortImproved(threshold: 8, partitioning: QuicksortVariant2(pivot: MEDIAN3))   -> time =    310.154 ms
  QuicksortImproved(threshold: 4, partitioning: QuicksortVariant3(pivot: MIDDLE))    -> time =    296.871 ms
  QuicksortImproved(threshold: 64, partitioning: QuicksortVariant3(pivot: MIDDLE))   -> time =    258.367 ms <<< NEW RECORD :-)
  QuicksortImproved(threshold: 8, partitioning: QuicksortVariant1(pivot: MEDIAN3))   -> time =    304.019 ms
  QuicksortImproved(threshold: 48, partitioning: QuicksortVariant1(pivot: MEDIAN3))  -> time =    270.070 ms
  QuicksortImproved(threshold: 192, partitioning: QuicksortVariant2(pivot: MEDIAN3)) -> time =    269.655 ms
  QuicksortImproved(threshold: 8, partitioning: QuicksortVariant2(pivot: MIDDLE))    -> time =    293.236 ms
  QuicksortVariant3(pivot: MEDIAN3)                                                  -> time =    331.751 ms
  QuicksortImproved(threshold: 32, partitioning: QuicksortVariant3(pivot: MEDIAN3))  -> time =    281.970 ms
  QuicksortImproved(threshold: 24, partitioning: QuicksortVariant3(pivot: MIDDLE))   -> time =    270.914 ms <<< NEW RECORD :-)
  QuicksortImproved(threshold: 32, partitioning: QuicksortVariant1(pivot: MIDDLE))   -> time =    267.261 ms
  QuicksortImproved(threshold: 32, partitioning: QuicksortVariant1(pivot: MEDIAN3))  -> time =    276.479 ms
  QuicksortImproved(threshold: 2, partitioning: QuicksortVariant1(pivot: MEDIAN3))   -> time =    321.867 ms
  QuicksortImproved(threshold: 16, partitioning: QuicksortVariant3(pivot: MEDIAN3))  -> time =    293.948 ms
  QuicksortImproved(threshold: 16, partitioning: QuicksortVariant3(pivot: MIDDLE))   -> time =    277.173 ms
  QuicksortImproved(threshold: 24, partitioning: QuicksortVariant1(pivot: MEDIAN3))  -> time =    281.470 ms <<< NEW RECORD :-)
  QuicksortImproved(threshold: 16, partitioning: QuicksortVariant1(pivot: MEDIAN3))  -> time =    289.439 ms <<< NEW RECORD :-)
  QuicksortImproved(threshold: 24, partitioning: QuicksortVariant1(pivot: MIDDLE))   -> time =    276.623 ms
  QuicksortImproved(threshold: 16, partitioning: QuicksortVariant2(pivot: MIDDLE))   -> time =    282.908 ms
  QuicksortImproved(threshold: 8, partitioning: QuicksortVariant3(pivot: MIDDLE))    -> time =    286.918 ms
  QuicksortImproved(threshold: 32, partitioning: QuicksortVariant3(pivot: MIDDLE))   -> time =    266.572 ms <<< NEW RECORD :-)
  QuicksortImproved(threshold: 2, partitioning: QuicksortVariant2(pivot: MEDIAN3))   -> time =    326.967 ms
  QuicksortImproved(threshold: 24, partitioning: QuicksortVariant2(pivot: MIDDLE))   -> time =    276.328 ms
  QuicksortImproved(threshold: 4, partitioning: QuicksortVariant2(pivot: MIDDLE))    -> time =    304.643 ms
  QuicksortImproved(threshold: 128, partitioning: QuicksortVariant1(pivot: MIDDLE))  -> time =    256.538 ms
  QuicksortImproved(threshold: 96, partitioning: QuicksortVariant3(pivot: MIDDLE))   -> time =    254.881 ms <<< NEW RECORD :-)
  QuicksortVariant1(pivot: MEDIAN3)                                                  -> time =    319.915 ms
  QuicksortImproved(threshold: 48, partitioning: QuicksortVariant2(pivot: MIDDLE))   -> time =    266.334 ms
  QuicksortImproved(threshold: 128, partitioning: QuicksortVariant3(pivot: MEDIAN3)) -> time =    267.459 ms
  QuicksortImproved(threshold: 128, partitioning: QuicksortVariant1(pivot: MEDIAN3)) -> time =    262.382 ms
  QuicksortImproved(threshold: 64, partitioning: QuicksortVariant1(pivot: MIDDLE))   -> time =    270.356 ms
  QuicksortImproved(threshold: 8, partitioning: QuicksortVariant1(pivot: MIDDLE))    -> time =    287.709 ms
  QuicksortImproved(threshold: 2, partitioning: QuicksortVariant3(pivot: MIDDLE))    -> time =    302.128 ms <<< NEW RECORD :-)
  QuicksortImproved(threshold: 96, partitioning: QuicksortVariant3(pivot: MEDIAN3))  -> time =    269.025 ms
  QuicksortImproved(threshold: 24, partitioning: QuicksortVariant2(pivot: MEDIAN3))  -> time =    287.086 ms
  QuicksortImproved(threshold: 192, partitioning: QuicksortVariant2(pivot: MIDDLE))  -> time =    261.819 ms
  QuicksortImproved(threshold: 96, partitioning: QuicksortVariant1(pivot: MIDDLE))   -> time =    258.072 ms
  QuicksortImproved(threshold: 64, partitioning: QuicksortVariant1(pivot: MEDIAN3))  -> time =    267.128 ms
  QuicksortImproved(threshold: 96, partitioning: QuicksortVariant1(pivot: MEDIAN3))  -> time =    263.282 ms
  QuicksortVariant2(pivot: MIDDLE)                                                   -> time =    309.333 ms
  QuicksortImproved(threshold: 48, partitioning: QuicksortVariant3(pivot: MIDDLE))   -> time =    261.478 ms
  QuicksortImproved(threshold: 64, partitioning: QuicksortVariant2(pivot: MEDIAN3))  -> time =    271.847 ms
  QuicksortImproved(threshold: 128, partitioning: QuicksortVariant2(pivot: MEDIAN3)) -> time =    267.424 ms
  QuicksortImproved(threshold: 4, partitioning: QuicksortVariant1(pivot: MEDIAN3))   -> time =    313.577 ms
  QuicksortImproved(threshold: 128, partitioning: QuicksortVariant2(pivot: MIDDLE))  -> time =    258.069 ms
  QuicksortImproved(threshold: 2, partitioning: QuicksortVariant2(pivot: MIDDLE))    -> time =    308.427 ms
  QuicksortImproved(threshold: 16, partitioning: QuicksortVariant1(pivot: MIDDLE))   -> time =    278.023 ms <<< NEW RECORD :-)
  QuicksortImproved(threshold: 128, partitioning: QuicksortVariant3(pivot: MIDDLE))  -> time =    254.544 ms <<< NEW RECORD :-)
  QuicksortImproved(threshold: 192, partitioning: QuicksortVariant3(pivot: MIDDLE))  -> time =    259.346 ms
  QuicksortImproved(threshold: 2, partitioning: QuicksortVariant3(pivot: MEDIAN3))   -> time =    330.629 ms
  QuicksortImproved(threshold: 2, partitioning: QuicksortVariant1(pivot: MIDDLE))    -> time =    302.983 ms
  QuicksortImproved(threshold: 4, partitioning: QuicksortVariant2(pivot: MEDIAN3))   -> time =    320.974 ms
  QuicksortImproved(threshold: 16, partitioning: QuicksortVariant2(pivot: MEDIAN3))  -> time =    294.441 ms
  QuicksortVariant2(pivot: MEDIAN3)                                                  -> time =    327.756 ms
  QuicksortImproved(threshold: 192, partitioning: QuicksortVariant3(pivot: MEDIAN3)) -> time =    269.471 ms
  QuicksortImproved(threshold: 32, partitioning: QuicksortVariant2(pivot: MIDDLE))   -> time =    270.320 ms
  QuicksortImproved(threshold: 96, partitioning: QuicksortVariant2(pivot: MEDIAN3))  -> time =    268.884 ms
  QuicksortImproved(threshold: 48, partitioning: QuicksortVariant2(pivot: MEDIAN3))  -> time =    275.608 ms
  QuicksortImproved(threshold: 96, partitioning: QuicksortVariant2(pivot: MIDDLE))   -> time =    258.620 ms
  QuicksortImproved(threshold: 192, partitioning: QuicksortVariant1(pivot: MIDDLE))  -> time =    257.706 ms
  QuicksortImproved(threshold: 192, partitioning: QuicksortVariant1(pivot: MEDIAN3)) -> time =    264.318 ms
  QuicksortImproved(threshold: 48, partitioning: QuicksortVariant3(pivot: MEDIAN3))  -> time =    275.490 ms
  QuicksortImproved(threshold: 32, partitioning: QuicksortVariant2(pivot: MEDIAN3))  -> time =    282.690 ms
  QuicksortImproved(threshold: 8, partitioning: QuicksortVariant3(pivot: MEDIAN3))   -> time =    307.487 ms
  QuicksortVariant1(pivot: MIDDLE)                                                   -> time =    300.263 ms
  QuicksortImproved(threshold: 48, partitioning: QuicksortVariant1(pivot: MIDDLE))   -> time =    269.838 ms
  QuicksortImproved(threshold: 4, partitioning: QuicksortVariant1(pivot: MIDDLE))    -> time =    299.320 ms
  QuicksortVariant3(pivot: MIDDLE)                                                   -> time =    299.139 ms <<< NEW RECORD :-)
Iteration 23
  QuicksortVariant3(pivot: MEDIAN3)                                                  -> time =    328.755 ms
  QuicksortImproved(threshold: 8, partitioning: QuicksortVariant2(pivot: MEDIAN3))   -> time =    308.794 ms
  QuicksortImproved(threshold: 4, partitioning: QuicksortVariant1(pivot: MIDDLE))    -> time =    299.398 ms
  QuicksortImproved(threshold: 2, partitioning: QuicksortVariant2(pivot: MEDIAN3))   -> time =    327.873 ms
  QuicksortImproved(threshold: 2, partitioning: QuicksortVariant3(pivot: MIDDLE))    -> time =    306.517 ms
  QuicksortImproved(threshold: 48, partitioning: QuicksortVariant2(pivot: MEDIAN3))  -> time =    277.076 ms
  QuicksortImproved(threshold: 8, partitioning: QuicksortVariant1(pivot: MIDDLE))    -> time =    288.492 ms
  QuicksortImproved(threshold: 2, partitioning: QuicksortVariant2(pivot: MIDDLE))    -> time =    310.790 ms
  QuicksortImproved(threshold: 96, partitioning: QuicksortVariant1(pivot: MIDDLE))   -> time =    257.372 ms
  QuicksortImproved(threshold: 48, partitioning: QuicksortVariant3(pivot: MIDDLE))   -> time =    270.300 ms
  QuicksortImproved(threshold: 192, partitioning: QuicksortVariant1(pivot: MEDIAN3)) -> time =    268.129 ms
  QuicksortImproved(threshold: 24, partitioning: QuicksortVariant3(pivot: MIDDLE))   -> time =    277.191 ms
  QuicksortVariant2(pivot: MEDIAN3)                                                  -> time =    329.665 ms
  QuicksortImproved(threshold: 16, partitioning: QuicksortVariant3(pivot: MEDIAN3))  -> time =    292.671 ms
  QuicksortImproved(threshold: 64, partitioning: QuicksortVariant3(pivot: MEDIAN3))  -> time =    270.469 ms
  QuicksortImproved(threshold: 48, partitioning: QuicksortVariant1(pivot: MIDDLE))   -> time =    264.219 ms
  QuicksortImproved(threshold: 32, partitioning: QuicksortVariant2(pivot: MIDDLE))   -> time =    271.292 ms
  QuicksortImproved(threshold: 96, partitioning: QuicksortVariant1(pivot: MEDIAN3))  -> time =    266.054 ms
  QuicksortImproved(threshold: 64, partitioning: QuicksortVariant2(pivot: MIDDLE))   -> time =    262.205 ms
  QuicksortImproved(threshold: 16, partitioning: QuicksortVariant3(pivot: MIDDLE))   -> time =    282.774 ms
  QuicksortImproved(threshold: 8, partitioning: QuicksortVariant3(pivot: MIDDLE))    -> time =    295.496 ms
  QuicksortImproved(threshold: 24, partitioning: QuicksortVariant1(pivot: MIDDLE))   -> time =    272.702 ms
  QuicksortImproved(threshold: 48, partitioning: QuicksortVariant3(pivot: MEDIAN3))  -> time =    276.455 ms
  QuicksortImproved(threshold: 192, partitioning: QuicksortVariant3(pivot: MEDIAN3)) -> time =    270.520 ms
  QuicksortImproved(threshold: 96, partitioning: QuicksortVariant2(pivot: MIDDLE))   -> time =    271.399 ms
  QuicksortImproved(threshold: 128, partitioning: QuicksortVariant2(pivot: MEDIAN3)) -> time =    269.311 ms
  QuicksortImproved(threshold: 4, partitioning: QuicksortVariant2(pivot: MEDIAN3))   -> time =    323.935 ms
  QuicksortImproved(threshold: 16, partitioning: QuicksortVariant2(pivot: MEDIAN3))  -> time =    297.270 ms
  QuicksortImproved(threshold: 4, partitioning: QuicksortVariant3(pivot: MEDIAN3))   -> time =    321.831 ms
  QuicksortImproved(threshold: 128, partitioning: QuicksortVariant1(pivot: MIDDLE))  -> time =    257.623 ms
  QuicksortImproved(threshold: 192, partitioning: QuicksortVariant2(pivot: MEDIAN3)) -> time =    270.587 ms
  QuicksortImproved(threshold: 2, partitioning: QuicksortVariant1(pivot: MEDIAN3))   -> time =    327.809 ms
  QuicksortVariant2(pivot: MIDDLE)                                                   -> time =    312.742 ms
  QuicksortImproved(threshold: 24, partitioning: QuicksortVariant2(pivot: MIDDLE))   -> time =    277.069 ms
  QuicksortImproved(threshold: 2, partitioning: QuicksortVariant1(pivot: MIDDLE))    -> time =    311.062 ms
  QuicksortImproved(threshold: 4, partitioning: QuicksortVariant1(pivot: MEDIAN3))   -> time =    318.884 ms
  QuicksortImproved(threshold: 2, partitioning: QuicksortVariant3(pivot: MEDIAN3))   -> time =    330.603 ms
  QuicksortImproved(threshold: 64, partitioning: QuicksortVariant3(pivot: MIDDLE))   -> time =    269.569 ms
  QuicksortVariant1(pivot: MIDDLE)                                                   -> time =    307.557 ms
  QuicksortVariant1(pivot: MEDIAN3)                                                  -> time =    326.470 ms
  QuicksortImproved(threshold: 64, partitioning: QuicksortVariant2(pivot: MEDIAN3))  -> time =    277.500 ms
  QuicksortImproved(threshold: 32, partitioning: QuicksortVariant3(pivot: MIDDLE))   -> time =    274.429 ms
  QuicksortImproved(threshold: 24, partitioning: QuicksortVariant2(pivot: MEDIAN3))  -> time =    287.556 ms
  QuicksortImproved(threshold: 16, partitioning: QuicksortVariant2(pivot: MIDDLE))   -> time =    285.837 ms
  QuicksortImproved(threshold: 128, partitioning: QuicksortVariant3(pivot: MIDDLE))  -> time =    262.201 ms
  QuicksortImproved(threshold: 48, partitioning: QuicksortVariant1(pivot: MEDIAN3))  -> time =    274.925 ms
  QuicksortImproved(threshold: 4, partitioning: QuicksortVariant2(pivot: MIDDLE))    -> time =    304.019 ms
  QuicksortImproved(threshold: 128, partitioning: QuicksortVariant2(pivot: MIDDLE))  -> time =    263.435 ms
  QuicksortImproved(threshold: 8, partitioning: QuicksortVariant1(pivot: MEDIAN3))   -> time =    309.464 ms
  QuicksortImproved(threshold: 16, partitioning: QuicksortVariant1(pivot: MIDDLE))   -> time =    291.052 ms
  QuicksortImproved(threshold: 192, partitioning: QuicksortVariant2(pivot: MIDDLE))  -> time =    271.671 ms
  QuicksortImproved(threshold: 192, partitioning: QuicksortVariant3(pivot: MIDDLE))  -> time =    270.698 ms
  QuicksortImproved(threshold: 96, partitioning: QuicksortVariant2(pivot: MEDIAN3))  -> time =    271.871 ms
  QuicksortImproved(threshold: 96, partitioning: QuicksortVariant3(pivot: MIDDLE))   -> time =    261.439 ms
  QuicksortImproved(threshold: 4, partitioning: QuicksortVariant3(pivot: MIDDLE))    -> time =    306.724 ms
  QuicksortImproved(threshold: 24, partitioning: QuicksortVariant3(pivot: MEDIAN3))  -> time =    286.135 ms
  QuicksortImproved(threshold: 192, partitioning: QuicksortVariant1(pivot: MIDDLE))  -> time =    266.870 ms
  QuicksortImproved(threshold: 128, partitioning: QuicksortVariant1(pivot: MEDIAN3)) -> time =    267.757 ms
  QuicksortImproved(threshold: 32, partitioning: QuicksortVariant1(pivot: MIDDLE))   -> time =    269.289 ms
  QuicksortImproved(threshold: 8, partitioning: QuicksortVariant3(pivot: MEDIAN3))   -> time =    309.187 ms
  QuicksortImproved(threshold: 16, partitioning: QuicksortVariant1(pivot: MEDIAN3))  -> time =    296.711 ms
  QuicksortImproved(threshold: 48, partitioning: QuicksortVariant2(pivot: MIDDLE))   -> time =    267.891 ms
  QuicksortImproved(threshold: 32, partitioning: QuicksortVariant1(pivot: MEDIAN3))  -> time =    280.141 ms
  QuicksortImproved(threshold: 32, partitioning: QuicksortVariant2(pivot: MEDIAN3))  -> time =    294.137 ms
  QuicksortImproved(threshold: 64, partitioning: QuicksortVariant1(pivot: MIDDLE))   -> time =    266.174 ms
  QuicksortImproved(threshold: 24, partitioning: QuicksortVariant1(pivot: MEDIAN3))  -> time =    286.169 ms
  QuicksortImproved(threshold: 96, partitioning: QuicksortVariant3(pivot: MEDIAN3))  -> time =    265.490 ms <<< NEW RECORD :-)
  QuicksortImproved(threshold: 128, partitioning: QuicksortVariant3(pivot: MEDIAN3)) -> time =    269.386 ms
  QuicksortImproved(threshold: 8, partitioning: QuicksortVariant2(pivot: MIDDLE))    -> time =    309.499 ms
  QuicksortVariant3(pivot: MIDDLE)                                                   -> time =    327.053 ms
  QuicksortImproved(threshold: 64, partitioning: QuicksortVariant1(pivot: MEDIAN3))  -> time =    273.587 ms
  QuicksortImproved(threshold: 32, partitioning: QuicksortVariant3(pivot: MEDIAN3))  -> time =    299.941 ms
Iteration 24
  QuicksortImproved(threshold: 32, partitioning: QuicksortVariant1(pivot: MIDDLE))   -> time =    273.630 ms
  QuicksortImproved(threshold: 8, partitioning: QuicksortVariant1(pivot: MEDIAN3))   -> time =    304.222 ms
  QuicksortImproved(threshold: 48, partitioning: QuicksortVariant3(pivot: MIDDLE))   -> time =    266.172 ms
  QuicksortImproved(threshold: 4, partitioning: QuicksortVariant2(pivot: MEDIAN3))   -> time =    326.520 ms
  QuicksortImproved(threshold: 32, partitioning: QuicksortVariant2(pivot: MEDIAN3))  -> time =    285.944 ms
  QuicksortImproved(threshold: 96, partitioning: QuicksortVariant3(pivot: MIDDLE))   -> time =    259.702 ms
  QuicksortImproved(threshold: 64, partitioning: QuicksortVariant3(pivot: MEDIAN3))  -> time =    274.119 ms
  QuicksortImproved(threshold: 8, partitioning: QuicksortVariant3(pivot: MEDIAN3))   -> time =    308.415 ms
  QuicksortImproved(threshold: 64, partitioning: QuicksortVariant2(pivot: MIDDLE))   -> time =    270.243 ms
  QuicksortImproved(threshold: 2, partitioning: QuicksortVariant3(pivot: MIDDLE))    -> time =    307.497 ms
  QuicksortImproved(threshold: 192, partitioning: QuicksortVariant1(pivot: MEDIAN3)) -> time =    269.678 ms
  QuicksortImproved(threshold: 8, partitioning: QuicksortVariant1(pivot: MIDDLE))    -> time =    292.866 ms
  QuicksortImproved(threshold: 24, partitioning: QuicksortVariant1(pivot: MEDIAN3))  -> time =    287.247 ms
  QuicksortImproved(threshold: 64, partitioning: QuicksortVariant1(pivot: MEDIAN3))  -> time =    271.442 ms
  QuicksortVariant3(pivot: MEDIAN3)                                                  -> time =    333.519 ms
  QuicksortImproved(threshold: 8, partitioning: QuicksortVariant3(pivot: MIDDLE))    -> time =    292.143 ms
  QuicksortImproved(threshold: 64, partitioning: QuicksortVariant3(pivot: MIDDLE))   -> time =    264.066 ms
  QuicksortImproved(threshold: 2, partitioning: QuicksortVariant1(pivot: MIDDLE))    -> time =    310.562 ms
  QuicksortImproved(threshold: 48, partitioning: QuicksortVariant1(pivot: MEDIAN3))  -> time =    275.081 ms
  QuicksortImproved(threshold: 96, partitioning: QuicksortVariant1(pivot: MEDIAN3))  -> time =    277.736 ms
  QuicksortImproved(threshold: 48, partitioning: QuicksortVariant3(pivot: MEDIAN3))  -> time =    278.201 ms
  QuicksortVariant2(pivot: MEDIAN3)                                                  -> time =    333.419 ms
  QuicksortImproved(threshold: 16, partitioning: QuicksortVariant1(pivot: MEDIAN3))  -> time =    292.633 ms
  QuicksortVariant3(pivot: MIDDLE)                                                   -> time =    309.040 ms
  QuicksortImproved(threshold: 32, partitioning: QuicksortVariant1(pivot: MEDIAN3))  -> time =    280.692 ms
  QuicksortImproved(threshold: 32, partitioning: QuicksortVariant2(pivot: MIDDLE))   -> time =    277.537 ms
  QuicksortImproved(threshold: 2, partitioning: QuicksortVariant2(pivot: MIDDLE))    -> time =    316.404 ms
  QuicksortImproved(threshold: 64, partitioning: QuicksortVariant1(pivot: MIDDLE))   -> time =    263.774 ms
  QuicksortImproved(threshold: 16, partitioning: QuicksortVariant2(pivot: MEDIAN3))  -> time =    299.350 ms
  QuicksortImproved(threshold: 24, partitioning: QuicksortVariant3(pivot: MIDDLE))   -> time =    278.457 ms
  QuicksortImproved(threshold: 128, partitioning: QuicksortVariant1(pivot: MIDDLE))  -> time =    259.759 ms
  QuicksortImproved(threshold: 192, partitioning: QuicksortVariant3(pivot: MIDDLE))  -> time =    263.029 ms
  QuicksortImproved(threshold: 128, partitioning: QuicksortVariant1(pivot: MEDIAN3)) -> time =    265.297 ms
  QuicksortImproved(threshold: 24, partitioning: QuicksortVariant2(pivot: MEDIAN3))  -> time =    301.848 ms
  QuicksortImproved(threshold: 8, partitioning: QuicksortVariant2(pivot: MIDDLE))    -> time =    302.505 ms
  QuicksortImproved(threshold: 16, partitioning: QuicksortVariant1(pivot: MIDDLE))   -> time =    283.443 ms
  QuicksortImproved(threshold: 96, partitioning: QuicksortVariant1(pivot: MIDDLE))   -> time =    262.434 ms
  QuicksortImproved(threshold: 48, partitioning: QuicksortVariant2(pivot: MEDIAN3))  -> time =    280.341 ms
  QuicksortImproved(threshold: 24, partitioning: QuicksortVariant3(pivot: MEDIAN3))  -> time =    287.428 ms
  QuicksortImproved(threshold: 192, partitioning: QuicksortVariant1(pivot: MIDDLE))  -> time =    268.777 ms
  QuicksortImproved(threshold: 2, partitioning: QuicksortVariant2(pivot: MEDIAN3))   -> time =    335.482 ms
  QuicksortImproved(threshold: 16, partitioning: QuicksortVariant3(pivot: MEDIAN3))  -> time =    297.949 ms
  QuicksortVariant2(pivot: MIDDLE)                                                   -> time =    320.585 ms
  QuicksortImproved(threshold: 192, partitioning: QuicksortVariant2(pivot: MIDDLE))  -> time =    266.987 ms
  QuicksortImproved(threshold: 96, partitioning: QuicksortVariant2(pivot: MEDIAN3))  -> time =    274.425 ms
  QuicksortImproved(threshold: 32, partitioning: QuicksortVariant3(pivot: MIDDLE))   -> time =    275.504 ms
  QuicksortImproved(threshold: 16, partitioning: QuicksortVariant2(pivot: MIDDLE))   -> time =    289.075 ms
  QuicksortImproved(threshold: 48, partitioning: QuicksortVariant2(pivot: MIDDLE))   -> time =    271.706 ms
  QuicksortImproved(threshold: 24, partitioning: QuicksortVariant2(pivot: MIDDLE))   -> time =    282.503 ms
  QuicksortImproved(threshold: 2, partitioning: QuicksortVariant3(pivot: MEDIAN3))   -> time =    332.449 ms
  QuicksortImproved(threshold: 32, partitioning: QuicksortVariant3(pivot: MEDIAN3))  -> time =    282.186 ms
  QuicksortImproved(threshold: 4, partitioning: QuicksortVariant1(pivot: MEDIAN3))   -> time =    319.886 ms
  QuicksortImproved(threshold: 48, partitioning: QuicksortVariant1(pivot: MIDDLE))   -> time =    276.039 ms
  QuicksortImproved(threshold: 128, partitioning: QuicksortVariant3(pivot: MEDIAN3)) -> time =    274.011 ms
  QuicksortImproved(threshold: 2, partitioning: QuicksortVariant1(pivot: MEDIAN3))   -> time =    331.997 ms
  QuicksortImproved(threshold: 192, partitioning: QuicksortVariant2(pivot: MEDIAN3)) -> time =    275.710 ms
  QuicksortImproved(threshold: 128, partitioning: QuicksortVariant2(pivot: MIDDLE))  -> time =    268.513 ms
  QuicksortImproved(threshold: 4, partitioning: QuicksortVariant1(pivot: MIDDLE))    -> time =    305.728 ms
  QuicksortImproved(threshold: 64, partitioning: QuicksortVariant2(pivot: MEDIAN3))  -> time =    279.718 ms
  QuicksortVariant1(pivot: MIDDLE)                                                   -> time =    304.643 ms
  QuicksortImproved(threshold: 96, partitioning: QuicksortVariant2(pivot: MIDDLE))   -> time =    268.605 ms
  QuicksortImproved(threshold: 192, partitioning: QuicksortVariant3(pivot: MEDIAN3)) -> time =    268.625 ms
  QuicksortImproved(threshold: 4, partitioning: QuicksortVariant3(pivot: MIDDLE))    -> time =    301.305 ms
  QuicksortImproved(threshold: 24, partitioning: QuicksortVariant1(pivot: MIDDLE))   -> time =    277.243 ms
  QuicksortImproved(threshold: 128, partitioning: QuicksortVariant2(pivot: MEDIAN3)) -> time =    272.586 ms
  QuicksortImproved(threshold: 4, partitioning: QuicksortVariant2(pivot: MIDDLE))    -> time =    310.439 ms
  QuicksortImproved(threshold: 128, partitioning: QuicksortVariant3(pivot: MIDDLE))  -> time =    260.218 ms
  QuicksortImproved(threshold: 96, partitioning: QuicksortVariant3(pivot: MEDIAN3))  -> time =    270.514 ms
  QuicksortImproved(threshold: 8, partitioning: QuicksortVariant2(pivot: MEDIAN3))   -> time =    313.351 ms
  QuicksortImproved(threshold: 16, partitioning: QuicksortVariant3(pivot: MIDDLE))   -> time =    284.163 ms
  QuicksortImproved(threshold: 4, partitioning: QuicksortVariant3(pivot: MEDIAN3))   -> time =    328.191 ms
  QuicksortVariant1(pivot: MEDIAN3)                                                  -> time =    322.740 ms
Iteration 25
  QuicksortImproved(threshold: 24, partitioning: QuicksortVariant1(pivot: MEDIAN3))  -> time =    286.081 ms
  QuicksortVariant2(pivot: MEDIAN3)                                                  -> time =    331.910 ms
  QuicksortImproved(threshold: 2, partitioning: QuicksortVariant2(pivot: MEDIAN3))   -> time =    332.650 ms
  QuicksortImproved(threshold: 128, partitioning: QuicksortVariant1(pivot: MEDIAN3)) -> time =    270.026 ms
  QuicksortImproved(threshold: 48, partitioning: QuicksortVariant1(pivot: MIDDLE))   -> time =    266.513 ms
  QuicksortVariant3(pivot: MEDIAN3)                                                  -> time =    331.042 ms
  QuicksortImproved(threshold: 192, partitioning: QuicksortVariant3(pivot: MIDDLE))  -> time =    256.862 ms <<< NEW RECORD :-)
  QuicksortImproved(threshold: 64, partitioning: QuicksortVariant3(pivot: MIDDLE))   -> time =    258.255 ms <<< NEW RECORD :-)
  QuicksortImproved(threshold: 48, partitioning: QuicksortVariant3(pivot: MEDIAN3))  -> time =    273.722 ms
  QuicksortImproved(threshold: 32, partitioning: QuicksortVariant1(pivot: MIDDLE))   -> time =    270.396 ms
  QuicksortImproved(threshold: 64, partitioning: QuicksortVariant1(pivot: MEDIAN3))  -> time =    269.119 ms
  QuicksortImproved(threshold: 32, partitioning: QuicksortVariant3(pivot: MEDIAN3))  -> time =    285.206 ms
  QuicksortVariant3(pivot: MIDDLE)                                                   -> time =    299.082 ms <<< NEW RECORD :-)
  QuicksortImproved(threshold: 24, partitioning: QuicksortVariant2(pivot: MEDIAN3))  -> time =    290.418 ms
  QuicksortImproved(threshold: 128, partitioning: QuicksortVariant3(pivot: MIDDLE))  -> time =    254.074 ms <<< NEW RECORD :-)
  QuicksortImproved(threshold: 64, partitioning: QuicksortVariant2(pivot: MEDIAN3))  -> time =    272.948 ms
  QuicksortImproved(threshold: 4, partitioning: QuicksortVariant2(pivot: MEDIAN3))   -> time =    325.364 ms
  QuicksortImproved(threshold: 4, partitioning: QuicksortVariant1(pivot: MEDIAN3))   -> time =    318.495 ms
  QuicksortImproved(threshold: 8, partitioning: QuicksortVariant1(pivot: MIDDLE))    -> time =    290.524 ms
  QuicksortImproved(threshold: 16, partitioning: QuicksortVariant2(pivot: MIDDLE))   -> time =    280.709 ms
  QuicksortImproved(threshold: 48, partitioning: QuicksortVariant2(pivot: MIDDLE))   -> time =    263.212 ms
  QuicksortImproved(threshold: 96, partitioning: QuicksortVariant3(pivot: MEDIAN3))  -> time =    267.827 ms
  QuicksortImproved(threshold: 8, partitioning: QuicksortVariant2(pivot: MIDDLE))    -> time =    291.194 ms <<< NEW RECORD :-)
  QuicksortImproved(threshold: 32, partitioning: QuicksortVariant2(pivot: MEDIAN3))  -> time =    283.222 ms
  QuicksortImproved(threshold: 8, partitioning: QuicksortVariant3(pivot: MIDDLE))    -> time =    293.253 ms
  QuicksortImproved(threshold: 2, partitioning: QuicksortVariant3(pivot: MEDIAN3))   -> time =    338.980 ms
  QuicksortImproved(threshold: 8, partitioning: QuicksortVariant3(pivot: MEDIAN3))   -> time =    306.929 ms
  QuicksortImproved(threshold: 2, partitioning: QuicksortVariant2(pivot: MIDDLE))    -> time =    305.505 ms <<< NEW RECORD :-)
  QuicksortImproved(threshold: 48, partitioning: QuicksortVariant1(pivot: MEDIAN3))  -> time =    273.213 ms
  QuicksortImproved(threshold: 4, partitioning: QuicksortVariant1(pivot: MIDDLE))    -> time =    300.144 ms
  QuicksortImproved(threshold: 8, partitioning: QuicksortVariant2(pivot: MEDIAN3))   -> time =    311.653 ms
  QuicksortImproved(threshold: 24, partitioning: QuicksortVariant1(pivot: MIDDLE))   -> time =    274.124 ms
  QuicksortImproved(threshold: 96, partitioning: QuicksortVariant1(pivot: MEDIAN3))  -> time =    267.442 ms
  QuicksortImproved(threshold: 96, partitioning: QuicksortVariant3(pivot: MIDDLE))   -> time =    258.272 ms
  QuicksortImproved(threshold: 96, partitioning: QuicksortVariant2(pivot: MEDIAN3))  -> time =    268.882 ms
  QuicksortImproved(threshold: 192, partitioning: QuicksortVariant2(pivot: MEDIAN3)) -> time =    270.868 ms
  QuicksortVariant1(pivot: MIDDLE)                                                   -> time =    304.224 ms
  QuicksortImproved(threshold: 16, partitioning: QuicksortVariant1(pivot: MEDIAN3))  -> time =    290.339 ms
  QuicksortImproved(threshold: 128, partitioning: QuicksortVariant2(pivot: MIDDLE))  -> time =    255.248 ms <<< NEW RECORD :-)
  QuicksortImproved(threshold: 16, partitioning: QuicksortVariant2(pivot: MEDIAN3))  -> time =    295.029 ms
  QuicksortImproved(threshold: 48, partitioning: QuicksortVariant2(pivot: MEDIAN3))  -> time =    277.377 ms
  QuicksortImproved(threshold: 192, partitioning: QuicksortVariant1(pivot: MIDDLE))  -> time =    260.694 ms
  QuicksortImproved(threshold: 4, partitioning: QuicksortVariant2(pivot: MIDDLE))    -> time =    303.718 ms
  QuicksortImproved(threshold: 128, partitioning: QuicksortVariant1(pivot: MIDDLE))  -> time =    258.922 ms
  QuicksortVariant2(pivot: MIDDLE)                                                   -> time =    309.499 ms
  QuicksortVariant1(pivot: MEDIAN3)                                                  -> time =    320.962 ms
  QuicksortImproved(threshold: 96, partitioning: QuicksortVariant2(pivot: MIDDLE))   -> time =    259.497 ms
  QuicksortImproved(threshold: 192, partitioning: QuicksortVariant2(pivot: MIDDLE))  -> time =    257.567 ms <<< NEW RECORD :-)
  QuicksortImproved(threshold: 32, partitioning: QuicksortVariant2(pivot: MIDDLE))   -> time =    268.102 ms <<< NEW RECORD :-)
  QuicksortImproved(threshold: 192, partitioning: QuicksortVariant3(pivot: MEDIAN3)) -> time =    267.697 ms
  QuicksortImproved(threshold: 128, partitioning: QuicksortVariant3(pivot: MEDIAN3)) -> time =    265.912 ms
  QuicksortImproved(threshold: 2, partitioning: QuicksortVariant1(pivot: MEDIAN3))   -> time =    321.778 ms
  QuicksortImproved(threshold: 64, partitioning: QuicksortVariant2(pivot: MIDDLE))   -> time =    272.343 ms
  QuicksortImproved(threshold: 24, partitioning: QuicksortVariant2(pivot: MIDDLE))   -> time =    273.055 ms <<< NEW RECORD :-)
  QuicksortImproved(threshold: 16, partitioning: QuicksortVariant3(pivot: MIDDLE))   -> time =    275.858 ms
  QuicksortImproved(threshold: 32, partitioning: QuicksortVariant1(pivot: MEDIAN3))  -> time =    278.037 ms
  QuicksortImproved(threshold: 128, partitioning: QuicksortVariant2(pivot: MEDIAN3)) -> time =    268.478 ms
  QuicksortImproved(threshold: 8, partitioning: QuicksortVariant1(pivot: MEDIAN3))   -> time =    302.142 ms
  QuicksortImproved(threshold: 2, partitioning: QuicksortVariant1(pivot: MIDDLE))    -> time =    304.699 ms
  QuicksortImproved(threshold: 4, partitioning: QuicksortVariant3(pivot: MIDDLE))    -> time =    295.268 ms <<< NEW RECORD :-)
  QuicksortImproved(threshold: 96, partitioning: QuicksortVariant1(pivot: MIDDLE))   -> time =    257.251 ms
  QuicksortImproved(threshold: 2, partitioning: QuicksortVariant3(pivot: MIDDLE))    -> time =    299.293 ms <<< NEW RECORD :-)
  QuicksortImproved(threshold: 48, partitioning: QuicksortVariant3(pivot: MIDDLE))   -> time =    260.543 ms <<< NEW RECORD :-)
  QuicksortImproved(threshold: 24, partitioning: QuicksortVariant3(pivot: MIDDLE))   -> time =    270.111 ms <<< NEW RECORD :-)
  QuicksortImproved(threshold: 32, partitioning: QuicksortVariant3(pivot: MIDDLE))   -> time =    265.438 ms <<< NEW RECORD :-)
  QuicksortImproved(threshold: 192, partitioning: QuicksortVariant1(pivot: MEDIAN3)) -> time =    266.147 ms
  QuicksortImproved(threshold: 64, partitioning: QuicksortVariant1(pivot: MIDDLE))   -> time =    260.229 ms
  QuicksortImproved(threshold: 16, partitioning: QuicksortVariant3(pivot: MEDIAN3))  -> time =    293.496 ms
  QuicksortImproved(threshold: 64, partitioning: QuicksortVariant3(pivot: MEDIAN3))  -> time =    270.396 ms
  QuicksortImproved(threshold: 16, partitioning: QuicksortVariant1(pivot: MIDDLE))   -> time =    278.563 ms
  QuicksortImproved(threshold: 4, partitioning: QuicksortVariant3(pivot: MEDIAN3))   -> time =    320.561 ms
  QuicksortImproved(threshold: 24, partitioning: QuicksortVariant3(pivot: MEDIAN3))  -> time =    285.044 ms
Iteration 26
  QuicksortImproved(threshold: 48, partitioning: QuicksortVariant2(pivot: MEDIAN3))  -> time =    278.429 ms
  QuicksortImproved(threshold: 4, partitioning: QuicksortVariant2(pivot: MEDIAN3))   -> time =    324.872 ms
  QuicksortImproved(threshold: 16, partitioning: QuicksortVariant1(pivot: MIDDLE))   -> time =    282.060 ms
  QuicksortImproved(threshold: 8, partitioning: QuicksortVariant1(pivot: MIDDLE))    -> time =    292.001 ms
  QuicksortImproved(threshold: 4, partitioning: QuicksortVariant3(pivot: MIDDLE))    -> time =    300.989 ms
  QuicksortImproved(threshold: 32, partitioning: QuicksortVariant1(pivot: MEDIAN3))  -> time =    281.659 ms
  QuicksortImproved(threshold: 24, partitioning: QuicksortVariant2(pivot: MEDIAN3))  -> time =    290.674 ms
  QuicksortImproved(threshold: 96, partitioning: QuicksortVariant1(pivot: MIDDLE))   -> time =    260.453 ms
  QuicksortImproved(threshold: 4, partitioning: QuicksortVariant3(pivot: MEDIAN3))   -> time =    326.651 ms
  QuicksortImproved(threshold: 16, partitioning: QuicksortVariant1(pivot: MEDIAN3))  -> time =    294.138 ms
  QuicksortImproved(threshold: 192, partitioning: QuicksortVariant1(pivot: MIDDLE))  -> time =    265.246 ms
  QuicksortImproved(threshold: 8, partitioning: QuicksortVariant3(pivot: MEDIAN3))   -> time =    314.293 ms
  QuicksortImproved(threshold: 96, partitioning: QuicksortVariant3(pivot: MIDDLE))   -> time =    260.216 ms
  QuicksortImproved(threshold: 16, partitioning: QuicksortVariant3(pivot: MEDIAN3))  -> time =    300.481 ms
  QuicksortVariant3(pivot: MEDIAN3)                                                  -> time =    335.294 ms
  QuicksortImproved(threshold: 48, partitioning: QuicksortVariant3(pivot: MEDIAN3))  -> time =    280.297 ms
  QuicksortImproved(threshold: 16, partitioning: QuicksortVariant2(pivot: MIDDLE))   -> time =    284.387 ms
  QuicksortImproved(threshold: 48, partitioning: QuicksortVariant1(pivot: MEDIAN3))  -> time =    277.014 ms
  QuicksortImproved(threshold: 16, partitioning: QuicksortVariant3(pivot: MIDDLE))   -> time =    282.018 ms
  QuicksortImproved(threshold: 64, partitioning: QuicksortVariant3(pivot: MIDDLE))   -> time =    263.356 ms
  QuicksortImproved(threshold: 4, partitioning: QuicksortVariant2(pivot: MIDDLE))    -> time =    304.071 ms
  QuicksortImproved(threshold: 4, partitioning: QuicksortVariant1(pivot: MEDIAN3))   -> time =    319.984 ms
  QuicksortImproved(threshold: 32, partitioning: QuicksortVariant2(pivot: MIDDLE))   -> time =    278.205 ms
  QuicksortImproved(threshold: 8, partitioning: QuicksortVariant1(pivot: MEDIAN3))   -> time =    314.444 ms
  QuicksortImproved(threshold: 8, partitioning: QuicksortVariant3(pivot: MIDDLE))    -> time =    293.987 ms
  QuicksortVariant3(pivot: MIDDLE)                                                   -> time =    311.053 ms
  QuicksortImproved(threshold: 2, partitioning: QuicksortVariant3(pivot: MIDDLE))    -> time =    310.380 ms
  QuicksortImproved(threshold: 128, partitioning: QuicksortVariant1(pivot: MEDIAN3)) -> time =    274.635 ms
  QuicksortImproved(threshold: 4, partitioning: QuicksortVariant1(pivot: MIDDLE))    -> time =    306.168 ms
  QuicksortImproved(threshold: 48, partitioning: QuicksortVariant1(pivot: MIDDLE))   -> time =    289.699 ms
  QuicksortImproved(threshold: 48, partitioning: QuicksortVariant3(pivot: MIDDLE))   -> time =    274.808 ms
  QuicksortImproved(threshold: 96, partitioning: QuicksortVariant2(pivot: MIDDLE))   -> time =    263.445 ms
  QuicksortImproved(threshold: 96, partitioning: QuicksortVariant3(pivot: MEDIAN3))  -> time =    272.417 ms
  QuicksortImproved(threshold: 128, partitioning: QuicksortVariant3(pivot: MEDIAN3)) -> time =    296.688 ms
  QuicksortImproved(threshold: 24, partitioning: QuicksortVariant1(pivot: MEDIAN3))  -> time =    310.868 ms
  QuicksortImproved(threshold: 128, partitioning: QuicksortVariant2(pivot: MIDDLE))  -> time =    292.905 ms
  QuicksortImproved(threshold: 32, partitioning: QuicksortVariant3(pivot: MIDDLE))   -> time =    291.977 ms
  QuicksortImproved(threshold: 16, partitioning: QuicksortVariant2(pivot: MEDIAN3))  -> time =    308.498 ms
  QuicksortImproved(threshold: 64, partitioning: QuicksortVariant1(pivot: MIDDLE))   -> time =    281.906 ms
  QuicksortImproved(threshold: 192, partitioning: QuicksortVariant3(pivot: MEDIAN3)) -> time =    283.051 ms
  QuicksortImproved(threshold: 32, partitioning: QuicksortVariant3(pivot: MEDIAN3))  -> time =    299.569 ms
  QuicksortImproved(threshold: 24, partitioning: QuicksortVariant3(pivot: MEDIAN3))  -> time =    301.371 ms
  QuicksortVariant2(pivot: MEDIAN3)                                                  -> time =    335.607 ms
  QuicksortImproved(threshold: 192, partitioning: QuicksortVariant1(pivot: MEDIAN3)) -> time =    276.084 ms
  QuicksortImproved(threshold: 32, partitioning: QuicksortVariant2(pivot: MEDIAN3))  -> time =    293.629 ms
  QuicksortVariant2(pivot: MIDDLE)                                                   -> time =    311.300 ms
  QuicksortImproved(threshold: 192, partitioning: QuicksortVariant3(pivot: MIDDLE))  -> time =    261.193 ms
  QuicksortImproved(threshold: 64, partitioning: QuicksortVariant1(pivot: MEDIAN3))  -> time =    274.250 ms
  QuicksortImproved(threshold: 2, partitioning: QuicksortVariant2(pivot: MIDDLE))    -> time =    309.916 ms
  QuicksortImproved(threshold: 64, partitioning: QuicksortVariant2(pivot: MEDIAN3))  -> time =    274.239 ms
  QuicksortImproved(threshold: 192, partitioning: QuicksortVariant2(pivot: MEDIAN3)) -> time =    270.936 ms
  QuicksortVariant1(pivot: MEDIAN3)                                                  -> time =    343.672 ms
  QuicksortImproved(threshold: 96, partitioning: QuicksortVariant2(pivot: MEDIAN3))  -> time =    284.261 ms
  QuicksortImproved(threshold: 2, partitioning: QuicksortVariant1(pivot: MIDDLE))    -> time =    326.454 ms
  QuicksortImproved(threshold: 24, partitioning: QuicksortVariant1(pivot: MIDDLE))   -> time =    283.144 ms
  QuicksortImproved(threshold: 2, partitioning: QuicksortVariant2(pivot: MEDIAN3))   -> time =    332.146 ms
  QuicksortImproved(threshold: 96, partitioning: QuicksortVariant1(pivot: MEDIAN3))  -> time =    269.850 ms
  QuicksortVariant1(pivot: MIDDLE)                                                   -> time =    307.513 ms
  QuicksortImproved(threshold: 128, partitioning: QuicksortVariant3(pivot: MIDDLE))  -> time =    260.423 ms
  QuicksortImproved(threshold: 32, partitioning: QuicksortVariant1(pivot: MIDDLE))   -> time =    273.243 ms
  QuicksortImproved(threshold: 192, partitioning: QuicksortVariant2(pivot: MIDDLE))  -> time =    263.861 ms
  QuicksortImproved(threshold: 48, partitioning: QuicksortVariant2(pivot: MIDDLE))   -> time =    272.642 ms
  QuicksortImproved(threshold: 24, partitioning: QuicksortVariant3(pivot: MIDDLE))   -> time =    276.573 ms
  QuicksortImproved(threshold: 64, partitioning: QuicksortVariant2(pivot: MIDDLE))   -> time =    264.455 ms
  QuicksortImproved(threshold: 128, partitioning: QuicksortVariant1(pivot: MIDDLE))  -> time =    261.886 ms
  QuicksortImproved(threshold: 2, partitioning: QuicksortVariant1(pivot: MEDIAN3))   -> time =    327.434 ms
  QuicksortImproved(threshold: 128, partitioning: QuicksortVariant2(pivot: MEDIAN3)) -> time =    281.469 ms
  QuicksortImproved(threshold: 8, partitioning: QuicksortVariant2(pivot: MIDDLE))    -> time =    305.377 ms
  QuicksortImproved(threshold: 64, partitioning: QuicksortVariant3(pivot: MEDIAN3))  -> time =    289.327 ms
  QuicksortImproved(threshold: 2, partitioning: QuicksortVariant3(pivot: MEDIAN3))   -> time =    335.410 ms
  QuicksortImproved(threshold: 24, partitioning: QuicksortVariant2(pivot: MIDDLE))   -> time =    284.399 ms
  QuicksortImproved(threshold: 8, partitioning: QuicksortVariant2(pivot: MEDIAN3))   -> time =    315.831 ms
Iteration 27
  QuicksortImproved(threshold: 64, partitioning: QuicksortVariant2(pivot: MIDDLE))   -> time =    265.822 ms
  QuicksortImproved(threshold: 4, partitioning: QuicksortVariant2(pivot: MIDDLE))    -> time =    308.590 ms
  QuicksortVariant2(pivot: MEDIAN3)                                                  -> time =    330.982 ms
  QuicksortImproved(threshold: 96, partitioning: QuicksortVariant2(pivot: MIDDLE))   -> time =    269.241 ms
  QuicksortImproved(threshold: 64, partitioning: QuicksortVariant1(pivot: MIDDLE))   -> time =    270.231 ms
  QuicksortImproved(threshold: 24, partitioning: QuicksortVariant1(pivot: MIDDLE))   -> time =    289.987 ms
  QuicksortImproved(threshold: 192, partitioning: QuicksortVariant1(pivot: MEDIAN3)) -> time =    279.711 ms
  QuicksortImproved(threshold: 32, partitioning: QuicksortVariant2(pivot: MIDDLE))   -> time =    275.314 ms
  QuicksortImproved(threshold: 24, partitioning: QuicksortVariant3(pivot: MIDDLE))   -> time =    278.844 ms
  QuicksortImproved(threshold: 4, partitioning: QuicksortVariant1(pivot: MIDDLE))    -> time =    309.918 ms
  QuicksortImproved(threshold: 24, partitioning: QuicksortVariant1(pivot: MEDIAN3))  -> time =    287.798 ms
  QuicksortImproved(threshold: 192, partitioning: QuicksortVariant2(pivot: MEDIAN3)) -> time =    265.547 ms <<< NEW RECORD :-)
  QuicksortImproved(threshold: 32, partitioning: QuicksortVariant1(pivot: MEDIAN3))  -> time =    278.684 ms
  QuicksortImproved(threshold: 128, partitioning: QuicksortVariant2(pivot: MEDIAN3)) -> time =    267.397 ms
  QuicksortVariant2(pivot: MIDDLE)                                                   -> time =    314.886 ms
  QuicksortImproved(threshold: 32, partitioning: QuicksortVariant2(pivot: MEDIAN3))  -> time =    278.207 ms <<< NEW RECORD :-)
  QuicksortImproved(threshold: 24, partitioning: QuicksortVariant2(pivot: MIDDLE))   -> time =    277.676 ms
  QuicksortImproved(threshold: 48, partitioning: QuicksortVariant2(pivot: MEDIAN3))  -> time =    271.964 ms <<< NEW RECORD :-)
  QuicksortImproved(threshold: 192, partitioning: QuicksortVariant2(pivot: MIDDLE))  -> time =    263.059 ms
  QuicksortImproved(threshold: 32, partitioning: QuicksortVariant1(pivot: MIDDLE))   -> time =    272.711 ms
  QuicksortImproved(threshold: 16, partitioning: QuicksortVariant1(pivot: MIDDLE))   -> time =    285.950 ms
  QuicksortVariant3(pivot: MEDIAN3)                                                  -> time =    332.922 ms
  QuicksortImproved(threshold: 192, partitioning: QuicksortVariant3(pivot: MIDDLE))  -> time =    261.738 ms
  QuicksortImproved(threshold: 8, partitioning: QuicksortVariant1(pivot: MEDIAN3))   -> time =    303.285 ms
  QuicksortImproved(threshold: 48, partitioning: QuicksortVariant1(pivot: MIDDLE))   -> time =    267.821 ms
  QuicksortImproved(threshold: 2, partitioning: QuicksortVariant1(pivot: MEDIAN3))   -> time =    321.526 ms
  QuicksortImproved(threshold: 2, partitioning: QuicksortVariant2(pivot: MEDIAN3))   -> time =    326.188 ms
  QuicksortImproved(threshold: 16, partitioning: QuicksortVariant1(pivot: MEDIAN3))  -> time =    290.483 ms
  QuicksortImproved(threshold: 64, partitioning: QuicksortVariant3(pivot: MIDDLE))   -> time =    262.102 ms
  QuicksortImproved(threshold: 8, partitioning: QuicksortVariant3(pivot: MIDDLE))    -> time =    293.148 ms
  QuicksortImproved(threshold: 32, partitioning: QuicksortVariant3(pivot: MIDDLE))   -> time =    272.035 ms
  QuicksortImproved(threshold: 48, partitioning: QuicksortVariant3(pivot: MEDIAN3))  -> time =    275.344 ms
  QuicksortImproved(threshold: 128, partitioning: QuicksortVariant1(pivot: MEDIAN3)) -> time =    263.447 ms
  QuicksortImproved(threshold: 16, partitioning: QuicksortVariant2(pivot: MIDDLE))   -> time =    284.124 ms
  QuicksortImproved(threshold: 8, partitioning: QuicksortVariant1(pivot: MIDDLE))    -> time =    293.396 ms
  QuicksortImproved(threshold: 96, partitioning: QuicksortVariant3(pivot: MEDIAN3))  -> time =    267.568 ms
  QuicksortImproved(threshold: 96, partitioning: QuicksortVariant1(pivot: MIDDLE))   -> time =    272.815 ms
  QuicksortImproved(threshold: 64, partitioning: QuicksortVariant1(pivot: MEDIAN3))  -> time =    270.116 ms
  QuicksortImproved(threshold: 4, partitioning: QuicksortVariant2(pivot: MEDIAN3))   -> time =    320.242 ms
  QuicksortImproved(threshold: 2, partitioning: QuicksortVariant3(pivot: MEDIAN3))   -> time =    331.091 ms
  QuicksortImproved(threshold: 16, partitioning: QuicksortVariant3(pivot: MEDIAN3))  -> time =    292.923 ms
  QuicksortImproved(threshold: 16, partitioning: QuicksortVariant3(pivot: MIDDLE))   -> time =    279.639 ms
  QuicksortVariant1(pivot: MEDIAN3)                                                  -> time =    318.284 ms
  QuicksortImproved(threshold: 16, partitioning: QuicksortVariant2(pivot: MEDIAN3))  -> time =    291.243 ms <<< NEW RECORD :-)
  QuicksortImproved(threshold: 4, partitioning: QuicksortVariant1(pivot: MEDIAN3))   -> time =    315.084 ms
  QuicksortImproved(threshold: 4, partitioning: QuicksortVariant3(pivot: MIDDLE))    -> time =    299.216 ms
  QuicksortImproved(threshold: 96, partitioning: QuicksortVariant3(pivot: MIDDLE))   -> time =    258.511 ms
  QuicksortImproved(threshold: 8, partitioning: QuicksortVariant2(pivot: MIDDLE))    -> time =    297.246 ms
  QuicksortImproved(threshold: 64, partitioning: QuicksortVariant3(pivot: MEDIAN3))  -> time =    270.388 ms
  QuicksortImproved(threshold: 96, partitioning: QuicksortVariant1(pivot: MEDIAN3))  -> time =    265.207 ms
  QuicksortImproved(threshold: 4, partitioning: QuicksortVariant3(pivot: MEDIAN3))   -> time =    322.171 ms
  QuicksortImproved(threshold: 2, partitioning: QuicksortVariant3(pivot: MIDDLE))    -> time =    306.103 ms
  QuicksortImproved(threshold: 128, partitioning: QuicksortVariant1(pivot: MIDDLE))  -> time =    262.703 ms
  QuicksortImproved(threshold: 48, partitioning: QuicksortVariant2(pivot: MIDDLE))   -> time =    270.129 ms
  QuicksortVariant3(pivot: MIDDLE)                                                   -> time =    304.796 ms
  QuicksortVariant1(pivot: MIDDLE)                                                   -> time =    306.668 ms
  QuicksortImproved(threshold: 48, partitioning: QuicksortVariant3(pivot: MIDDLE))   -> time =    266.496 ms
  QuicksortImproved(threshold: 192, partitioning: QuicksortVariant3(pivot: MEDIAN3)) -> time =    270.262 ms
  QuicksortImproved(threshold: 8, partitioning: QuicksortVariant3(pivot: MEDIAN3))   -> time =    307.446 ms
  QuicksortImproved(threshold: 96, partitioning: QuicksortVariant2(pivot: MEDIAN3))  -> time =    264.224 ms <<< NEW RECORD :-)
  QuicksortImproved(threshold: 192, partitioning: QuicksortVariant1(pivot: MIDDLE))  -> time =    264.851 ms
  QuicksortImproved(threshold: 8, partitioning: QuicksortVariant2(pivot: MEDIAN3))   -> time =    308.208 ms
  QuicksortImproved(threshold: 24, partitioning: QuicksortVariant3(pivot: MEDIAN3))  -> time =    286.672 ms
  QuicksortImproved(threshold: 2, partitioning: QuicksortVariant2(pivot: MIDDLE))    -> time =    311.248 ms
  QuicksortImproved(threshold: 128, partitioning: QuicksortVariant3(pivot: MIDDLE))  -> time =    257.380 ms
  QuicksortImproved(threshold: 48, partitioning: QuicksortVariant1(pivot: MEDIAN3))  -> time =    273.276 ms
  QuicksortImproved(threshold: 64, partitioning: QuicksortVariant2(pivot: MEDIAN3))  -> time =    271.592 ms
  QuicksortImproved(threshold: 32, partitioning: QuicksortVariant3(pivot: MEDIAN3))  -> time =    281.066 ms
  QuicksortImproved(threshold: 128, partitioning: QuicksortVariant3(pivot: MEDIAN3)) -> time =    266.119 ms
  QuicksortImproved(threshold: 2, partitioning: QuicksortVariant1(pivot: MIDDLE))    -> time =    308.094 ms
  QuicksortImproved(threshold: 128, partitioning: QuicksortVariant2(pivot: MIDDLE))  -> time =    261.407 ms
  QuicksortImproved(threshold: 24, partitioning: QuicksortVariant2(pivot: MEDIAN3))  -> time =    283.205 ms <<< NEW RECORD :-)
Iteration 28
  QuicksortVariant2(pivot: MIDDLE)                                                   -> time =    305.046 ms <<< NEW RECORD :-)
  QuicksortImproved(threshold: 96, partitioning: QuicksortVariant3(pivot: MEDIAN3))  -> time =    264.485 ms <<< NEW RECORD :-)
  QuicksortImproved(threshold: 8, partitioning: QuicksortVariant1(pivot: MIDDLE))    -> time =    284.382 ms <<< NEW RECORD :-)
  QuicksortImproved(threshold: 32, partitioning: QuicksortVariant3(pivot: MIDDLE))   -> time =    266.911 ms
  QuicksortImproved(threshold: 192, partitioning: QuicksortVariant2(pivot: MEDIAN3)) -> time =    272.922 ms
  QuicksortImproved(threshold: 8, partitioning: QuicksortVariant3(pivot: MIDDLE))    -> time =    291.917 ms
  QuicksortImproved(threshold: 8, partitioning: QuicksortVariant2(pivot: MEDIAN3))   -> time =    312.919 ms
  QuicksortImproved(threshold: 128, partitioning: QuicksortVariant3(pivot: MIDDLE))  -> time =    257.632 ms
  QuicksortVariant3(pivot: MEDIAN3)                                                  -> time =    337.653 ms
  QuicksortImproved(threshold: 2, partitioning: QuicksortVariant3(pivot: MEDIAN3))   -> time =    327.396 ms
  QuicksortImproved(threshold: 64, partitioning: QuicksortVariant2(pivot: MIDDLE))   -> time =    260.348 ms <<< NEW RECORD :-)
  QuicksortImproved(threshold: 16, partitioning: QuicksortVariant1(pivot: MEDIAN3))  -> time =    297.026 ms
  QuicksortImproved(threshold: 2, partitioning: QuicksortVariant2(pivot: MEDIAN3))   -> time =    329.496 ms
  QuicksortImproved(threshold: 2, partitioning: QuicksortVariant1(pivot: MIDDLE))    -> time =    299.220 ms <<< NEW RECORD :-)
  QuicksortImproved(threshold: 16, partitioning: QuicksortVariant3(pivot: MEDIAN3))  -> time =    296.411 ms
  QuicksortImproved(threshold: 8, partitioning: QuicksortVariant3(pivot: MEDIAN3))   -> time =    310.819 ms
  QuicksortImproved(threshold: 2, partitioning: QuicksortVariant1(pivot: MEDIAN3))   -> time =    320.113 ms
  QuicksortImproved(threshold: 32, partitioning: QuicksortVariant2(pivot: MEDIAN3))  -> time =    281.831 ms
  QuicksortImproved(threshold: 48, partitioning: QuicksortVariant1(pivot: MEDIAN3))  -> time =    269.592 ms <<< NEW RECORD :-)
  QuicksortVariant2(pivot: MEDIAN3)                                                  -> time =    326.921 ms
  QuicksortImproved(threshold: 8, partitioning: QuicksortVariant1(pivot: MEDIAN3))   -> time =    300.571 ms
  QuicksortImproved(threshold: 24, partitioning: QuicksortVariant1(pivot: MIDDLE))   -> time =    273.335 ms
  QuicksortImproved(threshold: 24, partitioning: QuicksortVariant3(pivot: MEDIAN3))  -> time =    288.557 ms
  QuicksortImproved(threshold: 96, partitioning: QuicksortVariant1(pivot: MEDIAN3))  -> time =    261.906 ms <<< NEW RECORD :-)
  QuicksortImproved(threshold: 48, partitioning: QuicksortVariant2(pivot: MIDDLE))   -> time =    263.895 ms
  QuicksortImproved(threshold: 24, partitioning: QuicksortVariant1(pivot: MEDIAN3))  -> time =    280.776 ms <<< NEW RECORD :-)
  QuicksortImproved(threshold: 4, partitioning: QuicksortVariant2(pivot: MEDIAN3))   -> time =    318.395 ms <<< NEW RECORD :-)
  QuicksortImproved(threshold: 24, partitioning: QuicksortVariant3(pivot: MIDDLE))   -> time =    270.350 ms
  QuicksortImproved(threshold: 64, partitioning: QuicksortVariant3(pivot: MEDIAN3))  -> time =    268.174 ms <<< NEW RECORD :-)
  QuicksortImproved(threshold: 4, partitioning: QuicksortVariant3(pivot: MIDDLE))    -> time =    294.727 ms <<< NEW RECORD :-)
  QuicksortVariant3(pivot: MIDDLE)                                                   -> time =    298.145 ms <<< NEW RECORD :-)
  QuicksortImproved(threshold: 16, partitioning: QuicksortVariant3(pivot: MIDDLE))   -> time =    275.489 ms
  QuicksortImproved(threshold: 16, partitioning: QuicksortVariant2(pivot: MIDDLE))   -> time =    281.423 ms
  QuicksortImproved(threshold: 192, partitioning: QuicksortVariant3(pivot: MIDDLE))  -> time =    255.421 ms <<< NEW RECORD :-)
  QuicksortImproved(threshold: 8, partitioning: QuicksortVariant2(pivot: MIDDLE))    -> time =    290.817 ms <<< NEW RECORD :-)
  QuicksortImproved(threshold: 24, partitioning: QuicksortVariant2(pivot: MIDDLE))   -> time =    273.397 ms
  QuicksortImproved(threshold: 48, partitioning: QuicksortVariant2(pivot: MEDIAN3))  -> time =    274.418 ms
  QuicksortImproved(threshold: 192, partitioning: QuicksortVariant1(pivot: MEDIAN3)) -> time =    263.153 ms <<< NEW RECORD :-)
  QuicksortImproved(threshold: 96, partitioning: QuicksortVariant2(pivot: MEDIAN3))  -> time =    267.519 ms
  QuicksortImproved(threshold: 32, partitioning: QuicksortVariant3(pivot: MEDIAN3))  -> time =    284.777 ms
  QuicksortVariant1(pivot: MEDIAN3)                                                  -> time =    317.354 ms
  QuicksortImproved(threshold: 4, partitioning: QuicksortVariant2(pivot: MIDDLE))    -> time =    305.198 ms
  QuicksortImproved(threshold: 4, partitioning: QuicksortVariant1(pivot: MEDIAN3))   -> time =    313.730 ms
  QuicksortImproved(threshold: 4, partitioning: QuicksortVariant3(pivot: MEDIAN3))   -> time =    318.907 ms <<< NEW RECORD :-)
  QuicksortImproved(threshold: 16, partitioning: QuicksortVariant2(pivot: MEDIAN3))  -> time =    294.207 ms
  QuicksortImproved(threshold: 128, partitioning: QuicksortVariant3(pivot: MEDIAN3)) -> time =    263.954 ms
  QuicksortImproved(threshold: 128, partitioning: QuicksortVariant2(pivot: MIDDLE))  -> time =    255.496 ms
  QuicksortImproved(threshold: 32, partitioning: QuicksortVariant1(pivot: MEDIAN3))  -> time =    275.125 ms
  QuicksortImproved(threshold: 96, partitioning: QuicksortVariant1(pivot: MIDDLE))   -> time =    252.721 ms <<< NEW RECORD :-)
  QuicksortImproved(threshold: 128, partitioning: QuicksortVariant2(pivot: MEDIAN3)) -> time =    267.563 ms
  QuicksortImproved(threshold: 32, partitioning: QuicksortVariant2(pivot: MIDDLE))   -> time =    282.969 ms
  QuicksortImproved(threshold: 64, partitioning: QuicksortVariant1(pivot: MEDIAN3))  -> time =    270.197 ms
  QuicksortImproved(threshold: 192, partitioning: QuicksortVariant3(pivot: MEDIAN3)) -> time =    265.454 ms <<< NEW RECORD :-)
  QuicksortImproved(threshold: 64, partitioning: QuicksortVariant2(pivot: MEDIAN3))  -> time =    271.590 ms
  QuicksortImproved(threshold: 96, partitioning: QuicksortVariant2(pivot: MIDDLE))   -> time =    257.106 ms <<< NEW RECORD :-)
  QuicksortImproved(threshold: 64, partitioning: QuicksortVariant1(pivot: MIDDLE))   -> time =    257.694 ms
  QuicksortImproved(threshold: 64, partitioning: QuicksortVariant3(pivot: MIDDLE))   -> time =    256.987 ms <<< NEW RECORD :-)
  QuicksortVariant1(pivot: MIDDLE)                                                   -> time =    294.715 ms <<< NEW RECORD :-)
  QuicksortImproved(threshold: 192, partitioning: QuicksortVariant1(pivot: MIDDLE))  -> time =    254.463 ms <<< NEW RECORD :-)
  QuicksortImproved(threshold: 2, partitioning: QuicksortVariant3(pivot: MIDDLE))    -> time =    301.126 ms
  QuicksortImproved(threshold: 48, partitioning: QuicksortVariant1(pivot: MIDDLE))   -> time =    260.627 ms <<< NEW RECORD :-)
  QuicksortImproved(threshold: 48, partitioning: QuicksortVariant3(pivot: MEDIAN3))  -> time =    271.685 ms
  QuicksortImproved(threshold: 2, partitioning: QuicksortVariant2(pivot: MIDDLE))    -> time =    305.454 ms <<< NEW RECORD :-)
  QuicksortImproved(threshold: 192, partitioning: QuicksortVariant2(pivot: MIDDLE))  -> time =    257.589 ms
  QuicksortImproved(threshold: 4, partitioning: QuicksortVariant1(pivot: MIDDLE))    -> time =    294.031 ms <<< NEW RECORD :-)
  QuicksortImproved(threshold: 16, partitioning: QuicksortVariant1(pivot: MIDDLE))   -> time =    273.828 ms <<< NEW RECORD :-)
  QuicksortImproved(threshold: 128, partitioning: QuicksortVariant1(pivot: MIDDLE))  -> time =    252.525 ms <<< NEW RECORD :-)
  QuicksortImproved(threshold: 48, partitioning: QuicksortVariant3(pivot: MIDDLE))   -> time =    260.211 ms <<< NEW RECORD :-)
  QuicksortImproved(threshold: 32, partitioning: QuicksortVariant1(pivot: MIDDLE))   -> time =    263.725 ms <<< NEW RECORD :-)
  QuicksortImproved(threshold: 128, partitioning: QuicksortVariant1(pivot: MEDIAN3)) -> time =    261.450 ms
  QuicksortImproved(threshold: 24, partitioning: QuicksortVariant2(pivot: MEDIAN3))  -> time =    286.408 ms
  QuicksortImproved(threshold: 96, partitioning: QuicksortVariant3(pivot: MIDDLE))   -> time =    254.569 ms <<< NEW RECORD :-)
Iteration 29
  QuicksortImproved(threshold: 4, partitioning: QuicksortVariant2(pivot: MIDDLE))    -> time =    305.581 ms
  QuicksortImproved(threshold: 4, partitioning: QuicksortVariant1(pivot: MEDIAN3))   -> time =    317.338 ms
  QuicksortVariant3(pivot: MIDDLE)                                                   -> time =    306.018 ms
  QuicksortImproved(threshold: 192, partitioning: QuicksortVariant1(pivot: MIDDLE))  -> time =    261.779 ms
  QuicksortImproved(threshold: 2, partitioning: QuicksortVariant1(pivot: MIDDLE))    -> time =    307.525 ms
  QuicksortImproved(threshold: 48, partitioning: QuicksortVariant2(pivot: MIDDLE))   -> time =    268.339 ms
  QuicksortImproved(threshold: 128, partitioning: QuicksortVariant3(pivot: MEDIAN3)) -> time =    269.015 ms
  QuicksortImproved(threshold: 8, partitioning: QuicksortVariant2(pivot: MEDIAN3))   -> time =    311.395 ms
  QuicksortImproved(threshold: 8, partitioning: QuicksortVariant3(pivot: MEDIAN3))   -> time =    308.434 ms
  QuicksortImproved(threshold: 192, partitioning: QuicksortVariant2(pivot: MEDIAN3)) -> time =    272.842 ms
  QuicksortImproved(threshold: 4, partitioning: QuicksortVariant2(pivot: MEDIAN3))   -> time =    323.543 ms
  QuicksortVariant2(pivot: MEDIAN3)                                                  -> time =    335.355 ms
  QuicksortImproved(threshold: 96, partitioning: QuicksortVariant2(pivot: MIDDLE))   -> time =    262.326 ms
  QuicksortVariant1(pivot: MEDIAN3)                                                  -> time =    321.833 ms
  QuicksortImproved(threshold: 64, partitioning: QuicksortVariant1(pivot: MEDIAN3))  -> time =    271.869 ms
  QuicksortImproved(threshold: 4, partitioning: QuicksortVariant1(pivot: MIDDLE))    -> time =    302.055 ms
  QuicksortImproved(threshold: 96, partitioning: QuicksortVariant2(pivot: MEDIAN3))  -> time =    291.362 ms
  QuicksortImproved(threshold: 24, partitioning: QuicksortVariant1(pivot: MEDIAN3))  -> time =    288.846 ms
  QuicksortImproved(threshold: 96, partitioning: QuicksortVariant1(pivot: MIDDLE))   -> time =    268.145 ms
  QuicksortImproved(threshold: 128, partitioning: QuicksortVariant1(pivot: MEDIAN3)) -> time =    272.955 ms
  QuicksortImproved(threshold: 2, partitioning: QuicksortVariant2(pivot: MIDDLE))    -> time =    319.060 ms
  QuicksortImproved(threshold: 48, partitioning: QuicksortVariant1(pivot: MIDDLE))   -> time =    280.381 ms
  QuicksortVariant3(pivot: MEDIAN3)                                                  -> time =    350.230 ms
  QuicksortImproved(threshold: 48, partitioning: QuicksortVariant2(pivot: MEDIAN3))  -> time =    282.319 ms
  QuicksortImproved(threshold: 64, partitioning: QuicksortVariant3(pivot: MIDDLE))   -> time =    276.464 ms
  QuicksortImproved(threshold: 2, partitioning: QuicksortVariant1(pivot: MEDIAN3))   -> time =    331.942 ms
  QuicksortImproved(threshold: 192, partitioning: QuicksortVariant1(pivot: MEDIAN3)) -> time =    294.124 ms
  QuicksortImproved(threshold: 24, partitioning: QuicksortVariant2(pivot: MIDDLE))   -> time =    294.931 ms
  QuicksortImproved(threshold: 2, partitioning: QuicksortVariant3(pivot: MIDDLE))    -> time =    321.064 ms
  QuicksortImproved(threshold: 64, partitioning: QuicksortVariant2(pivot: MIDDLE))   -> time =    274.221 ms
  QuicksortImproved(threshold: 16, partitioning: QuicksortVariant2(pivot: MEDIAN3))  -> time =    306.361 ms
  QuicksortImproved(threshold: 32, partitioning: QuicksortVariant1(pivot: MIDDLE))   -> time =    279.589 ms
  QuicksortImproved(threshold: 48, partitioning: QuicksortVariant3(pivot: MEDIAN3))  -> time =    281.055 ms
  QuicksortImproved(threshold: 192, partitioning: QuicksortVariant3(pivot: MEDIAN3)) -> time =    273.555 ms
  QuicksortImproved(threshold: 8, partitioning: QuicksortVariant1(pivot: MEDIAN3))   -> time =    307.207 ms
  QuicksortVariant1(pivot: MIDDLE)                                                   -> time =    306.473 ms
  QuicksortImproved(threshold: 8, partitioning: QuicksortVariant1(pivot: MIDDLE))    -> time =    294.523 ms
  QuicksortImproved(threshold: 32, partitioning: QuicksortVariant2(pivot: MEDIAN3))  -> time =    287.983 ms
  QuicksortImproved(threshold: 24, partitioning: QuicksortVariant2(pivot: MEDIAN3))  -> time =    293.906 ms
  QuicksortImproved(threshold: 16, partitioning: QuicksortVariant2(pivot: MIDDLE))   -> time =    289.232 ms
  QuicksortImproved(threshold: 64, partitioning: QuicksortVariant2(pivot: MEDIAN3))  -> time =    277.703 ms
  QuicksortImproved(threshold: 16, partitioning: QuicksortVariant3(pivot: MIDDLE))   -> time =    295.535 ms
  QuicksortImproved(threshold: 24, partitioning: QuicksortVariant3(pivot: MIDDLE))   -> time =    279.209 ms
  QuicksortImproved(threshold: 32, partitioning: QuicksortVariant1(pivot: MEDIAN3))  -> time =    304.707 ms
  QuicksortImproved(threshold: 24, partitioning: QuicksortVariant3(pivot: MEDIAN3))  -> time =    290.380 ms
  QuicksortImproved(threshold: 4, partitioning: QuicksortVariant3(pivot: MEDIAN3))   -> time =    324.488 ms
  QuicksortImproved(threshold: 64, partitioning: QuicksortVariant1(pivot: MIDDLE))   -> time =    270.001 ms
  QuicksortImproved(threshold: 96, partitioning: QuicksortVariant3(pivot: MIDDLE))   -> time =    263.256 ms
  QuicksortImproved(threshold: 32, partitioning: QuicksortVariant3(pivot: MIDDLE))   -> time =    275.220 ms
  QuicksortImproved(threshold: 8, partitioning: QuicksortVariant3(pivot: MIDDLE))    -> time =    294.525 ms
  QuicksortImproved(threshold: 16, partitioning: QuicksortVariant3(pivot: MEDIAN3))  -> time =    295.571 ms
  QuicksortImproved(threshold: 128, partitioning: QuicksortVariant3(pivot: MIDDLE))  -> time =    261.455 ms
  QuicksortImproved(threshold: 48, partitioning: QuicksortVariant3(pivot: MIDDLE))   -> time =    269.019 ms
  QuicksortImproved(threshold: 8, partitioning: QuicksortVariant2(pivot: MIDDLE))    -> time =    297.346 ms
  QuicksortImproved(threshold: 16, partitioning: QuicksortVariant1(pivot: MEDIAN3))  -> time =    293.337 ms
  QuicksortImproved(threshold: 128, partitioning: QuicksortVariant2(pivot: MIDDLE))  -> time =    262.197 ms
  QuicksortImproved(threshold: 192, partitioning: QuicksortVariant3(pivot: MIDDLE))  -> time =    264.995 ms
  QuicksortImproved(threshold: 2, partitioning: QuicksortVariant2(pivot: MEDIAN3))   -> time =    333.012 ms
  QuicksortVariant2(pivot: MIDDLE)                                                   -> time =    311.880 ms
  QuicksortImproved(threshold: 2, partitioning: QuicksortVariant3(pivot: MEDIAN3))   -> time =    331.927 ms
  QuicksortImproved(threshold: 32, partitioning: QuicksortVariant2(pivot: MIDDLE))   -> time =    275.184 ms
  QuicksortImproved(threshold: 128, partitioning: QuicksortVariant2(pivot: MEDIAN3)) -> time =    271.337 ms
  QuicksortImproved(threshold: 128, partitioning: QuicksortVariant1(pivot: MIDDLE))  -> time =    260.815 ms
  QuicksortImproved(threshold: 4, partitioning: QuicksortVariant3(pivot: MIDDLE))    -> time =    303.566 ms
  QuicksortImproved(threshold: 192, partitioning: QuicksortVariant2(pivot: MIDDLE))  -> time =    264.251 ms
  QuicksortImproved(threshold: 16, partitioning: QuicksortVariant1(pivot: MIDDLE))   -> time =    282.517 ms
  QuicksortImproved(threshold: 48, partitioning: QuicksortVariant1(pivot: MEDIAN3))  -> time =    274.646 ms
  QuicksortImproved(threshold: 24, partitioning: QuicksortVariant1(pivot: MIDDLE))   -> time =    277.631 ms
  QuicksortImproved(threshold: 64, partitioning: QuicksortVariant3(pivot: MEDIAN3))  -> time =    273.734 ms
  QuicksortImproved(threshold: 32, partitioning: QuicksortVariant3(pivot: MEDIAN3))  -> time =    284.035 ms
  QuicksortImproved(threshold: 96, partitioning: QuicksortVariant3(pivot: MEDIAN3))  -> time =    269.941 ms
  QuicksortImproved(threshold: 96, partitioning: QuicksortVariant1(pivot: MEDIAN3))  -> time =    268.843 ms
Iteration 30
  QuicksortImproved(threshold: 96, partitioning: QuicksortVariant2(pivot: MIDDLE))   -> time =    263.286 ms
  QuicksortImproved(threshold: 16, partitioning: QuicksortVariant1(pivot: MIDDLE))   -> time =    280.941 ms
  QuicksortImproved(threshold: 32, partitioning: QuicksortVariant3(pivot: MIDDLE))   -> time =    272.465 ms
  QuicksortImproved(threshold: 24, partitioning: QuicksortVariant2(pivot: MEDIAN3))  -> time =    291.453 ms
  QuicksortVariant1(pivot: MIDDLE)                                                   -> time =    303.003 ms
  QuicksortImproved(threshold: 32, partitioning: QuicksortVariant1(pivot: MIDDLE))   -> time =    271.077 ms
  QuicksortImproved(threshold: 48, partitioning: QuicksortVariant3(pivot: MEDIAN3))  -> time =    277.349 ms
  QuicksortImproved(threshold: 128, partitioning: QuicksortVariant1(pivot: MIDDLE))  -> time =    258.534 ms
  QuicksortImproved(threshold: 4, partitioning: QuicksortVariant3(pivot: MIDDLE))    -> time =    301.168 ms
  QuicksortImproved(threshold: 4, partitioning: QuicksortVariant2(pivot: MIDDLE))    -> time =    306.609 ms
  QuicksortImproved(threshold: 32, partitioning: QuicksortVariant2(pivot: MEDIAN3))  -> time =    292.973 ms
  QuicksortImproved(threshold: 192, partitioning: QuicksortVariant3(pivot: MEDIAN3)) -> time =    271.706 ms
  QuicksortImproved(threshold: 128, partitioning: QuicksortVariant3(pivot: MEDIAN3)) -> time =    269.321 ms
  QuicksortImproved(threshold: 2, partitioning: QuicksortVariant3(pivot: MEDIAN3))   -> time =    333.374 ms
  QuicksortImproved(threshold: 8, partitioning: QuicksortVariant1(pivot: MIDDLE))    -> time =    290.563 ms
  QuicksortImproved(threshold: 96, partitioning: QuicksortVariant3(pivot: MIDDLE))   -> time =    260.231 ms
  QuicksortImproved(threshold: 192, partitioning: QuicksortVariant1(pivot: MEDIAN3)) -> time =    268.443 ms
  QuicksortImproved(threshold: 2, partitioning: QuicksortVariant3(pivot: MIDDLE))    -> time =    306.344 ms
  QuicksortImproved(threshold: 24, partitioning: QuicksortVariant3(pivot: MIDDLE))   -> time =    276.579 ms
  QuicksortImproved(threshold: 32, partitioning: QuicksortVariant1(pivot: MEDIAN3))  -> time =    280.351 ms
  QuicksortImproved(threshold: 128, partitioning: QuicksortVariant1(pivot: MEDIAN3)) -> time =    267.894 ms
  QuicksortImproved(threshold: 48, partitioning: QuicksortVariant2(pivot: MEDIAN3))  -> time =    278.204 ms
  QuicksortImproved(threshold: 48, partitioning: QuicksortVariant3(pivot: MIDDLE))   -> time =    266.808 ms
  QuicksortVariant2(pivot: MEDIAN3)                                                  -> time =    331.413 ms
  QuicksortImproved(threshold: 96, partitioning: QuicksortVariant1(pivot: MIDDLE))   -> time =    259.568 ms
  QuicksortImproved(threshold: 64, partitioning: QuicksortVariant2(pivot: MEDIAN3))  -> time =    274.806 ms
  QuicksortImproved(threshold: 64, partitioning: QuicksortVariant1(pivot: MIDDLE))   -> time =    261.975 ms
  QuicksortImproved(threshold: 24, partitioning: QuicksortVariant3(pivot: MEDIAN3))  -> time =    289.341 ms
  QuicksortImproved(threshold: 2, partitioning: QuicksortVariant2(pivot: MEDIAN3))   -> time =    330.344 ms
  QuicksortImproved(threshold: 24, partitioning: QuicksortVariant2(pivot: MIDDLE))   -> time =    279.409 ms
  QuicksortImproved(threshold: 64, partitioning: QuicksortVariant1(pivot: MEDIAN3))  -> time =    270.988 ms
  QuicksortImproved(threshold: 8, partitioning: QuicksortVariant3(pivot: MIDDLE))    -> time =    292.079 ms
  QuicksortImproved(threshold: 48, partitioning: QuicksortVariant1(pivot: MIDDLE))   -> time =    265.515 ms
  QuicksortImproved(threshold: 2, partitioning: QuicksortVariant2(pivot: MIDDLE))    -> time =    313.037 ms
  QuicksortImproved(threshold: 96, partitioning: QuicksortVariant3(pivot: MEDIAN3))  -> time =    270.331 ms
  QuicksortVariant1(pivot: MEDIAN3)                                                  -> time =    322.238 ms
  QuicksortImproved(threshold: 4, partitioning: QuicksortVariant1(pivot: MIDDLE))    -> time =    302.523 ms
  QuicksortImproved(threshold: 8, partitioning: QuicksortVariant2(pivot: MEDIAN3))   -> time =    315.148 ms
  QuicksortImproved(threshold: 16, partitioning: QuicksortVariant2(pivot: MIDDLE))   -> time =    286.009 ms
  QuicksortImproved(threshold: 48, partitioning: QuicksortVariant2(pivot: MIDDLE))   -> time =    270.154 ms
  QuicksortImproved(threshold: 96, partitioning: QuicksortVariant2(pivot: MEDIAN3))  -> time =    272.265 ms
  QuicksortImproved(threshold: 48, partitioning: QuicksortVariant1(pivot: MEDIAN3))  -> time =    274.331 ms
  QuicksortImproved(threshold: 16, partitioning: QuicksortVariant3(pivot: MIDDLE))   -> time =    283.391 ms
  QuicksortImproved(threshold: 32, partitioning: QuicksortVariant2(pivot: MIDDLE))   -> time =    275.192 ms
  QuicksortImproved(threshold: 128, partitioning: QuicksortVariant3(pivot: MIDDLE))  -> time =    260.373 ms
  QuicksortImproved(threshold: 2, partitioning: QuicksortVariant1(pivot: MIDDLE))    -> time =    306.058 ms
  QuicksortImproved(threshold: 16, partitioning: QuicksortVariant2(pivot: MEDIAN3))  -> time =    297.919 ms
  QuicksortImproved(threshold: 24, partitioning: QuicksortVariant1(pivot: MEDIAN3))  -> time =    285.627 ms
  QuicksortImproved(threshold: 128, partitioning: QuicksortVariant2(pivot: MEDIAN3)) -> time =    270.379 ms
  QuicksortImproved(threshold: 2, partitioning: QuicksortVariant1(pivot: MEDIAN3))   -> time =    324.589 ms
  QuicksortImproved(threshold: 4, partitioning: QuicksortVariant2(pivot: MEDIAN3))   -> time =    323.943 ms
  QuicksortImproved(threshold: 192, partitioning: QuicksortVariant2(pivot: MIDDLE))  -> time =    266.365 ms
  QuicksortImproved(threshold: 64, partitioning: QuicksortVariant3(pivot: MIDDLE))   -> time =    263.590 ms
  QuicksortImproved(threshold: 16, partitioning: QuicksortVariant1(pivot: MEDIAN3))  -> time =    292.548 ms
  QuicksortVariant3(pivot: MIDDLE)                                                   -> time =    304.962 ms
  QuicksortVariant3(pivot: MEDIAN3)                                                  -> time =    334.190 ms
  QuicksortImproved(threshold: 24, partitioning: QuicksortVariant1(pivot: MIDDLE))   -> time =    275.802 ms
  QuicksortImproved(threshold: 192, partitioning: QuicksortVariant3(pivot: MIDDLE))  -> time =    262.724 ms
  QuicksortImproved(threshold: 128, partitioning: QuicksortVariant2(pivot: MIDDLE))  -> time =    263.115 ms
  QuicksortImproved(threshold: 8, partitioning: QuicksortVariant2(pivot: MIDDLE))    -> time =    297.828 ms
  QuicksortImproved(threshold: 32, partitioning: QuicksortVariant3(pivot: MEDIAN3))  -> time =    284.184 ms
  QuicksortImproved(threshold: 192, partitioning: QuicksortVariant2(pivot: MEDIAN3)) -> time =    272.856 ms
  QuicksortImproved(threshold: 96, partitioning: QuicksortVariant1(pivot: MEDIAN3))  -> time =    266.778 ms
  QuicksortImproved(threshold: 4, partitioning: QuicksortVariant3(pivot: MEDIAN3))   -> time =    324.316 ms
  QuicksortImproved(threshold: 4, partitioning: QuicksortVariant1(pivot: MEDIAN3))   -> time =    318.291 ms
  QuicksortImproved(threshold: 16, partitioning: QuicksortVariant3(pivot: MEDIAN3))  -> time =    296.391 ms
  QuicksortImproved(threshold: 64, partitioning: QuicksortVariant3(pivot: MEDIAN3))  -> time =    280.796 ms
  QuicksortImproved(threshold: 192, partitioning: QuicksortVariant1(pivot: MIDDLE))  -> time =    266.305 ms
  QuicksortImproved(threshold: 8, partitioning: QuicksortVariant3(pivot: MEDIAN3))   -> time =    310.703 ms
  QuicksortImproved(threshold: 8, partitioning: QuicksortVariant1(pivot: MEDIAN3))   -> time =    305.498 ms
  QuicksortImproved(threshold: 64, partitioning: QuicksortVariant2(pivot: MIDDLE))   -> time =    266.978 ms
  QuicksortVariant2(pivot: MIDDLE)                                                   -> time =    315.641 ms

----- Results after 30 iterations-----
QuicksortVariant1(pivot: MIDDLE)                                                   -> fastest:    294.715 ms, median:    303.723 ms 
QuicksortVariant1(pivot: MEDIAN3)                                                  -> fastest:    315.918 ms, median:    321.755 ms 
QuicksortVariant2(pivot: MIDDLE)                                                   -> fastest:    305.046 ms, median:    311.273 ms 
QuicksortVariant2(pivot: MEDIAN3)                                                  -> fastest:    325.364 ms, median:    330.942 ms 
QuicksortVariant3(pivot: MIDDLE)                                                   -> fastest:    298.145 ms, median:    302.895 ms 
QuicksortVariant3(pivot: MEDIAN3)                                                  -> fastest:    327.510 ms, median:    333.220 ms 
QuicksortImproved(threshold: 2, partitioning: QuicksortVariant1(pivot: MIDDLE))    -> fastest:    299.220 ms, median:    306.573 ms 
QuicksortImproved(threshold: 2, partitioning: QuicksortVariant1(pivot: MEDIAN3))   -> fastest:    318.701 ms, median:    324.802 ms 
QuicksortImproved(threshold: 2, partitioning: QuicksortVariant2(pivot: MIDDLE))    -> fastest:    305.454 ms, median:    311.573 ms 
QuicksortImproved(threshold: 2, partitioning: QuicksortVariant2(pivot: MEDIAN3))   -> fastest:    325.374 ms, median:    330.343 ms 
QuicksortImproved(threshold: 2, partitioning: QuicksortVariant3(pivot: MIDDLE))    -> fastest:    299.293 ms, median:    305.699 ms 
QuicksortImproved(threshold: 2, partitioning: QuicksortVariant3(pivot: MEDIAN3))   -> fastest:    327.355 ms, median:    332.125 ms 
QuicksortImproved(threshold: 4, partitioning: QuicksortVariant1(pivot: MIDDLE))    -> fastest:    294.031 ms, median:    300.303 ms 
QuicksortImproved(threshold: 4, partitioning: QuicksortVariant1(pivot: MEDIAN3))   -> fastest:    312.223 ms, median:    318.195 ms 
QuicksortImproved(threshold: 4, partitioning: QuicksortVariant2(pivot: MIDDLE))    -> fastest:    301.579 ms, median:    306.438 ms 
QuicksortImproved(threshold: 4, partitioning: QuicksortVariant2(pivot: MEDIAN3))   -> fastest:    318.395 ms, median:    321.988 ms 
QuicksortImproved(threshold: 4, partitioning: QuicksortVariant3(pivot: MIDDLE))    -> fastest:    294.727 ms, median:    300.881 ms 
QuicksortImproved(threshold: 4, partitioning: QuicksortVariant3(pivot: MEDIAN3))   -> fastest:    318.907 ms, median:    323.364 ms 
QuicksortImproved(threshold: 8, partitioning: QuicksortVariant1(pivot: MIDDLE))    -> fastest:    284.382 ms, median:    290.990 ms 
QuicksortImproved(threshold: 8, partitioning: QuicksortVariant1(pivot: MEDIAN3))   -> fastest:    298.660 ms, median:    305.705 ms 
QuicksortImproved(threshold: 8, partitioning: QuicksortVariant2(pivot: MIDDLE))    -> fastest:    290.817 ms, median:    297.339 ms 
QuicksortImproved(threshold: 8, partitioning: QuicksortVariant2(pivot: MEDIAN3))   -> fastest:    307.180 ms, median:    311.765 ms 
QuicksortImproved(threshold: 8, partitioning: QuicksortVariant3(pivot: MIDDLE))    -> fastest:    286.266 ms, median:    291.665 ms 
QuicksortImproved(threshold: 8, partitioning: QuicksortVariant3(pivot: MEDIAN3))   -> fastest:    304.973 ms, median:    308.940 ms 
QuicksortImproved(threshold: 16, partitioning: QuicksortVariant1(pivot: MIDDLE))   -> fastest:    273.828 ms, median:    282.546 ms 
QuicksortImproved(threshold: 16, partitioning: QuicksortVariant1(pivot: MEDIAN3))  -> fastest:    289.439 ms, median:    292.725 ms 
QuicksortImproved(threshold: 16, partitioning: QuicksortVariant2(pivot: MIDDLE))   -> fastest:    279.522 ms, median:    285.923 ms 
QuicksortImproved(threshold: 16, partitioning: QuicksortVariant2(pivot: MEDIAN3))  -> fastest:    291.243 ms, median:    297.594 ms 
QuicksortImproved(threshold: 16, partitioning: QuicksortVariant3(pivot: MIDDLE))   -> fastest:    274.685 ms, median:    281.718 ms 
QuicksortImproved(threshold: 16, partitioning: QuicksortVariant3(pivot: MEDIAN3))  -> fastest:    291.156 ms, median:    296.401 ms 
QuicksortImproved(threshold: 24, partitioning: QuicksortVariant1(pivot: MIDDLE))   -> fastest:    269.765 ms, median:    276.212 ms 
QuicksortImproved(threshold: 24, partitioning: QuicksortVariant1(pivot: MEDIAN3))  -> fastest:    280.776 ms, median:    286.045 ms 
QuicksortImproved(threshold: 24, partitioning: QuicksortVariant2(pivot: MIDDLE))   -> fastest:    273.055 ms, median:    279.024 ms 
QuicksortImproved(threshold: 24, partitioning: QuicksortVariant2(pivot: MEDIAN3))  -> fastest:    283.205 ms, median:    288.548 ms 
QuicksortImproved(threshold: 24, partitioning: QuicksortVariant3(pivot: MIDDLE))   -> fastest:    270.111 ms, median:    275.459 ms 
QuicksortImproved(threshold: 24, partitioning: QuicksortVariant3(pivot: MEDIAN3))  -> fastest:    284.319 ms, median:    287.447 ms 
QuicksortImproved(threshold: 32, partitioning: QuicksortVariant1(pivot: MIDDLE))   -> fastest:    263.725 ms, median:    270.656 ms 
QuicksortImproved(threshold: 32, partitioning: QuicksortVariant1(pivot: MEDIAN3))  -> fastest:    274.984 ms, median:    280.499 ms 
QuicksortImproved(threshold: 32, partitioning: QuicksortVariant2(pivot: MIDDLE))   -> fastest:    268.102 ms, median:    275.116 ms 
QuicksortImproved(threshold: 32, partitioning: QuicksortVariant2(pivot: MEDIAN3))  -> fastest:    278.207 ms, median:    286.003 ms 
QuicksortImproved(threshold: 32, partitioning: QuicksortVariant3(pivot: MIDDLE))   -> fastest:    265.438 ms, median:    271.751 ms 
QuicksortImproved(threshold: 32, partitioning: QuicksortVariant3(pivot: MEDIAN3))  -> fastest:    279.020 ms, median:    283.139 ms 
QuicksortImproved(threshold: 48, partitioning: QuicksortVariant1(pivot: MIDDLE))   -> fastest:    260.627 ms, median:    265.371 ms 
QuicksortImproved(threshold: 48, partitioning: QuicksortVariant1(pivot: MEDIAN3))  -> fastest:    269.592 ms, median:    273.980 ms 
QuicksortImproved(threshold: 48, partitioning: QuicksortVariant2(pivot: MIDDLE))   -> fastest:    263.175 ms, median:    268.446 ms 
QuicksortImproved(threshold: 48, partitioning: QuicksortVariant2(pivot: MEDIAN3))  -> fastest:    271.964 ms, median:    277.875 ms 
QuicksortImproved(threshold: 48, partitioning: QuicksortVariant3(pivot: MIDDLE))   -> fastest:    260.211 ms, median:    265.757 ms 
QuicksortImproved(threshold: 48, partitioning: QuicksortVariant3(pivot: MEDIAN3))  -> fastest:    271.534 ms, median:    276.605 ms 
QuicksortImproved(threshold: 64, partitioning: QuicksortVariant1(pivot: MIDDLE))   -> fastest:    256.152 ms, median:    263.247 ms 
QuicksortImproved(threshold: 64, partitioning: QuicksortVariant1(pivot: MEDIAN3))  -> fastest:    265.450 ms, median:    270.702 ms 
QuicksortImproved(threshold: 64, partitioning: QuicksortVariant2(pivot: MIDDLE))   -> fastest:    260.348 ms, median:    266.249 ms 
QuicksortImproved(threshold: 64, partitioning: QuicksortVariant2(pivot: MEDIAN3))  -> fastest:    268.914 ms, median:    274.419 ms 
QuicksortImproved(threshold: 64, partitioning: QuicksortVariant3(pivot: MIDDLE))   -> fastest:    256.987 ms, median:    262.934 ms 
QuicksortImproved(threshold: 64, partitioning: QuicksortVariant3(pivot: MEDIAN3))  -> fastest:    268.174 ms, median:    272.734 ms 
QuicksortImproved(threshold: 96, partitioning: QuicksortVariant1(pivot: MIDDLE))   -> fastest:    252.721 ms, median:    258.724 ms <<< FASTEST MEDIAN :-)
QuicksortImproved(threshold: 96, partitioning: QuicksortVariant1(pivot: MEDIAN3))  -> fastest:    261.906 ms, median:    266.915 ms 
QuicksortImproved(threshold: 96, partitioning: QuicksortVariant2(pivot: MIDDLE))   -> fastest:    257.106 ms, median:    263.132 ms 
QuicksortImproved(threshold: 96, partitioning: QuicksortVariant2(pivot: MEDIAN3))  -> fastest:    264.224 ms, median:    271.729 ms 
QuicksortImproved(threshold: 96, partitioning: QuicksortVariant3(pivot: MIDDLE))   -> fastest:    254.569 ms, median:    259.333 ms 
QuicksortImproved(threshold: 96, partitioning: QuicksortVariant3(pivot: MEDIAN3))  -> fastest:    264.485 ms, median:    269.092 ms 
QuicksortImproved(threshold: 128, partitioning: QuicksortVariant1(pivot: MIDDLE))  -> fastest:    252.525 ms, median:    258.850 ms 
QuicksortImproved(threshold: 128, partitioning: QuicksortVariant1(pivot: MEDIAN3)) -> fastest:    261.313 ms, median:    266.404 ms 
QuicksortImproved(threshold: 128, partitioning: QuicksortVariant2(pivot: MIDDLE))  -> fastest:    255.248 ms, median:    261.771 ms 
QuicksortImproved(threshold: 128, partitioning: QuicksortVariant2(pivot: MEDIAN3)) -> fastest:    265.495 ms, median:    270.056 ms 
QuicksortImproved(threshold: 128, partitioning: QuicksortVariant3(pivot: MIDDLE))  -> fastest:    254.074 ms, median:    260.276 ms 
QuicksortImproved(threshold: 128, partitioning: QuicksortVariant3(pivot: MEDIAN3)) -> fastest:    263.763 ms, median:    268.238 ms 
QuicksortImproved(threshold: 192, partitioning: QuicksortVariant1(pivot: MIDDLE))  -> fastest:    254.463 ms, median:    261.700 ms 
QuicksortImproved(threshold: 192, partitioning: QuicksortVariant1(pivot: MEDIAN3)) -> fastest:    263.153 ms, median:    268.205 ms 
QuicksortImproved(threshold: 192, partitioning: QuicksortVariant2(pivot: MIDDLE))  -> fastest:    257.567 ms, median:    263.142 ms 
QuicksortImproved(threshold: 192, partitioning: QuicksortVariant2(pivot: MEDIAN3)) -> fastest:    265.547 ms, median:    271.131 ms 
QuicksortImproved(threshold: 192, partitioning: QuicksortVariant3(pivot: MIDDLE))  -> fastest:    255.421 ms, median:    261.237 ms 
QuicksortImproved(threshold: 192, partitioning: QuicksortVariant3(pivot: MEDIAN3)) -> fastest:    265.454 ms, median:    270.171 ms 

Iteration 31
  QuicksortImproved(threshold: 32, partitioning: QuicksortVariant2(pivot: MEDIAN3))  -> time =    282.525 ms
  QuicksortImproved(threshold: 96, partitioning: QuicksortVariant3(pivot: MIDDLE))   -> time =    257.523 ms
  QuicksortImproved(threshold: 32, partitioning: QuicksortVariant1(pivot: MIDDLE))   -> time =    268.575 ms
  QuicksortVariant3(pivot: MIDDLE)                                                   -> time =    301.987 ms
  QuicksortImproved(threshold: 16, partitioning: QuicksortVariant3(pivot: MIDDLE))   -> time =    280.195 ms
  QuicksortImproved(threshold: 128, partitioning: QuicksortVariant3(pivot: MIDDLE))  -> time =    256.853 ms
  QuicksortImproved(threshold: 192, partitioning: QuicksortVariant3(pivot: MIDDLE))  -> time =    271.108 ms
  QuicksortImproved(threshold: 4, partitioning: QuicksortVariant3(pivot: MIDDLE))    -> time =    298.447 ms
  QuicksortImproved(threshold: 192, partitioning: QuicksortVariant1(pivot: MEDIAN3)) -> time =    264.659 ms
  QuicksortImproved(threshold: 64, partitioning: QuicksortVariant3(pivot: MEDIAN3))  -> time =    270.743 ms
  QuicksortImproved(threshold: 96, partitioning: QuicksortVariant1(pivot: MEDIAN3))  -> time =    264.366 ms
  QuicksortImproved(threshold: 2, partitioning: QuicksortVariant2(pivot: MEDIAN3))   -> time =    335.271 ms
  QuicksortImproved(threshold: 48, partitioning: QuicksortVariant2(pivot: MEDIAN3))  -> time =    274.698 ms
  QuicksortImproved(threshold: 8, partitioning: QuicksortVariant3(pivot: MEDIAN3))   -> time =    306.899 ms
  QuicksortImproved(threshold: 24, partitioning: QuicksortVariant1(pivot: MIDDLE))   -> time =    272.142 ms
  QuicksortImproved(threshold: 48, partitioning: QuicksortVariant1(pivot: MEDIAN3))  -> time =    271.317 ms
  QuicksortImproved(threshold: 8, partitioning: QuicksortVariant3(pivot: MIDDLE))    -> time =    289.110 ms
  QuicksortImproved(threshold: 24, partitioning: QuicksortVariant1(pivot: MEDIAN3))  -> time =    283.143 ms
  QuicksortImproved(threshold: 192, partitioning: QuicksortVariant3(pivot: MEDIAN3)) -> time =    269.703 ms
  QuicksortVariant1(pivot: MIDDLE)                                                   -> time =    301.248 ms
  QuicksortImproved(threshold: 48, partitioning: QuicksortVariant3(pivot: MIDDLE))   -> time =    263.751 ms
  QuicksortImproved(threshold: 64, partitioning: QuicksortVariant2(pivot: MIDDLE))   -> time =    260.690 ms
  QuicksortImproved(threshold: 128, partitioning: QuicksortVariant2(pivot: MEDIAN3)) -> time =    265.959 ms
  QuicksortImproved(threshold: 96, partitioning: QuicksortVariant2(pivot: MEDIAN3))  -> time =    266.839 ms
  QuicksortImproved(threshold: 48, partitioning: QuicksortVariant2(pivot: MIDDLE))   -> time =    264.852 ms
  QuicksortImproved(threshold: 32, partitioning: QuicksortVariant2(pivot: MIDDLE))   -> time =    271.351 ms
  QuicksortImproved(threshold: 96, partitioning: QuicksortVariant1(pivot: MIDDLE))   -> time =    256.796 ms
  QuicksortImproved(threshold: 2, partitioning: QuicksortVariant2(pivot: MIDDLE))    -> time =    307.220 ms
  QuicksortImproved(threshold: 24, partitioning: QuicksortVariant2(pivot: MIDDLE))   -> time =    274.423 ms
  QuicksortImproved(threshold: 64, partitioning: QuicksortVariant2(pivot: MEDIAN3))  -> time =    270.527 ms
  QuicksortImproved(threshold: 96, partitioning: QuicksortVariant3(pivot: MEDIAN3))  -> time =    267.375 ms
  QuicksortImproved(threshold: 8, partitioning: QuicksortVariant1(pivot: MEDIAN3))   -> time =    302.598 ms
  QuicksortImproved(threshold: 16, partitioning: QuicksortVariant2(pivot: MEDIAN3))  -> time =    292.969 ms
  QuicksortImproved(threshold: 64, partitioning: QuicksortVariant1(pivot: MIDDLE))   -> time =    259.373 ms
  QuicksortImproved(threshold: 4, partitioning: QuicksortVariant3(pivot: MEDIAN3))   -> time =    321.094 ms
  QuicksortImproved(threshold: 48, partitioning: QuicksortVariant3(pivot: MEDIAN3))  -> time =    274.368 ms
  QuicksortImproved(threshold: 128, partitioning: QuicksortVariant2(pivot: MIDDLE))  -> time =    258.056 ms
  QuicksortImproved(threshold: 192, partitioning: QuicksortVariant1(pivot: MIDDLE))  -> time =    258.625 ms
  QuicksortImproved(threshold: 192, partitioning: QuicksortVariant2(pivot: MEDIAN3)) -> time =    268.484 ms
  QuicksortImproved(threshold: 64, partitioning: QuicksortVariant1(pivot: MEDIAN3))  -> time =    267.505 ms
  QuicksortImproved(threshold: 128, partitioning: QuicksortVariant1(pivot: MEDIAN3)) -> time =    263.525 ms
  QuicksortVariant2(pivot: MIDDLE)                                                   -> time =    306.463 ms
  QuicksortImproved(threshold: 16, partitioning: QuicksortVariant2(pivot: MIDDLE))   -> time =    280.704 ms
  QuicksortImproved(threshold: 32, partitioning: QuicksortVariant3(pivot: MEDIAN3))  -> time =    280.088 ms
  QuicksortImproved(threshold: 4, partitioning: QuicksortVariant1(pivot: MEDIAN3))   -> time =    314.251 ms
  QuicksortImproved(threshold: 2, partitioning: QuicksortVariant1(pivot: MEDIAN3))   -> time =    322.996 ms
  QuicksortImproved(threshold: 128, partitioning: QuicksortVariant1(pivot: MIDDLE))  -> time =    256.958 ms
  QuicksortImproved(threshold: 16, partitioning: QuicksortVariant1(pivot: MIDDLE))   -> time =    278.773 ms
  QuicksortImproved(threshold: 2, partitioning: QuicksortVariant1(pivot: MIDDLE))    -> time =    303.355 ms
  QuicksortImproved(threshold: 48, partitioning: QuicksortVariant1(pivot: MIDDLE))   -> time =    262.588 ms
  QuicksortVariant1(pivot: MEDIAN3)                                                  -> time =    319.063 ms
  QuicksortImproved(threshold: 64, partitioning: QuicksortVariant3(pivot: MIDDLE))   -> time =    263.053 ms
  QuicksortImproved(threshold: 4, partitioning: QuicksortVariant1(pivot: MIDDLE))    -> time =    301.471 ms
  QuicksortImproved(threshold: 16, partitioning: QuicksortVariant3(pivot: MEDIAN3))  -> time =    297.558 ms
  QuicksortImproved(threshold: 4, partitioning: QuicksortVariant2(pivot: MIDDLE))    -> time =    307.083 ms
  QuicksortImproved(threshold: 4, partitioning: QuicksortVariant2(pivot: MEDIAN3))   -> time =    321.985 ms
  QuicksortImproved(threshold: 128, partitioning: QuicksortVariant3(pivot: MEDIAN3)) -> time =    267.404 ms
  QuicksortImproved(threshold: 16, partitioning: QuicksortVariant1(pivot: MEDIAN3))  -> time =    303.461 ms
  QuicksortVariant2(pivot: MEDIAN3)                                                  -> time =    336.273 ms
  QuicksortImproved(threshold: 24, partitioning: QuicksortVariant3(pivot: MEDIAN3))  -> time =    290.807 ms
  QuicksortImproved(threshold: 24, partitioning: QuicksortVariant3(pivot: MIDDLE))   -> time =    273.990 ms
  QuicksortImproved(threshold: 2, partitioning: QuicksortVariant3(pivot: MIDDLE))    -> time =    304.644 ms
  QuicksortImproved(threshold: 192, partitioning: QuicksortVariant2(pivot: MIDDLE))  -> time =    262.214 ms
  QuicksortImproved(threshold: 32, partitioning: QuicksortVariant3(pivot: MIDDLE))   -> time =    271.924 ms
  QuicksortImproved(threshold: 8, partitioning: QuicksortVariant2(pivot: MIDDLE))    -> time =    294.710 ms
  QuicksortImproved(threshold: 8, partitioning: QuicksortVariant2(pivot: MEDIAN3))   -> time =    322.354 ms
  QuicksortImproved(threshold: 96, partitioning: QuicksortVariant2(pivot: MIDDLE))   -> time =    263.277 ms
  QuicksortVariant3(pivot: MEDIAN3)                                                  -> time =    334.594 ms
  QuicksortImproved(threshold: 24, partitioning: QuicksortVariant2(pivot: MEDIAN3))  -> time =    291.121 ms
  QuicksortImproved(threshold: 32, partitioning: QuicksortVariant1(pivot: MEDIAN3))  -> time =    280.452 ms
  QuicksortImproved(threshold: 8, partitioning: QuicksortVariant1(pivot: MIDDLE))    -> time =    293.060 ms
  QuicksortImproved(threshold: 2, partitioning: QuicksortVariant3(pivot: MEDIAN3))   -> time =    334.644 ms
Iteration 32
  QuicksortImproved(threshold: 96, partitioning: QuicksortVariant3(pivot: MEDIAN3))  -> time =    273.474 ms
  QuicksortImproved(threshold: 24, partitioning: QuicksortVariant1(pivot: MIDDLE))   -> time =    274.930 ms
  QuicksortVariant2(pivot: MEDIAN3)                                                  -> time =    341.977 ms
  QuicksortImproved(threshold: 24, partitioning: QuicksortVariant1(pivot: MEDIAN3))  -> time =    288.016 ms
  QuicksortImproved(threshold: 4, partitioning: QuicksortVariant3(pivot: MIDDLE))    -> time =    300.912 ms
  QuicksortImproved(threshold: 8, partitioning: QuicksortVariant1(pivot: MIDDLE))    -> time =    291.114 ms
  QuicksortImproved(threshold: 24, partitioning: QuicksortVariant3(pivot: MIDDLE))   -> time =    274.190 ms
  QuicksortImproved(threshold: 8, partitioning: QuicksortVariant2(pivot: MIDDLE))    -> time =    295.939 ms
  QuicksortImproved(threshold: 16, partitioning: QuicksortVariant1(pivot: MIDDLE))   -> time =    278.298 ms
  QuicksortImproved(threshold: 48, partitioning: QuicksortVariant1(pivot: MIDDLE))   -> time =    263.450 ms
  QuicksortImproved(threshold: 32, partitioning: QuicksortVariant3(pivot: MEDIAN3))  -> time =    283.278 ms
  QuicksortImproved(threshold: 4, partitioning: QuicksortVariant1(pivot: MEDIAN3))   -> time =    315.071 ms
  QuicksortImproved(threshold: 64, partitioning: QuicksortVariant1(pivot: MIDDLE))   -> time =    260.692 ms
  QuicksortImproved(threshold: 96, partitioning: QuicksortVariant2(pivot: MEDIAN3))  -> time =    269.472 ms
  QuicksortImproved(threshold: 2, partitioning: QuicksortVariant3(pivot: MEDIAN3))   -> time =    334.421 ms
  QuicksortImproved(threshold: 8, partitioning: QuicksortVariant3(pivot: MIDDLE))    -> time =    291.335 ms
  QuicksortImproved(threshold: 16, partitioning: QuicksortVariant2(pivot: MIDDLE))   -> time =    284.841 ms
  QuicksortVariant3(pivot: MIDDLE)                                                   -> time =    301.395 ms
  QuicksortImproved(threshold: 192, partitioning: QuicksortVariant2(pivot: MEDIAN3)) -> time =    269.015 ms
  QuicksortImproved(threshold: 2, partitioning: QuicksortVariant2(pivot: MIDDLE))    -> time =    310.613 ms
  QuicksortImproved(threshold: 8, partitioning: QuicksortVariant2(pivot: MEDIAN3))   -> time =    309.414 ms
  QuicksortImproved(threshold: 128, partitioning: QuicksortVariant1(pivot: MEDIAN3)) -> time =    263.155 ms
  QuicksortImproved(threshold: 96, partitioning: QuicksortVariant2(pivot: MIDDLE))   -> time =    267.319 ms
  QuicksortImproved(threshold: 48, partitioning: QuicksortVariant3(pivot: MEDIAN3))  -> time =    276.062 ms
  QuicksortImproved(threshold: 32, partitioning: QuicksortVariant2(pivot: MIDDLE))   -> time =    273.312 ms
  QuicksortImproved(threshold: 64, partitioning: QuicksortVariant1(pivot: MEDIAN3))  -> time =    266.302 ms
  QuicksortImproved(threshold: 24, partitioning: QuicksortVariant2(pivot: MIDDLE))   -> time =    276.239 ms
  QuicksortImproved(threshold: 96, partitioning: QuicksortVariant3(pivot: MIDDLE))   -> time =    257.531 ms
  QuicksortImproved(threshold: 16, partitioning: QuicksortVariant1(pivot: MEDIAN3))  -> time =    288.526 ms <<< NEW RECORD :-)
  QuicksortImproved(threshold: 16, partitioning: QuicksortVariant3(pivot: MIDDLE))   -> time =    278.239 ms
  QuicksortImproved(threshold: 2, partitioning: QuicksortVariant3(pivot: MIDDLE))    -> time =    302.913 ms
  QuicksortImproved(threshold: 2, partitioning: QuicksortVariant2(pivot: MEDIAN3))   -> time =    326.097 ms
  QuicksortImproved(threshold: 2, partitioning: QuicksortVariant1(pivot: MIDDLE))    -> time =    303.210 ms
  QuicksortImproved(threshold: 64, partitioning: QuicksortVariant2(pivot: MEDIAN3))  -> time =    273.977 ms
  QuicksortImproved(threshold: 16, partitioning: QuicksortVariant3(pivot: MEDIAN3))  -> time =    295.560 ms
  QuicksortImproved(threshold: 4, partitioning: QuicksortVariant1(pivot: MIDDLE))    -> time =    298.211 ms
  QuicksortVariant1(pivot: MIDDLE)                                                   -> time =    300.814 ms
  QuicksortImproved(threshold: 32, partitioning: QuicksortVariant3(pivot: MIDDLE))   -> time =    269.160 ms
  QuicksortImproved(threshold: 32, partitioning: QuicksortVariant1(pivot: MEDIAN3))  -> time =    276.575 ms
  QuicksortImproved(threshold: 48, partitioning: QuicksortVariant3(pivot: MIDDLE))   -> time =    263.610 ms
  QuicksortImproved(threshold: 128, partitioning: QuicksortVariant1(pivot: MIDDLE))  -> time =    256.176 ms
  QuicksortImproved(threshold: 192, partitioning: QuicksortVariant3(pivot: MIDDLE))  -> time =    259.458 ms
  QuicksortImproved(threshold: 24, partitioning: QuicksortVariant3(pivot: MEDIAN3))  -> time =    288.196 ms
  QuicksortVariant3(pivot: MEDIAN3)                                                  -> time =    333.018 ms
  QuicksortImproved(threshold: 64, partitioning: QuicksortVariant2(pivot: MIDDLE))   -> time =    263.892 ms
  QuicksortImproved(threshold: 2, partitioning: QuicksortVariant1(pivot: MEDIAN3))   -> time =    321.928 ms
  QuicksortImproved(threshold: 192, partitioning: QuicksortVariant3(pivot: MEDIAN3)) -> time =    271.405 ms
  QuicksortImproved(threshold: 192, partitioning: QuicksortVariant2(pivot: MIDDLE))  -> time =    262.585 ms
  QuicksortImproved(threshold: 16, partitioning: QuicksortVariant2(pivot: MEDIAN3))  -> time =    295.994 ms
  QuicksortVariant1(pivot: MEDIAN3)                                                  -> time =    320.177 ms
  QuicksortImproved(threshold: 8, partitioning: QuicksortVariant3(pivot: MEDIAN3))   -> time =    311.812 ms
  QuicksortImproved(threshold: 128, partitioning: QuicksortVariant3(pivot: MIDDLE))  -> time =    258.314 ms
  QuicksortImproved(threshold: 64, partitioning: QuicksortVariant3(pivot: MIDDLE))   -> time =    261.645 ms
  QuicksortImproved(threshold: 24, partitioning: QuicksortVariant2(pivot: MEDIAN3))  -> time =    288.086 ms
  QuicksortImproved(threshold: 128, partitioning: QuicksortVariant2(pivot: MEDIAN3)) -> time =    269.116 ms
  QuicksortImproved(threshold: 96, partitioning: QuicksortVariant1(pivot: MIDDLE))   -> time =    258.287 ms
  QuicksortImproved(threshold: 192, partitioning: QuicksortVariant1(pivot: MEDIAN3)) -> time =    265.029 ms
  QuicksortImproved(threshold: 128, partitioning: QuicksortVariant3(pivot: MEDIAN3)) -> time =    268.198 ms
  QuicksortVariant2(pivot: MIDDLE)                                                   -> time =    312.192 ms
  QuicksortImproved(threshold: 48, partitioning: QuicksortVariant1(pivot: MEDIAN3))  -> time =    272.348 ms
  QuicksortImproved(threshold: 64, partitioning: QuicksortVariant3(pivot: MEDIAN3))  -> time =    273.924 ms
  QuicksortImproved(threshold: 4, partitioning: QuicksortVariant2(pivot: MIDDLE))    -> time =    306.309 ms
  QuicksortImproved(threshold: 128, partitioning: QuicksortVariant2(pivot: MIDDLE))  -> time =    261.246 ms
  QuicksortImproved(threshold: 192, partitioning: QuicksortVariant1(pivot: MIDDLE))  -> time =    259.090 ms
  QuicksortImproved(threshold: 4, partitioning: QuicksortVariant2(pivot: MEDIAN3))   -> time =    322.201 ms
  QuicksortImproved(threshold: 8, partitioning: QuicksortVariant1(pivot: MEDIAN3))   -> time =    302.660 ms
  QuicksortImproved(threshold: 32, partitioning: QuicksortVariant1(pivot: MIDDLE))   -> time =    269.023 ms
  QuicksortImproved(threshold: 48, partitioning: QuicksortVariant2(pivot: MIDDLE))   -> time =    267.362 ms
  QuicksortImproved(threshold: 4, partitioning: QuicksortVariant3(pivot: MEDIAN3))   -> time =    325.435 ms
  QuicksortImproved(threshold: 32, partitioning: QuicksortVariant2(pivot: MEDIAN3))  -> time =    284.150 ms
  QuicksortImproved(threshold: 96, partitioning: QuicksortVariant1(pivot: MEDIAN3))  -> time =    263.621 ms
  QuicksortImproved(threshold: 48, partitioning: QuicksortVariant2(pivot: MEDIAN3))  -> time =    276.372 ms
Iteration 33
  QuicksortImproved(threshold: 24, partitioning: QuicksortVariant3(pivot: MEDIAN3))  -> time =    289.265 ms
  QuicksortImproved(threshold: 64, partitioning: QuicksortVariant2(pivot: MIDDLE))   -> time =    272.349 ms
  QuicksortImproved(threshold: 16, partitioning: QuicksortVariant3(pivot: MIDDLE))   -> time =    284.790 ms
  QuicksortImproved(threshold: 32, partitioning: QuicksortVariant3(pivot: MIDDLE))   -> time =    275.253 ms
  QuicksortImproved(threshold: 192, partitioning: QuicksortVariant2(pivot: MEDIAN3)) -> time =    271.309 ms
  QuicksortImproved(threshold: 96, partitioning: QuicksortVariant1(pivot: MIDDLE))   -> time =    260.253 ms
  QuicksortImproved(threshold: 8, partitioning: QuicksortVariant1(pivot: MIDDLE))    -> time =    291.045 ms
  QuicksortImproved(threshold: 2, partitioning: QuicksortVariant3(pivot: MIDDLE))    -> time =    309.952 ms
  QuicksortImproved(threshold: 96, partitioning: QuicksortVariant3(pivot: MIDDLE))   -> time =    263.777 ms
  QuicksortImproved(threshold: 24, partitioning: QuicksortVariant1(pivot: MEDIAN3))  -> time =    283.352 ms
  QuicksortImproved(threshold: 16, partitioning: QuicksortVariant1(pivot: MEDIAN3))  -> time =    290.746 ms
  QuicksortImproved(threshold: 8, partitioning: QuicksortVariant1(pivot: MEDIAN3))   -> time =    309.044 ms
  QuicksortImproved(threshold: 96, partitioning: QuicksortVariant2(pivot: MIDDLE))   -> time =    275.764 ms
  QuicksortImproved(threshold: 96, partitioning: QuicksortVariant2(pivot: MEDIAN3))  -> time =    271.000 ms
  QuicksortImproved(threshold: 128, partitioning: QuicksortVariant1(pivot: MIDDLE))  -> time =    261.909 ms
  QuicksortImproved(threshold: 4, partitioning: QuicksortVariant3(pivot: MIDDLE))    -> time =    304.738 ms
  QuicksortImproved(threshold: 2, partitioning: QuicksortVariant2(pivot: MIDDLE))    -> time =    318.899 ms
  QuicksortImproved(threshold: 48, partitioning: QuicksortVariant2(pivot: MEDIAN3))  -> time =    283.385 ms
  QuicksortImproved(threshold: 192, partitioning: QuicksortVariant1(pivot: MEDIAN3)) -> time =    267.132 ms
  QuicksortImproved(threshold: 96, partitioning: QuicksortVariant1(pivot: MEDIAN3))  -> time =    266.235 ms
  QuicksortImproved(threshold: 16, partitioning: QuicksortVariant2(pivot: MIDDLE))   -> time =    291.236 ms
  QuicksortImproved(threshold: 32, partitioning: QuicksortVariant1(pivot: MEDIAN3))  -> time =    278.525 ms
  QuicksortImproved(threshold: 96, partitioning: QuicksortVariant3(pivot: MEDIAN3))  -> time =    269.407 ms
  QuicksortImproved(threshold: 128, partitioning: QuicksortVariant2(pivot: MIDDLE))  -> time =    267.450 ms
  QuicksortVariant1(pivot: MEDIAN3)                                                  -> time =    321.714 ms
  QuicksortImproved(threshold: 64, partitioning: QuicksortVariant2(pivot: MEDIAN3))  -> time =    275.336 ms
  QuicksortImproved(threshold: 24, partitioning: QuicksortVariant2(pivot: MIDDLE))   -> time =    287.391 ms
  QuicksortImproved(threshold: 128, partitioning: QuicksortVariant3(pivot: MIDDLE))  -> time =    264.175 ms
  QuicksortImproved(threshold: 24, partitioning: QuicksortVariant1(pivot: MIDDLE))   -> time =    277.413 ms
  QuicksortImproved(threshold: 2, partitioning: QuicksortVariant2(pivot: MEDIAN3))   -> time =    331.007 ms
  QuicksortImproved(threshold: 2, partitioning: QuicksortVariant1(pivot: MEDIAN3))   -> time =    323.775 ms
  QuicksortImproved(threshold: 48, partitioning: QuicksortVariant1(pivot: MEDIAN3))  -> time =    273.744 ms
  QuicksortImproved(threshold: 8, partitioning: QuicksortVariant3(pivot: MEDIAN3))   -> time =    309.584 ms
  QuicksortImproved(threshold: 64, partitioning: QuicksortVariant1(pivot: MIDDLE))   -> time =    263.152 ms
  QuicksortImproved(threshold: 4, partitioning: QuicksortVariant1(pivot: MIDDLE))    -> time =    302.322 ms
  QuicksortImproved(threshold: 192, partitioning: QuicksortVariant1(pivot: MIDDLE))  -> time =    262.917 ms
  QuicksortImproved(threshold: 64, partitioning: QuicksortVariant3(pivot: MIDDLE))   -> time =    267.073 ms
  QuicksortImproved(threshold: 32, partitioning: QuicksortVariant1(pivot: MIDDLE))   -> time =    271.365 ms
  QuicksortImproved(threshold: 32, partitioning: QuicksortVariant2(pivot: MEDIAN3))  -> time =    284.366 ms
  QuicksortImproved(threshold: 16, partitioning: QuicksortVariant2(pivot: MEDIAN3))  -> time =    296.678 ms
  QuicksortImproved(threshold: 8, partitioning: QuicksortVariant2(pivot: MIDDLE))    -> time =    301.944 ms
  QuicksortImproved(threshold: 4, partitioning: QuicksortVariant1(pivot: MEDIAN3))   -> time =    315.895 ms
  QuicksortImproved(threshold: 48, partitioning: QuicksortVariant2(pivot: MIDDLE))   -> time =    274.215 ms
  QuicksortImproved(threshold: 8, partitioning: QuicksortVariant2(pivot: MEDIAN3))   -> time =    310.084 ms
  QuicksortImproved(threshold: 32, partitioning: QuicksortVariant3(pivot: MEDIAN3))  -> time =    284.633 ms
  QuicksortImproved(threshold: 48, partitioning: QuicksortVariant3(pivot: MIDDLE))   -> time =    270.067 ms
  QuicksortVariant3(pivot: MEDIAN3)                                                  -> time =    331.894 ms
  QuicksortImproved(threshold: 4, partitioning: QuicksortVariant2(pivot: MEDIAN3))   -> time =    322.405 ms
  QuicksortImproved(threshold: 64, partitioning: QuicksortVariant1(pivot: MEDIAN3))  -> time =    269.871 ms
  QuicksortImproved(threshold: 16, partitioning: QuicksortVariant1(pivot: MIDDLE))   -> time =    283.378 ms
  QuicksortImproved(threshold: 128, partitioning: QuicksortVariant2(pivot: MEDIAN3)) -> time =    268.906 ms
  QuicksortImproved(threshold: 4, partitioning: QuicksortVariant2(pivot: MIDDLE))    -> time =    313.484 ms
  QuicksortImproved(threshold: 16, partitioning: QuicksortVariant3(pivot: MEDIAN3))  -> time =    296.645 ms
  QuicksortVariant2(pivot: MIDDLE)                                                   -> time =    318.060 ms
  QuicksortImproved(threshold: 32, partitioning: QuicksortVariant2(pivot: MIDDLE))   -> time =    281.647 ms
  QuicksortImproved(threshold: 8, partitioning: QuicksortVariant3(pivot: MIDDLE))    -> time =    307.748 ms
  QuicksortVariant1(pivot: MIDDLE)                                                   -> time =    304.565 ms
  QuicksortImproved(threshold: 192, partitioning: QuicksortVariant2(pivot: MIDDLE))  -> time =    269.328 ms
  QuicksortImproved(threshold: 128, partitioning: QuicksortVariant3(pivot: MEDIAN3)) -> time =    270.203 ms
  QuicksortImproved(threshold: 128, partitioning: QuicksortVariant1(pivot: MEDIAN3)) -> time =    265.462 ms
  QuicksortVariant3(pivot: MIDDLE)                                                   -> time =    309.570 ms
  QuicksortImproved(threshold: 48, partitioning: QuicksortVariant1(pivot: MIDDLE))   -> time =    267.134 ms
  QuicksortImproved(threshold: 2, partitioning: QuicksortVariant3(pivot: MEDIAN3))   -> time =    333.712 ms
  QuicksortImproved(threshold: 2, partitioning: QuicksortVariant1(pivot: MIDDLE))    -> time =    308.846 ms
  QuicksortImproved(threshold: 24, partitioning: QuicksortVariant2(pivot: MEDIAN3))  -> time =    290.285 ms
  QuicksortImproved(threshold: 64, partitioning: QuicksortVariant3(pivot: MEDIAN3))  -> time =    274.783 ms
  QuicksortImproved(threshold: 4, partitioning: QuicksortVariant3(pivot: MEDIAN3))   -> time =    328.056 ms
  QuicksortImproved(threshold: 48, partitioning: QuicksortVariant3(pivot: MEDIAN3))  -> time =    279.161 ms
  QuicksortImproved(threshold: 192, partitioning: QuicksortVariant3(pivot: MIDDLE))  -> time =    265.821 ms
  QuicksortVariant2(pivot: MEDIAN3)                                                  -> time =    341.313 ms
  QuicksortImproved(threshold: 192, partitioning: QuicksortVariant3(pivot: MEDIAN3)) -> time =    271.067 ms
  QuicksortImproved(threshold: 24, partitioning: QuicksortVariant3(pivot: MIDDLE))   -> time =    279.392 ms
Iteration 34
  QuicksortImproved(threshold: 192, partitioning: QuicksortVariant2(pivot: MEDIAN3)) -> time =    268.918 ms
  QuicksortImproved(threshold: 128, partitioning: QuicksortVariant1(pivot: MIDDLE))  -> time =    259.494 ms
  QuicksortImproved(threshold: 8, partitioning: QuicksortVariant3(pivot: MIDDLE))    -> time =    293.809 ms
  QuicksortVariant2(pivot: MIDDLE)                                                   -> time =    313.306 ms
  QuicksortImproved(threshold: 4, partitioning: QuicksortVariant1(pivot: MIDDLE))    -> time =    300.195 ms
  QuicksortImproved(threshold: 8, partitioning: QuicksortVariant1(pivot: MEDIAN3))   -> time =    305.398 ms
  QuicksortImproved(threshold: 128, partitioning: QuicksortVariant2(pivot: MIDDLE))  -> time =    261.337 ms
  QuicksortImproved(threshold: 24, partitioning: QuicksortVariant1(pivot: MIDDLE))   -> time =    274.559 ms
  QuicksortImproved(threshold: 8, partitioning: QuicksortVariant1(pivot: MIDDLE))    -> time =    290.217 ms
  QuicksortImproved(threshold: 192, partitioning: QuicksortVariant2(pivot: MIDDLE))  -> time =    263.352 ms
  QuicksortImproved(threshold: 192, partitioning: QuicksortVariant1(pivot: MEDIAN3)) -> time =    268.892 ms
  QuicksortImproved(threshold: 16, partitioning: QuicksortVariant2(pivot: MIDDLE))   -> time =    286.532 ms
  QuicksortImproved(threshold: 4, partitioning: QuicksortVariant2(pivot: MEDIAN3))   -> time =    321.831 ms
  QuicksortImproved(threshold: 16, partitioning: QuicksortVariant2(pivot: MEDIAN3))  -> time =    295.595 ms
  QuicksortImproved(threshold: 96, partitioning: QuicksortVariant1(pivot: MIDDLE))   -> time =    259.507 ms
  QuicksortImproved(threshold: 48, partitioning: QuicksortVariant3(pivot: MEDIAN3))  -> time =    279.215 ms
  QuicksortImproved(threshold: 64, partitioning: QuicksortVariant3(pivot: MEDIAN3))  -> time =    270.213 ms
  QuicksortImproved(threshold: 2, partitioning: QuicksortVariant3(pivot: MEDIAN3))   -> time =    355.200 ms
  QuicksortImproved(threshold: 4, partitioning: QuicksortVariant3(pivot: MEDIAN3))   -> time =    344.642 ms
  QuicksortImproved(threshold: 2, partitioning: QuicksortVariant2(pivot: MEDIAN3))   -> time =    337.308 ms
  QuicksortImproved(threshold: 24, partitioning: QuicksortVariant3(pivot: MEDIAN3))  -> time =    305.969 ms
  QuicksortImproved(threshold: 48, partitioning: QuicksortVariant2(pivot: MIDDLE))   -> time =    288.320 ms
  QuicksortImproved(threshold: 4, partitioning: QuicksortVariant2(pivot: MIDDLE))    -> time =    317.964 ms
  QuicksortImproved(threshold: 32, partitioning: QuicksortVariant1(pivot: MIDDLE))   -> time =    273.273 ms
  QuicksortVariant2(pivot: MEDIAN3)                                                  -> time =    351.290 ms
  QuicksortImproved(threshold: 96, partitioning: QuicksortVariant3(pivot: MIDDLE))   -> time =    272.594 ms
  QuicksortImproved(threshold: 192, partitioning: QuicksortVariant3(pivot: MEDIAN3)) -> time =    268.540 ms
  QuicksortImproved(threshold: 2, partitioning: QuicksortVariant1(pivot: MIDDLE))    -> time =    307.019 ms
  QuicksortImproved(threshold: 24, partitioning: QuicksortVariant1(pivot: MEDIAN3))  -> time =    288.655 ms
  QuicksortImproved(threshold: 32, partitioning: QuicksortVariant1(pivot: MEDIAN3))  -> time =    296.147 ms
  QuicksortImproved(threshold: 64, partitioning: QuicksortVariant3(pivot: MIDDLE))   -> time =    264.810 ms
  QuicksortImproved(threshold: 24, partitioning: QuicksortVariant2(pivot: MEDIAN3))  -> time =    287.079 ms
  QuicksortImproved(threshold: 128, partitioning: QuicksortVariant3(pivot: MIDDLE))  -> time =    260.950 ms
  QuicksortImproved(threshold: 32, partitioning: QuicksortVariant2(pivot: MEDIAN3))  -> time =    284.377 ms
  QuicksortImproved(threshold: 128, partitioning: QuicksortVariant2(pivot: MEDIAN3)) -> time =    272.306 ms
  QuicksortVariant1(pivot: MEDIAN3)                                                  -> time =    323.834 ms
  QuicksortImproved(threshold: 48, partitioning: QuicksortVariant1(pivot: MIDDLE))   -> time =    266.002 ms
  QuicksortImproved(threshold: 64, partitioning: QuicksortVariant2(pivot: MIDDLE))   -> time =    267.290 ms
  QuicksortImproved(threshold: 2, partitioning: QuicksortVariant2(pivot: MIDDLE))    -> time =    314.393 ms
  QuicksortImproved(threshold: 32, partitioning: QuicksortVariant3(pivot: MEDIAN3))  -> time =    280.572 ms
  QuicksortImproved(threshold: 2, partitioning: QuicksortVariant1(pivot: MEDIAN3))   -> time =    326.330 ms
  QuicksortVariant3(pivot: MIDDLE)                                                   -> time =    308.038 ms
  QuicksortImproved(threshold: 96, partitioning: QuicksortVariant2(pivot: MIDDLE))   -> time =    264.230 ms
  QuicksortImproved(threshold: 24, partitioning: QuicksortVariant3(pivot: MIDDLE))   -> time =    278.487 ms
  QuicksortVariant3(pivot: MEDIAN3)                                                  -> time =    331.436 ms
  QuicksortImproved(threshold: 48, partitioning: QuicksortVariant3(pivot: MIDDLE))   -> time =    270.114 ms
  QuicksortImproved(threshold: 32, partitioning: QuicksortVariant2(pivot: MIDDLE))   -> time =    279.930 ms
  QuicksortImproved(threshold: 96, partitioning: QuicksortVariant3(pivot: MEDIAN3))  -> time =    267.607 ms
  QuicksortImproved(threshold: 8, partitioning: QuicksortVariant2(pivot: MIDDLE))    -> time =    298.246 ms
  QuicksortImproved(threshold: 4, partitioning: QuicksortVariant3(pivot: MIDDLE))    -> time =    303.552 ms
  QuicksortImproved(threshold: 96, partitioning: QuicksortVariant1(pivot: MEDIAN3))  -> time =    267.612 ms
  QuicksortImproved(threshold: 64, partitioning: QuicksortVariant1(pivot: MEDIAN3))  -> time =    270.829 ms
  QuicksortImproved(threshold: 4, partitioning: QuicksortVariant1(pivot: MEDIAN3))   -> time =    319.493 ms
  QuicksortImproved(threshold: 64, partitioning: QuicksortVariant2(pivot: MEDIAN3))  -> time =    272.367 ms
  QuicksortImproved(threshold: 16, partitioning: QuicksortVariant3(pivot: MIDDLE))   -> time =    284.745 ms
  QuicksortImproved(threshold: 2, partitioning: QuicksortVariant3(pivot: MIDDLE))    -> time =    308.888 ms
  QuicksortImproved(threshold: 8, partitioning: QuicksortVariant2(pivot: MEDIAN3))   -> time =    310.321 ms
  QuicksortImproved(threshold: 16, partitioning: QuicksortVariant1(pivot: MIDDLE))   -> time =    281.869 ms
  QuicksortImproved(threshold: 192, partitioning: QuicksortVariant1(pivot: MIDDLE))  -> time =    262.263 ms
  QuicksortImproved(threshold: 128, partitioning: QuicksortVariant1(pivot: MEDIAN3)) -> time =    267.720 ms
  QuicksortImproved(threshold: 48, partitioning: QuicksortVariant1(pivot: MEDIAN3))  -> time =    275.043 ms
  QuicksortImproved(threshold: 96, partitioning: QuicksortVariant2(pivot: MEDIAN3))  -> time =    273.272 ms
  QuicksortImproved(threshold: 32, partitioning: QuicksortVariant3(pivot: MIDDLE))   -> time =    275.776 ms
  QuicksortImproved(threshold: 48, partitioning: QuicksortVariant2(pivot: MEDIAN3))  -> time =    278.669 ms
  QuicksortImproved(threshold: 8, partitioning: QuicksortVariant3(pivot: MEDIAN3))   -> time =    308.081 ms
  QuicksortImproved(threshold: 192, partitioning: QuicksortVariant3(pivot: MIDDLE))  -> time =    268.034 ms
  QuicksortVariant1(pivot: MIDDLE)                                                   -> time =    322.382 ms
  QuicksortImproved(threshold: 64, partitioning: QuicksortVariant1(pivot: MIDDLE))   -> time =    279.701 ms
  QuicksortImproved(threshold: 16, partitioning: QuicksortVariant3(pivot: MEDIAN3))  -> time =    308.671 ms
  QuicksortImproved(threshold: 16, partitioning: QuicksortVariant1(pivot: MEDIAN3))  -> time =    313.527 ms
  QuicksortImproved(threshold: 128, partitioning: QuicksortVariant3(pivot: MEDIAN3)) -> time =    276.687 ms
  QuicksortImproved(threshold: 24, partitioning: QuicksortVariant2(pivot: MIDDLE))   -> time =    284.710 ms
Iteration 35
  QuicksortImproved(threshold: 192, partitioning: QuicksortVariant3(pivot: MEDIAN3)) -> time =    269.061 ms
  QuicksortImproved(threshold: 2, partitioning: QuicksortVariant2(pivot: MIDDLE))    -> time =    314.134 ms
  QuicksortImproved(threshold: 8, partitioning: QuicksortVariant1(pivot: MIDDLE))    -> time =    316.966 ms
  QuicksortImproved(threshold: 2, partitioning: QuicksortVariant1(pivot: MEDIAN3))   -> time =    339.057 ms
  QuicksortImproved(threshold: 48, partitioning: QuicksortVariant2(pivot: MIDDLE))   -> time =    281.019 ms
  QuicksortImproved(threshold: 64, partitioning: QuicksortVariant2(pivot: MEDIAN3))  -> time =    277.115 ms
  QuicksortImproved(threshold: 128, partitioning: QuicksortVariant1(pivot: MEDIAN3)) -> time =    267.830 ms
  QuicksortImproved(threshold: 32, partitioning: QuicksortVariant2(pivot: MIDDLE))   -> time =    303.470 ms
  QuicksortImproved(threshold: 4, partitioning: QuicksortVariant2(pivot: MIDDLE))    -> time =    311.082 ms
  QuicksortImproved(threshold: 24, partitioning: QuicksortVariant2(pivot: MEDIAN3))  -> time =    290.099 ms
  QuicksortImproved(threshold: 96, partitioning: QuicksortVariant2(pivot: MEDIAN3))  -> time =    268.046 ms
  QuicksortImproved(threshold: 48, partitioning: QuicksortVariant3(pivot: MEDIAN3))  -> time =    282.273 ms
  QuicksortImproved(threshold: 32, partitioning: QuicksortVariant1(pivot: MIDDLE))   -> time =    302.240 ms
  QuicksortImproved(threshold: 64, partitioning: QuicksortVariant1(pivot: MEDIAN3))  -> time =    315.909 ms
  QuicksortImproved(threshold: 16, partitioning: QuicksortVariant2(pivot: MEDIAN3))  -> time =    351.565 ms
  QuicksortImproved(threshold: 48, partitioning: QuicksortVariant2(pivot: MEDIAN3))  -> time =    299.846 ms
  QuicksortImproved(threshold: 96, partitioning: QuicksortVariant1(pivot: MEDIAN3))  -> time =    287.390 ms
  QuicksortImproved(threshold: 192, partitioning: QuicksortVariant3(pivot: MIDDLE))  -> time =    290.415 ms
  QuicksortVariant1(pivot: MEDIAN3)                                                  -> time =    448.774 ms
  QuicksortImproved(threshold: 4, partitioning: QuicksortVariant1(pivot: MEDIAN3))   -> time =    345.583 ms
  QuicksortImproved(threshold: 16, partitioning: QuicksortVariant3(pivot: MIDDLE))   -> time =    308.145 ms
  QuicksortImproved(threshold: 128, partitioning: QuicksortVariant2(pivot: MIDDLE))  -> time =    282.941 ms
  QuicksortImproved(threshold: 24, partitioning: QuicksortVariant3(pivot: MEDIAN3))  -> time =    302.397 ms
  QuicksortImproved(threshold: 96, partitioning: QuicksortVariant3(pivot: MIDDLE))   -> time =    266.085 ms
  QuicksortVariant2(pivot: MIDDLE)                                                   -> time =    321.786 ms
  QuicksortImproved(threshold: 4, partitioning: QuicksortVariant3(pivot: MIDDLE))    -> time =    307.350 ms
  QuicksortImproved(threshold: 48, partitioning: QuicksortVariant1(pivot: MEDIAN3))  -> time =    290.484 ms
  QuicksortImproved(threshold: 24, partitioning: QuicksortVariant2(pivot: MIDDLE))   -> time =    296.726 ms
  QuicksortImproved(threshold: 128, partitioning: QuicksortVariant2(pivot: MEDIAN3)) -> time =    301.210 ms
  QuicksortImproved(threshold: 8, partitioning: QuicksortVariant2(pivot: MEDIAN3))   -> time =    332.581 ms
  QuicksortImproved(threshold: 64, partitioning: QuicksortVariant3(pivot: MEDIAN3))  -> time =    293.969 ms
  QuicksortImproved(threshold: 192, partitioning: QuicksortVariant2(pivot: MEDIAN3)) -> time =    286.722 ms
  QuicksortVariant2(pivot: MEDIAN3)                                                  -> time =    347.207 ms
  QuicksortImproved(threshold: 8, partitioning: QuicksortVariant3(pivot: MIDDLE))    -> time =    313.876 ms
  QuicksortImproved(threshold: 16, partitioning: QuicksortVariant1(pivot: MIDDLE))   -> time =    308.641 ms
  QuicksortImproved(threshold: 48, partitioning: QuicksortVariant3(pivot: MIDDLE))   -> time =    290.225 ms
  QuicksortImproved(threshold: 4, partitioning: QuicksortVariant2(pivot: MEDIAN3))   -> time =    342.850 ms
  QuicksortImproved(threshold: 24, partitioning: QuicksortVariant1(pivot: MEDIAN3))  -> time =    294.964 ms
  QuicksortImproved(threshold: 8, partitioning: QuicksortVariant3(pivot: MEDIAN3))   -> time =    321.084 ms
  QuicksortImproved(threshold: 4, partitioning: QuicksortVariant3(pivot: MEDIAN3))   -> time =    351.345 ms
  QuicksortImproved(threshold: 2, partitioning: QuicksortVariant1(pivot: MIDDLE))    -> time =    325.066 ms
  QuicksortImproved(threshold: 192, partitioning: QuicksortVariant1(pivot: MIDDLE))  -> time =    295.476 ms
  QuicksortImproved(threshold: 16, partitioning: QuicksortVariant3(pivot: MEDIAN3))  -> time =    317.964 ms
  QuicksortImproved(threshold: 16, partitioning: QuicksortVariant2(pivot: MIDDLE))   -> time =    300.114 ms
  QuicksortImproved(threshold: 32, partitioning: QuicksortVariant2(pivot: MEDIAN3))  -> time =    283.460 ms
  QuicksortImproved(threshold: 96, partitioning: QuicksortVariant2(pivot: MIDDLE))   -> time =    281.136 ms
  QuicksortImproved(threshold: 64, partitioning: QuicksortVariant1(pivot: MIDDLE))   -> time =    285.749 ms
  QuicksortImproved(threshold: 32, partitioning: QuicksortVariant3(pivot: MEDIAN3))  -> time =    293.583 ms
  QuicksortImproved(threshold: 48, partitioning: QuicksortVariant1(pivot: MIDDLE))   -> time =    272.947 ms
  QuicksortImproved(threshold: 64, partitioning: QuicksortVariant2(pivot: MIDDLE))   -> time =    289.572 ms
  QuicksortImproved(threshold: 2, partitioning: QuicksortVariant2(pivot: MEDIAN3))   -> time =    342.850 ms
  QuicksortImproved(threshold: 24, partitioning: QuicksortVariant1(pivot: MIDDLE))   -> time =    291.270 ms
  QuicksortImproved(threshold: 192, partitioning: QuicksortVariant2(pivot: MIDDLE))  -> time =    302.543 ms
  QuicksortVariant3(pivot: MIDDLE)                                                   -> time =    326.336 ms
  QuicksortImproved(threshold: 128, partitioning: QuicksortVariant3(pivot: MEDIAN3)) -> time =    276.890 ms
  QuicksortVariant1(pivot: MIDDLE)                                                   -> time =    324.731 ms
  QuicksortImproved(threshold: 8, partitioning: QuicksortVariant1(pivot: MEDIAN3))   -> time =    315.126 ms
  QuicksortImproved(threshold: 24, partitioning: QuicksortVariant3(pivot: MIDDLE))   -> time =    282.603 ms
  QuicksortImproved(threshold: 96, partitioning: QuicksortVariant1(pivot: MIDDLE))   -> time =    260.670 ms
  QuicksortImproved(threshold: 64, partitioning: QuicksortVariant3(pivot: MIDDLE))   -> time =    265.723 ms
  QuicksortImproved(threshold: 4, partitioning: QuicksortVariant1(pivot: MIDDLE))    -> time =    302.403 ms
  QuicksortImproved(threshold: 2, partitioning: QuicksortVariant3(pivot: MEDIAN3))   -> time =    332.987 ms
  QuicksortImproved(threshold: 128, partitioning: QuicksortVariant3(pivot: MIDDLE))  -> time =    270.623 ms
  QuicksortImproved(threshold: 128, partitioning: QuicksortVariant1(pivot: MIDDLE))  -> time =    262.416 ms
  QuicksortImproved(threshold: 192, partitioning: QuicksortVariant1(pivot: MEDIAN3)) -> time =    266.969 ms
  QuicksortImproved(threshold: 96, partitioning: QuicksortVariant3(pivot: MEDIAN3))  -> time =    270.889 ms
  QuicksortImproved(threshold: 32, partitioning: QuicksortVariant3(pivot: MIDDLE))   -> time =    275.094 ms
  QuicksortImproved(threshold: 16, partitioning: QuicksortVariant1(pivot: MEDIAN3))  -> time =    292.331 ms
  QuicksortImproved(threshold: 32, partitioning: QuicksortVariant1(pivot: MEDIAN3))  -> time =    280.169 ms
  QuicksortImproved(threshold: 8, partitioning: QuicksortVariant2(pivot: MIDDLE))    -> time =    300.561 ms
  QuicksortVariant3(pivot: MEDIAN3)                                                  -> time =    333.152 ms
  QuicksortImproved(threshold: 2, partitioning: QuicksortVariant3(pivot: MIDDLE))    -> time =    310.220 ms
Iteration 36
  QuicksortImproved(threshold: 64, partitioning: QuicksortVariant1(pivot: MEDIAN3))  -> time =    281.744 ms
  QuicksortImproved(threshold: 48, partitioning: QuicksortVariant1(pivot: MIDDLE))   -> time =    286.079 ms
  QuicksortImproved(threshold: 16, partitioning: QuicksortVariant1(pivot: MEDIAN3))  -> time =    307.432 ms
  QuicksortImproved(threshold: 16, partitioning: QuicksortVariant2(pivot: MEDIAN3))  -> time =    315.672 ms
  QuicksortImproved(threshold: 48, partitioning: QuicksortVariant2(pivot: MEDIAN3))  -> time =    296.823 ms
  QuicksortImproved(threshold: 64, partitioning: QuicksortVariant3(pivot: MEDIAN3))  -> time =    283.708 ms
  QuicksortImproved(threshold: 24, partitioning: QuicksortVariant3(pivot: MEDIAN3))  -> time =    324.504 ms
  QuicksortImproved(threshold: 4, partitioning: QuicksortVariant1(pivot: MEDIAN3))   -> time =    326.879 ms
  QuicksortImproved(threshold: 96, partitioning: QuicksortVariant2(pivot: MEDIAN3))  -> time =    281.739 ms
  QuicksortImproved(threshold: 4, partitioning: QuicksortVariant3(pivot: MIDDLE))    -> time =    303.657 ms
  QuicksortImproved(threshold: 128, partitioning: QuicksortVariant2(pivot: MEDIAN3)) -> time =    278.710 ms
  QuicksortImproved(threshold: 24, partitioning: QuicksortVariant2(pivot: MEDIAN3))  -> time =    297.587 ms
  QuicksortImproved(threshold: 192, partitioning: QuicksortVariant2(pivot: MIDDLE))  -> time =    267.884 ms
  QuicksortVariant3(pivot: MEDIAN3)                                                  -> time =    341.560 ms
  QuicksortImproved(threshold: 16, partitioning: QuicksortVariant3(pivot: MIDDLE))   -> time =    283.687 ms
  QuicksortImproved(threshold: 48, partitioning: QuicksortVariant3(pivot: MIDDLE))   -> time =    271.014 ms
  QuicksortImproved(threshold: 32, partitioning: QuicksortVariant1(pivot: MIDDLE))   -> time =    278.365 ms
  QuicksortImproved(threshold: 128, partitioning: QuicksortVariant1(pivot: MIDDLE))  -> time =    264.580 ms
  QuicksortImproved(threshold: 16, partitioning: QuicksortVariant1(pivot: MIDDLE))   -> time =    295.553 ms
  QuicksortImproved(threshold: 2, partitioning: QuicksortVariant1(pivot: MEDIAN3))   -> time =    329.834 ms
  QuicksortImproved(threshold: 64, partitioning: QuicksortVariant1(pivot: MIDDLE))   -> time =    280.497 ms
  QuicksortImproved(threshold: 48, partitioning: QuicksortVariant1(pivot: MEDIAN3))  -> time =    319.298 ms
  QuicksortImproved(threshold: 128, partitioning: QuicksortVariant3(pivot: MEDIAN3)) -> time =    298.567 ms
  QuicksortImproved(threshold: 2, partitioning: QuicksortVariant2(pivot: MIDDLE))    -> time =    323.493 ms
  QuicksortImproved(threshold: 192, partitioning: QuicksortVariant1(pivot: MEDIAN3)) -> time =    291.921 ms
  QuicksortImproved(threshold: 128, partitioning: QuicksortVariant3(pivot: MIDDLE))  -> time =    269.456 ms
  QuicksortVariant3(pivot: MIDDLE)                                                   -> time =    321.909 ms
  QuicksortImproved(threshold: 64, partitioning: QuicksortVariant2(pivot: MIDDLE))   -> time =    270.100 ms
  QuicksortImproved(threshold: 2, partitioning: QuicksortVariant2(pivot: MEDIAN3))   -> time =    336.750 ms
  QuicksortImproved(threshold: 2, partitioning: QuicksortVariant1(pivot: MIDDLE))    -> time =    311.095 ms
  QuicksortImproved(threshold: 24, partitioning: QuicksortVariant3(pivot: MIDDLE))   -> time =    280.933 ms
  QuicksortImproved(threshold: 24, partitioning: QuicksortVariant2(pivot: MIDDLE))   -> time =    286.460 ms
  QuicksortImproved(threshold: 32, partitioning: QuicksortVariant1(pivot: MEDIAN3))  -> time =    282.946 ms
  QuicksortImproved(threshold: 4, partitioning: QuicksortVariant2(pivot: MEDIAN3))   -> time =    333.920 ms
  QuicksortImproved(threshold: 24, partitioning: QuicksortVariant1(pivot: MIDDLE))   -> time =    282.382 ms
  QuicksortImproved(threshold: 96, partitioning: QuicksortVariant3(pivot: MEDIAN3))  -> time =    275.939 ms
  QuicksortVariant2(pivot: MEDIAN3)                                                  -> time =    343.283 ms
  QuicksortImproved(threshold: 4, partitioning: QuicksortVariant3(pivot: MEDIAN3))   -> time =    333.776 ms
  QuicksortImproved(threshold: 2, partitioning: QuicksortVariant3(pivot: MEDIAN3))   -> time =    345.340 ms
  QuicksortImproved(threshold: 8, partitioning: QuicksortVariant2(pivot: MEDIAN3))   -> time =    327.100 ms
  QuicksortImproved(threshold: 8, partitioning: QuicksortVariant3(pivot: MEDIAN3))   -> time =    319.628 ms
  QuicksortImproved(threshold: 16, partitioning: QuicksortVariant2(pivot: MIDDLE))   -> time =    290.573 ms
  QuicksortImproved(threshold: 32, partitioning: QuicksortVariant3(pivot: MEDIAN3))  -> time =    304.458 ms
  QuicksortImproved(threshold: 4, partitioning: QuicksortVariant2(pivot: MIDDLE))    -> time =    313.430 ms
  QuicksortVariant1(pivot: MIDDLE)                                                   -> time =    304.848 ms
  QuicksortImproved(threshold: 16, partitioning: QuicksortVariant3(pivot: MEDIAN3))  -> time =    319.491 ms
  QuicksortImproved(threshold: 96, partitioning: QuicksortVariant1(pivot: MIDDLE))   -> time =    267.631 ms
  QuicksortImproved(threshold: 128, partitioning: QuicksortVariant1(pivot: MEDIAN3)) -> time =    269.020 ms
  QuicksortImproved(threshold: 4, partitioning: QuicksortVariant1(pivot: MIDDLE))    -> time =    316.402 ms
  QuicksortVariant1(pivot: MEDIAN3)                                                  -> time =    330.204 ms
  QuicksortImproved(threshold: 96, partitioning: QuicksortVariant3(pivot: MIDDLE))   -> time =    272.507 ms
  QuicksortImproved(threshold: 32, partitioning: QuicksortVariant3(pivot: MIDDLE))   -> time =    307.425 ms
  QuicksortImproved(threshold: 48, partitioning: QuicksortVariant2(pivot: MIDDLE))   -> time =    280.790 ms
  QuicksortImproved(threshold: 96, partitioning: QuicksortVariant2(pivot: MIDDLE))   -> time =    284.904 ms
  QuicksortImproved(threshold: 8, partitioning: QuicksortVariant3(pivot: MIDDLE))    -> time =    299.287 ms
  QuicksortImproved(threshold: 32, partitioning: QuicksortVariant2(pivot: MIDDLE))   -> time =    295.000 ms
  QuicksortImproved(threshold: 2, partitioning: QuicksortVariant3(pivot: MIDDLE))    -> time =    325.700 ms
  QuicksortImproved(threshold: 96, partitioning: QuicksortVariant1(pivot: MEDIAN3))  -> time =    274.571 ms
  QuicksortImproved(threshold: 8, partitioning: QuicksortVariant2(pivot: MIDDLE))    -> time =    312.557 ms
  QuicksortVariant2(pivot: MIDDLE)                                                   -> time =    340.066 ms
  QuicksortImproved(threshold: 128, partitioning: QuicksortVariant2(pivot: MIDDLE))  -> time =    281.200 ms
  QuicksortImproved(threshold: 192, partitioning: QuicksortVariant1(pivot: MIDDLE))  -> time =    286.199 ms
  QuicksortImproved(threshold: 48, partitioning: QuicksortVariant3(pivot: MEDIAN3))  -> time =    288.859 ms
  QuicksortImproved(threshold: 64, partitioning: QuicksortVariant2(pivot: MEDIAN3))  -> time =    296.392 ms
  QuicksortImproved(threshold: 24, partitioning: QuicksortVariant1(pivot: MEDIAN3))  -> time =    309.739 ms
  QuicksortImproved(threshold: 192, partitioning: QuicksortVariant3(pivot: MEDIAN3)) -> time =    287.329 ms
  QuicksortImproved(threshold: 192, partitioning: QuicksortVariant2(pivot: MEDIAN3)) -> time =    292.209 ms
  QuicksortImproved(threshold: 32, partitioning: QuicksortVariant2(pivot: MEDIAN3))  -> time =    315.732 ms
  QuicksortImproved(threshold: 192, partitioning: QuicksortVariant3(pivot: MIDDLE))  -> time =    277.698 ms
  QuicksortImproved(threshold: 64, partitioning: QuicksortVariant3(pivot: MIDDLE))   -> time =    280.917 ms
  QuicksortImproved(threshold: 8, partitioning: QuicksortVariant1(pivot: MEDIAN3))   -> time =    330.427 ms
  QuicksortImproved(threshold: 8, partitioning: QuicksortVariant1(pivot: MIDDLE))    -> time =    298.577 ms
Iteration 37
  QuicksortImproved(threshold: 24, partitioning: QuicksortVariant1(pivot: MEDIAN3))  -> time =    286.760 ms
  QuicksortImproved(threshold: 4, partitioning: QuicksortVariant2(pivot: MIDDLE))    -> time =    321.957 ms
  QuicksortImproved(threshold: 8, partitioning: QuicksortVariant3(pivot: MIDDLE))    -> time =    311.874 ms
  QuicksortVariant1(pivot: MIDDLE)                                                   -> time =    309.636 ms
  QuicksortImproved(threshold: 128, partitioning: QuicksortVariant3(pivot: MEDIAN3)) -> time =    278.125 ms
  QuicksortImproved(threshold: 192, partitioning: QuicksortVariant3(pivot: MIDDLE))  -> time =    278.883 ms
  QuicksortImproved(threshold: 96, partitioning: QuicksortVariant3(pivot: MEDIAN3))  -> time =    272.970 ms
  QuicksortImproved(threshold: 2, partitioning: QuicksortVariant3(pivot: MIDDLE))    -> time =    313.149 ms
  QuicksortImproved(threshold: 64, partitioning: QuicksortVariant1(pivot: MIDDLE))   -> time =    274.338 ms
  QuicksortImproved(threshold: 192, partitioning: QuicksortVariant1(pivot: MEDIAN3)) -> time =    284.875 ms
  QuicksortImproved(threshold: 16, partitioning: QuicksortVariant3(pivot: MIDDLE))   -> time =    283.278 ms
  QuicksortVariant3(pivot: MEDIAN3)                                                  -> time =    343.387 ms
  QuicksortImproved(threshold: 8, partitioning: QuicksortVariant3(pivot: MEDIAN3))   -> time =    324.290 ms
  QuicksortImproved(threshold: 96, partitioning: QuicksortVariant2(pivot: MIDDLE))   -> time =    273.393 ms
  QuicksortImproved(threshold: 16, partitioning: QuicksortVariant2(pivot: MIDDLE))   -> time =    289.241 ms
  QuicksortImproved(threshold: 8, partitioning: QuicksortVariant2(pivot: MIDDLE))    -> time =    313.399 ms
  QuicksortImproved(threshold: 64, partitioning: QuicksortVariant3(pivot: MEDIAN3))  -> time =    283.177 ms
  QuicksortImproved(threshold: 32, partitioning: QuicksortVariant3(pivot: MIDDLE))   -> time =    272.392 ms
  QuicksortVariant3(pivot: MIDDLE)                                                   -> time =    326.525 ms
  QuicksortImproved(threshold: 64, partitioning: QuicksortVariant1(pivot: MEDIAN3))  -> time =    288.405 ms
  QuicksortImproved(threshold: 48, partitioning: QuicksortVariant1(pivot: MIDDLE))   -> time =    278.647 ms
  QuicksortImproved(threshold: 16, partitioning: QuicksortVariant1(pivot: MEDIAN3))  -> time =    311.312 ms
  QuicksortImproved(threshold: 48, partitioning: QuicksortVariant2(pivot: MEDIAN3))  -> time =    291.784 ms
  QuicksortImproved(threshold: 2, partitioning: QuicksortVariant2(pivot: MEDIAN3))   -> time =    333.007 ms
  QuicksortImproved(threshold: 96, partitioning: QuicksortVariant1(pivot: MEDIAN3))  -> time =    275.208 ms
  QuicksortImproved(threshold: 4, partitioning: QuicksortVariant3(pivot: MEDIAN3))   -> time =    324.367 ms
  QuicksortImproved(threshold: 128, partitioning: QuicksortVariant1(pivot: MIDDLE))  -> time =    253.601 ms
  QuicksortImproved(threshold: 32, partitioning: QuicksortVariant2(pivot: MEDIAN3))  -> time =    289.786 ms
  QuicksortImproved(threshold: 16, partitioning: QuicksortVariant1(pivot: MIDDLE))   -> time =    288.634 ms
  QuicksortVariant2(pivot: MIDDLE)                                                   -> time =    315.793 ms
  QuicksortImproved(threshold: 96, partitioning: QuicksortVariant1(pivot: MIDDLE))   -> time =    255.560 ms
  QuicksortImproved(threshold: 16, partitioning: QuicksortVariant3(pivot: MEDIAN3))  -> time =    305.006 ms
  QuicksortImproved(threshold: 48, partitioning: QuicksortVariant3(pivot: MIDDLE))   -> time =    285.627 ms
  QuicksortImproved(threshold: 192, partitioning: QuicksortVariant1(pivot: MIDDLE))  -> time =    260.303 ms
  QuicksortImproved(threshold: 2, partitioning: QuicksortVariant1(pivot: MIDDLE))    -> time =    313.606 ms
  QuicksortImproved(threshold: 192, partitioning: QuicksortVariant2(pivot: MIDDLE))  -> time =    273.624 ms
  QuicksortImproved(threshold: 24, partitioning: QuicksortVariant2(pivot: MIDDLE))   -> time =    291.884 ms
  QuicksortImproved(threshold: 64, partitioning: QuicksortVariant3(pivot: MIDDLE))   -> time =    263.514 ms
  QuicksortImproved(threshold: 16, partitioning: QuicksortVariant2(pivot: MEDIAN3))  -> time =    308.347 ms
  QuicksortImproved(threshold: 32, partitioning: QuicksortVariant3(pivot: MEDIAN3))  -> time =    299.166 ms
  QuicksortImproved(threshold: 96, partitioning: QuicksortVariant3(pivot: MIDDLE))   -> time =    259.985 ms
  QuicksortVariant2(pivot: MEDIAN3)                                                  -> time =    337.507 ms
  QuicksortImproved(threshold: 48, partitioning: QuicksortVariant2(pivot: MIDDLE))   -> time =    279.626 ms
  QuicksortImproved(threshold: 96, partitioning: QuicksortVariant2(pivot: MEDIAN3))  -> time =    276.296 ms
  QuicksortImproved(threshold: 128, partitioning: QuicksortVariant2(pivot: MEDIAN3)) -> time =    268.031 ms
  QuicksortImproved(threshold: 8, partitioning: QuicksortVariant1(pivot: MEDIAN3))   -> time =    324.015 ms
  QuicksortImproved(threshold: 48, partitioning: QuicksortVariant1(pivot: MEDIAN3))  -> time =    286.145 ms
  QuicksortImproved(threshold: 4, partitioning: QuicksortVariant1(pivot: MIDDLE))    -> time =    298.883 ms
  QuicksortImproved(threshold: 4, partitioning: QuicksortVariant2(pivot: MEDIAN3))   -> time =    335.896 ms
  QuicksortImproved(threshold: 24, partitioning: QuicksortVariant3(pivot: MIDDLE))   -> time =    290.246 ms
  QuicksortImproved(threshold: 64, partitioning: QuicksortVariant2(pivot: MEDIAN3))  -> time =    272.868 ms
  QuicksortImproved(threshold: 32, partitioning: QuicksortVariant2(pivot: MIDDLE))   -> time =    281.428 ms
  QuicksortImproved(threshold: 8, partitioning: QuicksortVariant1(pivot: MIDDLE))    -> time =    292.552 ms
  QuicksortImproved(threshold: 2, partitioning: QuicksortVariant1(pivot: MEDIAN3))   -> time =    338.511 ms
  QuicksortImproved(threshold: 48, partitioning: QuicksortVariant3(pivot: MEDIAN3))  -> time =    281.859 ms
  QuicksortImproved(threshold: 32, partitioning: QuicksortVariant1(pivot: MEDIAN3))  -> time =    296.676 ms
  QuicksortImproved(threshold: 24, partitioning: QuicksortVariant3(pivot: MEDIAN3))  -> time =    296.889 ms
  QuicksortImproved(threshold: 64, partitioning: QuicksortVariant2(pivot: MIDDLE))   -> time =    268.788 ms
  QuicksortImproved(threshold: 4, partitioning: QuicksortVariant1(pivot: MEDIAN3))   -> time =    331.319 ms
  QuicksortImproved(threshold: 2, partitioning: QuicksortVariant3(pivot: MEDIAN3))   -> time =    334.944 ms
  QuicksortImproved(threshold: 128, partitioning: QuicksortVariant2(pivot: MIDDLE))  -> time =    272.871 ms
  QuicksortVariant1(pivot: MEDIAN3)                                                  -> time =    362.984 ms
  QuicksortImproved(threshold: 128, partitioning: QuicksortVariant3(pivot: MIDDLE))  -> time =    283.401 ms
  QuicksortImproved(threshold: 4, partitioning: QuicksortVariant3(pivot: MIDDLE))    -> time =    335.195 ms
  QuicksortImproved(threshold: 2, partitioning: QuicksortVariant2(pivot: MIDDLE))    -> time =    321.725 ms
  QuicksortImproved(threshold: 24, partitioning: QuicksortVariant2(pivot: MEDIAN3))  -> time =    308.552 ms
  QuicksortImproved(threshold: 192, partitioning: QuicksortVariant3(pivot: MEDIAN3)) -> time =    277.719 ms
  QuicksortImproved(threshold: 24, partitioning: QuicksortVariant1(pivot: MIDDLE))   -> time =    273.726 ms
  QuicksortImproved(threshold: 128, partitioning: QuicksortVariant1(pivot: MEDIAN3)) -> time =    275.789 ms
  QuicksortImproved(threshold: 192, partitioning: QuicksortVariant2(pivot: MEDIAN3)) -> time =    279.196 ms
  QuicksortImproved(threshold: 8, partitioning: QuicksortVariant2(pivot: MEDIAN3))   -> time =    318.292 ms
  QuicksortImproved(threshold: 32, partitioning: QuicksortVariant1(pivot: MIDDLE))   -> time =    279.782 ms
Iteration 38
  QuicksortImproved(threshold: 8, partitioning: QuicksortVariant2(pivot: MIDDLE))    -> time =    328.768 ms
  QuicksortImproved(threshold: 32, partitioning: QuicksortVariant2(pivot: MIDDLE))   -> time =    283.598 ms
  QuicksortImproved(threshold: 2, partitioning: QuicksortVariant3(pivot: MEDIAN3))   -> time =    348.082 ms
  QuicksortImproved(threshold: 96, partitioning: QuicksortVariant1(pivot: MEDIAN3))  -> time =    288.412 ms
  QuicksortVariant3(pivot: MEDIAN3)                                                  -> time =    335.000 ms
  QuicksortImproved(threshold: 64, partitioning: QuicksortVariant2(pivot: MIDDLE))   -> time =    267.316 ms
  QuicksortImproved(threshold: 192, partitioning: QuicksortVariant2(pivot: MEDIAN3)) -> time =    280.267 ms
  QuicksortImproved(threshold: 128, partitioning: QuicksortVariant1(pivot: MIDDLE))  -> time =    275.164 ms
  QuicksortImproved(threshold: 96, partitioning: QuicksortVariant2(pivot: MIDDLE))   -> time =    278.881 ms
  QuicksortImproved(threshold: 4, partitioning: QuicksortVariant3(pivot: MIDDLE))    -> time =    313.104 ms
  QuicksortImproved(threshold: 64, partitioning: QuicksortVariant1(pivot: MEDIAN3))  -> time =    291.611 ms
  QuicksortVariant2(pivot: MIDDLE)                                                   -> time =    352.582 ms
  QuicksortImproved(threshold: 128, partitioning: QuicksortVariant3(pivot: MEDIAN3)) -> time =    287.178 ms
  QuicksortImproved(threshold: 2, partitioning: QuicksortVariant1(pivot: MIDDLE))    -> time =    336.686 ms
  QuicksortImproved(threshold: 4, partitioning: QuicksortVariant2(pivot: MEDIAN3))   -> time =    334.190 ms
  QuicksortImproved(threshold: 16, partitioning: QuicksortVariant2(pivot: MEDIAN3))  -> time =    309.379 ms
  QuicksortImproved(threshold: 32, partitioning: QuicksortVariant1(pivot: MIDDLE))   -> time =    297.712 ms
  QuicksortImproved(threshold: 192, partitioning: QuicksortVariant3(pivot: MIDDLE))  -> time =    303.799 ms
  QuicksortImproved(threshold: 2, partitioning: QuicksortVariant2(pivot: MEDIAN3))   -> time =    357.260 ms
  QuicksortImproved(threshold: 48, partitioning: QuicksortVariant1(pivot: MEDIAN3))  -> time =    294.988 ms
  QuicksortImproved(threshold: 8, partitioning: QuicksortVariant3(pivot: MEDIAN3))   -> time =    318.478 ms
  QuicksortImproved(threshold: 4, partitioning: QuicksortVariant1(pivot: MIDDLE))    -> time =    326.935 ms
  QuicksortImproved(threshold: 48, partitioning: QuicksortVariant2(pivot: MIDDLE))   -> time =    305.737 ms
  QuicksortImproved(threshold: 32, partitioning: QuicksortVariant1(pivot: MEDIAN3))  -> time =    312.655 ms
  QuicksortImproved(threshold: 2, partitioning: QuicksortVariant1(pivot: MEDIAN3))   -> time =    351.960 ms
  QuicksortImproved(threshold: 128, partitioning: QuicksortVariant1(pivot: MEDIAN3)) -> time =    295.115 ms
  QuicksortImproved(threshold: 24, partitioning: QuicksortVariant1(pivot: MIDDLE))   -> time =    302.060 ms
  QuicksortImproved(threshold: 48, partitioning: QuicksortVariant1(pivot: MIDDLE))   -> time =    288.722 ms
  QuicksortImproved(threshold: 32, partitioning: QuicksortVariant3(pivot: MEDIAN3))  -> time =    301.777 ms
  QuicksortImproved(threshold: 24, partitioning: QuicksortVariant2(pivot: MEDIAN3))  -> time =    314.705 ms
  QuicksortImproved(threshold: 96, partitioning: QuicksortVariant3(pivot: MEDIAN3))  -> time =    287.445 ms
  QuicksortImproved(threshold: 16, partitioning: QuicksortVariant2(pivot: MIDDLE))   -> time =    304.930 ms
  QuicksortImproved(threshold: 48, partitioning: QuicksortVariant3(pivot: MEDIAN3))  -> time =    295.528 ms
  QuicksortImproved(threshold: 24, partitioning: QuicksortVariant1(pivot: MEDIAN3))  -> time =    306.342 ms
  QuicksortImproved(threshold: 96, partitioning: QuicksortVariant2(pivot: MEDIAN3))  -> time =    289.451 ms
  QuicksortImproved(threshold: 128, partitioning: QuicksortVariant2(pivot: MEDIAN3)) -> time =    294.867 ms
  QuicksortImproved(threshold: 32, partitioning: QuicksortVariant3(pivot: MIDDLE))   -> time =    293.439 ms
  QuicksortImproved(threshold: 16, partitioning: QuicksortVariant1(pivot: MIDDLE))   -> time =    304.764 ms
  QuicksortImproved(threshold: 16, partitioning: QuicksortVariant3(pivot: MIDDLE))   -> time =    301.050 ms
  QuicksortImproved(threshold: 48, partitioning: QuicksortVariant3(pivot: MIDDLE))   -> time =    285.481 ms
  QuicksortImproved(threshold: 192, partitioning: QuicksortVariant2(pivot: MIDDLE))  -> time =    281.894 ms
  QuicksortImproved(threshold: 64, partitioning: QuicksortVariant1(pivot: MIDDLE))   -> time =    282.339 ms
  QuicksortImproved(threshold: 8, partitioning: QuicksortVariant3(pivot: MIDDLE))    -> time =    312.500 ms
  QuicksortVariant1(pivot: MIDDLE)                                                   -> time =    322.842 ms
  QuicksortImproved(threshold: 32, partitioning: QuicksortVariant2(pivot: MEDIAN3))  -> time =    306.963 ms
  QuicksortImproved(threshold: 64, partitioning: QuicksortVariant2(pivot: MEDIAN3))  -> time =    292.616 ms
  QuicksortImproved(threshold: 128, partitioning: QuicksortVariant2(pivot: MIDDLE))  -> time =    280.935 ms
  QuicksortImproved(threshold: 16, partitioning: QuicksortVariant1(pivot: MEDIAN3))  -> time =    314.680 ms
  QuicksortImproved(threshold: 4, partitioning: QuicksortVariant3(pivot: MEDIAN3))   -> time =    360.061 ms
  QuicksortVariant2(pivot: MEDIAN3)                                                  -> time =    366.296 ms
  QuicksortImproved(threshold: 16, partitioning: QuicksortVariant3(pivot: MEDIAN3))  -> time =    320.066 ms
  QuicksortImproved(threshold: 64, partitioning: QuicksortVariant3(pivot: MIDDLE))   -> time =    287.320 ms
  QuicksortImproved(threshold: 96, partitioning: QuicksortVariant3(pivot: MIDDLE))   -> time =    287.238 ms
  QuicksortImproved(threshold: 192, partitioning: QuicksortVariant3(pivot: MEDIAN3)) -> time =    296.233 ms
  QuicksortImproved(threshold: 2, partitioning: QuicksortVariant3(pivot: MIDDLE))    -> time =    335.416 ms
  QuicksortVariant3(pivot: MIDDLE)                                                   -> time =    340.259 ms
  QuicksortImproved(threshold: 4, partitioning: QuicksortVariant2(pivot: MIDDLE))    -> time =    338.194 ms
  QuicksortImproved(threshold: 4, partitioning: QuicksortVariant1(pivot: MEDIAN3))   -> time =    340.791 ms
  QuicksortImproved(threshold: 128, partitioning: QuicksortVariant3(pivot: MIDDLE))  -> time =    277.667 ms
  QuicksortImproved(threshold: 192, partitioning: QuicksortVariant1(pivot: MIDDLE))  -> time =    280.722 ms
  QuicksortImproved(threshold: 8, partitioning: QuicksortVariant2(pivot: MEDIAN3))   -> time =    335.099 ms
  QuicksortImproved(threshold: 8, partitioning: QuicksortVariant1(pivot: MEDIAN3))   -> time =    329.856 ms
  QuicksortImproved(threshold: 2, partitioning: QuicksortVariant2(pivot: MIDDLE))    -> time =    335.937 ms
  QuicksortImproved(threshold: 24, partitioning: QuicksortVariant3(pivot: MIDDLE))   -> time =    296.017 ms
  QuicksortImproved(threshold: 96, partitioning: QuicksortVariant1(pivot: MIDDLE))   -> time =    278.463 ms
  QuicksortVariant1(pivot: MEDIAN3)                                                  -> time =    343.067 ms
  QuicksortImproved(threshold: 64, partitioning: QuicksortVariant3(pivot: MEDIAN3))  -> time =    291.138 ms
  QuicksortImproved(threshold: 24, partitioning: QuicksortVariant2(pivot: MIDDLE))   -> time =    299.303 ms
  QuicksortImproved(threshold: 24, partitioning: QuicksortVariant3(pivot: MEDIAN3))  -> time =    314.717 ms
  QuicksortImproved(threshold: 8, partitioning: QuicksortVariant1(pivot: MIDDLE))    -> time =    312.211 ms
  QuicksortImproved(threshold: 192, partitioning: QuicksortVariant1(pivot: MEDIAN3)) -> time =    294.984 ms
  QuicksortImproved(threshold: 48, partitioning: QuicksortVariant2(pivot: MEDIAN3))  -> time =    299.566 ms
Iteration 39
  QuicksortImproved(threshold: 2, partitioning: QuicksortVariant2(pivot: MIDDLE))    -> time =    334.007 ms
  QuicksortImproved(threshold: 4, partitioning: QuicksortVariant3(pivot: MEDIAN3))   -> time =    344.294 ms
  QuicksortImproved(threshold: 128, partitioning: QuicksortVariant1(pivot: MIDDLE))  -> time =    276.767 ms
  QuicksortImproved(threshold: 16, partitioning: QuicksortVariant1(pivot: MIDDLE))   -> time =    300.913 ms
  QuicksortImproved(threshold: 192, partitioning: QuicksortVariant1(pivot: MIDDLE))  -> time =    281.721 ms
  QuicksortVariant3(pivot: MEDIAN3)                                                  -> time =    355.083 ms
  QuicksortImproved(threshold: 128, partitioning: QuicksortVariant3(pivot: MIDDLE))  -> time =    277.550 ms
  QuicksortImproved(threshold: 48, partitioning: QuicksortVariant3(pivot: MIDDLE))   -> time =    285.650 ms
  QuicksortImproved(threshold: 16, partitioning: QuicksortVariant2(pivot: MIDDLE))   -> time =    306.599 ms
  QuicksortImproved(threshold: 64, partitioning: QuicksortVariant2(pivot: MIDDLE))   -> time =    283.578 ms
  QuicksortImproved(threshold: 16, partitioning: QuicksortVariant1(pivot: MEDIAN3))  -> time =    310.183 ms
  QuicksortImproved(threshold: 2, partitioning: QuicksortVariant1(pivot: MIDDLE))    -> time =    328.062 ms
  QuicksortImproved(threshold: 64, partitioning: QuicksortVariant2(pivot: MEDIAN3))  -> time =    288.732 ms
  QuicksortImproved(threshold: 4, partitioning: QuicksortVariant1(pivot: MIDDLE))    -> time =    322.355 ms
  QuicksortVariant2(pivot: MEDIAN3)                                                  -> time =    347.612 ms
  QuicksortImproved(threshold: 24, partitioning: QuicksortVariant2(pivot: MEDIAN3))  -> time =    305.098 ms
  QuicksortImproved(threshold: 2, partitioning: QuicksortVariant2(pivot: MEDIAN3))   -> time =    346.823 ms
  QuicksortImproved(threshold: 4, partitioning: QuicksortVariant1(pivot: MEDIAN3))   -> time =    336.275 ms
  QuicksortImproved(threshold: 96, partitioning: QuicksortVariant2(pivot: MIDDLE))   -> time =    280.158 ms
  QuicksortImproved(threshold: 32, partitioning: QuicksortVariant1(pivot: MEDIAN3))  -> time =    295.955 ms
  QuicksortImproved(threshold: 8, partitioning: QuicksortVariant2(pivot: MEDIAN3))   -> time =    327.732 ms
  QuicksortImproved(threshold: 192, partitioning: QuicksortVariant2(pivot: MIDDLE))  -> time =    283.736 ms
  QuicksortImproved(threshold: 64, partitioning: QuicksortVariant1(pivot: MEDIAN3))  -> time =    284.712 ms
  QuicksortImproved(threshold: 24, partitioning: QuicksortVariant3(pivot: MEDIAN3))  -> time =    303.044 ms
  QuicksortImproved(threshold: 16, partitioning: QuicksortVariant3(pivot: MEDIAN3))  -> time =    310.045 ms
  QuicksortImproved(threshold: 24, partitioning: QuicksortVariant1(pivot: MEDIAN3))  -> time =    302.460 ms
  QuicksortImproved(threshold: 128, partitioning: QuicksortVariant2(pivot: MEDIAN3)) -> time =    284.898 ms
  QuicksortImproved(threshold: 4, partitioning: QuicksortVariant2(pivot: MEDIAN3))   -> time =    339.971 ms
  QuicksortImproved(threshold: 192, partitioning: QuicksortVariant3(pivot: MEDIAN3)) -> time =    284.025 ms
  QuicksortImproved(threshold: 2, partitioning: QuicksortVariant3(pivot: MEDIAN3))   -> time =    351.807 ms
  QuicksortImproved(threshold: 32, partitioning: QuicksortVariant2(pivot: MEDIAN3))  -> time =    300.415 ms
  QuicksortImproved(threshold: 64, partitioning: QuicksortVariant3(pivot: MEDIAN3))  -> time =    286.118 ms
  QuicksortImproved(threshold: 128, partitioning: QuicksortVariant2(pivot: MIDDLE))  -> time =    281.920 ms
  QuicksortImproved(threshold: 96, partitioning: QuicksortVariant3(pivot: MEDIAN3))  -> time =    293.714 ms
  QuicksortImproved(threshold: 2, partitioning: QuicksortVariant3(pivot: MIDDLE))    -> time =    328.377 ms
  QuicksortImproved(threshold: 32, partitioning: QuicksortVariant3(pivot: MEDIAN3))  -> time =    302.441 ms
  QuicksortImproved(threshold: 96, partitioning: QuicksortVariant1(pivot: MEDIAN3))  -> time =    283.498 ms
  QuicksortImproved(threshold: 192, partitioning: QuicksortVariant3(pivot: MIDDLE))  -> time =    280.286 ms
  QuicksortImproved(threshold: 48, partitioning: QuicksortVariant2(pivot: MIDDLE))   -> time =    287.414 ms
  QuicksortImproved(threshold: 8, partitioning: QuicksortVariant3(pivot: MEDIAN3))   -> time =    326.307 ms
  QuicksortImproved(threshold: 64, partitioning: QuicksortVariant3(pivot: MIDDLE))   -> time =    293.249 ms
  QuicksortImproved(threshold: 48, partitioning: QuicksortVariant2(pivot: MEDIAN3))  -> time =    301.962 ms
  QuicksortImproved(threshold: 96, partitioning: QuicksortVariant2(pivot: MEDIAN3))  -> time =    284.326 ms
  QuicksortImproved(threshold: 192, partitioning: QuicksortVariant2(pivot: MEDIAN3)) -> time =    331.568 ms
  QuicksortImproved(threshold: 24, partitioning: QuicksortVariant1(pivot: MIDDLE))   -> time =    352.032 ms
  QuicksortVariant3(pivot: MIDDLE)                                                   -> time =    330.237 ms
  QuicksortVariant1(pivot: MEDIAN3)                                                  -> time =    345.331 ms
  QuicksortImproved(threshold: 2, partitioning: QuicksortVariant1(pivot: MEDIAN3))   -> time =    343.824 ms
  QuicksortImproved(threshold: 8, partitioning: QuicksortVariant1(pivot: MEDIAN3))   -> time =    324.168 ms
  QuicksortImproved(threshold: 96, partitioning: QuicksortVariant3(pivot: MIDDLE))   -> time =    278.558 ms
  QuicksortImproved(threshold: 8, partitioning: QuicksortVariant2(pivot: MIDDLE))    -> time =    318.584 ms
  QuicksortImproved(threshold: 16, partitioning: QuicksortVariant2(pivot: MEDIAN3))  -> time =    312.595 ms
  QuicksortImproved(threshold: 24, partitioning: QuicksortVariant2(pivot: MIDDLE))   -> time =    298.467 ms
  QuicksortImproved(threshold: 24, partitioning: QuicksortVariant3(pivot: MIDDLE))   -> time =    296.613 ms
  QuicksortImproved(threshold: 32, partitioning: QuicksortVariant2(pivot: MIDDLE))   -> time =    293.771 ms
  QuicksortImproved(threshold: 16, partitioning: QuicksortVariant3(pivot: MIDDLE))   -> time =    302.574 ms
  QuicksortImproved(threshold: 192, partitioning: QuicksortVariant1(pivot: MEDIAN3)) -> time =    282.045 ms
  QuicksortVariant1(pivot: MIDDLE)                                                   -> time =    323.810 ms
  QuicksortImproved(threshold: 128, partitioning: QuicksortVariant1(pivot: MEDIAN3)) -> time =    281.830 ms
  QuicksortImproved(threshold: 8, partitioning: QuicksortVariant1(pivot: MIDDLE))    -> time =    310.637 ms
  QuicksortImproved(threshold: 48, partitioning: QuicksortVariant1(pivot: MIDDLE))   -> time =    287.483 ms
  QuicksortImproved(threshold: 4, partitioning: QuicksortVariant2(pivot: MIDDLE))    -> time =    327.953 ms
  QuicksortImproved(threshold: 32, partitioning: QuicksortVariant3(pivot: MIDDLE))   -> time =    292.256 ms
  QuicksortImproved(threshold: 64, partitioning: QuicksortVariant1(pivot: MIDDLE))   -> time =    280.027 ms
  QuicksortImproved(threshold: 128, partitioning: QuicksortVariant3(pivot: MEDIAN3)) -> time =    284.233 ms
  QuicksortImproved(threshold: 8, partitioning: QuicksortVariant3(pivot: MIDDLE))    -> time =    314.669 ms
  QuicksortImproved(threshold: 32, partitioning: QuicksortVariant1(pivot: MIDDLE))   -> time =    289.934 ms
  QuicksortImproved(threshold: 96, partitioning: QuicksortVariant1(pivot: MIDDLE))   -> time =    277.956 ms
  QuicksortImproved(threshold: 48, partitioning: QuicksortVariant1(pivot: MEDIAN3))  -> time =    292.520 ms
  QuicksortImproved(threshold: 48, partitioning: QuicksortVariant3(pivot: MEDIAN3))  -> time =    290.631 ms
  QuicksortVariant2(pivot: MIDDLE)                                                   -> time =    333.853 ms
  QuicksortImproved(threshold: 4, partitioning: QuicksortVariant3(pivot: MIDDLE))    -> time =    352.405 ms
Iteration 40
  QuicksortVariant3(pivot: MIDDLE)                                                   -> time =    335.450 ms
  QuicksortImproved(threshold: 192, partitioning: QuicksortVariant3(pivot: MIDDLE))  -> time =    280.266 ms
  QuicksortImproved(threshold: 32, partitioning: QuicksortVariant3(pivot: MEDIAN3))  -> time =    309.250 ms
  QuicksortImproved(threshold: 24, partitioning: QuicksortVariant2(pivot: MIDDLE))   -> time =    300.797 ms
  QuicksortImproved(threshold: 64, partitioning: QuicksortVariant1(pivot: MEDIAN3))  -> time =    283.857 ms
  QuicksortImproved(threshold: 48, partitioning: QuicksortVariant1(pivot: MIDDLE))   -> time =    286.509 ms
  QuicksortImproved(threshold: 32, partitioning: QuicksortVariant2(pivot: MIDDLE))   -> time =    292.137 ms
  QuicksortImproved(threshold: 24, partitioning: QuicksortVariant2(pivot: MEDIAN3))  -> time =    308.937 ms
  QuicksortImproved(threshold: 2, partitioning: QuicksortVariant1(pivot: MIDDLE))    -> time =    335.883 ms
  QuicksortImproved(threshold: 8, partitioning: QuicksortVariant3(pivot: MIDDLE))    -> time =    319.599 ms
  QuicksortImproved(threshold: 192, partitioning: QuicksortVariant3(pivot: MEDIAN3)) -> time =    288.286 ms
  QuicksortImproved(threshold: 128, partitioning: QuicksortVariant3(pivot: MEDIAN3)) -> time =    284.059 ms
  QuicksortImproved(threshold: 192, partitioning: QuicksortVariant1(pivot: MIDDLE))  -> time =    281.711 ms
  QuicksortImproved(threshold: 48, partitioning: QuicksortVariant2(pivot: MIDDLE))   -> time =    286.228 ms
  QuicksortImproved(threshold: 64, partitioning: QuicksortVariant2(pivot: MIDDLE))   -> time =    282.706 ms
  QuicksortImproved(threshold: 16, partitioning: QuicksortVariant1(pivot: MIDDLE))   -> time =    303.178 ms
  QuicksortImproved(threshold: 24, partitioning: QuicksortVariant1(pivot: MIDDLE))   -> time =    296.055 ms
  QuicksortImproved(threshold: 16, partitioning: QuicksortVariant1(pivot: MEDIAN3))  -> time =    307.696 ms
  QuicksortImproved(threshold: 16, partitioning: QuicksortVariant2(pivot: MEDIAN3))  -> time =    316.662 ms
  QuicksortImproved(threshold: 128, partitioning: QuicksortVariant1(pivot: MEDIAN3)) -> time =    280.738 ms
  QuicksortImproved(threshold: 64, partitioning: QuicksortVariant3(pivot: MIDDLE))   -> time =    280.891 ms
  QuicksortImproved(threshold: 2, partitioning: QuicksortVariant2(pivot: MEDIAN3))   -> time =    351.226 ms
  QuicksortImproved(threshold: 8, partitioning: QuicksortVariant2(pivot: MEDIAN3))   -> time =    337.272 ms
  QuicksortImproved(threshold: 96, partitioning: QuicksortVariant1(pivot: MEDIAN3))  -> time =    283.729 ms
  QuicksortImproved(threshold: 4, partitioning: QuicksortVariant3(pivot: MEDIAN3))   -> time =    344.703 ms
  QuicksortImproved(threshold: 64, partitioning: QuicksortVariant1(pivot: MIDDLE))   -> time =    283.795 ms
  QuicksortImproved(threshold: 128, partitioning: QuicksortVariant2(pivot: MIDDLE))  -> time =    279.363 ms
  QuicksortImproved(threshold: 8, partitioning: QuicksortVariant3(pivot: MEDIAN3))   -> time =    328.209 ms
  QuicksortImproved(threshold: 48, partitioning: QuicksortVariant2(pivot: MEDIAN3))  -> time =    298.901 ms
  QuicksortImproved(threshold: 16, partitioning: QuicksortVariant3(pivot: MIDDLE))   -> time =    302.621 ms
  QuicksortImproved(threshold: 64, partitioning: QuicksortVariant2(pivot: MEDIAN3))  -> time =    295.236 ms
  QuicksortImproved(threshold: 128, partitioning: QuicksortVariant3(pivot: MIDDLE))  -> time =    277.366 ms
  QuicksortImproved(threshold: 128, partitioning: QuicksortVariant1(pivot: MIDDLE))  -> time =    278.386 ms
  QuicksortVariant1(pivot: MIDDLE)                                                   -> time =    339.456 ms
  QuicksortImproved(threshold: 8, partitioning: QuicksortVariant1(pivot: MEDIAN3))   -> time =    330.924 ms
  QuicksortImproved(threshold: 192, partitioning: QuicksortVariant2(pivot: MIDDLE))  -> time =    288.063 ms
  QuicksortImproved(threshold: 24, partitioning: QuicksortVariant3(pivot: MIDDLE))   -> time =    295.035 ms
  QuicksortImproved(threshold: 48, partitioning: QuicksortVariant3(pivot: MIDDLE))   -> time =    284.789 ms
  QuicksortImproved(threshold: 32, partitioning: QuicksortVariant1(pivot: MEDIAN3))  -> time =    297.368 ms
  QuicksortImproved(threshold: 192, partitioning: QuicksortVariant1(pivot: MEDIAN3)) -> time =    282.360 ms
  QuicksortImproved(threshold: 48, partitioning: QuicksortVariant3(pivot: MEDIAN3))  -> time =    313.333 ms
  QuicksortImproved(threshold: 8, partitioning: QuicksortVariant2(pivot: MIDDLE))    -> time =    335.431 ms
  QuicksortImproved(threshold: 16, partitioning: QuicksortVariant2(pivot: MIDDLE))   -> time =    307.181 ms
  QuicksortImproved(threshold: 128, partitioning: QuicksortVariant2(pivot: MEDIAN3)) -> time =    295.571 ms
  QuicksortImproved(threshold: 64, partitioning: QuicksortVariant3(pivot: MEDIAN3))  -> time =    292.671 ms
  QuicksortImproved(threshold: 96, partitioning: QuicksortVariant1(pivot: MIDDLE))   -> time =    279.109 ms
  QuicksortImproved(threshold: 96, partitioning: QuicksortVariant3(pivot: MIDDLE))   -> time =    278.290 ms
  QuicksortImproved(threshold: 32, partitioning: QuicksortVariant3(pivot: MIDDLE))   -> time =    290.497 ms
  QuicksortImproved(threshold: 2, partitioning: QuicksortVariant3(pivot: MIDDLE))    -> time =    326.629 ms
  QuicksortVariant2(pivot: MIDDLE)                                                   -> time =    333.300 ms
  QuicksortImproved(threshold: 96, partitioning: QuicksortVariant3(pivot: MEDIAN3))  -> time =    285.229 ms
  QuicksortImproved(threshold: 8, partitioning: QuicksortVariant1(pivot: MIDDLE))    -> time =    312.053 ms
  QuicksortImproved(threshold: 2, partitioning: QuicksortVariant2(pivot: MIDDLE))    -> time =    333.020 ms
  QuicksortImproved(threshold: 24, partitioning: QuicksortVariant1(pivot: MEDIAN3))  -> time =    301.204 ms
  QuicksortImproved(threshold: 4, partitioning: QuicksortVariant2(pivot: MIDDLE))    -> time =    327.035 ms
  QuicksortImproved(threshold: 32, partitioning: QuicksortVariant2(pivot: MEDIAN3))  -> time =    304.788 ms
  QuicksortImproved(threshold: 2, partitioning: QuicksortVariant3(pivot: MEDIAN3))   -> time =    353.102 ms
  QuicksortImproved(threshold: 4, partitioning: QuicksortVariant1(pivot: MEDIAN3))   -> time =    334.342 ms
  QuicksortImproved(threshold: 48, partitioning: QuicksortVariant1(pivot: MEDIAN3))  -> time =    287.898 ms
  QuicksortImproved(threshold: 4, partitioning: QuicksortVariant1(pivot: MIDDLE))    -> time =    322.987 ms
  QuicksortImproved(threshold: 96, partitioning: QuicksortVariant2(pivot: MIDDLE))   -> time =    280.261 ms
  QuicksortImproved(threshold: 24, partitioning: QuicksortVariant3(pivot: MEDIAN3))  -> time =    305.589 ms
  QuicksortImproved(threshold: 16, partitioning: QuicksortVariant3(pivot: MEDIAN3))  -> time =    315.403 ms
  QuicksortVariant3(pivot: MEDIAN3)                                                  -> time =    352.284 ms
  QuicksortImproved(threshold: 96, partitioning: QuicksortVariant2(pivot: MEDIAN3))  -> time =    290.196 ms
  QuicksortImproved(threshold: 32, partitioning: QuicksortVariant1(pivot: MIDDLE))   -> time =    291.356 ms
  QuicksortImproved(threshold: 2, partitioning: QuicksortVariant1(pivot: MEDIAN3))   -> time =    341.686 ms
  QuicksortVariant1(pivot: MEDIAN3)                                                  -> time =    339.353 ms
  QuicksortImproved(threshold: 192, partitioning: QuicksortVariant2(pivot: MEDIAN3)) -> time =    288.225 ms
  QuicksortImproved(threshold: 4, partitioning: QuicksortVariant3(pivot: MIDDLE))    -> time =    320.947 ms
  QuicksortImproved(threshold: 4, partitioning: QuicksortVariant2(pivot: MEDIAN3))   -> time =    344.572 ms
  QuicksortVariant2(pivot: MEDIAN3)                                                  -> time =    351.179 ms

----- Results after 40 iterations-----
QuicksortVariant1(pivot: MIDDLE)                                                   -> fastest:    294.715 ms, median:    304.446 ms 
QuicksortVariant1(pivot: MEDIAN3)                                                  -> fastest:    315.918 ms, median:    322.098 ms 
QuicksortVariant2(pivot: MIDDLE)                                                   -> fastest:    305.046 ms, median:    312.471 ms 
QuicksortVariant2(pivot: MEDIAN3)                                                  -> fastest:    325.364 ms, median:    331.894 ms 
QuicksortVariant3(pivot: MIDDLE)                                                   -> fastest:    298.145 ms, median:    304.119 ms 
QuicksortVariant3(pivot: MEDIAN3)                                                  -> fastest:    327.510 ms, median:    333.854 ms 
QuicksortImproved(threshold: 2, partitioning: QuicksortVariant1(pivot: MIDDLE))    -> fastest:    299.220 ms, median:    307.331 ms 
QuicksortImproved(threshold: 2, partitioning: QuicksortVariant1(pivot: MEDIAN3))   -> fastest:    318.701 ms, median:    325.908 ms 
QuicksortImproved(threshold: 2, partitioning: QuicksortVariant2(pivot: MIDDLE))    -> fastest:    305.454 ms, median:    312.498 ms 
QuicksortImproved(threshold: 2, partitioning: QuicksortVariant2(pivot: MEDIAN3))   -> fastest:    325.374 ms, median:    331.078 ms 
QuicksortImproved(threshold: 2, partitioning: QuicksortVariant3(pivot: MIDDLE))    -> fastest:    299.293 ms, median:    306.116 ms 
QuicksortImproved(threshold: 2, partitioning: QuicksortVariant3(pivot: MEDIAN3))   -> fastest:    327.355 ms, median:    333.475 ms 
QuicksortImproved(threshold: 4, partitioning: QuicksortVariant1(pivot: MIDDLE))    -> fastest:    294.031 ms, median:    301.061 ms 
QuicksortImproved(threshold: 4, partitioning: QuicksortVariant1(pivot: MEDIAN3))   -> fastest:    312.223 ms, median:    318.643 ms 
QuicksortImproved(threshold: 4, partitioning: QuicksortVariant2(pivot: MIDDLE))    -> fastest:    301.579 ms, median:    306.925 ms 
QuicksortImproved(threshold: 4, partitioning: QuicksortVariant2(pivot: MEDIAN3))   -> fastest:    318.395 ms, median:    323.044 ms 
QuicksortImproved(threshold: 4, partitioning: QuicksortVariant3(pivot: MIDDLE))    -> fastest:    294.727 ms, median:    301.258 ms 
QuicksortImproved(threshold: 4, partitioning: QuicksortVariant3(pivot: MEDIAN3))   -> fastest:    318.907 ms, median:    324.426 ms 
QuicksortImproved(threshold: 8, partitioning: QuicksortVariant1(pivot: MIDDLE))    -> fastest:    284.382 ms, median:    291.323 ms 
QuicksortImproved(threshold: 8, partitioning: QuicksortVariant1(pivot: MEDIAN3))   -> fastest:    298.660 ms, median:    306.257 ms 
QuicksortImproved(threshold: 8, partitioning: QuicksortVariant2(pivot: MIDDLE))    -> fastest:    290.817 ms, median:    297.713 ms 
QuicksortImproved(threshold: 8, partitioning: QuicksortVariant2(pivot: MEDIAN3))   -> fastest:    307.180 ms, median:    312.306 ms 
QuicksortImproved(threshold: 8, partitioning: QuicksortVariant3(pivot: MIDDLE))    -> fastest:    286.266 ms, median:    292.111 ms 
QuicksortImproved(threshold: 8, partitioning: QuicksortVariant3(pivot: MEDIAN3))   -> fastest:    304.973 ms, median:    309.469 ms 
QuicksortImproved(threshold: 16, partitioning: QuicksortVariant1(pivot: MIDDLE))   -> fastest:    273.828 ms, median:    282.891 ms 
QuicksortImproved(threshold: 16, partitioning: QuicksortVariant1(pivot: MEDIAN3))  -> fastest:    288.526 ms, median:    293.385 ms 
QuicksortImproved(threshold: 16, partitioning: QuicksortVariant2(pivot: MIDDLE))   -> fastest:    279.522 ms, median:    286.309 ms 
QuicksortImproved(threshold: 16, partitioning: QuicksortVariant2(pivot: MEDIAN3))  -> fastest:    291.243 ms, median:    297.933 ms 
QuicksortImproved(threshold: 16, partitioning: QuicksortVariant3(pivot: MIDDLE))   -> fastest:    274.685 ms, median:    282.540 ms 
QuicksortImproved(threshold: 16, partitioning: QuicksortVariant3(pivot: MEDIAN3))  -> fastest:    291.156 ms, median:    296.953 ms 
QuicksortImproved(threshold: 24, partitioning: QuicksortVariant1(pivot: MIDDLE))   -> fastest:    269.765 ms, median:    276.737 ms 
QuicksortImproved(threshold: 24, partitioning: QuicksortVariant1(pivot: MEDIAN3))  -> fastest:    280.776 ms, median:    286.437 ms 
QuicksortImproved(threshold: 24, partitioning: QuicksortVariant2(pivot: MIDDLE))   -> fastest:    273.055 ms, median:    279.497 ms 
QuicksortImproved(threshold: 24, partitioning: QuicksortVariant2(pivot: MEDIAN3))  -> fastest:    283.205 ms, median:    290.100 ms 
QuicksortImproved(threshold: 24, partitioning: QuicksortVariant3(pivot: MIDDLE))   -> fastest:    270.111 ms, median:    276.133 ms 
QuicksortImproved(threshold: 24, partitioning: QuicksortVariant3(pivot: MEDIAN3))  -> fastest:    284.319 ms, median:    288.606 ms 
QuicksortImproved(threshold: 32, partitioning: QuicksortVariant1(pivot: MIDDLE))   -> fastest:    263.725 ms, median:    270.951 ms 
QuicksortImproved(threshold: 32, partitioning: QuicksortVariant1(pivot: MEDIAN3))  -> fastest:    274.984 ms, median:    280.669 ms 
QuicksortImproved(threshold: 32, partitioning: QuicksortVariant2(pivot: MIDDLE))   -> fastest:    268.102 ms, median:    275.622 ms 
QuicksortImproved(threshold: 32, partitioning: QuicksortVariant2(pivot: MEDIAN3))  -> fastest:    278.207 ms, median:    286.003 ms 
QuicksortImproved(threshold: 32, partitioning: QuicksortVariant3(pivot: MIDDLE))   -> fastest:    265.438 ms, median:    272.214 ms 
QuicksortImproved(threshold: 32, partitioning: QuicksortVariant3(pivot: MEDIAN3))  -> fastest:    279.020 ms, median:    283.545 ms 
QuicksortImproved(threshold: 48, partitioning: QuicksortVariant1(pivot: MIDDLE))   -> fastest:    260.627 ms, median:    266.155 ms 
QuicksortImproved(threshold: 48, partitioning: QuicksortVariant1(pivot: MEDIAN3))  -> fastest:    269.592 ms, median:    274.488 ms 
QuicksortImproved(threshold: 48, partitioning: QuicksortVariant2(pivot: MIDDLE))   -> fastest:    263.175 ms, median:    269.238 ms 
QuicksortImproved(threshold: 48, partitioning: QuicksortVariant2(pivot: MEDIAN3))  -> fastest:    271.964 ms, median:    278.317 ms 
QuicksortImproved(threshold: 48, partitioning: QuicksortVariant3(pivot: MIDDLE))   -> fastest:    260.211 ms, median:    266.783 ms 
QuicksortImproved(threshold: 48, partitioning: QuicksortVariant3(pivot: MEDIAN3))  -> fastest:    271.534 ms, median:    278.326 ms 
QuicksortImproved(threshold: 64, partitioning: QuicksortVariant1(pivot: MIDDLE))   -> fastest:    256.152 ms, median:    263.448 ms 
QuicksortImproved(threshold: 64, partitioning: QuicksortVariant1(pivot: MEDIAN3))  -> fastest:    265.450 ms, median:    270.952 ms 
QuicksortImproved(threshold: 64, partitioning: QuicksortVariant2(pivot: MIDDLE))   -> fastest:    260.348 ms, median:    267.134 ms 
QuicksortImproved(threshold: 64, partitioning: QuicksortVariant2(pivot: MEDIAN3))  -> fastest:    268.914 ms, median:    274.702 ms 
QuicksortImproved(threshold: 64, partitioning: QuicksortVariant3(pivot: MIDDLE))   -> fastest:    256.987 ms, median:    263.552 ms 
QuicksortImproved(threshold: 64, partitioning: QuicksortVariant3(pivot: MEDIAN3))  -> fastest:    268.174 ms, median:    273.489 ms 
QuicksortImproved(threshold: 96, partitioning: QuicksortVariant1(pivot: MIDDLE))   -> fastest:    252.721 ms, median:    259.141 ms <<< FASTEST MEDIAN :-)
QuicksortImproved(threshold: 96, partitioning: QuicksortVariant1(pivot: MEDIAN3))  -> fastest:    261.906 ms, median:    267.527 ms 
QuicksortImproved(threshold: 96, partitioning: QuicksortVariant2(pivot: MIDDLE))   -> fastest:    257.106 ms, median:    263.982 ms 
QuicksortImproved(threshold: 96, partitioning: QuicksortVariant2(pivot: MEDIAN3))  -> fastest:    264.224 ms, median:    272.068 ms 
QuicksortImproved(threshold: 96, partitioning: QuicksortVariant3(pivot: MIDDLE))   -> fastest:    254.569 ms, median:    259.967 ms 
QuicksortImproved(threshold: 96, partitioning: QuicksortVariant3(pivot: MEDIAN3))  -> fastest:    264.485 ms, median:    269.414 ms 
QuicksortImproved(threshold: 128, partitioning: QuicksortVariant1(pivot: MIDDLE))  -> fastest:    252.525 ms, median:    259.214 ms 
QuicksortImproved(threshold: 128, partitioning: QuicksortVariant1(pivot: MEDIAN3)) -> fastest:    261.313 ms, median:    267.128 ms 
QuicksortImproved(threshold: 128, partitioning: QuicksortVariant2(pivot: MIDDLE))  -> fastest:    255.248 ms, median:    261.912 ms 
QuicksortImproved(threshold: 128, partitioning: QuicksortVariant2(pivot: MEDIAN3)) -> fastest:    265.495 ms, median:    270.805 ms 
QuicksortImproved(threshold: 128, partitioning: QuicksortVariant3(pivot: MIDDLE))  -> fastest:    254.074 ms, median:    260.398 ms 
QuicksortImproved(threshold: 128, partitioning: QuicksortVariant3(pivot: MEDIAN3)) -> fastest:    263.763 ms, median:    268.996 ms 
QuicksortImproved(threshold: 192, partitioning: QuicksortVariant1(pivot: MIDDLE))  -> fastest:    254.463 ms, median:    262.202 ms 
QuicksortImproved(threshold: 192, partitioning: QuicksortVariant1(pivot: MEDIAN3)) -> fastest:    263.153 ms, median:    268.288 ms 
QuicksortImproved(threshold: 192, partitioning: QuicksortVariant2(pivot: MIDDLE))  -> fastest:    257.567 ms, median:    263.735 ms 
QuicksortImproved(threshold: 192, partitioning: QuicksortVariant2(pivot: MEDIAN3)) -> fastest:    265.547 ms, median:    271.366 ms 
QuicksortImproved(threshold: 192, partitioning: QuicksortVariant3(pivot: MIDDLE))  -> fastest:    255.421 ms, median:    262.379 ms 
QuicksortImproved(threshold: 192, partitioning: QuicksortVariant3(pivot: MEDIAN3)) -> fastest:    265.454 ms, median:    270.253 ms 

Iteration 41
  QuicksortImproved(threshold: 48, partitioning: QuicksortVariant3(pivot: MIDDLE))   -> time =    286.998 ms
  QuicksortImproved(threshold: 4, partitioning: QuicksortVariant1(pivot: MIDDLE))    -> time =    324.075 ms
  QuicksortVariant1(pivot: MEDIAN3)                                                  -> time =    341.961 ms
  QuicksortImproved(threshold: 64, partitioning: QuicksortVariant2(pivot: MIDDLE))   -> time =    280.956 ms
  QuicksortImproved(threshold: 96, partitioning: QuicksortVariant2(pivot: MEDIAN3))  -> time =    286.049 ms
  QuicksortImproved(threshold: 8, partitioning: QuicksortVariant2(pivot: MEDIAN3))   -> time =    329.456 ms
  QuicksortImproved(threshold: 32, partitioning: QuicksortVariant1(pivot: MIDDLE))   -> time =    292.499 ms
  QuicksortImproved(threshold: 16, partitioning: QuicksortVariant2(pivot: MEDIAN3))  -> time =    314.223 ms
  QuicksortImproved(threshold: 128, partitioning: QuicksortVariant1(pivot: MEDIAN3)) -> time =    284.012 ms
  QuicksortImproved(threshold: 4, partitioning: QuicksortVariant2(pivot: MEDIAN3))   -> time =    342.008 ms
  QuicksortImproved(threshold: 2, partitioning: QuicksortVariant1(pivot: MEDIAN3))   -> time =    347.217 ms
  QuicksortImproved(threshold: 96, partitioning: QuicksortVariant3(pivot: MEDIAN3))  -> time =    285.075 ms
  QuicksortImproved(threshold: 2, partitioning: QuicksortVariant1(pivot: MIDDLE))    -> time =    330.125 ms
  QuicksortImproved(threshold: 64, partitioning: QuicksortVariant3(pivot: MEDIAN3))  -> time =    289.035 ms
  QuicksortImproved(threshold: 192, partitioning: QuicksortVariant3(pivot: MIDDLE))  -> time =    281.690 ms
  QuicksortImproved(threshold: 4, partitioning: QuicksortVariant3(pivot: MIDDLE))    -> time =    327.407 ms
  QuicksortImproved(threshold: 128, partitioning: QuicksortVariant3(pivot: MEDIAN3)) -> time =    284.439 ms
  QuicksortVariant2(pivot: MIDDLE)                                                   -> time =    332.678 ms
  QuicksortImproved(threshold: 192, partitioning: QuicksortVariant3(pivot: MEDIAN3)) -> time =    286.357 ms
  QuicksortVariant3(pivot: MEDIAN3)                                                  -> time =    353.630 ms
  QuicksortImproved(threshold: 192, partitioning: QuicksortVariant1(pivot: MIDDLE))  -> time =    281.733 ms
  QuicksortImproved(threshold: 2, partitioning: QuicksortVariant3(pivot: MEDIAN3))   -> time =    351.651 ms
  QuicksortImproved(threshold: 32, partitioning: QuicksortVariant1(pivot: MEDIAN3))  -> time =    299.137 ms
  QuicksortVariant2(pivot: MEDIAN3)                                                  -> time =    350.306 ms
  QuicksortImproved(threshold: 24, partitioning: QuicksortVariant3(pivot: MIDDLE))   -> time =    296.433 ms
  QuicksortImproved(threshold: 192, partitioning: QuicksortVariant1(pivot: MEDIAN3)) -> time =    286.153 ms
  QuicksortImproved(threshold: 128, partitioning: QuicksortVariant1(pivot: MIDDLE))  -> time =    278.539 ms
  QuicksortImproved(threshold: 2, partitioning: QuicksortVariant2(pivot: MIDDLE))    -> time =    331.326 ms
  QuicksortImproved(threshold: 32, partitioning: QuicksortVariant2(pivot: MIDDLE))   -> time =    291.580 ms
  QuicksortImproved(threshold: 96, partitioning: QuicksortVariant1(pivot: MEDIAN3))  -> time =    284.133 ms
  QuicksortImproved(threshold: 4, partitioning: QuicksortVariant1(pivot: MEDIAN3))   -> time =    342.502 ms
  QuicksortImproved(threshold: 192, partitioning: QuicksortVariant2(pivot: MIDDLE))  -> time =    278.688 ms
  QuicksortImproved(threshold: 24, partitioning: QuicksortVariant2(pivot: MIDDLE))   -> time =    295.423 ms
  QuicksortImproved(threshold: 16, partitioning: QuicksortVariant2(pivot: MIDDLE))   -> time =    303.195 ms
  QuicksortImproved(threshold: 96, partitioning: QuicksortVariant3(pivot: MIDDLE))   -> time =    279.599 ms
  QuicksortImproved(threshold: 8, partitioning: QuicksortVariant2(pivot: MIDDLE))    -> time =    330.025 ms
  QuicksortImproved(threshold: 128, partitioning: QuicksortVariant2(pivot: MIDDLE))  -> time =    281.892 ms
  QuicksortImproved(threshold: 128, partitioning: QuicksortVariant2(pivot: MEDIAN3)) -> time =    285.866 ms
  QuicksortImproved(threshold: 16, partitioning: QuicksortVariant1(pivot: MIDDLE))   -> time =    302.256 ms
  QuicksortImproved(threshold: 16, partitioning: QuicksortVariant3(pivot: MIDDLE))   -> time =    304.452 ms
  QuicksortImproved(threshold: 24, partitioning: QuicksortVariant1(pivot: MEDIAN3))  -> time =    303.987 ms
  QuicksortImproved(threshold: 4, partitioning: QuicksortVariant3(pivot: MEDIAN3))   -> time =    344.419 ms
  QuicksortImproved(threshold: 128, partitioning: QuicksortVariant3(pivot: MIDDLE))  -> time =    280.237 ms
  QuicksortImproved(threshold: 64, partitioning: QuicksortVariant1(pivot: MEDIAN3))  -> time =    287.923 ms
  QuicksortImproved(threshold: 96, partitioning: QuicksortVariant2(pivot: MIDDLE))   -> time =    278.415 ms
  QuicksortVariant1(pivot: MIDDLE)                                                   -> time =    326.588 ms
  QuicksortVariant3(pivot: MIDDLE)                                                   -> time =    344.394 ms
  QuicksortImproved(threshold: 24, partitioning: QuicksortVariant2(pivot: MEDIAN3))  -> time =    309.284 ms
  QuicksortImproved(threshold: 16, partitioning: QuicksortVariant1(pivot: MEDIAN3))  -> time =    317.686 ms
  QuicksortImproved(threshold: 32, partitioning: QuicksortVariant2(pivot: MEDIAN3))  -> time =    303.252 ms
  QuicksortImproved(threshold: 8, partitioning: QuicksortVariant3(pivot: MEDIAN3))   -> time =    327.678 ms
  QuicksortImproved(threshold: 96, partitioning: QuicksortVariant1(pivot: MIDDLE))   -> time =    280.083 ms
  QuicksortImproved(threshold: 48, partitioning: QuicksortVariant2(pivot: MIDDLE))   -> time =    285.794 ms
  QuicksortImproved(threshold: 48, partitioning: QuicksortVariant3(pivot: MEDIAN3))  -> time =    293.249 ms
  QuicksortImproved(threshold: 48, partitioning: QuicksortVariant2(pivot: MEDIAN3))  -> time =    295.595 ms
  QuicksortImproved(threshold: 64, partitioning: QuicksortVariant3(pivot: MIDDLE))   -> time =    283.058 ms
  QuicksortImproved(threshold: 192, partitioning: QuicksortVariant2(pivot: MEDIAN3)) -> time =    288.962 ms
  QuicksortImproved(threshold: 48, partitioning: QuicksortVariant1(pivot: MIDDLE))   -> time =    286.128 ms
  QuicksortImproved(threshold: 16, partitioning: QuicksortVariant3(pivot: MEDIAN3))  -> time =    313.723 ms
  QuicksortImproved(threshold: 32, partitioning: QuicksortVariant3(pivot: MIDDLE))   -> time =    294.439 ms
  QuicksortImproved(threshold: 2, partitioning: QuicksortVariant3(pivot: MIDDLE))    -> time =    328.845 ms
  QuicksortImproved(threshold: 32, partitioning: QuicksortVariant3(pivot: MEDIAN3))  -> time =    300.999 ms
  QuicksortImproved(threshold: 64, partitioning: QuicksortVariant1(pivot: MIDDLE))   -> time =    283.252 ms
  QuicksortImproved(threshold: 64, partitioning: QuicksortVariant2(pivot: MEDIAN3))  -> time =    290.180 ms
  QuicksortImproved(threshold: 2, partitioning: QuicksortVariant2(pivot: MEDIAN3))   -> time =    353.849 ms
  QuicksortImproved(threshold: 8, partitioning: QuicksortVariant1(pivot: MIDDLE))    -> time =    314.266 ms
  QuicksortImproved(threshold: 8, partitioning: QuicksortVariant1(pivot: MEDIAN3))   -> time =    325.709 ms
  QuicksortImproved(threshold: 24, partitioning: QuicksortVariant3(pivot: MEDIAN3))  -> time =    310.254 ms
  QuicksortImproved(threshold: 4, partitioning: QuicksortVariant2(pivot: MIDDLE))    -> time =    329.804 ms
  QuicksortImproved(threshold: 48, partitioning: QuicksortVariant1(pivot: MEDIAN3))  -> time =    302.675 ms
  QuicksortImproved(threshold: 8, partitioning: QuicksortVariant3(pivot: MIDDLE))    -> time =    338.525 ms
  QuicksortImproved(threshold: 24, partitioning: QuicksortVariant1(pivot: MIDDLE))   -> time =    313.414 ms
Iteration 42
  QuicksortImproved(threshold: 64, partitioning: QuicksortVariant2(pivot: MIDDLE))   -> time =    284.984 ms
  QuicksortImproved(threshold: 96, partitioning: QuicksortVariant1(pivot: MIDDLE))   -> time =    281.132 ms
  QuicksortImproved(threshold: 16, partitioning: QuicksortVariant1(pivot: MEDIAN3))  -> time =    313.111 ms
  QuicksortImproved(threshold: 8, partitioning: QuicksortVariant1(pivot: MIDDLE))    -> time =    318.752 ms
  QuicksortImproved(threshold: 8, partitioning: QuicksortVariant1(pivot: MEDIAN3))   -> time =    324.512 ms
  QuicksortImproved(threshold: 2, partitioning: QuicksortVariant1(pivot: MEDIAN3))   -> time =    350.508 ms
  QuicksortImproved(threshold: 32, partitioning: QuicksortVariant3(pivot: MIDDLE))   -> time =    291.861 ms
  QuicksortImproved(threshold: 48, partitioning: QuicksortVariant2(pivot: MEDIAN3))  -> time =    294.840 ms
  QuicksortImproved(threshold: 16, partitioning: QuicksortVariant1(pivot: MIDDLE))   -> time =    305.895 ms
  QuicksortImproved(threshold: 32, partitioning: QuicksortVariant2(pivot: MEDIAN3))  -> time =    302.543 ms
  QuicksortImproved(threshold: 24, partitioning: QuicksortVariant3(pivot: MIDDLE))   -> time =    304.072 ms
  QuicksortImproved(threshold: 2, partitioning: QuicksortVariant3(pivot: MEDIAN3))   -> time =    354.750 ms
  QuicksortImproved(threshold: 4, partitioning: QuicksortVariant3(pivot: MIDDLE))    -> time =    325.858 ms
  QuicksortVariant2(pivot: MEDIAN3)                                                  -> time =    351.538 ms
  QuicksortImproved(threshold: 4, partitioning: QuicksortVariant1(pivot: MEDIAN3))   -> time =    337.905 ms
  QuicksortImproved(threshold: 128, partitioning: QuicksortVariant2(pivot: MIDDLE))  -> time =    279.461 ms
  QuicksortVariant1(pivot: MIDDLE)                                                   -> time =    326.883 ms
  QuicksortImproved(threshold: 24, partitioning: QuicksortVariant2(pivot: MIDDLE))   -> time =    298.965 ms
  QuicksortImproved(threshold: 8, partitioning: QuicksortVariant3(pivot: MIDDLE))    -> time =    312.942 ms
  QuicksortImproved(threshold: 8, partitioning: QuicksortVariant3(pivot: MEDIAN3))   -> time =    326.407 ms
  QuicksortImproved(threshold: 32, partitioning: QuicksortVariant2(pivot: MIDDLE))   -> time =    293.766 ms
  QuicksortImproved(threshold: 48, partitioning: QuicksortVariant3(pivot: MIDDLE))   -> time =    285.087 ms
  QuicksortImproved(threshold: 48, partitioning: QuicksortVariant2(pivot: MIDDLE))   -> time =    287.729 ms
  QuicksortImproved(threshold: 96, partitioning: QuicksortVariant2(pivot: MIDDLE))   -> time =    281.156 ms
  QuicksortImproved(threshold: 64, partitioning: QuicksortVariant2(pivot: MEDIAN3))  -> time =    289.787 ms
  QuicksortImproved(threshold: 96, partitioning: QuicksortVariant3(pivot: MIDDLE))   -> time =    277.981 ms
  QuicksortImproved(threshold: 128, partitioning: QuicksortVariant3(pivot: MEDIAN3)) -> time =    282.479 ms
  QuicksortImproved(threshold: 128, partitioning: QuicksortVariant1(pivot: MEDIAN3)) -> time =    286.967 ms
  QuicksortImproved(threshold: 96, partitioning: QuicksortVariant2(pivot: MEDIAN3))  -> time =    284.679 ms
  QuicksortImproved(threshold: 32, partitioning: QuicksortVariant3(pivot: MEDIAN3))  -> time =    297.757 ms
  QuicksortImproved(threshold: 192, partitioning: QuicksortVariant1(pivot: MIDDLE))  -> time =    283.716 ms
  QuicksortImproved(threshold: 64, partitioning: QuicksortVariant1(pivot: MEDIAN3))  -> time =    290.077 ms
  QuicksortImproved(threshold: 2, partitioning: QuicksortVariant3(pivot: MIDDLE))    -> time =    330.141 ms
  QuicksortImproved(threshold: 192, partitioning: QuicksortVariant2(pivot: MEDIAN3)) -> time =    288.858 ms
  QuicksortVariant3(pivot: MEDIAN3)                                                  -> time =    352.522 ms
  QuicksortVariant2(pivot: MIDDLE)                                                   -> time =    335.557 ms
  QuicksortImproved(threshold: 24, partitioning: QuicksortVariant3(pivot: MEDIAN3))  -> time =    303.319 ms
  QuicksortImproved(threshold: 4, partitioning: QuicksortVariant3(pivot: MEDIAN3))   -> time =    343.830 ms
  QuicksortImproved(threshold: 8, partitioning: QuicksortVariant2(pivot: MEDIAN3))   -> time =    330.865 ms
  QuicksortImproved(threshold: 4, partitioning: QuicksortVariant1(pivot: MIDDLE))    -> time =    327.662 ms
  QuicksortVariant3(pivot: MIDDLE)                                                   -> time =    327.454 ms
  QuicksortImproved(threshold: 24, partitioning: QuicksortVariant2(pivot: MEDIAN3))  -> time =    309.429 ms
  QuicksortImproved(threshold: 64, partitioning: QuicksortVariant3(pivot: MEDIAN3))  -> time =    288.041 ms
  QuicksortImproved(threshold: 64, partitioning: QuicksortVariant1(pivot: MIDDLE))   -> time =    283.596 ms
  QuicksortImproved(threshold: 192, partitioning: QuicksortVariant1(pivot: MEDIAN3)) -> time =    283.954 ms
  QuicksortImproved(threshold: 2, partitioning: QuicksortVariant2(pivot: MEDIAN3))   -> time =    355.024 ms
  QuicksortImproved(threshold: 96, partitioning: QuicksortVariant1(pivot: MEDIAN3))  -> time =    287.247 ms
  QuicksortImproved(threshold: 24, partitioning: QuicksortVariant1(pivot: MIDDLE))   -> time =    304.270 ms
  QuicksortImproved(threshold: 16, partitioning: QuicksortVariant2(pivot: MEDIAN3))  -> time =    321.484 ms
  QuicksortImproved(threshold: 48, partitioning: QuicksortVariant3(pivot: MEDIAN3))  -> time =    292.634 ms
  QuicksortImproved(threshold: 64, partitioning: QuicksortVariant3(pivot: MIDDLE))   -> time =    282.417 ms
  QuicksortImproved(threshold: 48, partitioning: QuicksortVariant1(pivot: MIDDLE))   -> time =    287.380 ms
  QuicksortImproved(threshold: 4, partitioning: QuicksortVariant2(pivot: MEDIAN3))   -> time =    343.045 ms
  QuicksortImproved(threshold: 192, partitioning: QuicksortVariant2(pivot: MIDDLE))  -> time =    284.271 ms
  QuicksortVariant1(pivot: MEDIAN3)                                                  -> time =    342.419 ms
  QuicksortImproved(threshold: 32, partitioning: QuicksortVariant1(pivot: MIDDLE))   -> time =    294.386 ms
  QuicksortImproved(threshold: 128, partitioning: QuicksortVariant1(pivot: MIDDLE))  -> time =    280.631 ms
  QuicksortImproved(threshold: 192, partitioning: QuicksortVariant3(pivot: MEDIAN3)) -> time =    284.781 ms
  QuicksortImproved(threshold: 192, partitioning: QuicksortVariant3(pivot: MIDDLE))  -> time =    281.115 ms
  QuicksortImproved(threshold: 2, partitioning: QuicksortVariant1(pivot: MIDDLE))    -> time =    334.814 ms
  QuicksortImproved(threshold: 96, partitioning: QuicksortVariant3(pivot: MEDIAN3))  -> time =    285.010 ms
  QuicksortImproved(threshold: 16, partitioning: QuicksortVariant2(pivot: MIDDLE))   -> time =    304.719 ms
  QuicksortImproved(threshold: 8, partitioning: QuicksortVariant2(pivot: MIDDLE))    -> time =    319.745 ms
  QuicksortImproved(threshold: 24, partitioning: QuicksortVariant1(pivot: MEDIAN3))  -> time =    303.853 ms
  QuicksortImproved(threshold: 32, partitioning: QuicksortVariant1(pivot: MEDIAN3))  -> time =    300.003 ms
  QuicksortImproved(threshold: 128, partitioning: QuicksortVariant3(pivot: MIDDLE))  -> time =    277.578 ms
  QuicksortImproved(threshold: 128, partitioning: QuicksortVariant2(pivot: MEDIAN3)) -> time =    286.346 ms
  QuicksortImproved(threshold: 48, partitioning: QuicksortVariant1(pivot: MEDIAN3))  -> time =    291.578 ms
  QuicksortImproved(threshold: 4, partitioning: QuicksortVariant2(pivot: MIDDLE))    -> time =    330.628 ms
  QuicksortImproved(threshold: 16, partitioning: QuicksortVariant3(pivot: MIDDLE))   -> time =    302.216 ms
  QuicksortImproved(threshold: 2, partitioning: QuicksortVariant2(pivot: MIDDLE))    -> time =    335.273 ms
  QuicksortImproved(threshold: 16, partitioning: QuicksortVariant3(pivot: MEDIAN3))  -> time =    312.102 ms
Iteration 43
  QuicksortImproved(threshold: 16, partitioning: QuicksortVariant2(pivot: MIDDLE))   -> time =    307.274 ms
  QuicksortImproved(threshold: 48, partitioning: QuicksortVariant1(pivot: MEDIAN3))  -> time =    291.660 ms
  QuicksortImproved(threshold: 8, partitioning: QuicksortVariant3(pivot: MIDDLE))    -> time =    314.972 ms
  QuicksortImproved(threshold: 8, partitioning: QuicksortVariant1(pivot: MIDDLE))    -> time =    314.936 ms
  QuicksortImproved(threshold: 16, partitioning: QuicksortVariant2(pivot: MEDIAN3))  -> time =    316.987 ms
  QuicksortImproved(threshold: 24, partitioning: QuicksortVariant3(pivot: MEDIAN3))  -> time =    303.648 ms
  QuicksortImproved(threshold: 192, partitioning: QuicksortVariant3(pivot: MEDIAN3)) -> time =    284.497 ms
  QuicksortImproved(threshold: 16, partitioning: QuicksortVariant1(pivot: MEDIAN3))  -> time =    313.319 ms
  QuicksortImproved(threshold: 8, partitioning: QuicksortVariant3(pivot: MEDIAN3))   -> time =    325.906 ms
  QuicksortImproved(threshold: 4, partitioning: QuicksortVariant3(pivot: MIDDLE))    -> time =    321.690 ms
  QuicksortImproved(threshold: 2, partitioning: QuicksortVariant3(pivot: MEDIAN3))   -> time =    349.378 ms
  QuicksortImproved(threshold: 16, partitioning: QuicksortVariant1(pivot: MIDDLE))   -> time =    301.034 ms
  QuicksortImproved(threshold: 48, partitioning: QuicksortVariant2(pivot: MEDIAN3))  -> time =    295.826 ms
  QuicksortImproved(threshold: 24, partitioning: QuicksortVariant1(pivot: MIDDLE))   -> time =    297.861 ms
  QuicksortImproved(threshold: 4, partitioning: QuicksortVariant2(pivot: MEDIAN3))   -> time =    345.097 ms
  QuicksortImproved(threshold: 2, partitioning: QuicksortVariant3(pivot: MIDDLE))    -> time =    330.783 ms
  QuicksortVariant2(pivot: MEDIAN3)                                                  -> time =    352.480 ms
  QuicksortImproved(threshold: 32, partitioning: QuicksortVariant2(pivot: MEDIAN3))  -> time =    304.822 ms
  QuicksortImproved(threshold: 4, partitioning: QuicksortVariant1(pivot: MEDIAN3))   -> time =    337.219 ms
  QuicksortImproved(threshold: 48, partitioning: QuicksortVariant2(pivot: MIDDLE))   -> time =    286.559 ms
  QuicksortVariant3(pivot: MIDDLE)                                                   -> time =    335.557 ms
  QuicksortImproved(threshold: 128, partitioning: QuicksortVariant1(pivot: MEDIAN3)) -> time =    282.260 ms
  QuicksortImproved(threshold: 64, partitioning: QuicksortVariant2(pivot: MIDDLE))   -> time =    282.518 ms
  QuicksortVariant1(pivot: MIDDLE)                                                   -> time =    324.436 ms
  QuicksortVariant2(pivot: MIDDLE)                                                   -> time =    327.620 ms
  QuicksortVariant3(pivot: MEDIAN3)                                                  -> time =    331.001 ms
  QuicksortImproved(threshold: 128, partitioning: QuicksortVariant2(pivot: MIDDLE))  -> time =    269.228 ms
  QuicksortImproved(threshold: 32, partitioning: QuicksortVariant3(pivot: MIDDLE))   -> time =    274.631 ms
  QuicksortImproved(threshold: 96, partitioning: QuicksortVariant3(pivot: MEDIAN3))  -> time =    290.070 ms
  QuicksortImproved(threshold: 128, partitioning: QuicksortVariant3(pivot: MIDDLE))  -> time =    288.685 ms
  QuicksortImproved(threshold: 8, partitioning: QuicksortVariant1(pivot: MEDIAN3))   -> time =    308.697 ms
  QuicksortImproved(threshold: 24, partitioning: QuicksortVariant3(pivot: MIDDLE))   -> time =    280.573 ms
  QuicksortImproved(threshold: 8, partitioning: QuicksortVariant2(pivot: MEDIAN3))   -> time =    317.397 ms
  QuicksortVariant1(pivot: MEDIAN3)                                                  -> time =    321.928 ms
  QuicksortImproved(threshold: 64, partitioning: QuicksortVariant1(pivot: MEDIAN3))  -> time =    271.845 ms
  QuicksortImproved(threshold: 128, partitioning: QuicksortVariant1(pivot: MIDDLE))  -> time =    262.953 ms
  QuicksortImproved(threshold: 2, partitioning: QuicksortVariant1(pivot: MIDDLE))    -> time =    323.911 ms
  QuicksortImproved(threshold: 32, partitioning: QuicksortVariant1(pivot: MEDIAN3))  -> time =    296.635 ms
  QuicksortImproved(threshold: 64, partitioning: QuicksortVariant1(pivot: MIDDLE))   -> time =    268.590 ms
  QuicksortImproved(threshold: 48, partitioning: QuicksortVariant3(pivot: MEDIAN3))  -> time =    275.901 ms
  QuicksortImproved(threshold: 128, partitioning: QuicksortVariant3(pivot: MEDIAN3)) -> time =    272.424 ms
  QuicksortImproved(threshold: 8, partitioning: QuicksortVariant2(pivot: MIDDLE))    -> time =    304.238 ms
  QuicksortImproved(threshold: 24, partitioning: QuicksortVariant1(pivot: MEDIAN3))  -> time =    293.895 ms
  QuicksortImproved(threshold: 32, partitioning: QuicksortVariant2(pivot: MIDDLE))   -> time =    281.972 ms
  QuicksortImproved(threshold: 4, partitioning: QuicksortVariant1(pivot: MIDDLE))    -> time =    304.306 ms
  QuicksortImproved(threshold: 2, partitioning: QuicksortVariant2(pivot: MIDDLE))    -> time =    312.861 ms
  QuicksortImproved(threshold: 192, partitioning: QuicksortVariant3(pivot: MIDDLE))  -> time =    268.042 ms
  QuicksortImproved(threshold: 96, partitioning: QuicksortVariant1(pivot: MEDIAN3))  -> time =    266.189 ms
  QuicksortImproved(threshold: 64, partitioning: QuicksortVariant2(pivot: MEDIAN3))  -> time =    274.307 ms
  QuicksortImproved(threshold: 24, partitioning: QuicksortVariant2(pivot: MEDIAN3))  -> time =    295.455 ms
  QuicksortImproved(threshold: 16, partitioning: QuicksortVariant3(pivot: MEDIAN3))  -> time =    346.983 ms
  QuicksortImproved(threshold: 4, partitioning: QuicksortVariant3(pivot: MEDIAN3))   -> time =    362.980 ms
  QuicksortImproved(threshold: 96, partitioning: QuicksortVariant2(pivot: MIDDLE))   -> time =    295.115 ms
  QuicksortImproved(threshold: 96, partitioning: QuicksortVariant2(pivot: MEDIAN3))  -> time =    295.708 ms
  QuicksortImproved(threshold: 192, partitioning: QuicksortVariant2(pivot: MEDIAN3)) -> time =    282.794 ms
  QuicksortImproved(threshold: 64, partitioning: QuicksortVariant3(pivot: MIDDLE))   -> time =    281.488 ms
  QuicksortImproved(threshold: 192, partitioning: QuicksortVariant1(pivot: MIDDLE))  -> time =    269.869 ms
  QuicksortImproved(threshold: 192, partitioning: QuicksortVariant2(pivot: MIDDLE))  -> time =    267.206 ms
  QuicksortImproved(threshold: 192, partitioning: QuicksortVariant1(pivot: MEDIAN3)) -> time =    273.188 ms
  QuicksortImproved(threshold: 2, partitioning: QuicksortVariant2(pivot: MEDIAN3))   -> time =    335.228 ms
  QuicksortImproved(threshold: 48, partitioning: QuicksortVariant3(pivot: MIDDLE))   -> time =    267.017 ms
  QuicksortImproved(threshold: 64, partitioning: QuicksortVariant3(pivot: MEDIAN3))  -> time =    269.701 ms
  QuicksortImproved(threshold: 16, partitioning: QuicksortVariant3(pivot: MIDDLE))   -> time =    285.113 ms
  QuicksortImproved(threshold: 32, partitioning: QuicksortVariant1(pivot: MIDDLE))   -> time =    276.765 ms
  QuicksortImproved(threshold: 2, partitioning: QuicksortVariant1(pivot: MEDIAN3))   -> time =    322.504 ms
  QuicksortImproved(threshold: 96, partitioning: QuicksortVariant1(pivot: MIDDLE))   -> time =    262.422 ms
  QuicksortImproved(threshold: 48, partitioning: QuicksortVariant1(pivot: MIDDLE))   -> time =    273.030 ms
  QuicksortImproved(threshold: 96, partitioning: QuicksortVariant3(pivot: MIDDLE))   -> time =    263.088 ms
  QuicksortImproved(threshold: 4, partitioning: QuicksortVariant2(pivot: MIDDLE))    -> time =    305.972 ms
  QuicksortImproved(threshold: 128, partitioning: QuicksortVariant2(pivot: MEDIAN3)) -> time =    272.693 ms
  QuicksortImproved(threshold: 24, partitioning: QuicksortVariant2(pivot: MIDDLE))   -> time =    291.267 ms
  QuicksortImproved(threshold: 32, partitioning: QuicksortVariant3(pivot: MEDIAN3))  -> time =    287.401 ms
Iteration 44
  QuicksortImproved(threshold: 48, partitioning: QuicksortVariant1(pivot: MIDDLE))   -> time =    273.132 ms
  QuicksortImproved(threshold: 8, partitioning: QuicksortVariant2(pivot: MIDDLE))    -> time =    313.875 ms
  QuicksortImproved(threshold: 192, partitioning: QuicksortVariant3(pivot: MEDIAN3)) -> time =    282.589 ms
  QuicksortImproved(threshold: 192, partitioning: QuicksortVariant3(pivot: MIDDLE))  -> time =    266.464 ms
  QuicksortImproved(threshold: 4, partitioning: QuicksortVariant1(pivot: MIDDLE))    -> time =    312.201 ms
  QuicksortImproved(threshold: 32, partitioning: QuicksortVariant2(pivot: MEDIAN3))  -> time =    293.454 ms
  QuicksortVariant3(pivot: MEDIAN3)                                                  -> time =    348.577 ms
  QuicksortImproved(threshold: 32, partitioning: QuicksortVariant3(pivot: MIDDLE))   -> time =    281.855 ms
  QuicksortImproved(threshold: 64, partitioning: QuicksortVariant3(pivot: MEDIAN3))  -> time =    285.000 ms
  QuicksortImproved(threshold: 24, partitioning: QuicksortVariant2(pivot: MIDDLE))   -> time =    305.263 ms
  QuicksortImproved(threshold: 96, partitioning: QuicksortVariant2(pivot: MIDDLE))   -> time =    278.345 ms
  QuicksortImproved(threshold: 48, partitioning: QuicksortVariant1(pivot: MEDIAN3))  -> time =    287.456 ms
  QuicksortImproved(threshold: 16, partitioning: QuicksortVariant2(pivot: MIDDLE))   -> time =    299.984 ms
  QuicksortVariant2(pivot: MEDIAN3)                                                  -> time =    343.946 ms
  QuicksortImproved(threshold: 2, partitioning: QuicksortVariant3(pivot: MIDDLE))    -> time =    319.989 ms
  QuicksortImproved(threshold: 4, partitioning: QuicksortVariant1(pivot: MEDIAN3))   -> time =    329.121 ms
  QuicksortImproved(threshold: 8, partitioning: QuicksortVariant3(pivot: MEDIAN3))   -> time =    324.250 ms
  QuicksortImproved(threshold: 64, partitioning: QuicksortVariant2(pivot: MEDIAN3))  -> time =    285.151 ms
  QuicksortImproved(threshold: 48, partitioning: QuicksortVariant2(pivot: MIDDLE))   -> time =    280.133 ms
  QuicksortImproved(threshold: 24, partitioning: QuicksortVariant1(pivot: MIDDLE))   -> time =    285.121 ms
  QuicksortImproved(threshold: 32, partitioning: QuicksortVariant1(pivot: MIDDLE))   -> time =    280.044 ms
  QuicksortImproved(threshold: 24, partitioning: QuicksortVariant2(pivot: MEDIAN3))  -> time =    296.575 ms
  QuicksortImproved(threshold: 48, partitioning: QuicksortVariant3(pivot: MIDDLE))   -> time =    267.447 ms
  QuicksortImproved(threshold: 64, partitioning: QuicksortVariant2(pivot: MIDDLE))   -> time =    269.932 ms
  QuicksortImproved(threshold: 192, partitioning: QuicksortVariant2(pivot: MEDIAN3)) -> time =    279.924 ms
  QuicksortImproved(threshold: 96, partitioning: QuicksortVariant3(pivot: MEDIAN3))  -> time =    278.292 ms
  QuicksortImproved(threshold: 2, partitioning: QuicksortVariant1(pivot: MIDDLE))    -> time =    317.082 ms
  QuicksortImproved(threshold: 8, partitioning: QuicksortVariant1(pivot: MIDDLE))    -> time =    305.857 ms
  QuicksortImproved(threshold: 8, partitioning: QuicksortVariant1(pivot: MEDIAN3))   -> time =    313.857 ms
  QuicksortImproved(threshold: 24, partitioning: QuicksortVariant3(pivot: MIDDLE))   -> time =    278.068 ms
  QuicksortImproved(threshold: 16, partitioning: QuicksortVariant3(pivot: MIDDLE))   -> time =    287.832 ms
  QuicksortImproved(threshold: 16, partitioning: QuicksortVariant2(pivot: MEDIAN3))  -> time =    309.514 ms
  QuicksortImproved(threshold: 128, partitioning: QuicksortVariant1(pivot: MEDIAN3)) -> time =    282.882 ms
  QuicksortImproved(threshold: 64, partitioning: QuicksortVariant1(pivot: MIDDLE))   -> time =    272.604 ms
  QuicksortImproved(threshold: 32, partitioning: QuicksortVariant1(pivot: MEDIAN3))  -> time =    293.320 ms
  QuicksortImproved(threshold: 4, partitioning: QuicksortVariant3(pivot: MIDDLE))    -> time =    308.697 ms
  QuicksortImproved(threshold: 16, partitioning: QuicksortVariant3(pivot: MEDIAN3))  -> time =    308.899 ms
  QuicksortVariant3(pivot: MIDDLE)                                                   -> time =    308.010 ms
  QuicksortImproved(threshold: 128, partitioning: QuicksortVariant1(pivot: MIDDLE))  -> time =    271.742 ms
  QuicksortVariant2(pivot: MIDDLE)                                                   -> time =    323.198 ms
  QuicksortImproved(threshold: 128, partitioning: QuicksortVariant2(pivot: MIDDLE))  -> time =    274.342 ms
  QuicksortImproved(threshold: 64, partitioning: QuicksortVariant1(pivot: MEDIAN3))  -> time =    277.048 ms
  QuicksortImproved(threshold: 64, partitioning: QuicksortVariant3(pivot: MIDDLE))   -> time =    266.054 ms
  QuicksortImproved(threshold: 192, partitioning: QuicksortVariant1(pivot: MEDIAN3)) -> time =    280.806 ms
  QuicksortImproved(threshold: 32, partitioning: QuicksortVariant3(pivot: MEDIAN3))  -> time =    291.890 ms
  QuicksortImproved(threshold: 4, partitioning: QuicksortVariant3(pivot: MEDIAN3))   -> time =    335.220 ms
  QuicksortImproved(threshold: 48, partitioning: QuicksortVariant3(pivot: MEDIAN3))  -> time =    282.870 ms
  QuicksortImproved(threshold: 2, partitioning: QuicksortVariant2(pivot: MEDIAN3))   -> time =    345.632 ms
  QuicksortImproved(threshold: 24, partitioning: QuicksortVariant1(pivot: MEDIAN3))  -> time =    299.626 ms
  QuicksortVariant1(pivot: MEDIAN3)                                                  -> time =    338.148 ms
  QuicksortImproved(threshold: 16, partitioning: QuicksortVariant1(pivot: MEDIAN3))  -> time =    307.501 ms
  QuicksortImproved(threshold: 8, partitioning: QuicksortVariant2(pivot: MEDIAN3))   -> time =    323.750 ms
  QuicksortImproved(threshold: 24, partitioning: QuicksortVariant3(pivot: MEDIAN3))  -> time =    302.145 ms
  QuicksortImproved(threshold: 96, partitioning: QuicksortVariant1(pivot: MIDDLE))   -> time =    267.730 ms
  QuicksortImproved(threshold: 128, partitioning: QuicksortVariant3(pivot: MIDDLE))  -> time =    260.756 ms
  QuicksortImproved(threshold: 192, partitioning: QuicksortVariant2(pivot: MIDDLE))  -> time =    273.074 ms
  QuicksortImproved(threshold: 128, partitioning: QuicksortVariant2(pivot: MEDIAN3)) -> time =    284.015 ms
  QuicksortImproved(threshold: 32, partitioning: QuicksortVariant2(pivot: MIDDLE))   -> time =    286.305 ms
  QuicksortImproved(threshold: 96, partitioning: QuicksortVariant2(pivot: MEDIAN3))  -> time =    276.552 ms
  QuicksortImproved(threshold: 96, partitioning: QuicksortVariant3(pivot: MIDDLE))   -> time =    267.591 ms
  QuicksortImproved(threshold: 2, partitioning: QuicksortVariant2(pivot: MIDDLE))    -> time =    319.750 ms
  QuicksortImproved(threshold: 192, partitioning: QuicksortVariant1(pivot: MIDDLE))  -> time =    268.831 ms
  QuicksortImproved(threshold: 4, partitioning: QuicksortVariant2(pivot: MEDIAN3))   -> time =    325.846 ms
  QuicksortImproved(threshold: 16, partitioning: QuicksortVariant1(pivot: MIDDLE))   -> time =    284.925 ms
  QuicksortImproved(threshold: 128, partitioning: QuicksortVariant3(pivot: MEDIAN3)) -> time =    277.724 ms
  QuicksortImproved(threshold: 96, partitioning: QuicksortVariant1(pivot: MEDIAN3))  -> time =    268.398 ms
  QuicksortVariant1(pivot: MIDDLE)                                                   -> time =    301.646 ms
  QuicksortImproved(threshold: 48, partitioning: QuicksortVariant2(pivot: MEDIAN3))  -> time =    277.960 ms
  QuicksortImproved(threshold: 4, partitioning: QuicksortVariant2(pivot: MIDDLE))    -> time =    304.380 ms
  QuicksortImproved(threshold: 8, partitioning: QuicksortVariant3(pivot: MIDDLE))    -> time =    284.699 ms <<< NEW RECORD :-)
  QuicksortImproved(threshold: 2, partitioning: QuicksortVariant1(pivot: MEDIAN3))   -> time =    324.682 ms
  QuicksortImproved(threshold: 2, partitioning: QuicksortVariant3(pivot: MEDIAN3))   -> time =    328.746 ms
Iteration 45
  QuicksortImproved(threshold: 32, partitioning: QuicksortVariant1(pivot: MEDIAN3))  -> time =    280.536 ms
  QuicksortImproved(threshold: 96, partitioning: QuicksortVariant2(pivot: MEDIAN3))  -> time =    270.126 ms
  QuicksortImproved(threshold: 48, partitioning: QuicksortVariant1(pivot: MEDIAN3))  -> time =    272.182 ms
  QuicksortImproved(threshold: 8, partitioning: QuicksortVariant3(pivot: MEDIAN3))   -> time =    312.293 ms
  QuicksortImproved(threshold: 64, partitioning: QuicksortVariant1(pivot: MEDIAN3))  -> time =    268.713 ms
  QuicksortImproved(threshold: 32, partitioning: QuicksortVariant3(pivot: MEDIAN3))  -> time =    286.756 ms
  QuicksortImproved(threshold: 2, partitioning: QuicksortVariant1(pivot: MEDIAN3))   -> time =    322.416 ms
  QuicksortImproved(threshold: 192, partitioning: QuicksortVariant2(pivot: MEDIAN3)) -> time =    270.101 ms
  QuicksortImproved(threshold: 48, partitioning: QuicksortVariant3(pivot: MEDIAN3))  -> time =    278.188 ms
  QuicksortImproved(threshold: 2, partitioning: QuicksortVariant2(pivot: MEDIAN3))   -> time =    328.019 ms
  QuicksortImproved(threshold: 128, partitioning: QuicksortVariant3(pivot: MIDDLE))  -> time =    260.917 ms
  QuicksortImproved(threshold: 4, partitioning: QuicksortVariant3(pivot: MIDDLE))    -> time =    298.823 ms
  QuicksortImproved(threshold: 128, partitioning: QuicksortVariant2(pivot: MEDIAN3)) -> time =    268.651 ms
  QuicksortImproved(threshold: 4, partitioning: QuicksortVariant3(pivot: MEDIAN3))   -> time =    326.059 ms
  QuicksortImproved(threshold: 2, partitioning: QuicksortVariant3(pivot: MEDIAN3))   -> time =    336.197 ms
  QuicksortImproved(threshold: 4, partitioning: QuicksortVariant1(pivot: MEDIAN3))   -> time =    315.440 ms
  QuicksortImproved(threshold: 96, partitioning: QuicksortVariant1(pivot: MEDIAN3))  -> time =    265.690 ms
  QuicksortImproved(threshold: 2, partitioning: QuicksortVariant3(pivot: MIDDLE))    -> time =    303.474 ms
  QuicksortImproved(threshold: 4, partitioning: QuicksortVariant1(pivot: MIDDLE))    -> time =    295.144 ms
  QuicksortImproved(threshold: 16, partitioning: QuicksortVariant2(pivot: MEDIAN3))  -> time =    295.570 ms
  QuicksortImproved(threshold: 128, partitioning: QuicksortVariant1(pivot: MIDDLE))  -> time =    255.096 ms
  QuicksortImproved(threshold: 16, partitioning: QuicksortVariant3(pivot: MIDDLE))   -> time =    279.823 ms
  QuicksortImproved(threshold: 24, partitioning: QuicksortVariant3(pivot: MEDIAN3))  -> time =    289.838 ms
  QuicksortImproved(threshold: 32, partitioning: QuicksortVariant1(pivot: MIDDLE))   -> time =    266.754 ms
  QuicksortVariant1(pivot: MEDIAN3)                                                  -> time =    319.765 ms
  QuicksortImproved(threshold: 8, partitioning: QuicksortVariant1(pivot: MIDDLE))    -> time =    285.922 ms
  QuicksortVariant3(pivot: MIDDLE)                                                   -> time =    302.453 ms
  QuicksortImproved(threshold: 192, partitioning: QuicksortVariant3(pivot: MIDDLE))  -> time =    260.459 ms
  QuicksortImproved(threshold: 16, partitioning: QuicksortVariant2(pivot: MIDDLE))   -> time =    282.137 ms
  QuicksortImproved(threshold: 192, partitioning: QuicksortVariant1(pivot: MIDDLE))  -> time =    257.116 ms
  QuicksortImproved(threshold: 64, partitioning: QuicksortVariant2(pivot: MEDIAN3))  -> time =    272.634 ms
  QuicksortImproved(threshold: 32, partitioning: QuicksortVariant2(pivot: MEDIAN3))  -> time =    284.149 ms
  QuicksortImproved(threshold: 24, partitioning: QuicksortVariant3(pivot: MIDDLE))   -> time =    274.025 ms
  QuicksortImproved(threshold: 4, partitioning: QuicksortVariant2(pivot: MEDIAN3))   -> time =    322.204 ms
  QuicksortImproved(threshold: 64, partitioning: QuicksortVariant2(pivot: MIDDLE))   -> time =    262.957 ms
  QuicksortImproved(threshold: 8, partitioning: QuicksortVariant1(pivot: MEDIAN3))   -> time =    303.830 ms
  QuicksortImproved(threshold: 8, partitioning: QuicksortVariant2(pivot: MIDDLE))    -> time =    295.072 ms
  QuicksortImproved(threshold: 8, partitioning: QuicksortVariant3(pivot: MIDDLE))    -> time =    290.482 ms
  QuicksortImproved(threshold: 16, partitioning: QuicksortVariant3(pivot: MEDIAN3))  -> time =    297.702 ms
  QuicksortImproved(threshold: 48, partitioning: QuicksortVariant2(pivot: MEDIAN3))  -> time =    276.085 ms
  QuicksortImproved(threshold: 48, partitioning: QuicksortVariant3(pivot: MIDDLE))   -> time =    264.193 ms
  QuicksortImproved(threshold: 48, partitioning: QuicksortVariant2(pivot: MIDDLE))   -> time =    267.052 ms
  QuicksortImproved(threshold: 32, partitioning: QuicksortVariant3(pivot: MIDDLE))   -> time =    269.766 ms
  QuicksortImproved(threshold: 192, partitioning: QuicksortVariant1(pivot: MEDIAN3)) -> time =    267.176 ms
  QuicksortVariant2(pivot: MEDIAN3)                                                  -> time =    327.725 ms
  QuicksortImproved(threshold: 4, partitioning: QuicksortVariant2(pivot: MIDDLE))    -> time =    303.743 ms
  QuicksortImproved(threshold: 48, partitioning: QuicksortVariant1(pivot: MIDDLE))   -> time =    261.236 ms
  QuicksortImproved(threshold: 16, partitioning: QuicksortVariant1(pivot: MIDDLE))   -> time =    292.553 ms
  QuicksortImproved(threshold: 128, partitioning: QuicksortVariant1(pivot: MEDIAN3)) -> time =    267.793 ms
  QuicksortImproved(threshold: 96, partitioning: QuicksortVariant3(pivot: MIDDLE))   -> time =    261.759 ms
  QuicksortImproved(threshold: 96, partitioning: QuicksortVariant2(pivot: MIDDLE))   -> time =    266.293 ms
  QuicksortImproved(threshold: 24, partitioning: QuicksortVariant1(pivot: MIDDLE))   -> time =    284.682 ms
  QuicksortImproved(threshold: 2, partitioning: QuicksortVariant2(pivot: MIDDLE))    -> time =    318.018 ms
  QuicksortImproved(threshold: 24, partitioning: QuicksortVariant2(pivot: MEDIAN3))  -> time =    287.549 ms
  QuicksortImproved(threshold: 96, partitioning: QuicksortVariant1(pivot: MIDDLE))   -> time =    258.124 ms
  QuicksortImproved(threshold: 192, partitioning: QuicksortVariant3(pivot: MEDIAN3)) -> time =    272.195 ms
  QuicksortImproved(threshold: 128, partitioning: QuicksortVariant3(pivot: MEDIAN3)) -> time =    276.579 ms
  QuicksortImproved(threshold: 128, partitioning: QuicksortVariant2(pivot: MIDDLE))  -> time =    260.673 ms
  QuicksortImproved(threshold: 2, partitioning: QuicksortVariant1(pivot: MIDDLE))    -> time =    302.557 ms
  QuicksortImproved(threshold: 32, partitioning: QuicksortVariant2(pivot: MIDDLE))   -> time =    271.394 ms
  QuicksortImproved(threshold: 24, partitioning: QuicksortVariant2(pivot: MIDDLE))   -> time =    276.514 ms
  QuicksortImproved(threshold: 64, partitioning: QuicksortVariant1(pivot: MIDDLE))   -> time =    268.808 ms
  QuicksortImproved(threshold: 16, partitioning: QuicksortVariant1(pivot: MEDIAN3))  -> time =    299.797 ms
  QuicksortVariant1(pivot: MIDDLE)                                                   -> time =    300.707 ms
  QuicksortImproved(threshold: 8, partitioning: QuicksortVariant2(pivot: MEDIAN3))   -> time =    311.551 ms
  QuicksortVariant2(pivot: MIDDLE)                                                   -> time =    309.888 ms
  QuicksortImproved(threshold: 64, partitioning: QuicksortVariant3(pivot: MIDDLE))   -> time =    263.528 ms
  QuicksortImproved(threshold: 64, partitioning: QuicksortVariant3(pivot: MEDIAN3))  -> time =    289.843 ms
  QuicksortImproved(threshold: 96, partitioning: QuicksortVariant3(pivot: MEDIAN3))  -> time =    275.998 ms
  QuicksortVariant3(pivot: MEDIAN3)                                                  -> time =    337.394 ms
  QuicksortImproved(threshold: 24, partitioning: QuicksortVariant1(pivot: MEDIAN3))  -> time =    286.069 ms
  QuicksortImproved(threshold: 192, partitioning: QuicksortVariant2(pivot: MIDDLE))  -> time =    264.736 ms
Iteration 46
  QuicksortImproved(threshold: 64, partitioning: QuicksortVariant1(pivot: MIDDLE))   -> time =    262.347 ms
  QuicksortVariant3(pivot: MIDDLE)                                                   -> time =    304.967 ms
  QuicksortImproved(threshold: 8, partitioning: QuicksortVariant1(pivot: MEDIAN3))   -> time =    304.479 ms
  QuicksortImproved(threshold: 48, partitioning: QuicksortVariant1(pivot: MIDDLE))   -> time =    265.613 ms
  QuicksortImproved(threshold: 2, partitioning: QuicksortVariant1(pivot: MIDDLE))    -> time =    308.066 ms
  QuicksortImproved(threshold: 24, partitioning: QuicksortVariant1(pivot: MIDDLE))   -> time =    274.401 ms
  QuicksortImproved(threshold: 64, partitioning: QuicksortVariant2(pivot: MEDIAN3))  -> time =    277.260 ms
  QuicksortImproved(threshold: 16, partitioning: QuicksortVariant1(pivot: MEDIAN3))  -> time =    297.849 ms
  QuicksortImproved(threshold: 32, partitioning: QuicksortVariant1(pivot: MEDIAN3))  -> time =    282.496 ms
  QuicksortImproved(threshold: 24, partitioning: QuicksortVariant3(pivot: MIDDLE))   -> time =    277.619 ms
  QuicksortImproved(threshold: 96, partitioning: QuicksortVariant1(pivot: MEDIAN3))  -> time =    266.987 ms
  QuicksortImproved(threshold: 4, partitioning: QuicksortVariant2(pivot: MIDDLE))    -> time =    305.925 ms
  QuicksortImproved(threshold: 64, partitioning: QuicksortVariant2(pivot: MIDDLE))   -> time =    265.978 ms
  QuicksortVariant2(pivot: MIDDLE)                                                   -> time =    313.195 ms
  QuicksortImproved(threshold: 48, partitioning: QuicksortVariant2(pivot: MIDDLE))   -> time =    269.007 ms
  QuicksortImproved(threshold: 192, partitioning: QuicksortVariant2(pivot: MIDDLE))  -> time =    263.418 ms
  QuicksortImproved(threshold: 8, partitioning: QuicksortVariant1(pivot: MIDDLE))    -> time =    290.091 ms
  QuicksortImproved(threshold: 96, partitioning: QuicksortVariant2(pivot: MIDDLE))   -> time =    261.121 ms
  QuicksortImproved(threshold: 64, partitioning: QuicksortVariant3(pivot: MIDDLE))   -> time =    263.935 ms
  QuicksortImproved(threshold: 192, partitioning: QuicksortVariant3(pivot: MIDDLE))  -> time =    267.509 ms
  QuicksortImproved(threshold: 2, partitioning: QuicksortVariant1(pivot: MEDIAN3))   -> time =    322.794 ms
  QuicksortVariant3(pivot: MEDIAN3)                                                  -> time =    335.723 ms
  QuicksortImproved(threshold: 16, partitioning: QuicksortVariant3(pivot: MEDIAN3))  -> time =    299.431 ms
  QuicksortImproved(threshold: 128, partitioning: QuicksortVariant3(pivot: MIDDLE))  -> time =    260.430 ms
  QuicksortImproved(threshold: 32, partitioning: QuicksortVariant2(pivot: MIDDLE))   -> time =    274.350 ms
  QuicksortImproved(threshold: 192, partitioning: QuicksortVariant3(pivot: MEDIAN3)) -> time =    275.091 ms
  QuicksortImproved(threshold: 24, partitioning: QuicksortVariant3(pivot: MEDIAN3))  -> time =    292.158 ms
  QuicksortImproved(threshold: 4, partitioning: QuicksortVariant3(pivot: MEDIAN3))   -> time =    328.612 ms
  QuicksortImproved(threshold: 128, partitioning: QuicksortVariant1(pivot: MEDIAN3)) -> time =    265.016 ms
  QuicksortImproved(threshold: 96, partitioning: QuicksortVariant1(pivot: MIDDLE))   -> time =    258.646 ms
  QuicksortImproved(threshold: 64, partitioning: QuicksortVariant1(pivot: MEDIAN3))  -> time =    269.758 ms
  QuicksortImproved(threshold: 2, partitioning: QuicksortVariant2(pivot: MEDIAN3))   -> time =    331.850 ms
  QuicksortImproved(threshold: 2, partitioning: QuicksortVariant3(pivot: MIDDLE))    -> time =    305.589 ms
  QuicksortImproved(threshold: 32, partitioning: QuicksortVariant3(pivot: MEDIAN3))  -> time =    288.261 ms
  QuicksortImproved(threshold: 192, partitioning: QuicksortVariant1(pivot: MEDIAN3)) -> time =    266.137 ms
  QuicksortImproved(threshold: 192, partitioning: QuicksortVariant2(pivot: MEDIAN3)) -> time =    273.414 ms
  QuicksortImproved(threshold: 96, partitioning: QuicksortVariant3(pivot: MIDDLE))   -> time =    260.668 ms
  QuicksortImproved(threshold: 8, partitioning: QuicksortVariant3(pivot: MIDDLE))    -> time =    293.337 ms
  QuicksortVariant1(pivot: MEDIAN3)                                                  -> time =    321.226 ms
  QuicksortVariant2(pivot: MEDIAN3)                                                  -> time =    331.771 ms
  QuicksortImproved(threshold: 32, partitioning: QuicksortVariant1(pivot: MIDDLE))   -> time =    269.132 ms
  QuicksortImproved(threshold: 48, partitioning: QuicksortVariant1(pivot: MEDIAN3))  -> time =    272.039 ms
  QuicksortImproved(threshold: 48, partitioning: QuicksortVariant3(pivot: MIDDLE))   -> time =    266.997 ms
  QuicksortImproved(threshold: 4, partitioning: QuicksortVariant1(pivot: MEDIAN3))   -> time =    315.151 ms
  QuicksortImproved(threshold: 48, partitioning: QuicksortVariant3(pivot: MEDIAN3))  -> time =    280.673 ms
  QuicksortImproved(threshold: 192, partitioning: QuicksortVariant1(pivot: MIDDLE))  -> time =    259.332 ms
  QuicksortImproved(threshold: 4, partitioning: QuicksortVariant2(pivot: MEDIAN3))   -> time =    324.823 ms
  QuicksortImproved(threshold: 2, partitioning: QuicksortVariant3(pivot: MEDIAN3))   -> time =    337.058 ms
  QuicksortImproved(threshold: 96, partitioning: QuicksortVariant2(pivot: MEDIAN3))  -> time =    271.706 ms
  QuicksortImproved(threshold: 128, partitioning: QuicksortVariant2(pivot: MIDDLE))  -> time =    260.159 ms
  QuicksortImproved(threshold: 128, partitioning: QuicksortVariant3(pivot: MEDIAN3)) -> time =    277.641 ms
  QuicksortImproved(threshold: 24, partitioning: QuicksortVariant2(pivot: MEDIAN3))  -> time =    292.672 ms
  QuicksortImproved(threshold: 128, partitioning: QuicksortVariant2(pivot: MEDIAN3)) -> time =    271.356 ms
  QuicksortVariant1(pivot: MIDDLE)                                                   -> time =    300.679 ms
  QuicksortImproved(threshold: 8, partitioning: QuicksortVariant2(pivot: MEDIAN3))   -> time =    311.942 ms
  QuicksortImproved(threshold: 24, partitioning: QuicksortVariant1(pivot: MEDIAN3))  -> time =    282.730 ms
  QuicksortImproved(threshold: 4, partitioning: QuicksortVariant3(pivot: MIDDLE))    -> time =    299.862 ms
  QuicksortImproved(threshold: 32, partitioning: QuicksortVariant3(pivot: MIDDLE))   -> time =    271.271 ms
  QuicksortImproved(threshold: 32, partitioning: QuicksortVariant2(pivot: MEDIAN3))  -> time =    285.266 ms
  QuicksortImproved(threshold: 24, partitioning: QuicksortVariant2(pivot: MIDDLE))   -> time =    277.861 ms
  QuicksortImproved(threshold: 96, partitioning: QuicksortVariant3(pivot: MEDIAN3))  -> time =    272.879 ms
  QuicksortImproved(threshold: 4, partitioning: QuicksortVariant1(pivot: MIDDLE))    -> time =    298.492 ms
  QuicksortImproved(threshold: 2, partitioning: QuicksortVariant2(pivot: MIDDLE))    -> time =    310.322 ms
  QuicksortImproved(threshold: 16, partitioning: QuicksortVariant2(pivot: MIDDLE))   -> time =    283.880 ms
  QuicksortImproved(threshold: 8, partitioning: QuicksortVariant3(pivot: MEDIAN3))   -> time =    314.720 ms
  QuicksortImproved(threshold: 64, partitioning: QuicksortVariant3(pivot: MEDIAN3))  -> time =    276.439 ms
  QuicksortImproved(threshold: 16, partitioning: QuicksortVariant1(pivot: MIDDLE))   -> time =    278.228 ms
  QuicksortImproved(threshold: 48, partitioning: QuicksortVariant2(pivot: MEDIAN3))  -> time =    279.133 ms
  QuicksortImproved(threshold: 8, partitioning: QuicksortVariant2(pivot: MIDDLE))    -> time =    295.901 ms
  QuicksortImproved(threshold: 128, partitioning: QuicksortVariant1(pivot: MIDDLE))  -> time =    256.951 ms
  QuicksortImproved(threshold: 16, partitioning: QuicksortVariant3(pivot: MIDDLE))   -> time =    281.326 ms
  QuicksortImproved(threshold: 16, partitioning: QuicksortVariant2(pivot: MEDIAN3))  -> time =    297.571 ms
Iteration 47
  QuicksortImproved(threshold: 16, partitioning: QuicksortVariant3(pivot: MEDIAN3))  -> time =    292.969 ms
  QuicksortImproved(threshold: 24, partitioning: QuicksortVariant2(pivot: MIDDLE))   -> time =    277.667 ms
  QuicksortImproved(threshold: 128, partitioning: QuicksortVariant3(pivot: MIDDLE))  -> time =    256.754 ms
  QuicksortImproved(threshold: 192, partitioning: QuicksortVariant3(pivot: MEDIAN3)) -> time =    267.950 ms
  QuicksortImproved(threshold: 4, partitioning: QuicksortVariant3(pivot: MEDIAN3))   -> time =    321.396 ms
  QuicksortVariant3(pivot: MEDIAN3)                                                  -> time =    330.251 ms
  QuicksortImproved(threshold: 8, partitioning: QuicksortVariant2(pivot: MEDIAN3))   -> time =    307.580 ms
  QuicksortImproved(threshold: 48, partitioning: QuicksortVariant2(pivot: MEDIAN3))  -> time =    274.575 ms
  QuicksortImproved(threshold: 2, partitioning: QuicksortVariant1(pivot: MIDDLE))    -> time =    303.654 ms
  QuicksortImproved(threshold: 4, partitioning: QuicksortVariant2(pivot: MIDDLE))    -> time =    306.245 ms
  QuicksortImproved(threshold: 32, partitioning: QuicksortVariant3(pivot: MEDIAN3))  -> time =    280.655 ms
  QuicksortImproved(threshold: 96, partitioning: QuicksortVariant2(pivot: MIDDLE))   -> time =    261.217 ms
  QuicksortImproved(threshold: 32, partitioning: QuicksortVariant1(pivot: MIDDLE))   -> time =    268.614 ms
  QuicksortImproved(threshold: 16, partitioning: QuicksortVariant1(pivot: MEDIAN3))  -> time =    289.362 ms
  QuicksortImproved(threshold: 24, partitioning: QuicksortVariant2(pivot: MEDIAN3))  -> time =    286.786 ms
  QuicksortImproved(threshold: 192, partitioning: QuicksortVariant2(pivot: MEDIAN3)) -> time =    268.394 ms
  QuicksortImproved(threshold: 2, partitioning: QuicksortVariant1(pivot: MEDIAN3))   -> time =    322.775 ms
  QuicksortImproved(threshold: 16, partitioning: QuicksortVariant2(pivot: MEDIAN3))  -> time =    295.550 ms
  QuicksortImproved(threshold: 24, partitioning: QuicksortVariant1(pivot: MEDIAN3))  -> time =    284.747 ms
  QuicksortImproved(threshold: 64, partitioning: QuicksortVariant1(pivot: MEDIAN3))  -> time =    270.383 ms
  QuicksortImproved(threshold: 48, partitioning: QuicksortVariant1(pivot: MEDIAN3))  -> time =    273.501 ms
  QuicksortImproved(threshold: 48, partitioning: QuicksortVariant3(pivot: MEDIAN3))  -> time =    274.427 ms
  QuicksortImproved(threshold: 96, partitioning: QuicksortVariant3(pivot: MEDIAN3))  -> time =    267.779 ms
  QuicksortVariant3(pivot: MIDDLE)                                                   -> time =    303.024 ms
  QuicksortImproved(threshold: 128, partitioning: QuicksortVariant1(pivot: MIDDLE))  -> time =    258.156 ms
  QuicksortImproved(threshold: 64, partitioning: QuicksortVariant3(pivot: MIDDLE))   -> time =    262.647 ms
  QuicksortImproved(threshold: 96, partitioning: QuicksortVariant2(pivot: MEDIAN3))  -> time =    267.903 ms
  QuicksortVariant1(pivot: MIDDLE)                                                   -> time =    302.336 ms
  QuicksortImproved(threshold: 2, partitioning: QuicksortVariant2(pivot: MEDIAN3))   -> time =    327.112 ms
  QuicksortImproved(threshold: 2, partitioning: QuicksortVariant2(pivot: MIDDLE))    -> time =    313.344 ms
  QuicksortImproved(threshold: 24, partitioning: QuicksortVariant3(pivot: MIDDLE))   -> time =    275.380 ms
  QuicksortImproved(threshold: 8, partitioning: QuicksortVariant3(pivot: MEDIAN3))   -> time =    308.077 ms
  QuicksortVariant1(pivot: MEDIAN3)                                                  -> time =    320.813 ms
  QuicksortImproved(threshold: 48, partitioning: QuicksortVariant3(pivot: MIDDLE))   -> time =    265.040 ms
  QuicksortImproved(threshold: 128, partitioning: QuicksortVariant1(pivot: MEDIAN3)) -> time =    265.317 ms
  QuicksortImproved(threshold: 8, partitioning: QuicksortVariant3(pivot: MIDDLE))    -> time =    290.292 ms
  QuicksortImproved(threshold: 96, partitioning: QuicksortVariant1(pivot: MEDIAN3))  -> time =    266.327 ms
  QuicksortVariant2(pivot: MEDIAN3)                                                  -> time =    327.416 ms
  QuicksortImproved(threshold: 192, partitioning: QuicksortVariant2(pivot: MIDDLE))  -> time =    262.927 ms
  QuicksortImproved(threshold: 32, partitioning: QuicksortVariant3(pivot: MIDDLE))   -> time =    272.894 ms
  QuicksortImproved(threshold: 96, partitioning: QuicksortVariant1(pivot: MIDDLE))   -> time =    257.836 ms
  QuicksortImproved(threshold: 8, partitioning: QuicksortVariant1(pivot: MIDDLE))    -> time =    290.525 ms
  QuicksortImproved(threshold: 24, partitioning: QuicksortVariant1(pivot: MIDDLE))   -> time =    274.807 ms
  QuicksortImproved(threshold: 8, partitioning: QuicksortVariant2(pivot: MIDDLE))    -> time =    297.586 ms
  QuicksortImproved(threshold: 64, partitioning: QuicksortVariant2(pivot: MIDDLE))   -> time =    265.869 ms
  QuicksortImproved(threshold: 4, partitioning: QuicksortVariant2(pivot: MEDIAN3))   -> time =    321.507 ms
  QuicksortImproved(threshold: 128, partitioning: QuicksortVariant3(pivot: MEDIAN3)) -> time =    267.374 ms
  QuicksortImproved(threshold: 192, partitioning: QuicksortVariant3(pivot: MIDDLE))  -> time =    260.319 ms
  QuicksortImproved(threshold: 64, partitioning: QuicksortVariant2(pivot: MEDIAN3))  -> time =    278.931 ms
  QuicksortImproved(threshold: 4, partitioning: QuicksortVariant1(pivot: MIDDLE))    -> time =    300.024 ms
  QuicksortImproved(threshold: 192, partitioning: QuicksortVariant1(pivot: MIDDLE))  -> time =    259.109 ms
  QuicksortImproved(threshold: 128, partitioning: QuicksortVariant2(pivot: MEDIAN3)) -> time =    266.914 ms
  QuicksortImproved(threshold: 64, partitioning: QuicksortVariant1(pivot: MIDDLE))   -> time =    260.888 ms
  QuicksortImproved(threshold: 8, partitioning: QuicksortVariant1(pivot: MEDIAN3))   -> time =    302.571 ms
  QuicksortImproved(threshold: 2, partitioning: QuicksortVariant3(pivot: MIDDLE))    -> time =    302.695 ms
  QuicksortVariant2(pivot: MIDDLE)                                                   -> time =    327.281 ms
  QuicksortImproved(threshold: 16, partitioning: QuicksortVariant1(pivot: MIDDLE))   -> time =    279.540 ms
  QuicksortImproved(threshold: 4, partitioning: QuicksortVariant3(pivot: MIDDLE))    -> time =    299.448 ms
  QuicksortImproved(threshold: 32, partitioning: QuicksortVariant2(pivot: MIDDLE))   -> time =    273.937 ms
  QuicksortImproved(threshold: 4, partitioning: QuicksortVariant1(pivot: MEDIAN3))   -> time =    315.832 ms
  QuicksortImproved(threshold: 64, partitioning: QuicksortVariant3(pivot: MEDIAN3))  -> time =    271.059 ms
  QuicksortImproved(threshold: 192, partitioning: QuicksortVariant1(pivot: MEDIAN3)) -> time =    265.068 ms
  QuicksortImproved(threshold: 48, partitioning: QuicksortVariant1(pivot: MIDDLE))   -> time =    265.069 ms
  QuicksortImproved(threshold: 128, partitioning: QuicksortVariant2(pivot: MIDDLE))  -> time =    261.061 ms
  QuicksortImproved(threshold: 16, partitioning: QuicksortVariant3(pivot: MIDDLE))   -> time =    284.572 ms
  QuicksortImproved(threshold: 48, partitioning: QuicksortVariant2(pivot: MIDDLE))   -> time =    276.599 ms
  QuicksortImproved(threshold: 96, partitioning: QuicksortVariant3(pivot: MIDDLE))   -> time =    262.046 ms
  QuicksortImproved(threshold: 16, partitioning: QuicksortVariant2(pivot: MIDDLE))   -> time =    284.883 ms
  QuicksortImproved(threshold: 2, partitioning: QuicksortVariant3(pivot: MEDIAN3))   -> time =    343.545 ms
  QuicksortImproved(threshold: 32, partitioning: QuicksortVariant2(pivot: MEDIAN3))  -> time =    282.704 ms
  QuicksortImproved(threshold: 24, partitioning: QuicksortVariant3(pivot: MEDIAN3))  -> time =    286.425 ms
  QuicksortImproved(threshold: 32, partitioning: QuicksortVariant1(pivot: MEDIAN3))  -> time =    278.878 ms
Iteration 48
  QuicksortImproved(threshold: 48, partitioning: QuicksortVariant2(pivot: MEDIAN3))  -> time =    279.968 ms
  QuicksortImproved(threshold: 4, partitioning: QuicksortVariant1(pivot: MIDDLE))    -> time =    300.950 ms
  QuicksortVariant3(pivot: MIDDLE)                                                   -> time =    306.280 ms
  QuicksortImproved(threshold: 24, partitioning: QuicksortVariant1(pivot: MEDIAN3))  -> time =    285.504 ms
  QuicksortImproved(threshold: 24, partitioning: QuicksortVariant1(pivot: MIDDLE))   -> time =    273.296 ms
  QuicksortImproved(threshold: 24, partitioning: QuicksortVariant3(pivot: MIDDLE))   -> time =    276.058 ms
  QuicksortImproved(threshold: 64, partitioning: QuicksortVariant3(pivot: MIDDLE))   -> time =    263.374 ms
  QuicksortImproved(threshold: 32, partitioning: QuicksortVariant3(pivot: MEDIAN3))  -> time =    284.680 ms
  QuicksortImproved(threshold: 96, partitioning: QuicksortVariant1(pivot: MIDDLE))   -> time =    258.798 ms
  QuicksortImproved(threshold: 16, partitioning: QuicksortVariant2(pivot: MIDDLE))   -> time =    288.765 ms
  QuicksortImproved(threshold: 48, partitioning: QuicksortVariant2(pivot: MIDDLE))   -> time =    271.232 ms
  QuicksortImproved(threshold: 4, partitioning: QuicksortVariant3(pivot: MIDDLE))    -> time =    302.443 ms
  QuicksortImproved(threshold: 128, partitioning: QuicksortVariant1(pivot: MEDIAN3)) -> time =    266.665 ms
  QuicksortImproved(threshold: 8, partitioning: QuicksortVariant2(pivot: MEDIAN3))   -> time =    311.180 ms
  QuicksortImproved(threshold: 96, partitioning: QuicksortVariant2(pivot: MEDIAN3))  -> time =    273.211 ms
  QuicksortImproved(threshold: 96, partitioning: QuicksortVariant2(pivot: MIDDLE))   -> time =    269.897 ms
  QuicksortImproved(threshold: 4, partitioning: QuicksortVariant3(pivot: MEDIAN3))   -> time =    323.997 ms
  QuicksortImproved(threshold: 16, partitioning: QuicksortVariant3(pivot: MIDDLE))   -> time =    281.960 ms
  QuicksortImproved(threshold: 16, partitioning: QuicksortVariant3(pivot: MEDIAN3))  -> time =    296.288 ms
  QuicksortImproved(threshold: 192, partitioning: QuicksortVariant3(pivot: MIDDLE))  -> time =    263.320 ms
  QuicksortVariant1(pivot: MEDIAN3)                                                  -> time =    321.914 ms
  QuicksortImproved(threshold: 24, partitioning: QuicksortVariant2(pivot: MEDIAN3))  -> time =    289.078 ms
  QuicksortImproved(threshold: 64, partitioning: QuicksortVariant1(pivot: MEDIAN3))  -> time =    270.647 ms
  QuicksortImproved(threshold: 2, partitioning: QuicksortVariant1(pivot: MIDDLE))    -> time =    304.219 ms
  QuicksortImproved(threshold: 16, partitioning: QuicksortVariant1(pivot: MIDDLE))   -> time =    278.710 ms
  QuicksortImproved(threshold: 96, partitioning: QuicksortVariant3(pivot: MEDIAN3))  -> time =    271.212 ms
  QuicksortImproved(threshold: 192, partitioning: QuicksortVariant1(pivot: MEDIAN3)) -> time =    269.444 ms
  QuicksortImproved(threshold: 64, partitioning: QuicksortVariant1(pivot: MIDDLE))   -> time =    259.679 ms
  QuicksortImproved(threshold: 48, partitioning: QuicksortVariant1(pivot: MEDIAN3))  -> time =    273.399 ms
  QuicksortVariant2(pivot: MEDIAN3)                                                  -> time =    329.460 ms
  QuicksortImproved(threshold: 128, partitioning: QuicksortVariant3(pivot: MEDIAN3)) -> time =    269.464 ms
  QuicksortImproved(threshold: 128, partitioning: QuicksortVariant2(pivot: MEDIAN3)) -> time =    268.564 ms
  QuicksortImproved(threshold: 32, partitioning: QuicksortVariant1(pivot: MIDDLE))   -> time =    269.282 ms
  QuicksortImproved(threshold: 128, partitioning: QuicksortVariant3(pivot: MIDDLE))  -> time =    260.430 ms
  QuicksortImproved(threshold: 16, partitioning: QuicksortVariant1(pivot: MEDIAN3))  -> time =    298.320 ms
  QuicksortVariant1(pivot: MIDDLE)                                                   -> time =    305.212 ms
  QuicksortImproved(threshold: 4, partitioning: QuicksortVariant2(pivot: MIDDLE))    -> time =    309.878 ms
  QuicksortImproved(threshold: 8, partitioning: QuicksortVariant2(pivot: MIDDLE))    -> time =    299.627 ms
  QuicksortVariant2(pivot: MIDDLE)                                                   -> time =    314.605 ms
  QuicksortImproved(threshold: 8, partitioning: QuicksortVariant1(pivot: MEDIAN3))   -> time =    305.976 ms
  QuicksortImproved(threshold: 8, partitioning: QuicksortVariant3(pivot: MEDIAN3))   -> time =    310.973 ms
  QuicksortImproved(threshold: 24, partitioning: QuicksortVariant3(pivot: MEDIAN3))  -> time =    288.894 ms
  QuicksortImproved(threshold: 8, partitioning: QuicksortVariant3(pivot: MIDDLE))    -> time =    294.416 ms
  QuicksortImproved(threshold: 2, partitioning: QuicksortVariant1(pivot: MEDIAN3))   -> time =    325.999 ms
  QuicksortImproved(threshold: 24, partitioning: QuicksortVariant2(pivot: MIDDLE))   -> time =    282.123 ms
  QuicksortImproved(threshold: 2, partitioning: QuicksortVariant2(pivot: MIDDLE))    -> time =    313.961 ms
  QuicksortImproved(threshold: 4, partitioning: QuicksortVariant2(pivot: MEDIAN3))   -> time =    322.889 ms
  QuicksortImproved(threshold: 4, partitioning: QuicksortVariant1(pivot: MEDIAN3))   -> time =    317.985 ms
  QuicksortImproved(threshold: 192, partitioning: QuicksortVariant2(pivot: MEDIAN3)) -> time =    272.006 ms
  QuicksortImproved(threshold: 48, partitioning: QuicksortVariant1(pivot: MIDDLE))   -> time =    265.396 ms
  QuicksortImproved(threshold: 64, partitioning: QuicksortVariant3(pivot: MEDIAN3))  -> time =    274.804 ms
  QuicksortImproved(threshold: 192, partitioning: QuicksortVariant1(pivot: MIDDLE))  -> time =    259.989 ms
  QuicksortImproved(threshold: 32, partitioning: QuicksortVariant2(pivot: MEDIAN3))  -> time =    285.366 ms
  QuicksortImproved(threshold: 96, partitioning: QuicksortVariant3(pivot: MIDDLE))   -> time =    261.521 ms
  QuicksortVariant3(pivot: MEDIAN3)                                                  -> time =    333.055 ms
  QuicksortImproved(threshold: 8, partitioning: QuicksortVariant1(pivot: MIDDLE))    -> time =    289.257 ms
  QuicksortImproved(threshold: 128, partitioning: QuicksortVariant2(pivot: MIDDLE))  -> time =    264.710 ms
  QuicksortImproved(threshold: 48, partitioning: QuicksortVariant3(pivot: MEDIAN3))  -> time =    276.891 ms
  QuicksortImproved(threshold: 2, partitioning: QuicksortVariant2(pivot: MEDIAN3))   -> time =    328.228 ms
  QuicksortImproved(threshold: 32, partitioning: QuicksortVariant1(pivot: MEDIAN3))  -> time =    281.303 ms
  QuicksortImproved(threshold: 192, partitioning: QuicksortVariant3(pivot: MEDIAN3)) -> time =    271.854 ms
  QuicksortImproved(threshold: 64, partitioning: QuicksortVariant2(pivot: MEDIAN3))  -> time =    272.775 ms
  QuicksortImproved(threshold: 96, partitioning: QuicksortVariant1(pivot: MEDIAN3))  -> time =    268.507 ms
  QuicksortImproved(threshold: 32, partitioning: QuicksortVariant2(pivot: MIDDLE))   -> time =    276.100 ms
  QuicksortImproved(threshold: 64, partitioning: QuicksortVariant2(pivot: MIDDLE))   -> time =    269.155 ms
  QuicksortImproved(threshold: 2, partitioning: QuicksortVariant3(pivot: MIDDLE))    -> time =    306.505 ms
  QuicksortImproved(threshold: 32, partitioning: QuicksortVariant3(pivot: MIDDLE))   -> time =    274.462 ms
  QuicksortImproved(threshold: 2, partitioning: QuicksortVariant3(pivot: MEDIAN3))   -> time =    333.176 ms
  QuicksortImproved(threshold: 128, partitioning: QuicksortVariant1(pivot: MIDDLE))  -> time =    256.767 ms
  QuicksortImproved(threshold: 48, partitioning: QuicksortVariant3(pivot: MIDDLE))   -> time =    267.452 ms
  QuicksortImproved(threshold: 192, partitioning: QuicksortVariant2(pivot: MIDDLE))  -> time =    266.133 ms
  QuicksortImproved(threshold: 16, partitioning: QuicksortVariant2(pivot: MEDIAN3))  -> time =    305.984 ms
Iteration 49
  QuicksortImproved(threshold: 192, partitioning: QuicksortVariant1(pivot: MIDDLE))  -> time =    257.856 ms
  QuicksortImproved(threshold: 96, partitioning: QuicksortVariant1(pivot: MIDDLE))   -> time =    257.485 ms
  QuicksortImproved(threshold: 32, partitioning: QuicksortVariant1(pivot: MEDIAN3))  -> time =    275.957 ms
  QuicksortImproved(threshold: 64, partitioning: QuicksortVariant2(pivot: MIDDLE))   -> time =    262.303 ms
  QuicksortImproved(threshold: 48, partitioning: QuicksortVariant2(pivot: MIDDLE))   -> time =    265.059 ms
  QuicksortImproved(threshold: 48, partitioning: QuicksortVariant3(pivot: MIDDLE))   -> time =    266.481 ms
  QuicksortImproved(threshold: 32, partitioning: QuicksortVariant2(pivot: MEDIAN3))  -> time =    281.591 ms
  QuicksortVariant1(pivot: MIDDLE)                                                   -> time =    299.017 ms
  QuicksortVariant3(pivot: MEDIAN3)                                                  -> time =    330.058 ms
  QuicksortImproved(threshold: 4, partitioning: QuicksortVariant1(pivot: MIDDLE))    -> time =    297.174 ms
  QuicksortImproved(threshold: 16, partitioning: QuicksortVariant3(pivot: MEDIAN3))  -> time =    294.002 ms
  QuicksortImproved(threshold: 2, partitioning: QuicksortVariant2(pivot: MEDIAN3))   -> time =    325.579 ms
  QuicksortImproved(threshold: 48, partitioning: QuicksortVariant3(pivot: MEDIAN3))  -> time =    274.906 ms
  QuicksortImproved(threshold: 8, partitioning: QuicksortVariant1(pivot: MEDIAN3))   -> time =    299.873 ms
  QuicksortImproved(threshold: 48, partitioning: QuicksortVariant1(pivot: MEDIAN3))  -> time =    268.999 ms <<< NEW RECORD :-)
  QuicksortImproved(threshold: 16, partitioning: QuicksortVariant2(pivot: MIDDLE))   -> time =    282.652 ms
  QuicksortImproved(threshold: 24, partitioning: QuicksortVariant1(pivot: MEDIAN3))  -> time =    281.955 ms
  QuicksortImproved(threshold: 128, partitioning: QuicksortVariant2(pivot: MIDDLE))  -> time =    258.764 ms
  QuicksortImproved(threshold: 192, partitioning: QuicksortVariant2(pivot: MEDIAN3)) -> time =    268.361 ms
  QuicksortImproved(threshold: 64, partitioning: QuicksortVariant2(pivot: MEDIAN3))  -> time =    271.980 ms
  QuicksortImproved(threshold: 192, partitioning: QuicksortVariant1(pivot: MEDIAN3)) -> time =    264.259 ms
  QuicksortImproved(threshold: 64, partitioning: QuicksortVariant3(pivot: MEDIAN3))  -> time =    272.451 ms
  QuicksortImproved(threshold: 8, partitioning: QuicksortVariant3(pivot: MIDDLE))    -> time =    293.667 ms
  QuicksortImproved(threshold: 8, partitioning: QuicksortVariant2(pivot: MEDIAN3))   -> time =    310.406 ms
  QuicksortImproved(threshold: 24, partitioning: QuicksortVariant3(pivot: MIDDLE))   -> time =    276.403 ms
  QuicksortImproved(threshold: 32, partitioning: QuicksortVariant3(pivot: MEDIAN3))  -> time =    282.801 ms
  QuicksortImproved(threshold: 192, partitioning: QuicksortVariant3(pivot: MEDIAN3)) -> time =    270.951 ms
  QuicksortImproved(threshold: 16, partitioning: QuicksortVariant3(pivot: MIDDLE))   -> time =    283.754 ms
  QuicksortImproved(threshold: 24, partitioning: QuicksortVariant3(pivot: MEDIAN3))  -> time =    286.889 ms
  QuicksortVariant2(pivot: MIDDLE)                                                   -> time =    309.241 ms
  QuicksortImproved(threshold: 96, partitioning: QuicksortVariant2(pivot: MEDIAN3))  -> time =    268.783 ms
  QuicksortImproved(threshold: 128, partitioning: QuicksortVariant1(pivot: MEDIAN3)) -> time =    261.682 ms
  QuicksortImproved(threshold: 48, partitioning: QuicksortVariant2(pivot: MEDIAN3))  -> time =    275.419 ms
  QuicksortImproved(threshold: 2, partitioning: QuicksortVariant1(pivot: MEDIAN3))   -> time =    321.623 ms
  QuicksortImproved(threshold: 24, partitioning: QuicksortVariant2(pivot: MIDDLE))   -> time =    278.084 ms
  QuicksortImproved(threshold: 64, partitioning: QuicksortVariant3(pivot: MIDDLE))   -> time =    263.622 ms
  QuicksortImproved(threshold: 8, partitioning: QuicksortVariant1(pivot: MIDDLE))    -> time =    288.402 ms
  QuicksortImproved(threshold: 192, partitioning: QuicksortVariant3(pivot: MIDDLE))  -> time =    263.473 ms
  QuicksortImproved(threshold: 64, partitioning: QuicksortVariant1(pivot: MEDIAN3))  -> time =    265.861 ms
  QuicksortImproved(threshold: 96, partitioning: QuicksortVariant3(pivot: MEDIAN3))  -> time =    268.384 ms
  QuicksortImproved(threshold: 8, partitioning: QuicksortVariant2(pivot: MIDDLE))    -> time =    293.892 ms
  QuicksortImproved(threshold: 96, partitioning: QuicksortVariant1(pivot: MEDIAN3))  -> time =    262.894 ms
  QuicksortImproved(threshold: 128, partitioning: QuicksortVariant3(pivot: MEDIAN3)) -> time =    267.546 ms
  QuicksortImproved(threshold: 192, partitioning: QuicksortVariant2(pivot: MIDDLE))  -> time =    262.004 ms
  QuicksortImproved(threshold: 32, partitioning: QuicksortVariant3(pivot: MIDDLE))   -> time =    273.076 ms
  QuicksortImproved(threshold: 24, partitioning: QuicksortVariant2(pivot: MEDIAN3))  -> time =    287.859 ms
  QuicksortImproved(threshold: 2, partitioning: QuicksortVariant3(pivot: MIDDLE))    -> time =    307.457 ms
  QuicksortImproved(threshold: 4, partitioning: QuicksortVariant1(pivot: MEDIAN3))   -> time =    313.733 ms
  QuicksortImproved(threshold: 2, partitioning: QuicksortVariant1(pivot: MIDDLE))    -> time =    304.898 ms
  QuicksortImproved(threshold: 24, partitioning: QuicksortVariant1(pivot: MIDDLE))   -> time =    272.303 ms
  QuicksortImproved(threshold: 8, partitioning: QuicksortVariant3(pivot: MEDIAN3))   -> time =    308.450 ms
  QuicksortImproved(threshold: 16, partitioning: QuicksortVariant2(pivot: MEDIAN3))  -> time =    294.951 ms
  QuicksortVariant2(pivot: MEDIAN3)                                                  -> time =    328.198 ms
  QuicksortImproved(threshold: 2, partitioning: QuicksortVariant2(pivot: MIDDLE))    -> time =    309.458 ms
  QuicksortImproved(threshold: 32, partitioning: QuicksortVariant1(pivot: MIDDLE))   -> time =    269.306 ms
  QuicksortImproved(threshold: 96, partitioning: QuicksortVariant3(pivot: MIDDLE))   -> time =    261.604 ms
  QuicksortImproved(threshold: 128, partitioning: QuicksortVariant1(pivot: MIDDLE))  -> time =    256.459 ms
  QuicksortImproved(threshold: 128, partitioning: QuicksortVariant2(pivot: MEDIAN3)) -> time =    267.270 ms
  QuicksortImproved(threshold: 4, partitioning: QuicksortVariant2(pivot: MEDIAN3))   -> time =    322.514 ms
  QuicksortVariant1(pivot: MEDIAN3)                                                  -> time =    317.854 ms
  QuicksortVariant3(pivot: MIDDLE)                                                   -> time =    306.283 ms
  QuicksortImproved(threshold: 4, partitioning: QuicksortVariant3(pivot: MIDDLE))    -> time =    302.788 ms
  QuicksortImproved(threshold: 16, partitioning: QuicksortVariant1(pivot: MIDDLE))   -> time =    278.177 ms
  QuicksortImproved(threshold: 16, partitioning: QuicksortVariant1(pivot: MEDIAN3))  -> time =    287.370 ms <<< NEW RECORD :-)
  QuicksortImproved(threshold: 2, partitioning: QuicksortVariant3(pivot: MEDIAN3))   -> time =    332.570 ms
  QuicksortImproved(threshold: 64, partitioning: QuicksortVariant1(pivot: MIDDLE))   -> time =    260.335 ms
  QuicksortImproved(threshold: 4, partitioning: QuicksortVariant3(pivot: MEDIAN3))   -> time =    323.008 ms
  QuicksortImproved(threshold: 128, partitioning: QuicksortVariant3(pivot: MIDDLE))  -> time =    260.863 ms
  QuicksortImproved(threshold: 4, partitioning: QuicksortVariant2(pivot: MIDDLE))    -> time =    310.580 ms
  QuicksortImproved(threshold: 48, partitioning: QuicksortVariant1(pivot: MIDDLE))   -> time =    263.447 ms
  QuicksortImproved(threshold: 96, partitioning: QuicksortVariant2(pivot: MIDDLE))   -> time =    258.815 ms
  QuicksortImproved(threshold: 32, partitioning: QuicksortVariant2(pivot: MIDDLE))   -> time =    272.097 ms
Iteration 50
  QuicksortImproved(threshold: 48, partitioning: QuicksortVariant2(pivot: MIDDLE))   -> time =    276.761 ms
  QuicksortImproved(threshold: 96, partitioning: QuicksortVariant2(pivot: MIDDLE))   -> time =    261.232 ms
  QuicksortImproved(threshold: 48, partitioning: QuicksortVariant3(pivot: MIDDLE))   -> time =    265.650 ms
  QuicksortImproved(threshold: 8, partitioning: QuicksortVariant3(pivot: MEDIAN3))   -> time =    312.574 ms
  QuicksortImproved(threshold: 4, partitioning: QuicksortVariant1(pivot: MEDIAN3))   -> time =    317.333 ms
  QuicksortImproved(threshold: 24, partitioning: QuicksortVariant3(pivot: MIDDLE))   -> time =    275.750 ms
  QuicksortImproved(threshold: 64, partitioning: QuicksortVariant2(pivot: MEDIAN3))  -> time =    276.441 ms
  QuicksortImproved(threshold: 192, partitioning: QuicksortVariant2(pivot: MEDIAN3)) -> time =    273.742 ms
  QuicksortImproved(threshold: 2, partitioning: QuicksortVariant3(pivot: MEDIAN3))   -> time =    332.669 ms
  QuicksortImproved(threshold: 2, partitioning: QuicksortVariant2(pivot: MEDIAN3))   -> time =    334.734 ms
  QuicksortImproved(threshold: 192, partitioning: QuicksortVariant3(pivot: MIDDLE))  -> time =    266.504 ms
  QuicksortImproved(threshold: 48, partitioning: QuicksortVariant1(pivot: MEDIAN3))  -> time =    274.006 ms
  QuicksortVariant1(pivot: MEDIAN3)                                                  -> time =    333.945 ms
  QuicksortImproved(threshold: 2, partitioning: QuicksortVariant1(pivot: MEDIAN3))   -> time =    329.151 ms
  QuicksortImproved(threshold: 16, partitioning: QuicksortVariant2(pivot: MIDDLE))   -> time =    286.035 ms
  QuicksortImproved(threshold: 192, partitioning: QuicksortVariant1(pivot: MEDIAN3)) -> time =    269.939 ms
  QuicksortImproved(threshold: 16, partitioning: QuicksortVariant2(pivot: MEDIAN3))  -> time =    311.658 ms
  QuicksortVariant1(pivot: MIDDLE)                                                   -> time =    308.098 ms
  QuicksortImproved(threshold: 16, partitioning: QuicksortVariant3(pivot: MIDDLE))   -> time =    281.074 ms
  QuicksortImproved(threshold: 128, partitioning: QuicksortVariant2(pivot: MIDDLE))  -> time =    261.327 ms
  QuicksortImproved(threshold: 128, partitioning: QuicksortVariant3(pivot: MEDIAN3)) -> time =    274.856 ms
  QuicksortImproved(threshold: 16, partitioning: QuicksortVariant3(pivot: MEDIAN3))  -> time =    302.568 ms
  QuicksortImproved(threshold: 128, partitioning: QuicksortVariant1(pivot: MIDDLE))  -> time =    259.241 ms
  QuicksortImproved(threshold: 8, partitioning: QuicksortVariant1(pivot: MEDIAN3))   -> time =    306.877 ms
  QuicksortImproved(threshold: 128, partitioning: QuicksortVariant2(pivot: MEDIAN3)) -> time =    271.735 ms
  QuicksortImproved(threshold: 48, partitioning: QuicksortVariant2(pivot: MEDIAN3))  -> time =    280.226 ms
  QuicksortImproved(threshold: 24, partitioning: QuicksortVariant2(pivot: MIDDLE))   -> time =    289.355 ms
  QuicksortImproved(threshold: 32, partitioning: QuicksortVariant1(pivot: MIDDLE))   -> time =    273.678 ms
  QuicksortImproved(threshold: 48, partitioning: QuicksortVariant3(pivot: MEDIAN3))  -> time =    279.063 ms
  QuicksortImproved(threshold: 24, partitioning: QuicksortVariant1(pivot: MIDDLE))   -> time =    297.134 ms
  QuicksortImproved(threshold: 64, partitioning: QuicksortVariant1(pivot: MIDDLE))   -> time =    265.488 ms
  QuicksortImproved(threshold: 16, partitioning: QuicksortVariant1(pivot: MIDDLE))   -> time =    283.788 ms
  QuicksortImproved(threshold: 2, partitioning: QuicksortVariant2(pivot: MIDDLE))    -> time =    314.180 ms
  QuicksortImproved(threshold: 192, partitioning: QuicksortVariant1(pivot: MIDDLE))  -> time =    260.810 ms
  QuicksortImproved(threshold: 2, partitioning: QuicksortVariant3(pivot: MIDDLE))    -> time =    306.825 ms
  QuicksortVariant2(pivot: MEDIAN3)                                                  -> time =    331.681 ms
  QuicksortImproved(threshold: 64, partitioning: QuicksortVariant3(pivot: MIDDLE))   -> time =    272.439 ms
  QuicksortImproved(threshold: 4, partitioning: QuicksortVariant2(pivot: MEDIAN3))   -> time =    325.938 ms
  QuicksortImproved(threshold: 32, partitioning: QuicksortVariant3(pivot: MIDDLE))   -> time =    272.795 ms
  QuicksortVariant2(pivot: MIDDLE)                                                   -> time =    314.720 ms
  QuicksortImproved(threshold: 64, partitioning: QuicksortVariant1(pivot: MEDIAN3))  -> time =    270.920 ms
  QuicksortImproved(threshold: 32, partitioning: QuicksortVariant3(pivot: MEDIAN3))  -> time =    285.672 ms
  QuicksortImproved(threshold: 96, partitioning: QuicksortVariant1(pivot: MEDIAN3))  -> time =    267.754 ms
  QuicksortImproved(threshold: 96, partitioning: QuicksortVariant3(pivot: MEDIAN3))  -> time =    272.561 ms
  QuicksortImproved(threshold: 32, partitioning: QuicksortVariant2(pivot: MIDDLE))   -> time =    274.893 ms
  QuicksortImproved(threshold: 8, partitioning: QuicksortVariant2(pivot: MIDDLE))    -> time =    297.101 ms
  QuicksortImproved(threshold: 8, partitioning: QuicksortVariant2(pivot: MEDIAN3))   -> time =    326.467 ms
  QuicksortImproved(threshold: 4, partitioning: QuicksortVariant1(pivot: MIDDLE))    -> time =    299.302 ms
  QuicksortImproved(threshold: 24, partitioning: QuicksortVariant3(pivot: MEDIAN3))  -> time =    289.399 ms
  QuicksortImproved(threshold: 24, partitioning: QuicksortVariant2(pivot: MEDIAN3))  -> time =    291.944 ms
  QuicksortImproved(threshold: 96, partitioning: QuicksortVariant2(pivot: MEDIAN3))  -> time =    272.951 ms
  QuicksortImproved(threshold: 8, partitioning: QuicksortVariant3(pivot: MIDDLE))    -> time =    292.651 ms
  QuicksortImproved(threshold: 96, partitioning: QuicksortVariant1(pivot: MIDDLE))   -> time =    258.345 ms
  QuicksortImproved(threshold: 32, partitioning: QuicksortVariant1(pivot: MEDIAN3))  -> time =    280.648 ms
  QuicksortVariant3(pivot: MEDIAN3)                                                  -> time =    334.521 ms
  QuicksortImproved(threshold: 16, partitioning: QuicksortVariant1(pivot: MEDIAN3))  -> time =    293.395 ms
  QuicksortImproved(threshold: 64, partitioning: QuicksortVariant2(pivot: MIDDLE))   -> time =    265.715 ms
  QuicksortImproved(threshold: 32, partitioning: QuicksortVariant2(pivot: MEDIAN3))  -> time =    287.094 ms
  QuicksortImproved(threshold: 48, partitioning: QuicksortVariant1(pivot: MIDDLE))   -> time =    265.131 ms
  QuicksortImproved(threshold: 96, partitioning: QuicksortVariant3(pivot: MIDDLE))   -> time =    260.092 ms
  QuicksortImproved(threshold: 4, partitioning: QuicksortVariant3(pivot: MEDIAN3))   -> time =    325.744 ms
  QuicksortImproved(threshold: 4, partitioning: QuicksortVariant3(pivot: MIDDLE))    -> time =    300.818 ms
  QuicksortImproved(threshold: 2, partitioning: QuicksortVariant1(pivot: MIDDLE))    -> time =    305.461 ms
  QuicksortImproved(threshold: 192, partitioning: QuicksortVariant3(pivot: MEDIAN3)) -> time =    272.166 ms
  QuicksortImproved(threshold: 128, partitioning: QuicksortVariant1(pivot: MEDIAN3)) -> time =    271.086 ms
  QuicksortImproved(threshold: 24, partitioning: QuicksortVariant1(pivot: MEDIAN3))  -> time =    285.965 ms
  QuicksortImproved(threshold: 192, partitioning: QuicksortVariant2(pivot: MIDDLE))  -> time =    262.655 ms
  QuicksortImproved(threshold: 64, partitioning: QuicksortVariant3(pivot: MEDIAN3))  -> time =    275.342 ms
  QuicksortImproved(threshold: 4, partitioning: QuicksortVariant2(pivot: MIDDLE))    -> time =    305.904 ms
  QuicksortVariant3(pivot: MIDDLE)                                                   -> time =    304.047 ms
  QuicksortImproved(threshold: 8, partitioning: QuicksortVariant1(pivot: MIDDLE))    -> time =    289.305 ms
  QuicksortImproved(threshold: 128, partitioning: QuicksortVariant3(pivot: MIDDLE))  -> time =    258.921 ms

----- Results after 50 iterations-----
QuicksortVariant1(pivot: MIDDLE)                                                   -> fastest:    294.715 ms, median:    304.446 ms 
QuicksortVariant1(pivot: MEDIAN3)                                                  -> fastest:    315.918 ms, median:    321.943 ms 
QuicksortVariant2(pivot: MIDDLE)                                                   -> fastest:    305.046 ms, median:    313.099 ms 
QuicksortVariant2(pivot: MEDIAN3)                                                  -> fastest:    325.364 ms, median:    331.824 ms 
QuicksortVariant3(pivot: MIDDLE)                                                   -> fastest:    298.145 ms, median:    304.684 ms 
QuicksortVariant3(pivot: MEDIAN3)                                                  -> fastest:    327.510 ms, median:    334.244 ms 
QuicksortImproved(threshold: 2, partitioning: QuicksortVariant1(pivot: MIDDLE))    -> fastest:    299.220 ms, median:    307.331 ms 
QuicksortImproved(threshold: 2, partitioning: QuicksortVariant1(pivot: MEDIAN3))   -> fastest:    318.701 ms, median:    325.317 ms 
QuicksortImproved(threshold: 2, partitioning: QuicksortVariant2(pivot: MIDDLE))    -> fastest:    305.454 ms, median:    313.074 ms 
QuicksortImproved(threshold: 2, partitioning: QuicksortVariant2(pivot: MEDIAN3))   -> fastest:    325.374 ms, median:    331.434 ms 
QuicksortImproved(threshold: 2, partitioning: QuicksortVariant3(pivot: MIDDLE))    -> fastest:    299.293 ms, median:    306.307 ms 
QuicksortImproved(threshold: 2, partitioning: QuicksortVariant3(pivot: MEDIAN3))   -> fastest:    327.355 ms, median:    333.645 ms 
QuicksortImproved(threshold: 4, partitioning: QuicksortVariant1(pivot: MIDDLE))    -> fastest:    294.031 ms, median:    300.800 ms 
QuicksortImproved(threshold: 4, partitioning: QuicksortVariant1(pivot: MEDIAN3))   -> fastest:    312.223 ms, median:    318.393 ms 
QuicksortImproved(threshold: 4, partitioning: QuicksortVariant2(pivot: MIDDLE))    -> fastest:    301.579 ms, median:    306.688 ms 
QuicksortImproved(threshold: 4, partitioning: QuicksortVariant2(pivot: MEDIAN3))   -> fastest:    318.395 ms, median:    323.739 ms 
QuicksortImproved(threshold: 4, partitioning: QuicksortVariant3(pivot: MIDDLE))    -> fastest:    294.727 ms, median:    301.332 ms 
QuicksortImproved(threshold: 4, partitioning: QuicksortVariant3(pivot: MEDIAN3))   -> fastest:    318.907 ms, median:    324.502 ms 
QuicksortImproved(threshold: 8, partitioning: QuicksortVariant1(pivot: MIDDLE))    -> fastest:    284.382 ms, median:    291.195 ms 
QuicksortImproved(threshold: 8, partitioning: QuicksortVariant1(pivot: MEDIAN3))   -> fastest:    298.660 ms, median:    306.257 ms 
QuicksortImproved(threshold: 8, partitioning: QuicksortVariant2(pivot: MIDDLE))    -> fastest:    290.817 ms, median:    297.713 ms 
QuicksortImproved(threshold: 8, partitioning: QuicksortVariant2(pivot: MEDIAN3))   -> fastest:    307.180 ms, median:    312.306 ms 
QuicksortImproved(threshold: 8, partitioning: QuicksortVariant3(pivot: MIDDLE))    -> fastest:    284.699 ms, median:    292.585 ms 
QuicksortImproved(threshold: 8, partitioning: QuicksortVariant3(pivot: MEDIAN3))   -> fastest:    304.973 ms, median:    310.250 ms 
QuicksortImproved(threshold: 16, partitioning: QuicksortVariant1(pivot: MIDDLE))   -> fastest:    273.828 ms, median:    283.254 ms 
QuicksortImproved(threshold: 16, partitioning: QuicksortVariant1(pivot: MEDIAN3))  -> fastest:    287.370 ms, median:    293.713 ms 
QuicksortImproved(threshold: 16, partitioning: QuicksortVariant2(pivot: MIDDLE))   -> fastest:    279.522 ms, median:    286.309 ms 
QuicksortImproved(threshold: 16, partitioning: QuicksortVariant2(pivot: MEDIAN3))  -> fastest:    291.243 ms, median:    298.172 ms 
QuicksortImproved(threshold: 16, partitioning: QuicksortVariant3(pivot: MIDDLE))   -> fastest:    274.685 ms, median:    282.859 ms 
QuicksortImproved(threshold: 16, partitioning: QuicksortVariant3(pivot: MEDIAN3))  -> fastest:    291.156 ms, median:    297.434 ms 
QuicksortImproved(threshold: 24, partitioning: QuicksortVariant1(pivot: MIDDLE))   -> fastest:    269.765 ms, median:    277.047 ms 
QuicksortImproved(threshold: 24, partitioning: QuicksortVariant1(pivot: MEDIAN3))  -> fastest:    280.776 ms, median:    286.259 ms 
QuicksortImproved(threshold: 24, partitioning: QuicksortVariant2(pivot: MIDDLE))   -> fastest:    273.055 ms, median:    280.119 ms 
QuicksortImproved(threshold: 24, partitioning: QuicksortVariant2(pivot: MEDIAN3))  -> fastest:    283.205 ms, median:    290.193 ms 
QuicksortImproved(threshold: 24, partitioning: QuicksortVariant3(pivot: MIDDLE))   -> fastest:    270.111 ms, median:    276.184 ms 
QuicksortImproved(threshold: 24, partitioning: QuicksortVariant3(pivot: MEDIAN3))  -> fastest:    284.319 ms, median:    288.828 ms 
QuicksortImproved(threshold: 32, partitioning: QuicksortVariant1(pivot: MIDDLE))   -> fastest:    263.725 ms, median:    270.951 ms 
QuicksortImproved(threshold: 32, partitioning: QuicksortVariant1(pivot: MEDIAN3))  -> fastest:    274.984 ms, median:    280.743 ms 
QuicksortImproved(threshold: 32, partitioning: QuicksortVariant2(pivot: MIDDLE))   -> fastest:    268.102 ms, median:    275.622 ms 
QuicksortImproved(threshold: 32, partitioning: QuicksortVariant2(pivot: MEDIAN3))  -> fastest:    278.207 ms, median:    286.003 ms 
QuicksortImproved(threshold: 32, partitioning: QuicksortVariant3(pivot: MIDDLE))   -> fastest:    265.438 ms, median:    272.725 ms 
QuicksortImproved(threshold: 32, partitioning: QuicksortVariant3(pivot: MEDIAN3))  -> fastest:    279.020 ms, median:    284.111 ms 
QuicksortImproved(threshold: 48, partitioning: QuicksortVariant1(pivot: MIDDLE))   -> fastest:    260.627 ms, median:    265.808 ms 
QuicksortImproved(threshold: 48, partitioning: QuicksortVariant1(pivot: MEDIAN3))  -> fastest:    268.999 ms, median:    274.246 ms 
QuicksortImproved(threshold: 48, partitioning: QuicksortVariant2(pivot: MIDDLE))   -> fastest:    263.175 ms, median:    269.764 ms 
QuicksortImproved(threshold: 48, partitioning: QuicksortVariant2(pivot: MEDIAN3))  -> fastest:    271.964 ms, median:    278.549 ms 
QuicksortImproved(threshold: 48, partitioning: QuicksortVariant3(pivot: MIDDLE))   -> fastest:    260.211 ms, median:    266.824 ms 
QuicksortImproved(threshold: 48, partitioning: QuicksortVariant3(pivot: MEDIAN3))  -> fastest:    271.534 ms, median:    278.326 ms 
QuicksortImproved(threshold: 64, partitioning: QuicksortVariant1(pivot: MIDDLE))   -> fastest:    256.152 ms, median:    263.665 ms 
QuicksortImproved(threshold: 64, partitioning: QuicksortVariant1(pivot: MEDIAN3))  -> fastest:    265.450 ms, median:    270.917 ms 
QuicksortImproved(threshold: 64, partitioning: QuicksortVariant2(pivot: MIDDLE))   -> fastest:    260.348 ms, median:    267.134 ms 
QuicksortImproved(threshold: 64, partitioning: QuicksortVariant2(pivot: MEDIAN3))  -> fastest:    268.914 ms, median:    274.994 ms 
QuicksortImproved(threshold: 64, partitioning: QuicksortVariant3(pivot: MIDDLE))   -> fastest:    256.987 ms, median:    263.667 ms 
QuicksortImproved(threshold: 64, partitioning: QuicksortVariant3(pivot: MEDIAN3))  -> fastest:    268.174 ms, median:    274.022 ms 
QuicksortImproved(threshold: 96, partitioning: QuicksortVariant1(pivot: MIDDLE))   -> fastest:    252.721 ms, median:    258.787 ms <<< FASTEST MEDIAN :-)
QuicksortImproved(threshold: 96, partitioning: QuicksortVariant1(pivot: MEDIAN3))  -> fastest:    261.906 ms, median:    267.527 ms 
QuicksortImproved(threshold: 96, partitioning: QuicksortVariant2(pivot: MIDDLE))   -> fastest:    257.106 ms, median:    264.135 ms 
QuicksortImproved(threshold: 96, partitioning: QuicksortVariant2(pivot: MEDIAN3))  -> fastest:    264.224 ms, median:    272.551 ms 
QuicksortImproved(threshold: 96, partitioning: QuicksortVariant3(pivot: MIDDLE))   -> fastest:    254.569 ms, median:    260.378 ms 
QuicksortImproved(threshold: 96, partitioning: QuicksortVariant3(pivot: MEDIAN3))  -> fastest:    264.485 ms, median:    270.423 ms 
QuicksortImproved(threshold: 128, partitioning: QuicksortVariant1(pivot: MIDDLE))  -> fastest:    252.525 ms, median:    259.214 ms 
QuicksortImproved(threshold: 128, partitioning: QuicksortVariant1(pivot: MEDIAN3)) -> fastest:    261.313 ms, median:    267.739 ms 
QuicksortImproved(threshold: 128, partitioning: QuicksortVariant2(pivot: MIDDLE))  -> fastest:    255.248 ms, median:    261.912 ms 
QuicksortImproved(threshold: 128, partitioning: QuicksortVariant2(pivot: MEDIAN3)) -> fastest:    265.495 ms, median:    271.284 ms 
QuicksortImproved(threshold: 128, partitioning: QuicksortVariant3(pivot: MIDDLE))  -> fastest:    254.074 ms, median:    260.430 ms 
QuicksortImproved(threshold: 128, partitioning: QuicksortVariant3(pivot: MEDIAN3)) -> fastest:    263.763 ms, median:    269.393 ms 
QuicksortImproved(threshold: 192, partitioning: QuicksortVariant1(pivot: MIDDLE))  -> fastest:    254.463 ms, median:    261.960 ms 
QuicksortImproved(threshold: 192, partitioning: QuicksortVariant1(pivot: MEDIAN3)) -> fastest:    263.153 ms, median:    268.369 ms 
QuicksortImproved(threshold: 192, partitioning: QuicksortVariant2(pivot: MIDDLE))  -> fastest:    257.567 ms, median:    263.851 ms 
QuicksortImproved(threshold: 192, partitioning: QuicksortVariant2(pivot: MEDIAN3)) -> fastest:    265.547 ms, median:    271.933 ms 
QuicksortImproved(threshold: 192, partitioning: QuicksortVariant3(pivot: MIDDLE))  -> fastest:    255.421 ms, median:    262.824 ms 
QuicksortImproved(threshold: 192, partitioning: QuicksortVariant3(pivot: MEDIAN3)) -> fastest:    265.454 ms, median:    271.236 ms 

Iteration 51
  QuicksortImproved(threshold: 16, partitioning: QuicksortVariant2(pivot: MIDDLE))   -> time =    286.621 ms
  QuicksortImproved(threshold: 64, partitioning: QuicksortVariant3(pivot: MEDIAN3))  -> time =    272.547 ms
  QuicksortImproved(threshold: 2, partitioning: QuicksortVariant2(pivot: MIDDLE))    -> time =    312.762 ms
  QuicksortImproved(threshold: 32, partitioning: QuicksortVariant1(pivot: MEDIAN3))  -> time =    278.025 ms
  QuicksortImproved(threshold: 96, partitioning: QuicksortVariant3(pivot: MIDDLE))   -> time =    264.598 ms
  QuicksortImproved(threshold: 128, partitioning: QuicksortVariant2(pivot: MIDDLE))  -> time =    262.606 ms
  QuicksortImproved(threshold: 4, partitioning: QuicksortVariant2(pivot: MEDIAN3))   -> time =    321.037 ms
  QuicksortImproved(threshold: 48, partitioning: QuicksortVariant2(pivot: MEDIAN3))  -> time =    274.789 ms
  QuicksortImproved(threshold: 48, partitioning: QuicksortVariant1(pivot: MIDDLE))   -> time =    263.694 ms
  QuicksortImproved(threshold: 32, partitioning: QuicksortVariant1(pivot: MIDDLE))   -> time =    270.295 ms
