# algorithm	order	size	timeNs
QuicksortVariant1(pivot: RIGHT)	random	1024	38791
QuicksortVariant1(pivot: RIGHT)	random	2048	71583
QuicksortVariant1(pivot: RIGHT)	random	4096	144125
QuicksortVariant1(pivot: RIGHT)	random	8192	283375
QuicksortVariant1(pivot: RIGHT)	random	16384	583083
QuicksortVariant1(pivot: RIGHT)	random	32768	1228125
QuicksortVariant1(pivot: RIGHT)	random	65536	2528875
QuicksortVariant1(pivot: RIGHT)	random	131072	5351709
QuicksortVariant1(pivot: RIGHT)	random	262144	11643584
QuicksortVariant1(pivot: RIGHT)	random	524288	23724458
QuicksortVariant1(pivot: RIGHT)	random	1048576	50658667
QuicksortVariant1(pivot: RIGHT)	random	2097152	105413417
QuicksortVariant1(pivot: RIGHT)	random	4194304	220872000
QuicksortVariant1(pivot: RIGHT)	random	8388608	461115750
QuicksortVariant1(pivot: RIGHT)	random	16777216	957522417
QuicksortVariant1(pivot: RIGHT)	random	33554432	1990145041
QuicksortVariant1(pivot: RIGHT)	random	67108864	4260321417
QuicksortVariant1(pivot: RIGHT)	random	134217728	8578609458
QuicksortVariant1(pivot: RIGHT)	random	268435456	17666496875
QuicksortVariant1(pivot: RIGHT)	ascending	1024	165084
QuicksortVariant1(pivot: RIGHT)	ascending	2048	557708
QuicksortVariant1(pivot: RIGHT)	ascending	4096	2456750
QuicksortVariant1(pivot: RIGHT)	ascending	8192	8013083
QuicksortVariant1(pivot: RIGHT)	ascending	16384	31690500
QuicksortVariant1(pivot: RIGHT)	ascending	32768	SOE
QuicksortVariant1(pivot: RIGHT)	descending	1024	156709
QuicksortVariant1(pivot: RIGHT)	descending	2048	518291
QuicksortVariant1(pivot: RIGHT)	descending	4096	1996250
QuicksortVariant1(pivot: RIGHT)	descending	8192	7929375
QuicksortVariant1(pivot: RIGHT)	descending	16384	31383917
QuicksortVariant1(pivot: RIGHT)	descending	32768	SOE
QuicksortVariant1(pivot: MIDDLE)	random	1024	41375
QuicksortVariant1(pivot: MIDDLE)	random	2048	67709
QuicksortVariant1(pivot: MIDDLE)	random	4096	145291
QuicksortVariant1(pivot: MIDDLE)	random	8192	290833
QuicksortVariant1(pivot: MIDDLE)	random	16384	604542
QuicksortVariant1(pivot: MIDDLE)	random	32768	1295834
QuicksortVariant1(pivot: MIDDLE)	random	65536	2699291
QuicksortVariant1(pivot: MIDDLE)	random	131072	5634292
QuicksortVariant1(pivot: MIDDLE)	random	262144	11636375
QuicksortVariant1(pivot: MIDDLE)	random	524288	24624417
QuicksortVariant1(pivot: MIDDLE)	random	1048576	50936333
QuicksortVariant1(pivot: MIDDLE)	random	2097152	109045584
QuicksortVariant1(pivot: MIDDLE)	random	4194304	221040375
QuicksortVariant1(pivot: MIDDLE)	random	8388608	467913250
QuicksortVariant1(pivot: MIDDLE)	random	16777216	962724375
QuicksortVariant1(pivot: MIDDLE)	random	33554432	2023824583
QuicksortVariant1(pivot: MIDDLE)	random	67108864	4167300875
QuicksortVariant1(pivot: MIDDLE)	random	134217728	8724688083
QuicksortVariant1(pivot: MIDDLE)	random	268435456	17854421083
QuicksortVariant1(pivot: MIDDLE)	ascending	1024	14875
QuicksortVariant1(pivot: MIDDLE)	ascending	2048	14000
QuicksortVariant1(pivot: MIDDLE)	ascending	4096	26833
QuicksortVariant1(pivot: MIDDLE)	ascending	8192	44958
QuicksortVariant1(pivot: MIDDLE)	ascending	16384	94833
QuicksortVariant1(pivot: MIDDLE)	ascending	32768	163250
QuicksortVariant1(pivot: MIDDLE)	ascending	65536	346125
QuicksortVariant1(pivot: MIDDLE)	ascending	131072	708208
QuicksortVariant1(pivot: MIDDLE)	ascending	262144	1433292
QuicksortVariant1(pivot: MIDDLE)	ascending	524288	3000791
QuicksortVariant1(pivot: MIDDLE)	ascending	1048576	6113542
QuicksortVariant1(pivot: MIDDLE)	ascending	2097152	13456958
QuicksortVariant1(pivot: MIDDLE)	ascending	4194304	26500500
QuicksortVariant1(pivot: MIDDLE)	ascending	8388608	60848000
QuicksortVariant1(pivot: MIDDLE)	ascending	16777216	123806084
QuicksortVariant1(pivot: MIDDLE)	ascending	33554432	246390042
QuicksortVariant1(pivot: MIDDLE)	ascending	67108864	492934417
QuicksortVariant1(pivot: MIDDLE)	ascending	134217728	1041350042
QuicksortVariant1(pivot: MIDDLE)	ascending	268435456	2157894917
QuicksortVariant1(pivot: MIDDLE)	descending	1024	9833
QuicksortVariant1(pivot: MIDDLE)	descending	2048	17000
QuicksortVariant1(pivot: MIDDLE)	descending	4096	30584
QuicksortVariant1(pivot: MIDDLE)	descending	8192	55042
QuicksortVariant1(pivot: MIDDLE)	descending	16384	95500
QuicksortVariant1(pivot: MIDDLE)	descending	32768	199375
QuicksortVariant1(pivot: MIDDLE)	descending	65536	395625
QuicksortVariant1(pivot: MIDDLE)	descending	131072	817583
QuicksortVariant1(pivot: MIDDLE)	descending	262144	1660541
QuicksortVariant1(pivot: MIDDLE)	descending	524288	3466084
QuicksortVariant1(pivot: MIDDLE)	descending	1048576	7329375
QuicksortVariant1(pivot: MIDDLE)	descending	2097152	14839750
QuicksortVariant1(pivot: MIDDLE)	descending	4194304	30799417
QuicksortVariant1(pivot: MIDDLE)	descending	8388608	65296625
QuicksortVariant1(pivot: MIDDLE)	descending	16777216	134130167
QuicksortVariant1(pivot: MIDDLE)	descending	33554432	272055041
QuicksortVariant1(pivot: MIDDLE)	descending	67108864	589282875
QuicksortVariant1(pivot: MIDDLE)	descending	134217728	1208739208
QuicksortVariant1(pivot: MIDDLE)	descending	268435456	2433788917
QuicksortVariant1(pivot: MEDIAN3)	random	1024	75375
QuicksortVariant1(pivot: MEDIAN3)	random	2048	121417
QuicksortVariant1(pivot: MEDIAN3)	random	4096	175625
QuicksortVariant1(pivot: MEDIAN3)	random	8192	316292
QuicksortVariant1(pivot: MEDIAN3)	random	16384	642209
QuicksortVariant1(pivot: MEDIAN3)	random	32768	1381416
QuicksortVariant1(pivot: MEDIAN3)	random	65536	2916458
QuicksortVariant1(pivot: MEDIAN3)	random	131072	5988583
QuicksortVariant1(pivot: MEDIAN3)	random	262144	12473875
QuicksortVariant1(pivot: MEDIAN3)	random	524288	26679250
QuicksortVariant1(pivot: MEDIAN3)	random	1048576	55247750
QuicksortVariant1(pivot: MEDIAN3)	random	2097152	114443750
QuicksortVariant1(pivot: MEDIAN3)	random	4194304	239012208
QuicksortVariant1(pivot: MEDIAN3)	random	8388608	495471208
QuicksortVariant1(pivot: MEDIAN3)	random	16777216	1021619375
QuicksortVariant1(pivot: MEDIAN3)	random	33554432	2248101417
QuicksortVariant1(pivot: MEDIAN3)	random	67108864	4676764959
QuicksortVariant1(pivot: MEDIAN3)	random	134217728	9305448833
QuicksortVariant1(pivot: MEDIAN3)	random	268435456	19139470167
QuicksortVariant1(pivot: MEDIAN3)	ascending	1024	9958
QuicksortVariant1(pivot: MEDIAN3)	ascending	2048	14375
QuicksortVariant1(pivot: MEDIAN3)	ascending	4096	27125
QuicksortVariant1(pivot: MEDIAN3)	ascending	8192	49500
QuicksortVariant1(pivot: MEDIAN3)	ascending	16384	99125
QuicksortVariant1(pivot: MEDIAN3)	ascending	32768	200750
QuicksortVariant1(pivot: MEDIAN3)	ascending	65536	398000
QuicksortVariant1(pivot: MEDIAN3)	ascending	131072	848166
QuicksortVariant1(pivot: MEDIAN3)	ascending	262144	1587375
QuicksortVariant1(pivot: MEDIAN3)	ascending	524288	3479292
QuicksortVariant1(pivot: MEDIAN3)	ascending	1048576	6886333
QuicksortVariant1(pivot: MEDIAN3)	ascending	2097152	14866458
QuicksortVariant1(pivot: MEDIAN3)	ascending	4194304	30087667
QuicksortVariant1(pivot: MEDIAN3)	ascending	8388608	67863792
QuicksortVariant1(pivot: MEDIAN3)	ascending	16777216	137343042
QuicksortVariant1(pivot: MEDIAN3)	ascending	33554432	270288167
QuicksortVariant1(pivot: MEDIAN3)	ascending	67108864	544071375
QuicksortVariant1(pivot: MEDIAN3)	ascending	134217728	1155863125
QuicksortVariant1(pivot: MEDIAN3)	ascending	268435456	2331633458
QuicksortVariant1(pivot: MEDIAN3)	descending	1024	10917
QuicksortVariant1(pivot: MEDIAN3)	descending	2048	18708
QuicksortVariant1(pivot: MEDIAN3)	descending	4096	27292
QuicksortVariant1(pivot: MEDIAN3)	descending	8192	59166
QuicksortVariant1(pivot: MEDIAN3)	descending	16384	102917
QuicksortVariant1(pivot: MEDIAN3)	descending	32768	219583
QuicksortVariant1(pivot: MEDIAN3)	descending	65536	428833
QuicksortVariant1(pivot: MEDIAN3)	descending	131072	894458
QuicksortVariant1(pivot: MEDIAN3)	descending	262144	1768041
QuicksortVariant1(pivot: MEDIAN3)	descending	524288	3731083
QuicksortVariant1(pivot: MEDIAN3)	descending	1048576	7650250
QuicksortVariant1(pivot: MEDIAN3)	descending	2097152	16561834
QuicksortVariant1(pivot: MEDIAN3)	descending	4194304	32820791
QuicksortVariant1(pivot: MEDIAN3)	descending	8388608	70626417
QuicksortVariant1(pivot: MEDIAN3)	descending	16777216	143027334
QuicksortVariant1(pivot: MEDIAN3)	descending	33554432	301343875
QuicksortVariant1(pivot: MEDIAN3)	descending	67108864	602227084
QuicksortVariant1(pivot: MEDIAN3)	descending	134217728	1247342333
QuicksortVariant1(pivot: MEDIAN3)	descending	268435456	2508424167
QuicksortImproved(threshold: 48, partitioning: QuicksortVariant1(pivot: MIDDLE))	random	1024	195708
QuicksortImproved(threshold: 48, partitioning: QuicksortVariant1(pivot: MIDDLE))	random	2048	298958
QuicksortImproved(threshold: 48, partitioning: QuicksortVariant1(pivot: MIDDLE))	random	4096	339042
QuicksortImproved(threshold: 48, partitioning: QuicksortVariant1(pivot: MIDDLE))	random	8192	282375
QuicksortImproved(threshold: 48, partitioning: QuicksortVariant1(pivot: MIDDLE))	random	16384	607000
QuicksortImproved(threshold: 48, partitioning: QuicksortVariant1(pivot: MIDDLE))	random	32768	1110250
QuicksortImproved(threshold: 48, partitioning: QuicksortVariant1(pivot: MIDDLE))	random	65536	2180708
QuicksortImproved(threshold: 48, partitioning: QuicksortVariant1(pivot: MIDDLE))	random	131072	4557750
QuicksortImproved(threshold: 48, partitioning: QuicksortVariant1(pivot: MIDDLE))	random	262144	9619375
QuicksortImproved(threshold: 48, partitioning: QuicksortVariant1(pivot: MIDDLE))	random	524288	20735583
QuicksortImproved(threshold: 48, partitioning: QuicksortVariant1(pivot: MIDDLE))	random	1048576	44362584
QuicksortImproved(threshold: 48, partitioning: QuicksortVariant1(pivot: MIDDLE))	random	2097152	92252167
QuicksortImproved(threshold: 48, partitioning: QuicksortVariant1(pivot: MIDDLE))	random	4194304	197461541
QuicksortImproved(threshold: 48, partitioning: QuicksortVariant1(pivot: MIDDLE))	random	8388608	401886875
QuicksortImproved(threshold: 48, partitioning: QuicksortVariant1(pivot: MIDDLE))	random	16777216	841532125
QuicksortImproved(threshold: 48, partitioning: QuicksortVariant1(pivot: MIDDLE))	random	33554432	1746774292
QuicksortImproved(threshold: 48, partitioning: QuicksortVariant1(pivot: MIDDLE))	random	67108864	3744471000
QuicksortImproved(threshold: 48, partitioning: QuicksortVariant1(pivot: MIDDLE))	random	134217728	7650839666
QuicksortImproved(threshold: 48, partitioning: QuicksortVariant1(pivot: MIDDLE))	random	268435456	16112484583
QuicksortImproved(threshold: 48, partitioning: QuicksortVariant1(pivot: MIDDLE))	ascending	1024	7000
QuicksortImproved(threshold: 48, partitioning: QuicksortVariant1(pivot: MIDDLE))	ascending	2048	10667
QuicksortImproved(threshold: 48, partitioning: QuicksortVariant1(pivot: MIDDLE))	ascending	4096	14250
QuicksortImproved(threshold: 48, partitioning: QuicksortVariant1(pivot: MIDDLE))	ascending	8192	35000
QuicksortImproved(threshold: 48, partitioning: QuicksortVariant1(pivot: MIDDLE))	ascending	16384	56875
QuicksortImproved(threshold: 48, partitioning: QuicksortVariant1(pivot: MIDDLE))	ascending	32768	124417
QuicksortImproved(threshold: 48, partitioning: QuicksortVariant1(pivot: MIDDLE))	ascending	65536	254375
QuicksortImproved(threshold: 48, partitioning: QuicksortVariant1(pivot: MIDDLE))	ascending	131072	535084
QuicksortImproved(threshold: 48, partitioning: QuicksortVariant1(pivot: MIDDLE))	ascending	262144	1066125
QuicksortImproved(threshold: 48, partitioning: QuicksortVariant1(pivot: MIDDLE))	ascending	524288	2369792
QuicksortImproved(threshold: 48, partitioning: QuicksortVariant1(pivot: MIDDLE))	ascending	1048576	4828209
QuicksortImproved(threshold: 48, partitioning: QuicksortVariant1(pivot: MIDDLE))	ascending	2097152	10481417
QuicksortImproved(threshold: 48, partitioning: QuicksortVariant1(pivot: MIDDLE))	ascending	4194304	21209666
QuicksortImproved(threshold: 48, partitioning: QuicksortVariant1(pivot: MIDDLE))	ascending	8388608	45754375
QuicksortImproved(threshold: 48, partitioning: QuicksortVariant1(pivot: MIDDLE))	ascending	16777216	97055709
QuicksortImproved(threshold: 48, partitioning: QuicksortVariant1(pivot: MIDDLE))	ascending	33554432	199704042
QuicksortImproved(threshold: 48, partitioning: QuicksortVariant1(pivot: MIDDLE))	ascending	67108864	399489792
QuicksortImproved(threshold: 48, partitioning: QuicksortVariant1(pivot: MIDDLE))	ascending	134217728	854902500
QuicksortImproved(threshold: 48, partitioning: QuicksortVariant1(pivot: MIDDLE))	ascending	268435456	1797784750
QuicksortImproved(threshold: 48, partitioning: QuicksortVariant1(pivot: MIDDLE))	descending	1024	7750
QuicksortImproved(threshold: 48, partitioning: QuicksortVariant1(pivot: MIDDLE))	descending	2048	11625
QuicksortImproved(threshold: 48, partitioning: QuicksortVariant1(pivot: MIDDLE))	descending	4096	16334
QuicksortImproved(threshold: 48, partitioning: QuicksortVariant1(pivot: MIDDLE))	descending	8192	31500
QuicksortImproved(threshold: 48, partitioning: QuicksortVariant1(pivot: MIDDLE))	descending	16384	71167
QuicksortImproved(threshold: 48, partitioning: QuicksortVariant1(pivot: MIDDLE))	descending	32768	132583
QuicksortImproved(threshold: 48, partitioning: QuicksortVariant1(pivot: MIDDLE))	descending	65536	267667
QuicksortImproved(threshold: 48, partitioning: QuicksortVariant1(pivot: MIDDLE))	descending	131072	602208
QuicksortImproved(threshold: 48, partitioning: QuicksortVariant1(pivot: MIDDLE))	descending	262144	1235625
QuicksortImproved(threshold: 48, partitioning: QuicksortVariant1(pivot: MIDDLE))	descending	524288	2626709
QuicksortImproved(threshold: 48, partitioning: QuicksortVariant1(pivot: MIDDLE))	descending	1048576	5484417
QuicksortImproved(threshold: 48, partitioning: QuicksortVariant1(pivot: MIDDLE))	descending	2097152	11452666
QuicksortImproved(threshold: 48, partitioning: QuicksortVariant1(pivot: MIDDLE))	descending	4194304	23477250
QuicksortImproved(threshold: 48, partitioning: QuicksortVariant1(pivot: MIDDLE))	descending	8388608	50555125
QuicksortImproved(threshold: 48, partitioning: QuicksortVariant1(pivot: MIDDLE))	descending	16777216	105136041
QuicksortImproved(threshold: 48, partitioning: QuicksortVariant1(pivot: MIDDLE))	descending	33554432	218451708
QuicksortImproved(threshold: 48, partitioning: QuicksortVariant1(pivot: MIDDLE))	descending	67108864	447501125
QuicksortImproved(threshold: 48, partitioning: QuicksortVariant1(pivot: MIDDLE))	descending	134217728	935338625
QuicksortImproved(threshold: 48, partitioning: QuicksortVariant1(pivot: MIDDLE))	descending	268435456	1923080542
DualPivotQuicksort(pivot: THIRDS)	random	1024	226833
DualPivotQuicksort(pivot: THIRDS)	random	2048	396917
DualPivotQuicksort(pivot: THIRDS)	random	4096	749334
DualPivotQuicksort(pivot: THIRDS)	random	8192	1308208
DualPivotQuicksort(pivot: THIRDS)	random	16384	1095625
DualPivotQuicksort(pivot: THIRDS)	random	32768	1430709
DualPivotQuicksort(pivot: THIRDS)	random	65536	2527292
DualPivotQuicksort(pivot: THIRDS)	random	131072	5274417
DualPivotQuicksort(pivot: THIRDS)	random	262144	11122417
DualPivotQuicksort(pivot: THIRDS)	random	524288	23282042
DualPivotQuicksort(pivot: THIRDS)	random	1048576	49598208
DualPivotQuicksort(pivot: THIRDS)	random	2097152	104200208
DualPivotQuicksort(pivot: THIRDS)	random	4194304	217782750
DualPivotQuicksort(pivot: THIRDS)	random	8388608	447044125
DualPivotQuicksort(pivot: THIRDS)	random	16777216	934583583
DualPivotQuicksort(pivot: THIRDS)	random	33554432	1945098125
DualPivotQuicksort(pivot: THIRDS)	random	67108864	4005798292
DualPivotQuicksort(pivot: THIRDS)	random	134217728	8184702625
DualPivotQuicksort(pivot: THIRDS)	random	268435456	17057530042
DualPivotQuicksort(pivot: THIRDS)	ascending	1024	9625
DualPivotQuicksort(pivot: THIRDS)	ascending	2048	16417
DualPivotQuicksort(pivot: THIRDS)	ascending	4096	22250
DualPivotQuicksort(pivot: THIRDS)	ascending	8192	55333
DualPivotQuicksort(pivot: THIRDS)	ascending	16384	102500
DualPivotQuicksort(pivot: THIRDS)	ascending	32768	177125
DualPivotQuicksort(pivot: THIRDS)	ascending	65536	425791
DualPivotQuicksort(pivot: THIRDS)	ascending	131072	824333
DualPivotQuicksort(pivot: THIRDS)	ascending	262144	1628625
DualPivotQuicksort(pivot: THIRDS)	ascending	524288	4038792
DualPivotQuicksort(pivot: THIRDS)	ascending	1048576	7958708
DualPivotQuicksort(pivot: THIRDS)	ascending	2097152	15801458
DualPivotQuicksort(pivot: THIRDS)	ascending	4194304	36216542
DualPivotQuicksort(pivot: THIRDS)	ascending	8388608	72800750
DualPivotQuicksort(pivot: THIRDS)	ascending	16777216	150584333
DualPivotQuicksort(pivot: THIRDS)	ascending	33554432	309306208
DualPivotQuicksort(pivot: THIRDS)	ascending	67108864	659787417
DualPivotQuicksort(pivot: THIRDS)	ascending	134217728	1358705750
DualPivotQuicksort(pivot: THIRDS)	ascending	268435456	2773422750
DualPivotQuicksort(pivot: THIRDS)	descending	1024	12375
DualPivotQuicksort(pivot: THIRDS)	descending	2048	17250
DualPivotQuicksort(pivot: THIRDS)	descending	4096	30833
DualPivotQuicksort(pivot: THIRDS)	descending	8192	54458
DualPivotQuicksort(pivot: THIRDS)	descending	16384	95125
DualPivotQuicksort(pivot: THIRDS)	descending	32768	182125
DualPivotQuicksort(pivot: THIRDS)	descending	65536	411750
DualPivotQuicksort(pivot: THIRDS)	descending	131072	803833
DualPivotQuicksort(pivot: THIRDS)	descending	262144	1661041
DualPivotQuicksort(pivot: THIRDS)	descending	524288	4025500
DualPivotQuicksort(pivot: THIRDS)	descending	1048576	7994750
DualPivotQuicksort(pivot: THIRDS)	descending	2097152	15483750
DualPivotQuicksort(pivot: THIRDS)	descending	4194304	36009834
DualPivotQuicksort(pivot: THIRDS)	descending	8388608	73059541
DualPivotQuicksort(pivot: THIRDS)	descending	16777216	163769958
DualPivotQuicksort(pivot: THIRDS)	descending	33554432	319752792
DualPivotQuicksort(pivot: THIRDS)	descending	67108864	670143292
DualPivotQuicksort(pivot: THIRDS)	descending	134217728	1352527625
DualPivotQuicksort(pivot: THIRDS)	descending	268435456	2787713209
DualPivotQuicksortImproved(threshold: 64, pivot: THIRDS)	random	1024	38958
DualPivotQuicksortImproved(threshold: 64, pivot: THIRDS)	random	2048	59750
DualPivotQuicksortImproved(threshold: 64, pivot: THIRDS)	random	4096	117625
DualPivotQuicksortImproved(threshold: 64, pivot: THIRDS)	random	8192	240875
DualPivotQuicksortImproved(threshold: 64, pivot: THIRDS)	random	16384	517000
DualPivotQuicksortImproved(threshold: 64, pivot: THIRDS)	random	32768	1086334
DualPivotQuicksortImproved(threshold: 64, pivot: THIRDS)	random	65536	2334333
DualPivotQuicksortImproved(threshold: 64, pivot: THIRDS)	random	131072	5019834
DualPivotQuicksortImproved(threshold: 64, pivot: THIRDS)	random	262144	10879041
DualPivotQuicksortImproved(threshold: 64, pivot: THIRDS)	random	524288	25265292
DualPivotQuicksortImproved(threshold: 64, pivot: THIRDS)	random	1048576	53418625
DualPivotQuicksortImproved(threshold: 64, pivot: THIRDS)	random	2097152	114513459
DualPivotQuicksortImproved(threshold: 64, pivot: THIRDS)	random	4194304	239934875
DualPivotQuicksortImproved(threshold: 64, pivot: THIRDS)	random	8388608	497522958
DualPivotQuicksortImproved(threshold: 64, pivot: THIRDS)	random	16777216	1041382500
DualPivotQuicksortImproved(threshold: 64, pivot: THIRDS)	random	33554432	2244816667
DualPivotQuicksortImproved(threshold: 64, pivot: THIRDS)	random	67108864	4602387250
DualPivotQuicksortImproved(threshold: 64, pivot: THIRDS)	random	134217728	9576032292
DualPivotQuicksortImproved(threshold: 64, pivot: THIRDS)	random	268435456	19607267500
DualPivotQuicksortImproved(threshold: 64, pivot: THIRDS)	ascending	1024	9583
DualPivotQuicksortImproved(threshold: 64, pivot: THIRDS)	ascending	2048	15000
DualPivotQuicksortImproved(threshold: 64, pivot: THIRDS)	ascending	4096	27666
DualPivotQuicksortImproved(threshold: 64, pivot: THIRDS)	ascending	8192	65584
DualPivotQuicksortImproved(threshold: 64, pivot: THIRDS)	ascending	16384	137541
DualPivotQuicksortImproved(threshold: 64, pivot: THIRDS)	ascending	32768	264500
DualPivotQuicksortImproved(threshold: 64, pivot: THIRDS)	ascending	65536	599208
DualPivotQuicksortImproved(threshold: 64, pivot: THIRDS)	ascending	131072	1172167
DualPivotQuicksortImproved(threshold: 64, pivot: THIRDS)	ascending	262144	2606209
DualPivotQuicksortImproved(threshold: 64, pivot: THIRDS)	ascending	524288	5902875
DualPivotQuicksortImproved(threshold: 64, pivot: THIRDS)	ascending	1048576	11700500
DualPivotQuicksortImproved(threshold: 64, pivot: THIRDS)	ascending	2097152	25475292
DualPivotQuicksortImproved(threshold: 64, pivot: THIRDS)	ascending	4194304	57770166
DualPivotQuicksortImproved(threshold: 64, pivot: THIRDS)	ascending	8388608	116131375
DualPivotQuicksortImproved(threshold: 64, pivot: THIRDS)	ascending	16777216	247845958
DualPivotQuicksortImproved(threshold: 64, pivot: THIRDS)	ascending	33554432	487850167
DualPivotQuicksortImproved(threshold: 64, pivot: THIRDS)	ascending	67108864	1072276375
DualPivotQuicksortImproved(threshold: 64, pivot: THIRDS)	ascending	134217728	2267559791
DualPivotQuicksortImproved(threshold: 64, pivot: THIRDS)	ascending	268435456	4531411000
DualPivotQuicksortImproved(threshold: 64, pivot: THIRDS)	descending	1024	11292
DualPivotQuicksortImproved(threshold: 64, pivot: THIRDS)	descending	2048	19000
DualPivotQuicksortImproved(threshold: 64, pivot: THIRDS)	descending	4096	28583
DualPivotQuicksortImproved(threshold: 64, pivot: THIRDS)	descending	8192	61209
DualPivotQuicksortImproved(threshold: 64, pivot: THIRDS)	descending	16384	138916
DualPivotQuicksortImproved(threshold: 64, pivot: THIRDS)	descending	32768	269583
DualPivotQuicksortImproved(threshold: 64, pivot: THIRDS)	descending	65536	618375
DualPivotQuicksortImproved(threshold: 64, pivot: THIRDS)	descending	131072	1216041
DualPivotQuicksortImproved(threshold: 64, pivot: THIRDS)	descending	262144	2650458
DualPivotQuicksortImproved(threshold: 64, pivot: THIRDS)	descending	524288	6049417
DualPivotQuicksortImproved(threshold: 64, pivot: THIRDS)	descending	1048576	12062000
DualPivotQuicksortImproved(threshold: 64, pivot: THIRDS)	descending	2097152	25382708
DualPivotQuicksortImproved(threshold: 64, pivot: THIRDS)	descending	4194304	58513000
DualPivotQuicksortImproved(threshold: 64, pivot: THIRDS)	descending	8388608	113899125
DualPivotQuicksortImproved(threshold: 64, pivot: THIRDS)	descending	16777216	248047750
DualPivotQuicksortImproved(threshold: 64, pivot: THIRDS)	descending	33554432	490094000
DualPivotQuicksortImproved(threshold: 64, pivot: THIRDS)	descending	67108864	1077660917
DualPivotQuicksortImproved(threshold: 64, pivot: THIRDS)	descending	134217728	2291089458
DualPivotQuicksortImproved(threshold: 64, pivot: THIRDS)	descending	268435456	4614387084
JavaArraysSort	random	1024	198125
JavaArraysSort	random	2048	323833
JavaArraysSort	random	4096	482958
JavaArraysSort	random	8192	822959
JavaArraysSort	random	16384	1708541
JavaArraysSort	random	32768	1139625
JavaArraysSort	random	65536	2015000
JavaArraysSort	random	131072	4331083
JavaArraysSort	random	262144	9093917
JavaArraysSort	random	524288	19150209
JavaArraysSort	random	1048576	39861417
JavaArraysSort	random	2097152	85926708
JavaArraysSort	random	4194304	178667042
JavaArraysSort	random	8388608	374032875
JavaArraysSort	random	16777216	778600500
JavaArraysSort	random	33554432	1624047334
JavaArraysSort	random	67108864	3374393584
JavaArraysSort	random	134217728	7133171625
JavaArraysSort	random	268435456	14692930625
JavaArraysSort	ascending	1024	4958
JavaArraysSort	ascending	2048	2833
JavaArraysSort	ascending	4096	3208
JavaArraysSort	ascending	8192	3250
JavaArraysSort	ascending	16384	3917
JavaArraysSort	ascending	32768	8125
JavaArraysSort	ascending	65536	12625
JavaArraysSort	ascending	131072	25750
JavaArraysSort	ascending	262144	49750
JavaArraysSort	ascending	524288	76875
JavaArraysSort	ascending	1048576	155875
JavaArraysSort	ascending	2097152	303709
JavaArraysSort	ascending	4194304	594167
JavaArraysSort	ascending	8388608	1180500
JavaArraysSort	ascending	16777216	2351584
JavaArraysSort	ascending	33554432	4848750
JavaArraysSort	ascending	67108864	7908750
JavaArraysSort	ascending	134217728	19316333
JavaArraysSort	ascending	268435456	35844333
JavaArraysSort	descending	1024	4292
JavaArraysSort	descending	2048	2750
JavaArraysSort	descending	4096	3542
JavaArraysSort	descending	8192	6125
JavaArraysSort	descending	16384	9625
JavaArraysSort	descending	32768	18125
JavaArraysSort	descending	65536	33250
JavaArraysSort	descending	131072	60334
JavaArraysSort	descending	262144	110250
JavaArraysSort	descending	524288	199875
JavaArraysSort	descending	1048576	396125
JavaArraysSort	descending	2097152	767625
JavaArraysSort	descending	4194304	1544666
JavaArraysSort	descending	8388608	3163458
JavaArraysSort	descending	16777216	6545041
JavaArraysSort	descending	33554432	12554500
JavaArraysSort	descending	67108864	25345334
JavaArraysSort	descending	134217728	52071333
JavaArraysSort	descending	268435456	102951792
QuicksortVariant1(pivot: RIGHT)	random	1024	247458
QuicksortVariant1(pivot: RIGHT)	random	2048	442125
QuicksortVariant1(pivot: RIGHT)	random	4096	403833
QuicksortVariant1(pivot: RIGHT)	random	8192	516250
QuicksortVariant1(pivot: RIGHT)	random	16384	1041833
QuicksortVariant1(pivot: RIGHT)	random	32768	1490875
QuicksortVariant1(pivot: RIGHT)	random	65536	2648875
QuicksortVariant1(pivot: RIGHT)	random	131072	5482416
QuicksortVariant1(pivot: RIGHT)	random	262144	11518416
QuicksortVariant1(pivot: RIGHT)	random	524288	23856791
QuicksortVariant1(pivot: RIGHT)	random	1048576	51713375
QuicksortVariant1(pivot: RIGHT)	random	2097152	106835750
QuicksortVariant1(pivot: RIGHT)	random	4194304	218756750
QuicksortVariant1(pivot: RIGHT)	random	8388608	456491708
QuicksortVariant1(pivot: RIGHT)	random	16777216	964885792
QuicksortVariant1(pivot: RIGHT)	random	33554432	1971468041
QuicksortVariant1(pivot: RIGHT)	random	67108864	4093489250
QuicksortVariant1(pivot: RIGHT)	random	134217728	8461738917
QuicksortVariant1(pivot: RIGHT)	random	268435456	17733453167
QuicksortVariant1(pivot: RIGHT)	ascending	1024	200250
QuicksortVariant1(pivot: RIGHT)	ascending	2048	756416
QuicksortVariant1(pivot: RIGHT)	ascending	4096	3176417
QuicksortVariant1(pivot: RIGHT)	ascending	8192	11889584
QuicksortVariant1(pivot: RIGHT)	ascending	16384	45449083
QuicksortVariant1(pivot: RIGHT)	ascending	32768	SOE
QuicksortVariant1(pivot: RIGHT)	descending	1024	142583
QuicksortVariant1(pivot: RIGHT)	descending	2048	520917
QuicksortVariant1(pivot: RIGHT)	descending	4096	2024084
QuicksortVariant1(pivot: RIGHT)	descending	8192	7891959
QuicksortVariant1(pivot: RIGHT)	descending	16384	31789833
QuicksortVariant1(pivot: RIGHT)	descending	32768	SOE
QuicksortVariant1(pivot: MIDDLE)	random	1024	50000
QuicksortVariant1(pivot: MIDDLE)	random	2048	73084
QuicksortVariant1(pivot: MIDDLE)	random	4096	149625
QuicksortVariant1(pivot: MIDDLE)	random	8192	301125
QuicksortVariant1(pivot: MIDDLE)	random	16384	626583
QuicksortVariant1(pivot: MIDDLE)	random	32768	1316500
QuicksortVariant1(pivot: MIDDLE)	random	65536	2643458
QuicksortVariant1(pivot: MIDDLE)	random	131072	5551834
QuicksortVariant1(pivot: MIDDLE)	random	262144	11680416
QuicksortVariant1(pivot: MIDDLE)	random	524288	24530000
QuicksortVariant1(pivot: MIDDLE)	random	1048576	50186750
QuicksortVariant1(pivot: MIDDLE)	random	2097152	107434791
QuicksortVariant1(pivot: MIDDLE)	random	4194304	223256667
QuicksortVariant1(pivot: MIDDLE)	random	8388608	471466375
QuicksortVariant1(pivot: MIDDLE)	random	16777216	974756208
QuicksortVariant1(pivot: MIDDLE)	random	33554432	2013922458
QuicksortVariant1(pivot: MIDDLE)	random	67108864	4209520458
QuicksortVariant1(pivot: MIDDLE)	random	134217728	8753893583
QuicksortVariant1(pivot: MIDDLE)	random	268435456	17866812417
QuicksortVariant1(pivot: MIDDLE)	ascending	1024	8292
QuicksortVariant1(pivot: MIDDLE)	ascending	2048	14875
QuicksortVariant1(pivot: MIDDLE)	ascending	4096	25250
QuicksortVariant1(pivot: MIDDLE)	ascending	8192	43208
QuicksortVariant1(pivot: MIDDLE)	ascending	16384	88667
QuicksortVariant1(pivot: MIDDLE)	ascending	32768	175958
QuicksortVariant1(pivot: MIDDLE)	ascending	65536	353459
QuicksortVariant1(pivot: MIDDLE)	ascending	131072	761583
QuicksortVariant1(pivot: MIDDLE)	ascending	262144	1522459
QuicksortVariant1(pivot: MIDDLE)	ascending	524288	3182042
QuicksortVariant1(pivot: MIDDLE)	ascending	1048576	6739958
QuicksortVariant1(pivot: MIDDLE)	ascending	2097152	13923250
QuicksortVariant1(pivot: MIDDLE)	ascending	4194304	28387708
QuicksortVariant1(pivot: MIDDLE)	ascending	8388608	60452750
QuicksortVariant1(pivot: MIDDLE)	ascending	16777216	124734791
QuicksortVariant1(pivot: MIDDLE)	ascending	33554432	258842417
QuicksortVariant1(pivot: MIDDLE)	ascending	67108864	525442166
QuicksortVariant1(pivot: MIDDLE)	ascending	134217728	1110810792
QuicksortVariant1(pivot: MIDDLE)	ascending	268435456	2253305500
QuicksortVariant1(pivot: MIDDLE)	descending	1024	10333
QuicksortVariant1(pivot: MIDDLE)	descending	2048	14750
QuicksortVariant1(pivot: MIDDLE)	descending	4096	30959
QuicksortVariant1(pivot: MIDDLE)	descending	8192	53125
QuicksortVariant1(pivot: MIDDLE)	descending	16384	100041
QuicksortVariant1(pivot: MIDDLE)	descending	32768	201666
QuicksortVariant1(pivot: MIDDLE)	descending	65536	410333
QuicksortVariant1(pivot: MIDDLE)	descending	131072	829125
QuicksortVariant1(pivot: MIDDLE)	descending	262144	1717792
QuicksortVariant1(pivot: MIDDLE)	descending	524288	3806084
QuicksortVariant1(pivot: MIDDLE)	descending	1048576	7835459
QuicksortVariant1(pivot: MIDDLE)	descending	2097152	15744500
QuicksortVariant1(pivot: MIDDLE)	descending	4194304	33201667
QuicksortVariant1(pivot: MIDDLE)	descending	8388608	67259083
QuicksortVariant1(pivot: MIDDLE)	descending	16777216	139923375
QuicksortVariant1(pivot: MIDDLE)	descending	33554432	289948750
QuicksortVariant1(pivot: MIDDLE)	descending	67108864	594288291
QuicksortVariant1(pivot: MIDDLE)	descending	134217728	1227780417
QuicksortVariant1(pivot: MIDDLE)	descending	268435456	2539727292
QuicksortVariant1(pivot: MEDIAN3)	random	1024	93417
QuicksortVariant1(pivot: MEDIAN3)	random	2048	113041
QuicksortVariant1(pivot: MEDIAN3)	random	4096	158375
QuicksortVariant1(pivot: MEDIAN3)	random	8192	324125
QuicksortVariant1(pivot: MEDIAN3)	random	16384	697125
QuicksortVariant1(pivot: MEDIAN3)	random	32768	1399333
QuicksortVariant1(pivot: MEDIAN3)	random	65536	3013166
QuicksortVariant1(pivot: MEDIAN3)	random	131072	5944333
QuicksortVariant1(pivot: MEDIAN3)	random	262144	12582958
QuicksortVariant1(pivot: MEDIAN3)	random	524288	26800500
QuicksortVariant1(pivot: MEDIAN3)	random	1048576	55017792
QuicksortVariant1(pivot: MEDIAN3)	random	2097152	116621709
QuicksortVariant1(pivot: MEDIAN3)	random	4194304	244277875
QuicksortVariant1(pivot: MEDIAN3)	random	8388608	494544291
QuicksortVariant1(pivot: MEDIAN3)	random	16777216	1030838667
QuicksortVariant1(pivot: MEDIAN3)	random	33554432	2169835875
QuicksortVariant1(pivot: MEDIAN3)	random	67108864	4428704250
QuicksortVariant1(pivot: MEDIAN3)	random	134217728	9318109750
QuicksortVariant1(pivot: MEDIAN3)	random	268435456	19037708416
QuicksortVariant1(pivot: MEDIAN3)	ascending	1024	9500
QuicksortVariant1(pivot: MEDIAN3)	ascending	2048	17125
QuicksortVariant1(pivot: MEDIAN3)	ascending	4096	31584
QuicksortVariant1(pivot: MEDIAN3)	ascending	8192	56667
QuicksortVariant1(pivot: MEDIAN3)	ascending	16384	101625
QuicksortVariant1(pivot: MEDIAN3)	ascending	32768	210084
QuicksortVariant1(pivot: MEDIAN3)	ascending	65536	403958
QuicksortVariant1(pivot: MEDIAN3)	ascending	131072	890625
QuicksortVariant1(pivot: MEDIAN3)	ascending	262144	1757875
QuicksortVariant1(pivot: MEDIAN3)	ascending	524288	3636583
QuicksortVariant1(pivot: MEDIAN3)	ascending	1048576	7392917
QuicksortVariant1(pivot: MEDIAN3)	ascending	2097152	15770459
QuicksortVariant1(pivot: MEDIAN3)	ascending	4194304	31830250
QuicksortVariant1(pivot: MEDIAN3)	ascending	8388608	67962083
QuicksortVariant1(pivot: MEDIAN3)	ascending	16777216	137370416
QuicksortVariant1(pivot: MEDIAN3)	ascending	33554432	287956167
QuicksortVariant1(pivot: MEDIAN3)	ascending	67108864	591330916
QuicksortVariant1(pivot: MEDIAN3)	ascending	134217728	1221134375
QuicksortVariant1(pivot: MEDIAN3)	ascending	268435456	2472294542
QuicksortVariant1(pivot: MEDIAN3)	descending	1024	11167
QuicksortVariant1(pivot: MEDIAN3)	descending	2048	19166
QuicksortVariant1(pivot: MEDIAN3)	descending	4096	26958
QuicksortVariant1(pivot: MEDIAN3)	descending	8192	65583
QuicksortVariant1(pivot: MEDIAN3)	descending	16384	112375
QuicksortVariant1(pivot: MEDIAN3)	descending	32768	227250
QuicksortVariant1(pivot: MEDIAN3)	descending	65536	454250
QuicksortVariant1(pivot: MEDIAN3)	descending	131072	943250
QuicksortVariant1(pivot: MEDIAN3)	descending	262144	1930041
QuicksortVariant1(pivot: MEDIAN3)	descending	524288	4020333
QuicksortVariant1(pivot: MEDIAN3)	descending	1048576	8005875
QuicksortVariant1(pivot: MEDIAN3)	descending	2097152	17045708
QuicksortVariant1(pivot: MEDIAN3)	descending	4194304	35163666
QuicksortVariant1(pivot: MEDIAN3)	descending	8388608	75546084
QuicksortVariant1(pivot: MEDIAN3)	descending	16777216	151719958
QuicksortVariant1(pivot: MEDIAN3)	descending	33554432	325248750
QuicksortVariant1(pivot: MEDIAN3)	descending	67108864	657074375
QuicksortVariant1(pivot: MEDIAN3)	descending	134217728	1351279042
QuicksortVariant1(pivot: MEDIAN3)	descending	268435456	2725223875
QuicksortImproved(threshold: 48, partitioning: QuicksortVariant1(pivot: MIDDLE))	random	1024	133541
QuicksortImproved(threshold: 48, partitioning: QuicksortVariant1(pivot: MIDDLE))	random	2048	205792
QuicksortImproved(threshold: 48, partitioning: QuicksortVariant1(pivot: MIDDLE))	random	4096	339542
QuicksortImproved(threshold: 48, partitioning: QuicksortVariant1(pivot: MIDDLE))	random	8192	698500
QuicksortImproved(threshold: 48, partitioning: QuicksortVariant1(pivot: MIDDLE))	random	16384	1475750
QuicksortImproved(threshold: 48, partitioning: QuicksortVariant1(pivot: MIDDLE))	random	32768	3120291
QuicksortImproved(threshold: 48, partitioning: QuicksortVariant1(pivot: MIDDLE))	random	65536	2835250
QuicksortImproved(threshold: 48, partitioning: QuicksortVariant1(pivot: MIDDLE))	random	131072	4549417
QuicksortImproved(threshold: 48, partitioning: QuicksortVariant1(pivot: MIDDLE))	random	262144	10047667
QuicksortImproved(threshold: 48, partitioning: QuicksortVariant1(pivot: MIDDLE))	random	524288	21086833
QuicksortImproved(threshold: 48, partitioning: QuicksortVariant1(pivot: MIDDLE))	random	1048576	44420042
QuicksortImproved(threshold: 48, partitioning: QuicksortVariant1(pivot: MIDDLE))	random	2097152	94827625
QuicksortImproved(threshold: 48, partitioning: QuicksortVariant1(pivot: MIDDLE))	random	4194304	193852333
QuicksortImproved(threshold: 48, partitioning: QuicksortVariant1(pivot: MIDDLE))	random	8388608	409527500
QuicksortImproved(threshold: 48, partitioning: QuicksortVariant1(pivot: MIDDLE))	random	16777216	859878291
QuicksortImproved(threshold: 48, partitioning: QuicksortVariant1(pivot: MIDDLE))	random	33554432	1773769459
QuicksortImproved(threshold: 48, partitioning: QuicksortVariant1(pivot: MIDDLE))	random	67108864	3671570750
QuicksortImproved(threshold: 48, partitioning: QuicksortVariant1(pivot: MIDDLE))	random	134217728	7724987750
QuicksortImproved(threshold: 48, partitioning: QuicksortVariant1(pivot: MIDDLE))	random	268435456	15915047625
QuicksortImproved(threshold: 48, partitioning: QuicksortVariant1(pivot: MIDDLE))	ascending	1024	7375
QuicksortImproved(threshold: 48, partitioning: QuicksortVariant1(pivot: MIDDLE))	ascending	2048	10209
QuicksortImproved(threshold: 48, partitioning: QuicksortVariant1(pivot: MIDDLE))	ascending	4096	15416
QuicksortImproved(threshold: 48, partitioning: QuicksortVariant1(pivot: MIDDLE))	ascending	8192	33542
QuicksortImproved(threshold: 48, partitioning: QuicksortVariant1(pivot: MIDDLE))	ascending	16384	61542
QuicksortImproved(threshold: 48, partitioning: QuicksortVariant1(pivot: MIDDLE))	ascending	32768	116542
QuicksortImproved(threshold: 48, partitioning: QuicksortVariant1(pivot: MIDDLE))	ascending	65536	240167
QuicksortImproved(threshold: 48, partitioning: QuicksortVariant1(pivot: MIDDLE))	ascending	131072	491791
QuicksortImproved(threshold: 48, partitioning: QuicksortVariant1(pivot: MIDDLE))	ascending	262144	1084541
QuicksortImproved(threshold: 48, partitioning: QuicksortVariant1(pivot: MIDDLE))	ascending	524288	2230875
QuicksortImproved(threshold: 48, partitioning: QuicksortVariant1(pivot: MIDDLE))	ascending	1048576	4770625
QuicksortImproved(threshold: 48, partitioning: QuicksortVariant1(pivot: MIDDLE))	ascending	2097152	9823750
QuicksortImproved(threshold: 48, partitioning: QuicksortVariant1(pivot: MIDDLE))	ascending	4194304	20967458
QuicksortImproved(threshold: 48, partitioning: QuicksortVariant1(pivot: MIDDLE))	ascending	8388608	43995750
QuicksortImproved(threshold: 48, partitioning: QuicksortVariant1(pivot: MIDDLE))	ascending	16777216	93213917
QuicksortImproved(threshold: 48, partitioning: QuicksortVariant1(pivot: MIDDLE))	ascending	33554432	190269250
QuicksortImproved(threshold: 48, partitioning: QuicksortVariant1(pivot: MIDDLE))	ascending	67108864	404641791
QuicksortImproved(threshold: 48, partitioning: QuicksortVariant1(pivot: MIDDLE))	ascending	134217728	832860417
QuicksortImproved(threshold: 48, partitioning: QuicksortVariant1(pivot: MIDDLE))	ascending	268435456	1726303833
QuicksortImproved(threshold: 48, partitioning: QuicksortVariant1(pivot: MIDDLE))	descending	1024	8667
QuicksortImproved(threshold: 48, partitioning: QuicksortVariant1(pivot: MIDDLE))	descending	2048	11291
QuicksortImproved(threshold: 48, partitioning: QuicksortVariant1(pivot: MIDDLE))	descending	4096	18667
QuicksortImproved(threshold: 48, partitioning: QuicksortVariant1(pivot: MIDDLE))	descending	8192	36834
QuicksortImproved(threshold: 48, partitioning: QuicksortVariant1(pivot: MIDDLE))	descending	16384	67625
QuicksortImproved(threshold: 48, partitioning: QuicksortVariant1(pivot: MIDDLE))	descending	32768	132708
QuicksortImproved(threshold: 48, partitioning: QuicksortVariant1(pivot: MIDDLE))	descending	65536	271375
QuicksortImproved(threshold: 48, partitioning: QuicksortVariant1(pivot: MIDDLE))	descending	131072	567542
QuicksortImproved(threshold: 48, partitioning: QuicksortVariant1(pivot: MIDDLE))	descending	262144	1177000
QuicksortImproved(threshold: 48, partitioning: QuicksortVariant1(pivot: MIDDLE))	descending	524288	2517125
QuicksortImproved(threshold: 48, partitioning: QuicksortVariant1(pivot: MIDDLE))	descending	1048576	5131709
QuicksortImproved(threshold: 48, partitioning: QuicksortVariant1(pivot: MIDDLE))	descending	2097152	11132583
QuicksortImproved(threshold: 48, partitioning: QuicksortVariant1(pivot: MIDDLE))	descending	4194304	23199000
QuicksortImproved(threshold: 48, partitioning: QuicksortVariant1(pivot: MIDDLE))	descending	8388608	48104084
QuicksortImproved(threshold: 48, partitioning: QuicksortVariant1(pivot: MIDDLE))	descending	16777216	101977083
QuicksortImproved(threshold: 48, partitioning: QuicksortVariant1(pivot: MIDDLE))	descending	33554432	210492125
QuicksortImproved(threshold: 48, partitioning: QuicksortVariant1(pivot: MIDDLE))	descending	67108864	434876875
QuicksortImproved(threshold: 48, partitioning: QuicksortVariant1(pivot: MIDDLE))	descending	134217728	907304834
QuicksortImproved(threshold: 48, partitioning: QuicksortVariant1(pivot: MIDDLE))	descending	268435456	1872068959
DualPivotQuicksort(pivot: THIRDS)	random	1024	296916
DualPivotQuicksort(pivot: THIRDS)	random	2048	405292
DualPivotQuicksort(pivot: THIRDS)	random	4096	805084
DualPivotQuicksort(pivot: THIRDS)	random	8192	1497459
DualPivotQuicksort(pivot: THIRDS)	random	16384	3045875
DualPivotQuicksort(pivot: THIRDS)	random	32768	3102458
DualPivotQuicksort(pivot: THIRDS)	random	65536	2581417
DualPivotQuicksort(pivot: THIRDS)	random	131072	5420958
DualPivotQuicksort(pivot: THIRDS)	random	262144	11116709
DualPivotQuicksort(pivot: THIRDS)	random	524288	23466042
DualPivotQuicksort(pivot: THIRDS)	random	1048576	49627583
DualPivotQuicksort(pivot: THIRDS)	random	2097152	103563083
DualPivotQuicksort(pivot: THIRDS)	random	4194304	217342125
DualPivotQuicksort(pivot: THIRDS)	random	8388608	449688917
DualPivotQuicksort(pivot: THIRDS)	random	16777216	919696500
DualPivotQuicksort(pivot: THIRDS)	random	33554432	1922012875
DualPivotQuicksort(pivot: THIRDS)	random	67108864	4003352209
DualPivotQuicksort(pivot: THIRDS)	random	134217728	8083438166
DualPivotQuicksort(pivot: THIRDS)	random	268435456	17229961416
DualPivotQuicksort(pivot: THIRDS)	ascending	1024	10709
DualPivotQuicksort(pivot: THIRDS)	ascending	2048	16583
DualPivotQuicksort(pivot: THIRDS)	ascending	4096	21792
DualPivotQuicksort(pivot: THIRDS)	ascending	8192	55625
DualPivotQuicksort(pivot: THIRDS)	ascending	16384	100833
DualPivotQuicksort(pivot: THIRDS)	ascending	32768	189000
DualPivotQuicksort(pivot: THIRDS)	ascending	65536	412417
DualPivotQuicksort(pivot: THIRDS)	ascending	131072	854375
DualPivotQuicksort(pivot: THIRDS)	ascending	262144	1629334
DualPivotQuicksort(pivot: THIRDS)	ascending	524288	3967000
DualPivotQuicksort(pivot: THIRDS)	ascending	1048576	7620250
DualPivotQuicksort(pivot: THIRDS)	ascending	2097152	15949667
DualPivotQuicksort(pivot: THIRDS)	ascending	4194304	36060333
DualPivotQuicksort(pivot: THIRDS)	ascending	8388608	70961917
DualPivotQuicksort(pivot: THIRDS)	ascending	16777216	151039708
DualPivotQuicksort(pivot: THIRDS)	ascending	33554432	309959000
DualPivotQuicksort(pivot: THIRDS)	ascending	67108864	663490792
DualPivotQuicksort(pivot: THIRDS)	ascending	134217728	1335845792
DualPivotQuicksort(pivot: THIRDS)	ascending	268435456	2809672042
DualPivotQuicksort(pivot: THIRDS)	descending	1024	11208
DualPivotQuicksort(pivot: THIRDS)	descending	2048	16042
DualPivotQuicksort(pivot: THIRDS)	descending	4096	27083
DualPivotQuicksort(pivot: THIRDS)	descending	8192	49375
DualPivotQuicksort(pivot: THIRDS)	descending	16384	100709
DualPivotQuicksort(pivot: THIRDS)	descending	32768	183583
DualPivotQuicksort(pivot: THIRDS)	descending	65536	446750
DualPivotQuicksort(pivot: THIRDS)	descending	131072	866125
DualPivotQuicksort(pivot: THIRDS)	descending	262144	1742334
DualPivotQuicksort(pivot: THIRDS)	descending	524288	4265750
DualPivotQuicksort(pivot: THIRDS)	descending	1048576	8097458
DualPivotQuicksort(pivot: THIRDS)	descending	2097152	16699833
DualPivotQuicksort(pivot: THIRDS)	descending	4194304	38022000
DualPivotQuicksort(pivot: THIRDS)	descending	8388608	72429417
DualPivotQuicksort(pivot: THIRDS)	descending	16777216	149988916
DualPivotQuicksort(pivot: THIRDS)	descending	33554432	322583375
DualPivotQuicksort(pivot: THIRDS)	descending	67108864	680223709
DualPivotQuicksort(pivot: THIRDS)	descending	134217728	1388115000
DualPivotQuicksort(pivot: THIRDS)	descending	268435456	2811160375
DualPivotQuicksortImproved(threshold: 64, pivot: THIRDS)	random	1024	132417
DualPivotQuicksortImproved(threshold: 64, pivot: THIRDS)	random	2048	219792
DualPivotQuicksortImproved(threshold: 64, pivot: THIRDS)	random	4096	386084
DualPivotQuicksortImproved(threshold: 64, pivot: THIRDS)	random	8192	706250
DualPivotQuicksortImproved(threshold: 64, pivot: THIRDS)	random	16384	1537500
DualPivotQuicksortImproved(threshold: 64, pivot: THIRDS)	random	32768	3184250
DualPivotQuicksortImproved(threshold: 64, pivot: THIRDS)	random	65536	6480417
DualPivotQuicksortImproved(threshold: 64, pivot: THIRDS)	random	131072	5836875
DualPivotQuicksortImproved(threshold: 64, pivot: THIRDS)	random	262144	11704708
DualPivotQuicksortImproved(threshold: 64, pivot: THIRDS)	random	524288	25083875
DualPivotQuicksortImproved(threshold: 64, pivot: THIRDS)	random	1048576	54602833
DualPivotQuicksortImproved(threshold: 64, pivot: THIRDS)	random	2097152	111842750
DualPivotQuicksortImproved(threshold: 64, pivot: THIRDS)	random	4194304	234904542
DualPivotQuicksortImproved(threshold: 64, pivot: THIRDS)	random	8388608	493135917
DualPivotQuicksortImproved(threshold: 64, pivot: THIRDS)	random	16777216	1056581417
DualPivotQuicksortImproved(threshold: 64, pivot: THIRDS)	random	33554432	2190113125
DualPivotQuicksortImproved(threshold: 64, pivot: THIRDS)	random	67108864	4548750667
DualPivotQuicksortImproved(threshold: 64, pivot: THIRDS)	random	134217728	9506245208
DualPivotQuicksortImproved(threshold: 64, pivot: THIRDS)	random	268435456	20110961834
DualPivotQuicksortImproved(threshold: 64, pivot: THIRDS)	ascending	1024	10958
DualPivotQuicksortImproved(threshold: 64, pivot: THIRDS)	ascending	2048	16083
DualPivotQuicksortImproved(threshold: 64, pivot: THIRDS)	ascending	4096	34750
DualPivotQuicksortImproved(threshold: 64, pivot: THIRDS)	ascending	8192	62417
DualPivotQuicksortImproved(threshold: 64, pivot: THIRDS)	ascending	16384	139667
DualPivotQuicksortImproved(threshold: 64, pivot: THIRDS)	ascending	32768	257125
DualPivotQuicksortImproved(threshold: 64, pivot: THIRDS)	ascending	65536	586292
DualPivotQuicksortImproved(threshold: 64, pivot: THIRDS)	ascending	131072	1169916
DualPivotQuicksortImproved(threshold: 64, pivot: THIRDS)	ascending	262144	2635500
DualPivotQuicksortImproved(threshold: 64, pivot: THIRDS)	ascending	524288	6145292
DualPivotQuicksortImproved(threshold: 64, pivot: THIRDS)	ascending	1048576	12215833
DualPivotQuicksortImproved(threshold: 64, pivot: THIRDS)	ascending	2097152	25961291
DualPivotQuicksortImproved(threshold: 64, pivot: THIRDS)	ascending	4194304	57486459
DualPivotQuicksortImproved(threshold: 64, pivot: THIRDS)	ascending	8388608	119960541
DualPivotQuicksortImproved(threshold: 64, pivot: THIRDS)	ascending	16777216	246900791
DualPivotQuicksortImproved(threshold: 64, pivot: THIRDS)	ascending	33554432	484849333
DualPivotQuicksortImproved(threshold: 64, pivot: THIRDS)	ascending	67108864	1072376625
DualPivotQuicksortImproved(threshold: 64, pivot: THIRDS)	ascending	134217728	2265459625
DualPivotQuicksortImproved(threshold: 64, pivot: THIRDS)	ascending	268435456	4519674459
DualPivotQuicksortImproved(threshold: 64, pivot: THIRDS)	descending	1024	11250
DualPivotQuicksortImproved(threshold: 64, pivot: THIRDS)	descending	2048	19333
DualPivotQuicksortImproved(threshold: 64, pivot: THIRDS)	descending	4096	34208
DualPivotQuicksortImproved(threshold: 64, pivot: THIRDS)	descending	8192	67333
DualPivotQuicksortImproved(threshold: 64, pivot: THIRDS)	descending	16384	134708
DualPivotQuicksortImproved(threshold: 64, pivot: THIRDS)	descending	32768	254958
DualPivotQuicksortImproved(threshold: 64, pivot: THIRDS)	descending	65536	601125
DualPivotQuicksortImproved(threshold: 64, pivot: THIRDS)	descending	131072	1153875
DualPivotQuicksortImproved(threshold: 64, pivot: THIRDS)	descending	262144	2668625
DualPivotQuicksortImproved(threshold: 64, pivot: THIRDS)	descending	524288	5995542
DualPivotQuicksortImproved(threshold: 64, pivot: THIRDS)	descending	1048576	13243042
DualPivotQuicksortImproved(threshold: 64, pivot: THIRDS)	descending	2097152	31649000
DualPivotQuicksortImproved(threshold: 64, pivot: THIRDS)	descending	4194304	64424917
DualPivotQuicksortImproved(threshold: 64, pivot: THIRDS)	descending	8388608	125285917
DualPivotQuicksortImproved(threshold: 64, pivot: THIRDS)	descending	16777216	265245791
DualPivotQuicksortImproved(threshold: 64, pivot: THIRDS)	descending	33554432	498089666
DualPivotQuicksortImproved(threshold: 64, pivot: THIRDS)	descending	67108864	1114607917
DualPivotQuicksortImproved(threshold: 64, pivot: THIRDS)	descending	134217728	2291106958
DualPivotQuicksortImproved(threshold: 64, pivot: THIRDS)	descending	268435456	4564215209
JavaArraysSort	random	1024	169042
JavaArraysSort	random	2048	327375
JavaArraysSort	random	4096	585750
JavaArraysSort	random	8192	770375
JavaArraysSort	random	16384	625416
JavaArraysSort	random	32768	1135083
JavaArraysSort	random	65536	2172458
JavaArraysSort	random	131072	4548542
JavaArraysSort	random	262144	9776917
JavaArraysSort	random	524288	20592792
JavaArraysSort	random	1048576	44749625
JavaArraysSort	random	2097152	91724750
JavaArraysSort	random	4194304	181967125
JavaArraysSort	random	8388608	379708042
JavaArraysSort	random	16777216	825871417
JavaArraysSort	random	33554432	1667138084
JavaArraysSort	random	67108864	3483619292
JavaArraysSort	random	134217728	7133389250
JavaArraysSort	random	268435456	14928954833
JavaArraysSort	ascending	1024	5709
JavaArraysSort	ascending	2048	2917
JavaArraysSort	ascending	4096	2458
JavaArraysSort	ascending	8192	2375
JavaArraysSort	ascending	16384	4500
JavaArraysSort	ascending	32768	7834
JavaArraysSort	ascending	65536	11583
JavaArraysSort	ascending	131072	26084
JavaArraysSort	ascending	262144	45917
JavaArraysSort	ascending	524288	77458
JavaArraysSort	ascending	1048576	156084
JavaArraysSort	ascending	2097152	307625
JavaArraysSort	ascending	4194304	605250
JavaArraysSort	ascending	8388608	957834
JavaArraysSort	ascending	16777216	2377125
JavaArraysSort	ascending	33554432	4783459
JavaArraysSort	ascending	67108864	9585417
JavaArraysSort	ascending	134217728	19032208
JavaArraysSort	ascending	268435456	37913125
JavaArraysSort	descending	1024	3541
JavaArraysSort	descending	2048	3583
JavaArraysSort	descending	4096	3500
JavaArraysSort	descending	8192	5375
JavaArraysSort	descending	16384	9542
JavaArraysSort	descending	32768	17709
JavaArraysSort	descending	65536	33083
JavaArraysSort	descending	131072	56542
JavaArraysSort	descending	262144	100250
JavaArraysSort	descending	524288	197667
JavaArraysSort	descending	1048576	396750
JavaArraysSort	descending	2097152	771458
JavaArraysSort	descending	4194304	1563208
JavaArraysSort	descending	8388608	3096750
JavaArraysSort	descending	16777216	5926291
JavaArraysSort	descending	33554432	12076250
JavaArraysSort	descending	67108864	25124250
JavaArraysSort	descending	134217728	52163958
JavaArraysSort	descending	268435456	101280667
QuicksortVariant1(pivot: RIGHT)	random	1024	246875
QuicksortVariant1(pivot: RIGHT)	random	2048	438375
QuicksortVariant1(pivot: RIGHT)	random	4096	390166
QuicksortVariant1(pivot: RIGHT)	random	8192	526667
QuicksortVariant1(pivot: RIGHT)	random	16384	1059709
QuicksortVariant1(pivot: RIGHT)	random	32768	1391250
QuicksortVariant1(pivot: RIGHT)	random	65536	2602459
QuicksortVariant1(pivot: RIGHT)	random	131072	5418750
QuicksortVariant1(pivot: RIGHT)	random	262144	11723500
QuicksortVariant1(pivot: RIGHT)	random	524288	24665583
QuicksortVariant1(pivot: RIGHT)	random	1048576	52946375
QuicksortVariant1(pivot: RIGHT)	random	2097152	108980875
QuicksortVariant1(pivot: RIGHT)	random	4194304	219191875
QuicksortVariant1(pivot: RIGHT)	random	8388608	456696125
QuicksortVariant1(pivot: RIGHT)	random	16777216	957704583
QuicksortVariant1(pivot: RIGHT)	random	33554432	2015198958
QuicksortVariant1(pivot: RIGHT)	random	67108864	4211213083
QuicksortVariant1(pivot: RIGHT)	random	134217728	8530100125
QuicksortVariant1(pivot: RIGHT)	random	268435456	17783829917
QuicksortVariant1(pivot: RIGHT)	ascending	1024	142334
QuicksortVariant1(pivot: RIGHT)	ascending	2048	516375
QuicksortVariant1(pivot: RIGHT)	ascending	4096	1989500
QuicksortVariant1(pivot: RIGHT)	ascending	8192	7901250
QuicksortVariant1(pivot: RIGHT)	ascending	16384	34880042
QuicksortVariant1(pivot: RIGHT)	ascending	32768	SOE
QuicksortVariant1(pivot: RIGHT)	descending	1024	158834
QuicksortVariant1(pivot: RIGHT)	descending	2048	557958
QuicksortVariant1(pivot: RIGHT)	descending	4096	2250459
QuicksortVariant1(pivot: RIGHT)	descending	8192	7802000
QuicksortVariant1(pivot: RIGHT)	descending	16384	30990791
QuicksortVariant1(pivot: RIGHT)	descending	32768	SOE
QuicksortVariant1(pivot: MIDDLE)	random	1024	39708
QuicksortVariant1(pivot: MIDDLE)	random	2048	76584
QuicksortVariant1(pivot: MIDDLE)	random	4096	149166
QuicksortVariant1(pivot: MIDDLE)	random	8192	289833
QuicksortVariant1(pivot: MIDDLE)	random	16384	597375
QuicksortVariant1(pivot: MIDDLE)	random	32768	1290209
QuicksortVariant1(pivot: MIDDLE)	random	65536	2642541
QuicksortVariant1(pivot: MIDDLE)	random	131072	5658167
QuicksortVariant1(pivot: MIDDLE)	random	262144	11878208
QuicksortVariant1(pivot: MIDDLE)	random	524288	24325417
QuicksortVariant1(pivot: MIDDLE)	random	1048576	51456917
QuicksortVariant1(pivot: MIDDLE)	random	2097152	106174917
QuicksortVariant1(pivot: MIDDLE)	random	4194304	226219709
QuicksortVariant1(pivot: MIDDLE)	random	8388608	459887208
QuicksortVariant1(pivot: MIDDLE)	random	16777216	976866084
QuicksortVariant1(pivot: MIDDLE)	random	33554432	2025212167
QuicksortVariant1(pivot: MIDDLE)	random	67108864	4143692416
QuicksortVariant1(pivot: MIDDLE)	random	134217728	8705620042
QuicksortVariant1(pivot: MIDDLE)	random	268435456	17827712875
QuicksortVariant1(pivot: MIDDLE)	ascending	1024	8000
QuicksortVariant1(pivot: MIDDLE)	ascending	2048	14667
QuicksortVariant1(pivot: MIDDLE)	ascending	4096	25417
QuicksortVariant1(pivot: MIDDLE)	ascending	8192	46708
QuicksortVariant1(pivot: MIDDLE)	ascending	16384	79333
QuicksortVariant1(pivot: MIDDLE)	ascending	32768	171208
QuicksortVariant1(pivot: MIDDLE)	ascending	65536	330583
QuicksortVariant1(pivot: MIDDLE)	ascending	131072	717625
QuicksortVariant1(pivot: MIDDLE)	ascending	262144	1441958
QuicksortVariant1(pivot: MIDDLE)	ascending	524288	3153375
QuicksortVariant1(pivot: MIDDLE)	ascending	1048576	6505625
QuicksortVariant1(pivot: MIDDLE)	ascending	2097152	12901042
QuicksortVariant1(pivot: MIDDLE)	ascending	4194304	27051500
QuicksortVariant1(pivot: MIDDLE)	ascending	8388608	56768625
QuicksortVariant1(pivot: MIDDLE)	ascending	16777216	117227542
QuicksortVariant1(pivot: MIDDLE)	ascending	33554432	241660625
QuicksortVariant1(pivot: MIDDLE)	ascending	67108864	491271083
QuicksortVariant1(pivot: MIDDLE)	ascending	134217728	1039926250
QuicksortVariant1(pivot: MIDDLE)	ascending	268435456	2078059000
QuicksortVariant1(pivot: MIDDLE)	descending	1024	10000
QuicksortVariant1(pivot: MIDDLE)	descending	2048	14708
QuicksortVariant1(pivot: MIDDLE)	descending	4096	24167
QuicksortVariant1(pivot: MIDDLE)	descending	8192	52250
QuicksortVariant1(pivot: MIDDLE)	descending	16384	96084
QuicksortVariant1(pivot: MIDDLE)	descending	32768	186375
QuicksortVariant1(pivot: MIDDLE)	descending	65536	386542
QuicksortVariant1(pivot: MIDDLE)	descending	131072	797709
QuicksortVariant1(pivot: MIDDLE)	descending	262144	1635542
QuicksortVariant1(pivot: MIDDLE)	descending	524288	3502458
QuicksortVariant1(pivot: MIDDLE)	descending	1048576	6948625
QuicksortVariant1(pivot: MIDDLE)	descending	2097152	14708958
QuicksortVariant1(pivot: MIDDLE)	descending	4194304	30152333
QuicksortVariant1(pivot: MIDDLE)	descending	8388608	63963917
QuicksortVariant1(pivot: MIDDLE)	descending	16777216	131359750
QuicksortVariant1(pivot: MIDDLE)	descending	33554432	271834375
QuicksortVariant1(pivot: MIDDLE)	descending	67108864	550494750
QuicksortVariant1(pivot: MIDDLE)	descending	134217728	1149145834
QuicksortVariant1(pivot: MIDDLE)	descending	268435456	2340345166
QuicksortVariant1(pivot: MEDIAN3)	random	1024	92750
QuicksortVariant1(pivot: MEDIAN3)	random	2048	106875
QuicksortVariant1(pivot: MEDIAN3)	random	4096	159333
QuicksortVariant1(pivot: MEDIAN3)	random	8192	315000
QuicksortVariant1(pivot: MEDIAN3)	random	16384	677042
QuicksortVariant1(pivot: MEDIAN3)	random	32768	1392292
QuicksortVariant1(pivot: MEDIAN3)	random	65536	2791167
QuicksortVariant1(pivot: MEDIAN3)	random	131072	6070167
QuicksortVariant1(pivot: MEDIAN3)	random	262144	12846500
QuicksortVariant1(pivot: MEDIAN3)	random	524288	26714750
QuicksortVariant1(pivot: MEDIAN3)	random	1048576	54640625
QuicksortVariant1(pivot: MEDIAN3)	random	2097152	114030083
QuicksortVariant1(pivot: MEDIAN3)	random	4194304	240585792
QuicksortVariant1(pivot: MEDIAN3)	random	8388608	499653666
QuicksortVariant1(pivot: MEDIAN3)	random	16777216	1021982458
QuicksortVariant1(pivot: MEDIAN3)	random	33554432	2159418375
QuicksortVariant1(pivot: MEDIAN3)	random	67108864	4441437959
QuicksortVariant1(pivot: MEDIAN3)	random	134217728	9227655750
QuicksortVariant1(pivot: MEDIAN3)	random	268435456	19029047625
QuicksortVariant1(pivot: MEDIAN3)	ascending	1024	10041
QuicksortVariant1(pivot: MEDIAN3)	ascending	2048	16708
QuicksortVariant1(pivot: MEDIAN3)	ascending	4096	23208
QuicksortVariant1(pivot: MEDIAN3)	ascending	8192	52875
QuicksortVariant1(pivot: MEDIAN3)	ascending	16384	96125
QuicksortVariant1(pivot: MEDIAN3)	ascending	32768	199792
QuicksortVariant1(pivot: MEDIAN3)	ascending	65536	379041
QuicksortVariant1(pivot: MEDIAN3)	ascending	131072	828791
QuicksortVariant1(pivot: MEDIAN3)	ascending	262144	1595959
QuicksortVariant1(pivot: MEDIAN3)	ascending	524288	3425708
QuicksortVariant1(pivot: MEDIAN3)	ascending	1048576	6892458
QuicksortVariant1(pivot: MEDIAN3)	ascending	2097152	15265542
QuicksortVariant1(pivot: MEDIAN3)	ascending	4194304	30195083
QuicksortVariant1(pivot: MEDIAN3)	ascending	8388608	64946042
QuicksortVariant1(pivot: MEDIAN3)	ascending	16777216	130486584
QuicksortVariant1(pivot: MEDIAN3)	ascending	33554432	269910875
QuicksortVariant1(pivot: MEDIAN3)	ascending	67108864	542776042
QuicksortVariant1(pivot: MEDIAN3)	ascending	134217728	1214954625
QuicksortVariant1(pivot: MEDIAN3)	ascending	268435456	2353017084
QuicksortVariant1(pivot: MEDIAN3)	descending	1024	9958
QuicksortVariant1(pivot: MEDIAN3)	descending	2048	16542
QuicksortVariant1(pivot: MEDIAN3)	descending	4096	33875
QuicksortVariant1(pivot: MEDIAN3)	descending	8192	57584
QuicksortVariant1(pivot: MEDIAN3)	descending	16384	103500
QuicksortVariant1(pivot: MEDIAN3)	descending	32768	227625
QuicksortVariant1(pivot: MEDIAN3)	descending	65536	419208
QuicksortVariant1(pivot: MEDIAN3)	descending	131072	889125
QuicksortVariant1(pivot: MEDIAN3)	descending	262144	1795333
QuicksortVariant1(pivot: MEDIAN3)	descending	524288	3862917
QuicksortVariant1(pivot: MEDIAN3)	descending	1048576	7522875
QuicksortVariant1(pivot: MEDIAN3)	descending	2097152	16135500
QuicksortVariant1(pivot: MEDIAN3)	descending	4194304	32614959
QuicksortVariant1(pivot: MEDIAN3)	descending	8388608	69360875
QuicksortVariant1(pivot: MEDIAN3)	descending	16777216	141811083
QuicksortVariant1(pivot: MEDIAN3)	descending	33554432	293294500
QuicksortVariant1(pivot: MEDIAN3)	descending	67108864	590841666
QuicksortVariant1(pivot: MEDIAN3)	descending	134217728	1290841083
QuicksortVariant1(pivot: MEDIAN3)	descending	268435456	2691044708
QuicksortImproved(threshold: 48, partitioning: QuicksortVariant1(pivot: MIDDLE))	random	1024	29875
QuicksortImproved(threshold: 48, partitioning: QuicksortVariant1(pivot: MIDDLE))	random	2048	80500
QuicksortImproved(threshold: 48, partitioning: QuicksortVariant1(pivot: MIDDLE))	random	4096	120500
QuicksortImproved(threshold: 48, partitioning: QuicksortVariant1(pivot: MIDDLE))	random	8192	251375
QuicksortImproved(threshold: 48, partitioning: QuicksortVariant1(pivot: MIDDLE))	random	16384	529792
QuicksortImproved(threshold: 48, partitioning: QuicksortVariant1(pivot: MIDDLE))	random	32768	1130833
QuicksortImproved(threshold: 48, partitioning: QuicksortVariant1(pivot: MIDDLE))	random	65536	2403875
QuicksortImproved(threshold: 48, partitioning: QuicksortVariant1(pivot: MIDDLE))	random	131072	5244958
QuicksortImproved(threshold: 48, partitioning: QuicksortVariant1(pivot: MIDDLE))	random	262144	10078542
QuicksortImproved(threshold: 48, partitioning: QuicksortVariant1(pivot: MIDDLE))	random	524288	20728875
QuicksortImproved(threshold: 48, partitioning: QuicksortVariant1(pivot: MIDDLE))	random	1048576	44396417
QuicksortImproved(threshold: 48, partitioning: QuicksortVariant1(pivot: MIDDLE))	random	2097152	92411333
QuicksortImproved(threshold: 48, partitioning: QuicksortVariant1(pivot: MIDDLE))	random	4194304	197906375
QuicksortImproved(threshold: 48, partitioning: QuicksortVariant1(pivot: MIDDLE))	random	8388608	406636000
QuicksortImproved(threshold: 48, partitioning: QuicksortVariant1(pivot: MIDDLE))	random	16777216	854494625
QuicksortImproved(threshold: 48, partitioning: QuicksortVariant1(pivot: MIDDLE))	random	33554432	1838347208
QuicksortImproved(threshold: 48, partitioning: QuicksortVariant1(pivot: MIDDLE))	random	67108864	3755809709
QuicksortImproved(threshold: 48, partitioning: QuicksortVariant1(pivot: MIDDLE))	random	134217728	8070486792
QuicksortImproved(threshold: 48, partitioning: QuicksortVariant1(pivot: MIDDLE))	random	268435456	16007242917
QuicksortImproved(threshold: 48, partitioning: QuicksortVariant1(pivot: MIDDLE))	ascending	1024	7584
QuicksortImproved(threshold: 48, partitioning: QuicksortVariant1(pivot: MIDDLE))	ascending	2048	9000
QuicksortImproved(threshold: 48, partitioning: QuicksortVariant1(pivot: MIDDLE))	ascending	4096	15459
QuicksortImproved(threshold: 48, partitioning: QuicksortVariant1(pivot: MIDDLE))	ascending	8192	32500
QuicksortImproved(threshold: 48, partitioning: QuicksortVariant1(pivot: MIDDLE))	ascending	16384	57584
QuicksortImproved(threshold: 48, partitioning: QuicksortVariant1(pivot: MIDDLE))	ascending	32768	116167
QuicksortImproved(threshold: 48, partitioning: QuicksortVariant1(pivot: MIDDLE))	ascending	65536	234292
QuicksortImproved(threshold: 48, partitioning: QuicksortVariant1(pivot: MIDDLE))	ascending	131072	491833
QuicksortImproved(threshold: 48, partitioning: QuicksortVariant1(pivot: MIDDLE))	ascending	262144	1028125
QuicksortImproved(threshold: 48, partitioning: QuicksortVariant1(pivot: MIDDLE))	ascending	524288	2249875
QuicksortImproved(threshold: 48, partitioning: QuicksortVariant1(pivot: MIDDLE))	ascending	1048576	4566208
QuicksortImproved(threshold: 48, partitioning: QuicksortVariant1(pivot: MIDDLE))	ascending	2097152	9908709
QuicksortImproved(threshold: 48, partitioning: QuicksortVariant1(pivot: MIDDLE))	ascending	4194304	20945125
QuicksortImproved(threshold: 48, partitioning: QuicksortVariant1(pivot: MIDDLE))	ascending	8388608	44614334
QuicksortImproved(threshold: 48, partitioning: QuicksortVariant1(pivot: MIDDLE))	ascending	16777216	91200084
QuicksortImproved(threshold: 48, partitioning: QuicksortVariant1(pivot: MIDDLE))	ascending	33554432	192934834
QuicksortImproved(threshold: 48, partitioning: QuicksortVariant1(pivot: MIDDLE))	ascending	67108864	400214542
QuicksortImproved(threshold: 48, partitioning: QuicksortVariant1(pivot: MIDDLE))	ascending	134217728	848196250
QuicksortImproved(threshold: 48, partitioning: QuicksortVariant1(pivot: MIDDLE))	ascending	268435456	1743364292
QuicksortImproved(threshold: 48, partitioning: QuicksortVariant1(pivot: MIDDLE))	descending	1024	8125
QuicksortImproved(threshold: 48, partitioning: QuicksortVariant1(pivot: MIDDLE))	descending	2048	11709
QuicksortImproved(threshold: 48, partitioning: QuicksortVariant1(pivot: MIDDLE))	descending	4096	18041
QuicksortImproved(threshold: 48, partitioning: QuicksortVariant1(pivot: MIDDLE))	descending	8192	38458
QuicksortImproved(threshold: 48, partitioning: QuicksortVariant1(pivot: MIDDLE))	descending	16384	59791
QuicksortImproved(threshold: 48, partitioning: QuicksortVariant1(pivot: MIDDLE))	descending	32768	134625
QuicksortImproved(threshold: 48, partitioning: QuicksortVariant1(pivot: MIDDLE))	descending	65536	265500
QuicksortImproved(threshold: 48, partitioning: QuicksortVariant1(pivot: MIDDLE))	descending	131072	590000
QuicksortImproved(threshold: 48, partitioning: QuicksortVariant1(pivot: MIDDLE))	descending	262144	1144417
QuicksortImproved(threshold: 48, partitioning: QuicksortVariant1(pivot: MIDDLE))	descending	524288	2620375
QuicksortImproved(threshold: 48, partitioning: QuicksortVariant1(pivot: MIDDLE))	descending	1048576	5244708
QuicksortImproved(threshold: 48, partitioning: QuicksortVariant1(pivot: MIDDLE))	descending	2097152	11661208
QuicksortImproved(threshold: 48, partitioning: QuicksortVariant1(pivot: MIDDLE))	descending	4194304	22353583
QuicksortImproved(threshold: 48, partitioning: QuicksortVariant1(pivot: MIDDLE))	descending	8388608	49326959
QuicksortImproved(threshold: 48, partitioning: QuicksortVariant1(pivot: MIDDLE))	descending	16777216	101961958
QuicksortImproved(threshold: 48, partitioning: QuicksortVariant1(pivot: MIDDLE))	descending	33554432	216236833
QuicksortImproved(threshold: 48, partitioning: QuicksortVariant1(pivot: MIDDLE))	descending	67108864	441024875
QuicksortImproved(threshold: 48, partitioning: QuicksortVariant1(pivot: MIDDLE))	descending	134217728	930550250
QuicksortImproved(threshold: 48, partitioning: QuicksortVariant1(pivot: MIDDLE))	descending	268435456	1898678625
DualPivotQuicksort(pivot: THIRDS)	random	1024	40584
DualPivotQuicksort(pivot: THIRDS)	random	2048	68459
DualPivotQuicksort(pivot: THIRDS)	random	4096	135750
DualPivotQuicksort(pivot: THIRDS)	random	8192	290667
DualPivotQuicksort(pivot: THIRDS)	random	16384	557250
DualPivotQuicksort(pivot: THIRDS)	random	32768	1175500
DualPivotQuicksort(pivot: THIRDS)	random	65536	2630375
DualPivotQuicksort(pivot: THIRDS)	random	131072	5242417
DualPivotQuicksort(pivot: THIRDS)	random	262144	11346125
DualPivotQuicksort(pivot: THIRDS)	random	524288	23450666
DualPivotQuicksort(pivot: THIRDS)	random	1048576	49322208
DualPivotQuicksort(pivot: THIRDS)	random	2097152	106156875
DualPivotQuicksort(pivot: THIRDS)	random	4194304	216076958
DualPivotQuicksort(pivot: THIRDS)	random	8388608	445642500
DualPivotQuicksort(pivot: THIRDS)	random	16777216	930469375
DualPivotQuicksort(pivot: THIRDS)	random	33554432	1940231875
DualPivotQuicksort(pivot: THIRDS)	random	67108864	4047182833
DualPivotQuicksort(pivot: THIRDS)	random	134217728	8612963250
DualPivotQuicksort(pivot: THIRDS)	random	268435456	17691091584
DualPivotQuicksort(pivot: THIRDS)	ascending	1024	11375
DualPivotQuicksort(pivot: THIRDS)	ascending	2048	15333
DualPivotQuicksort(pivot: THIRDS)	ascending	4096	27500
DualPivotQuicksort(pivot: THIRDS)	ascending	8192	48250
DualPivotQuicksort(pivot: THIRDS)	ascending	16384	101583
DualPivotQuicksort(pivot: THIRDS)	ascending	32768	180875
DualPivotQuicksort(pivot: THIRDS)	ascending	65536	433417
DualPivotQuicksort(pivot: THIRDS)	ascending	131072	894292
DualPivotQuicksort(pivot: THIRDS)	ascending	262144	1722666
DualPivotQuicksort(pivot: THIRDS)	ascending	524288	4224833
DualPivotQuicksort(pivot: THIRDS)	ascending	1048576	7925792
DualPivotQuicksort(pivot: THIRDS)	ascending	2097152	16824708
DualPivotQuicksort(pivot: THIRDS)	ascending	4194304	37826083
DualPivotQuicksort(pivot: THIRDS)	ascending	8388608	78512833
DualPivotQuicksort(pivot: THIRDS)	ascending	16777216	157922625
DualPivotQuicksort(pivot: THIRDS)	ascending	33554432	334449708
DualPivotQuicksort(pivot: THIRDS)	ascending	67108864	699426875
DualPivotQuicksort(pivot: THIRDS)	ascending	134217728	1432543625
DualPivotQuicksort(pivot: THIRDS)	ascending	268435456	2884345208
DualPivotQuicksort(pivot: THIRDS)	descending	1024	13542
DualPivotQuicksort(pivot: THIRDS)	descending	2048	17875
DualPivotQuicksort(pivot: THIRDS)	descending	4096	26250
DualPivotQuicksort(pivot: THIRDS)	descending	8192	55416
DualPivotQuicksort(pivot: THIRDS)	descending	16384	101833
DualPivotQuicksort(pivot: THIRDS)	descending	32768	182500
DualPivotQuicksort(pivot: THIRDS)	descending	65536	461000
DualPivotQuicksort(pivot: THIRDS)	descending	131072	895750
DualPivotQuicksort(pivot: THIRDS)	descending	262144	1766625
DualPivotQuicksort(pivot: THIRDS)	descending	524288	4347250
DualPivotQuicksort(pivot: THIRDS)	descending	1048576	8322333
DualPivotQuicksort(pivot: THIRDS)	descending	2097152	16892583
DualPivotQuicksort(pivot: THIRDS)	descending	4194304	38150334
DualPivotQuicksort(pivot: THIRDS)	descending	8388608	74468833
DualPivotQuicksort(pivot: THIRDS)	descending	16777216	159651250
DualPivotQuicksort(pivot: THIRDS)	descending	33554432	328469917
DualPivotQuicksort(pivot: THIRDS)	descending	67108864	710761500
DualPivotQuicksort(pivot: THIRDS)	descending	134217728	1434542542
DualPivotQuicksort(pivot: THIRDS)	descending	268435456	3002410000
DualPivotQuicksortImproved(threshold: 64, pivot: THIRDS)	random	1024	34416
DualPivotQuicksortImproved(threshold: 64, pivot: THIRDS)	random	2048	59292
DualPivotQuicksortImproved(threshold: 64, pivot: THIRDS)	random	4096	139167
DualPivotQuicksortImproved(threshold: 64, pivot: THIRDS)	random	8192	294000
DualPivotQuicksortImproved(threshold: 64, pivot: THIRDS)	random	16384	644291
DualPivotQuicksortImproved(threshold: 64, pivot: THIRDS)	random	32768	1302666
DualPivotQuicksortImproved(threshold: 64, pivot: THIRDS)	random	65536	2765458
DualPivotQuicksortImproved(threshold: 64, pivot: THIRDS)	random	131072	5977959
DualPivotQuicksortImproved(threshold: 64, pivot: THIRDS)	random	262144	12862667
DualPivotQuicksortImproved(threshold: 64, pivot: THIRDS)	random	524288	27095333
DualPivotQuicksortImproved(threshold: 64, pivot: THIRDS)	random	1048576	58250709
DualPivotQuicksortImproved(threshold: 64, pivot: THIRDS)	random	2097152	119342250
DualPivotQuicksortImproved(threshold: 64, pivot: THIRDS)	random	4194304	252957042
DualPivotQuicksortImproved(threshold: 64, pivot: THIRDS)	random	8388608	522446875
DualPivotQuicksortImproved(threshold: 64, pivot: THIRDS)	random	16777216	1109954208
DualPivotQuicksortImproved(threshold: 64, pivot: THIRDS)	random	33554432	2369008250
DualPivotQuicksortImproved(threshold: 64, pivot: THIRDS)	random	67108864	4919798750
DualPivotQuicksortImproved(threshold: 64, pivot: THIRDS)	random	134217728	10147566000
DualPivotQuicksortImproved(threshold: 64, pivot: THIRDS)	random	268435456	21252597083
DualPivotQuicksortImproved(threshold: 64, pivot: THIRDS)	ascending	1024	9833
DualPivotQuicksortImproved(threshold: 64, pivot: THIRDS)	ascending	2048	16625
DualPivotQuicksortImproved(threshold: 64, pivot: THIRDS)	ascending	4096	27084
DualPivotQuicksortImproved(threshold: 64, pivot: THIRDS)	ascending	8192	63917
DualPivotQuicksortImproved(threshold: 64, pivot: THIRDS)	ascending	16384	138500
DualPivotQuicksortImproved(threshold: 64, pivot: THIRDS)	ascending	32768	364959
DualPivotQuicksortImproved(threshold: 64, pivot: THIRDS)	ascending	65536	642833
DualPivotQuicksortImproved(threshold: 64, pivot: THIRDS)	ascending	131072	1281500
DualPivotQuicksortImproved(threshold: 64, pivot: THIRDS)	ascending	262144	2817792
DualPivotQuicksortImproved(threshold: 64, pivot: THIRDS)	ascending	524288	6396834
DualPivotQuicksortImproved(threshold: 64, pivot: THIRDS)	ascending	1048576	12563333
DualPivotQuicksortImproved(threshold: 64, pivot: THIRDS)	ascending	2097152	27518125
DualPivotQuicksortImproved(threshold: 64, pivot: THIRDS)	ascending	4194304	60974792
DualPivotQuicksortImproved(threshold: 64, pivot: THIRDS)	ascending	8388608	122956209
DualPivotQuicksortImproved(threshold: 64, pivot: THIRDS)	ascending	16777216	257197500
DualPivotQuicksortImproved(threshold: 64, pivot: THIRDS)	ascending	33554432	513579041
DualPivotQuicksortImproved(threshold: 64, pivot: THIRDS)	ascending	67108864	1151884584
DualPivotQuicksortImproved(threshold: 64, pivot: THIRDS)	ascending	134217728	2398387083
DualPivotQuicksortImproved(threshold: 64, pivot: THIRDS)	ascending	268435456	4753913958
DualPivotQuicksortImproved(threshold: 64, pivot: THIRDS)	descending	1024	11042
DualPivotQuicksortImproved(threshold: 64, pivot: THIRDS)	descending	2048	16625
DualPivotQuicksortImproved(threshold: 64, pivot: THIRDS)	descending	4096	31208
DualPivotQuicksortImproved(threshold: 64, pivot: THIRDS)	descending	8192	62917
DualPivotQuicksortImproved(threshold: 64, pivot: THIRDS)	descending	16384	134334
DualPivotQuicksortImproved(threshold: 64, pivot: THIRDS)	descending	32768	259583
DualPivotQuicksortImproved(threshold: 64, pivot: THIRDS)	descending	65536	646833
DualPivotQuicksortImproved(threshold: 64, pivot: THIRDS)	descending	131072	1273750
DualPivotQuicksortImproved(threshold: 64, pivot: THIRDS)	descending	262144	2805416
DualPivotQuicksortImproved(threshold: 64, pivot: THIRDS)	descending	524288	6488083
DualPivotQuicksortImproved(threshold: 64, pivot: THIRDS)	descending	1048576	12855042
DualPivotQuicksortImproved(threshold: 64, pivot: THIRDS)	descending	2097152	27575209
DualPivotQuicksortImproved(threshold: 64, pivot: THIRDS)	descending	4194304	61676166
DualPivotQuicksortImproved(threshold: 64, pivot: THIRDS)	descending	8388608	123370416
DualPivotQuicksortImproved(threshold: 64, pivot: THIRDS)	descending	16777216	261470792
DualPivotQuicksortImproved(threshold: 64, pivot: THIRDS)	descending	33554432	516124958
DualPivotQuicksortImproved(threshold: 64, pivot: THIRDS)	descending	67108864	1155456959
DualPivotQuicksortImproved(threshold: 64, pivot: THIRDS)	descending	134217728	2398156125
DualPivotQuicksortImproved(threshold: 64, pivot: THIRDS)	descending	268435456	4812126084
JavaArraysSort	random	1024	38500
JavaArraysSort	random	2048	56375
JavaArraysSort	random	4096	112375
JavaArraysSort	random	8192	235208
JavaArraysSort	random	16384	485916
JavaArraysSort	random	32768	1047458
JavaArraysSort	random	65536	2113167
JavaArraysSort	random	131072	4775125
JavaArraysSort	random	262144	9709208
JavaArraysSort	random	524288	20719500
JavaArraysSort	random	1048576	44134209
JavaArraysSort	random	2097152	91644000
JavaArraysSort	random	4194304	195663458
JavaArraysSort	random	8388608	404355250
JavaArraysSort	random	16777216	830382416
JavaArraysSort	random	33554432	1770667750
JavaArraysSort	random	67108864	3650964333
JavaArraysSort	random	134217728	7793658250
JavaArraysSort	random	268435456	15303809042
JavaArraysSort	ascending	1024	4625
JavaArraysSort	ascending	2048	3000
JavaArraysSort	ascending	4096	2500
JavaArraysSort	ascending	8192	3833
JavaArraysSort	ascending	16384	7792
JavaArraysSort	ascending	32768	6875
JavaArraysSort	ascending	65536	12167
JavaArraysSort	ascending	131072	21375
JavaArraysSort	ascending	262144	40917
JavaArraysSort	ascending	524288	80208
JavaArraysSort	ascending	1048576	158417
JavaArraysSort	ascending	2097152	341125
JavaArraysSort	ascending	4194304	765500
JavaArraysSort	ascending	8388608	1251625
JavaArraysSort	ascending	16777216	2190750
JavaArraysSort	ascending	33554432	4893917
JavaArraysSort	ascending	67108864	9912209
JavaArraysSort	ascending	134217728	18353125
JavaArraysSort	ascending	268435456	37456625
JavaArraysSort	descending	1024	3875
JavaArraysSort	descending	2048	2292
JavaArraysSort	descending	4096	3333
JavaArraysSort	descending	8192	5083
JavaArraysSort	descending	16384	9542
JavaArraysSort	descending	32768	12958
JavaArraysSort	descending	65536	25333
JavaArraysSort	descending	131072	51666
JavaArraysSort	descending	262144	96167
JavaArraysSort	descending	524288	227750
JavaArraysSort	descending	1048576	425042
JavaArraysSort	descending	2097152	727458
JavaArraysSort	descending	4194304	1452292
JavaArraysSort	descending	8388608	3025708
JavaArraysSort	descending	16777216	6088667
JavaArraysSort	descending	33554432	12315792
JavaArraysSort	descending	67108864	24482875
JavaArraysSort	descending	134217728	50496750
JavaArraysSort	descending	268435456	98717000
QuicksortVariant1(pivot: RIGHT)	random	1024	40333
QuicksortVariant1(pivot: RIGHT)	random	2048	62417
QuicksortVariant1(pivot: RIGHT)	random	4096	159833
QuicksortVariant1(pivot: RIGHT)	random	8192	312166
QuicksortVariant1(pivot: RIGHT)	random	16384	634083
QuicksortVariant1(pivot: RIGHT)	random	32768	1221583
QuicksortVariant1(pivot: RIGHT)	random	65536	2737333
QuicksortVariant1(pivot: RIGHT)	random	131072	6253333
QuicksortVariant1(pivot: RIGHT)	random	262144	12296833
QuicksortVariant1(pivot: RIGHT)	random	524288	25753666
QuicksortVariant1(pivot: RIGHT)	random	1048576	53495958
QuicksortVariant1(pivot: RIGHT)	random	2097152	115166875
QuicksortVariant1(pivot: RIGHT)	random	4194304	229319500
QuicksortVariant1(pivot: RIGHT)	random	8388608	496988542
QuicksortVariant1(pivot: RIGHT)	random	16777216	1027843334
QuicksortVariant1(pivot: RIGHT)	random	33554432	2118363875
QuicksortVariant1(pivot: RIGHT)	random	67108864	4303104084
QuicksortVariant1(pivot: RIGHT)	random	134217728	8760777750
QuicksortVariant1(pivot: RIGHT)	random	268435456	17766162791
QuicksortVariant1(pivot: RIGHT)	ascending	1024	145250
QuicksortVariant1(pivot: RIGHT)	ascending	2048	539542
QuicksortVariant1(pivot: RIGHT)	ascending	4096	2016291
QuicksortVariant1(pivot: RIGHT)	ascending	8192	7925208
QuicksortVariant1(pivot: RIGHT)	ascending	16384	31235542
QuicksortVariant1(pivot: RIGHT)	ascending	32768	SOE
QuicksortVariant1(pivot: RIGHT)	descending	1024	154333
QuicksortVariant1(pivot: RIGHT)	descending	2048	525042
QuicksortVariant1(pivot: RIGHT)	descending	4096	2039125
QuicksortVariant1(pivot: RIGHT)	descending	8192	8126000
QuicksortVariant1(pivot: RIGHT)	descending	16384	31854208
QuicksortVariant1(pivot: RIGHT)	descending	32768	SOE
QuicksortVariant1(pivot: MIDDLE)	random	1024	40334
QuicksortVariant1(pivot: MIDDLE)	random	2048	77208
QuicksortVariant1(pivot: MIDDLE)	random	4096	148917
QuicksortVariant1(pivot: MIDDLE)	random	8192	292750
QuicksortVariant1(pivot: MIDDLE)	random	16384	640792
QuicksortVariant1(pivot: MIDDLE)	random	32768	1272459
QuicksortVariant1(pivot: MIDDLE)	random	65536	2717709
QuicksortVariant1(pivot: MIDDLE)	random	131072	5793417
QuicksortVariant1(pivot: MIDDLE)	random	262144	11877750
QuicksortVariant1(pivot: MIDDLE)	random	524288	24883750
QuicksortVariant1(pivot: MIDDLE)	random	1048576	51920541
QuicksortVariant1(pivot: MIDDLE)	random	2097152	109866208
QuicksortVariant1(pivot: MIDDLE)	random	4194304	223696750
QuicksortVariant1(pivot: MIDDLE)	random	8388608	469195084
QuicksortVariant1(pivot: MIDDLE)	random	16777216	970774333
QuicksortVariant1(pivot: MIDDLE)	random	33554432	1993656500
QuicksortVariant1(pivot: MIDDLE)	random	67108864	4188215250
QuicksortVariant1(pivot: MIDDLE)	random	134217728	8695169292
QuicksortVariant1(pivot: MIDDLE)	random	268435456	18122100750
QuicksortVariant1(pivot: MIDDLE)	ascending	1024	7375
QuicksortVariant1(pivot: MIDDLE)	ascending	2048	14375
QuicksortVariant1(pivot: MIDDLE)	ascending	4096	20000
QuicksortVariant1(pivot: MIDDLE)	ascending	8192	40416
QuicksortVariant1(pivot: MIDDLE)	ascending	16384	84250
QuicksortVariant1(pivot: MIDDLE)	ascending	32768	174625
QuicksortVariant1(pivot: MIDDLE)	ascending	65536	347208
QuicksortVariant1(pivot: MIDDLE)	ascending	131072	697500
QuicksortVariant1(pivot: MIDDLE)	ascending	262144	1449625
QuicksortVariant1(pivot: MIDDLE)	ascending	524288	2971959
QuicksortVariant1(pivot: MIDDLE)	ascending	1048576	6422208
QuicksortVariant1(pivot: MIDDLE)	ascending	2097152	13261542
QuicksortVariant1(pivot: MIDDLE)	ascending	4194304	27597167
QuicksortVariant1(pivot: MIDDLE)	ascending	8388608	60334000
QuicksortVariant1(pivot: MIDDLE)	ascending	16777216	119152750
QuicksortVariant1(pivot: MIDDLE)	ascending	33554432	244271500
QuicksortVariant1(pivot: MIDDLE)	ascending	67108864	511423084
QuicksortVariant1(pivot: MIDDLE)	ascending	134217728	1098166875
QuicksortVariant1(pivot: MIDDLE)	ascending	268435456	2197522917
QuicksortVariant1(pivot: MIDDLE)	descending	1024	9125
QuicksortVariant1(pivot: MIDDLE)	descending	2048	14208
QuicksortVariant1(pivot: MIDDLE)	descending	4096	30750
QuicksortVariant1(pivot: MIDDLE)	descending	8192	55292
QuicksortVariant1(pivot: MIDDLE)	descending	16384	92292
QuicksortVariant1(pivot: MIDDLE)	descending	32768	260917
QuicksortVariant1(pivot: MIDDLE)	descending	65536	422792
QuicksortVariant1(pivot: MIDDLE)	descending	131072	856250
QuicksortVariant1(pivot: MIDDLE)	descending	262144	1769917
QuicksortVariant1(pivot: MIDDLE)	descending	524288	3836041
QuicksortVariant1(pivot: MIDDLE)	descending	1048576	8602333
QuicksortVariant1(pivot: MIDDLE)	descending	2097152	16589708
QuicksortVariant1(pivot: MIDDLE)	descending	4194304	34131833
QuicksortVariant1(pivot: MIDDLE)	descending	8388608	71454208
QuicksortVariant1(pivot: MIDDLE)	descending	16777216	160732334
QuicksortVariant1(pivot: MIDDLE)	descending	33554432	303928958
QuicksortVariant1(pivot: MIDDLE)	descending	67108864	603152334
QuicksortVariant1(pivot: MIDDLE)	descending	134217728	1199494541
QuicksortVariant1(pivot: MIDDLE)	descending	268435456	2374841333
QuicksortVariant1(pivot: MEDIAN3)	random	1024	37084
QuicksortVariant1(pivot: MEDIAN3)	random	2048	73250
QuicksortVariant1(pivot: MEDIAN3)	random	4096	150208
QuicksortVariant1(pivot: MEDIAN3)	random	8192	319041
QuicksortVariant1(pivot: MEDIAN3)	random	16384	710458
QuicksortVariant1(pivot: MEDIAN3)	random	32768	1390500
QuicksortVariant1(pivot: MEDIAN3)	random	65536	2874375
QuicksortVariant1(pivot: MEDIAN3)	random	131072	6044083
QuicksortVariant1(pivot: MEDIAN3)	random	262144	12703583
QuicksortVariant1(pivot: MEDIAN3)	random	524288	26127958
QuicksortVariant1(pivot: MEDIAN3)	random	1048576	55490459
QuicksortVariant1(pivot: MEDIAN3)	random	2097152	126670541
QuicksortVariant1(pivot: MEDIAN3)	random	4194304	243854333
QuicksortVariant1(pivot: MEDIAN3)	random	8388608	503765708
QuicksortVariant1(pivot: MEDIAN3)	random	16777216	1102418834
QuicksortVariant1(pivot: MEDIAN3)	random	33554432	2212150000
QuicksortVariant1(pivot: MEDIAN3)	random	67108864	4464262375
QuicksortVariant1(pivot: MEDIAN3)	random	134217728	9162518500
QuicksortVariant1(pivot: MEDIAN3)	random	268435456	18863216625
QuicksortVariant1(pivot: MEDIAN3)	ascending	1024	9916
QuicksortVariant1(pivot: MEDIAN3)	ascending	2048	17542
QuicksortVariant1(pivot: MEDIAN3)	ascending	4096	29584
QuicksortVariant1(pivot: MEDIAN3)	ascending	8192	49459
QuicksortVariant1(pivot: MEDIAN3)	ascending	16384	98417
QuicksortVariant1(pivot: MEDIAN3)	ascending	32768	196708
QuicksortVariant1(pivot: MEDIAN3)	ascending	65536	397334
QuicksortVariant1(pivot: MEDIAN3)	ascending	131072	835750
QuicksortVariant1(pivot: MEDIAN3)	ascending	262144	1608458
QuicksortVariant1(pivot: MEDIAN3)	ascending	524288	3523875
QuicksortVariant1(pivot: MEDIAN3)	ascending	1048576	6940375
QuicksortVariant1(pivot: MEDIAN3)	ascending	2097152	15046208
QuicksortVariant1(pivot: MEDIAN3)	ascending	4194304	30737792
QuicksortVariant1(pivot: MEDIAN3)	ascending	8388608	65583166
QuicksortVariant1(pivot: MEDIAN3)	ascending	16777216	133220625
QuicksortVariant1(pivot: MEDIAN3)	ascending	33554432	282259500
QuicksortVariant1(pivot: MEDIAN3)	ascending	67108864	558528208
QuicksortVariant1(pivot: MEDIAN3)	ascending	134217728	1198571375
QuicksortVariant1(pivot: MEDIAN3)	ascending	268435456	2351504459
QuicksortVariant1(pivot: MEDIAN3)	descending	1024	10625
QuicksortVariant1(pivot: MEDIAN3)	descending	2048	14833
QuicksortVariant1(pivot: MEDIAN3)	descending	4096	27333
QuicksortVariant1(pivot: MEDIAN3)	descending	8192	54084
QuicksortVariant1(pivot: MEDIAN3)	descending	16384	105625
QuicksortVariant1(pivot: MEDIAN3)	descending	32768	221083
QuicksortVariant1(pivot: MEDIAN3)	descending	65536	451458
QuicksortVariant1(pivot: MEDIAN3)	descending	131072	885250
QuicksortVariant1(pivot: MEDIAN3)	descending	262144	1964542
QuicksortVariant1(pivot: MEDIAN3)	descending	524288	3815125
QuicksortVariant1(pivot: MEDIAN3)	descending	1048576	7979042
QuicksortVariant1(pivot: MEDIAN3)	descending	2097152	16356334
QuicksortVariant1(pivot: MEDIAN3)	descending	4194304	33425291
QuicksortVariant1(pivot: MEDIAN3)	descending	8388608	71228083
QuicksortVariant1(pivot: MEDIAN3)	descending	16777216	143612333
QuicksortVariant1(pivot: MEDIAN3)	descending	33554432	298513375
QuicksortVariant1(pivot: MEDIAN3)	descending	67108864	605607959
QuicksortVariant1(pivot: MEDIAN3)	descending	134217728	1255103000
QuicksortVariant1(pivot: MEDIAN3)	descending	268435456	2539775083
QuicksortImproved(threshold: 48, partitioning: QuicksortVariant1(pivot: MIDDLE))	random	1024	188459
QuicksortImproved(threshold: 48, partitioning: QuicksortVariant1(pivot: MIDDLE))	random	2048	354791
QuicksortImproved(threshold: 48, partitioning: QuicksortVariant1(pivot: MIDDLE))	random	4096	648333
QuicksortImproved(threshold: 48, partitioning: QuicksortVariant1(pivot: MIDDLE))	random	8192	842208
QuicksortImproved(threshold: 48, partitioning: QuicksortVariant1(pivot: MIDDLE))	random	16384	573958
QuicksortImproved(threshold: 48, partitioning: QuicksortVariant1(pivot: MIDDLE))	random	32768	1156417
QuicksortImproved(threshold: 48, partitioning: QuicksortVariant1(pivot: MIDDLE))	random	65536	2419000
QuicksortImproved(threshold: 48, partitioning: QuicksortVariant1(pivot: MIDDLE))	random	131072	5127833
QuicksortImproved(threshold: 48, partitioning: QuicksortVariant1(pivot: MIDDLE))	random	262144	9937833
QuicksortImproved(threshold: 48, partitioning: QuicksortVariant1(pivot: MIDDLE))	random	524288	20662041
QuicksortImproved(threshold: 48, partitioning: QuicksortVariant1(pivot: MIDDLE))	random	1048576	43644583
QuicksortImproved(threshold: 48, partitioning: QuicksortVariant1(pivot: MIDDLE))	random	2097152	93370000
QuicksortImproved(threshold: 48, partitioning: QuicksortVariant1(pivot: MIDDLE))	random	4194304	193212708
QuicksortImproved(threshold: 48, partitioning: QuicksortVariant1(pivot: MIDDLE))	random	8388608	407013875
QuicksortImproved(threshold: 48, partitioning: QuicksortVariant1(pivot: MIDDLE))	random	16777216	842593542
QuicksortImproved(threshold: 48, partitioning: QuicksortVariant1(pivot: MIDDLE))	random	33554432	1756460291
QuicksortImproved(threshold: 48, partitioning: QuicksortVariant1(pivot: MIDDLE))	random	67108864	3653830000
QuicksortImproved(threshold: 48, partitioning: QuicksortVariant1(pivot: MIDDLE))	random	134217728	7653585750
QuicksortImproved(threshold: 48, partitioning: QuicksortVariant1(pivot: MIDDLE))	random	268435456	16027067208
QuicksortImproved(threshold: 48, partitioning: QuicksortVariant1(pivot: MIDDLE))	ascending	1024	6833
QuicksortImproved(threshold: 48, partitioning: QuicksortVariant1(pivot: MIDDLE))	ascending	2048	8167
QuicksortImproved(threshold: 48, partitioning: QuicksortVariant1(pivot: MIDDLE))	ascending	4096	19834
QuicksortImproved(threshold: 48, partitioning: QuicksortVariant1(pivot: MIDDLE))	ascending	8192	38334
QuicksortImproved(threshold: 48, partitioning: QuicksortVariant1(pivot: MIDDLE))	ascending	16384	67667
QuicksortImproved(threshold: 48, partitioning: QuicksortVariant1(pivot: MIDDLE))	ascending	32768	146125
QuicksortImproved(threshold: 48, partitioning: QuicksortVariant1(pivot: MIDDLE))	ascending	65536	311750
QuicksortImproved(threshold: 48, partitioning: QuicksortVariant1(pivot: MIDDLE))	ascending	131072	656833
QuicksortImproved(threshold: 48, partitioning: QuicksortVariant1(pivot: MIDDLE))	ascending	262144	1360209
QuicksortImproved(threshold: 48, partitioning: QuicksortVariant1(pivot: MIDDLE))	ascending	524288	2938833
QuicksortImproved(threshold: 48, partitioning: QuicksortVariant1(pivot: MIDDLE))	ascending	1048576	5426250
QuicksortImproved(threshold: 48, partitioning: QuicksortVariant1(pivot: MIDDLE))	ascending	2097152	12879166
QuicksortImproved(threshold: 48, partitioning: QuicksortVariant1(pivot: MIDDLE))	ascending	4194304	27005417
QuicksortImproved(threshold: 48, partitioning: QuicksortVariant1(pivot: MIDDLE))	ascending	8388608	57753958
QuicksortImproved(threshold: 48, partitioning: QuicksortVariant1(pivot: MIDDLE))	ascending	16777216	123566792
QuicksortImproved(threshold: 48, partitioning: QuicksortVariant1(pivot: MIDDLE))	ascending	33554432	246631958
QuicksortImproved(threshold: 48, partitioning: QuicksortVariant1(pivot: MIDDLE))	ascending	67108864	524889666
QuicksortImproved(threshold: 48, partitioning: QuicksortVariant1(pivot: MIDDLE))	ascending	134217728	1029419416
QuicksortImproved(threshold: 48, partitioning: QuicksortVariant1(pivot: MIDDLE))	ascending	268435456	2024782125
QuicksortImproved(threshold: 48, partitioning: QuicksortVariant1(pivot: MIDDLE))	descending	1024	6833
QuicksortImproved(threshold: 48, partitioning: QuicksortVariant1(pivot: MIDDLE))	descending	2048	8834
QuicksortImproved(threshold: 48, partitioning: QuicksortVariant1(pivot: MIDDLE))	descending	4096	15958
QuicksortImproved(threshold: 48, partitioning: QuicksortVariant1(pivot: MIDDLE))	descending	8192	39750
QuicksortImproved(threshold: 48, partitioning: QuicksortVariant1(pivot: MIDDLE))	descending	16384	69500
QuicksortImproved(threshold: 48, partitioning: QuicksortVariant1(pivot: MIDDLE))	descending	32768	150667
QuicksortImproved(threshold: 48, partitioning: QuicksortVariant1(pivot: MIDDLE))	descending	65536	298709
QuicksortImproved(threshold: 48, partitioning: QuicksortVariant1(pivot: MIDDLE))	descending	131072	592250
QuicksortImproved(threshold: 48, partitioning: QuicksortVariant1(pivot: MIDDLE))	descending	262144	1276333
QuicksortImproved(threshold: 48, partitioning: QuicksortVariant1(pivot: MIDDLE))	descending	524288	2959792
QuicksortImproved(threshold: 48, partitioning: QuicksortVariant1(pivot: MIDDLE))	descending	1048576	5374041
QuicksortImproved(threshold: 48, partitioning: QuicksortVariant1(pivot: MIDDLE))	descending	2097152	13344750
QuicksortImproved(threshold: 48, partitioning: QuicksortVariant1(pivot: MIDDLE))	descending	4194304	25633542
QuicksortImproved(threshold: 48, partitioning: QuicksortVariant1(pivot: MIDDLE))	descending	8388608	54728792
QuicksortImproved(threshold: 48, partitioning: QuicksortVariant1(pivot: MIDDLE))	descending	16777216	114911709
QuicksortImproved(threshold: 48, partitioning: QuicksortVariant1(pivot: MIDDLE))	descending	33554432	241794500
QuicksortImproved(threshold: 48, partitioning: QuicksortVariant1(pivot: MIDDLE))	descending	67108864	504765416
QuicksortImproved(threshold: 48, partitioning: QuicksortVariant1(pivot: MIDDLE))	descending	134217728	1083782041
QuicksortImproved(threshold: 48, partitioning: QuicksortVariant1(pivot: MIDDLE))	descending	268435456	2101050334
DualPivotQuicksort(pivot: THIRDS)	random	1024	246083
DualPivotQuicksort(pivot: THIRDS)	random	2048	425333
DualPivotQuicksort(pivot: THIRDS)	random	4096	727666
DualPivotQuicksort(pivot: THIRDS)	random	8192	1399458
DualPivotQuicksort(pivot: THIRDS)	random	16384	1072625
DualPivotQuicksort(pivot: THIRDS)	random	32768	1415166
DualPivotQuicksort(pivot: THIRDS)	random	65536	2520125
DualPivotQuicksort(pivot: THIRDS)	random	131072	5281500
DualPivotQuicksort(pivot: THIRDS)	random	262144	10857083
DualPivotQuicksort(pivot: THIRDS)	random	524288	23323459
DualPivotQuicksort(pivot: THIRDS)	random	1048576	49101666
DualPivotQuicksort(pivot: THIRDS)	random	2097152	102326583
DualPivotQuicksort(pivot: THIRDS)	random	4194304	210030959
DualPivotQuicksort(pivot: THIRDS)	random	8388608	441810792
DualPivotQuicksort(pivot: THIRDS)	random	16777216	921995333
DualPivotQuicksort(pivot: THIRDS)	random	33554432	1887082125
DualPivotQuicksort(pivot: THIRDS)	random	67108864	3963737333
DualPivotQuicksort(pivot: THIRDS)	random	134217728	8174259458
DualPivotQuicksort(pivot: THIRDS)	random	268435456	16991824541
DualPivotQuicksort(pivot: THIRDS)	ascending	1024	9125
DualPivotQuicksort(pivot: THIRDS)	ascending	2048	16000
DualPivotQuicksort(pivot: THIRDS)	ascending	4096	23709
DualPivotQuicksort(pivot: THIRDS)	ascending	8192	53541
DualPivotQuicksort(pivot: THIRDS)	ascending	16384	93750
DualPivotQuicksort(pivot: THIRDS)	ascending	32768	191500
DualPivotQuicksort(pivot: THIRDS)	ascending	65536	425500
DualPivotQuicksort(pivot: THIRDS)	ascending	131072	815584
DualPivotQuicksort(pivot: THIRDS)	ascending	262144	1752416
DualPivotQuicksort(pivot: THIRDS)	ascending	524288	3994000
DualPivotQuicksort(pivot: THIRDS)	ascending	1048576	7780042
DualPivotQuicksort(pivot: THIRDS)	ascending	2097152	16095791
DualPivotQuicksort(pivot: THIRDS)	ascending	4194304	36964167
DualPivotQuicksort(pivot: THIRDS)	ascending	8388608	74070042
DualPivotQuicksort(pivot: THIRDS)	ascending	16777216	150774209
DualPivotQuicksort(pivot: THIRDS)	ascending	33554432	313952542
DualPivotQuicksort(pivot: THIRDS)	ascending	67108864	657989084
DualPivotQuicksort(pivot: THIRDS)	ascending	134217728	1360869708
DualPivotQuicksort(pivot: THIRDS)	ascending	268435456	2701142334
DualPivotQuicksort(pivot: THIRDS)	descending	1024	10459
DualPivotQuicksort(pivot: THIRDS)	descending	2048	14583
DualPivotQuicksort(pivot: THIRDS)	descending	4096	26666
DualPivotQuicksort(pivot: THIRDS)	descending	8192	46667
DualPivotQuicksort(pivot: THIRDS)	descending	16384	100625
DualPivotQuicksort(pivot: THIRDS)	descending	32768	169125
DualPivotQuicksort(pivot: THIRDS)	descending	65536	418083
DualPivotQuicksort(pivot: THIRDS)	descending	131072	838625
DualPivotQuicksort(pivot: THIRDS)	descending	262144	1649209
DualPivotQuicksort(pivot: THIRDS)	descending	524288	3975375
DualPivotQuicksort(pivot: THIRDS)	descending	1048576	7765625
DualPivotQuicksort(pivot: THIRDS)	descending	2097152	15730042
DualPivotQuicksort(pivot: THIRDS)	descending	4194304	36000708
DualPivotQuicksort(pivot: THIRDS)	descending	8388608	73666709
DualPivotQuicksort(pivot: THIRDS)	descending	16777216	151216292
DualPivotQuicksort(pivot: THIRDS)	descending	33554432	306962875
DualPivotQuicksort(pivot: THIRDS)	descending	67108864	662081416
DualPivotQuicksort(pivot: THIRDS)	descending	134217728	1355111375
DualPivotQuicksort(pivot: THIRDS)	descending	268435456	2789281291
DualPivotQuicksortImproved(threshold: 64, pivot: THIRDS)	random	1024	142542
DualPivotQuicksortImproved(threshold: 64, pivot: THIRDS)	random	2048	213125
DualPivotQuicksortImproved(threshold: 64, pivot: THIRDS)	random	4096	381875
DualPivotQuicksortImproved(threshold: 64, pivot: THIRDS)	random	8192	806542
DualPivotQuicksortImproved(threshold: 64, pivot: THIRDS)	random	16384	1558625
DualPivotQuicksortImproved(threshold: 64, pivot: THIRDS)	random	32768	3163834
DualPivotQuicksortImproved(threshold: 64, pivot: THIRDS)	random	65536	6485583
DualPivotQuicksortImproved(threshold: 64, pivot: THIRDS)	random	131072	6171083
DualPivotQuicksortImproved(threshold: 64, pivot: THIRDS)	random	262144	11743250
DualPivotQuicksortImproved(threshold: 64, pivot: THIRDS)	random	524288	25282542
DualPivotQuicksortImproved(threshold: 64, pivot: THIRDS)	random	1048576	53885292
DualPivotQuicksortImproved(threshold: 64, pivot: THIRDS)	random	2097152	113761583
DualPivotQuicksortImproved(threshold: 64, pivot: THIRDS)	random	4194304	236744042
DualPivotQuicksortImproved(threshold: 64, pivot: THIRDS)	random	8388608	499413833
DualPivotQuicksortImproved(threshold: 64, pivot: THIRDS)	random	16777216	1044624792
DualPivotQuicksortImproved(threshold: 64, pivot: THIRDS)	random	33554432	2157331875
DualPivotQuicksortImproved(threshold: 64, pivot: THIRDS)	random	67108864	4530408041
DualPivotQuicksortImproved(threshold: 64, pivot: THIRDS)	random	134217728	9482289125
DualPivotQuicksortImproved(threshold: 64, pivot: THIRDS)	random	268435456	19593330500
DualPivotQuicksortImproved(threshold: 64, pivot: THIRDS)	ascending	1024	9375
DualPivotQuicksortImproved(threshold: 64, pivot: THIRDS)	ascending	2048	16250
DualPivotQuicksortImproved(threshold: 64, pivot: THIRDS)	ascending	4096	26209
DualPivotQuicksortImproved(threshold: 64, pivot: THIRDS)	ascending	8192	65625
DualPivotQuicksortImproved(threshold: 64, pivot: THIRDS)	ascending	16384	131000
DualPivotQuicksortImproved(threshold: 64, pivot: THIRDS)	ascending	32768	256250
DualPivotQuicksortImproved(threshold: 64, pivot: THIRDS)	ascending	65536	600459
DualPivotQuicksortImproved(threshold: 64, pivot: THIRDS)	ascending	131072	1165166
DualPivotQuicksortImproved(threshold: 64, pivot: THIRDS)	ascending	262144	2606333
DualPivotQuicksortImproved(threshold: 64, pivot: THIRDS)	ascending	524288	5953791
DualPivotQuicksortImproved(threshold: 64, pivot: THIRDS)	ascending	1048576	11880917
DualPivotQuicksortImproved(threshold: 64, pivot: THIRDS)	ascending	2097152	25392417
DualPivotQuicksortImproved(threshold: 64, pivot: THIRDS)	ascending	4194304	56805084
DualPivotQuicksortImproved(threshold: 64, pivot: THIRDS)	ascending	8388608	114489583
DualPivotQuicksortImproved(threshold: 64, pivot: THIRDS)	ascending	16777216	239280667
DualPivotQuicksortImproved(threshold: 64, pivot: THIRDS)	ascending	33554432	494771167
DualPivotQuicksortImproved(threshold: 64, pivot: THIRDS)	ascending	67108864	1069011750
DualPivotQuicksortImproved(threshold: 64, pivot: THIRDS)	ascending	134217728	2265489667
DualPivotQuicksortImproved(threshold: 64, pivot: THIRDS)	ascending	268435456	4456387458
DualPivotQuicksortImproved(threshold: 64, pivot: THIRDS)	descending	1024	10416
DualPivotQuicksortImproved(threshold: 64, pivot: THIRDS)	descending	2048	18542
DualPivotQuicksortImproved(threshold: 64, pivot: THIRDS)	descending	4096	27291
DualPivotQuicksortImproved(threshold: 64, pivot: THIRDS)	descending	8192	64917
DualPivotQuicksortImproved(threshold: 64, pivot: THIRDS)	descending	16384	133459
DualPivotQuicksortImproved(threshold: 64, pivot: THIRDS)	descending	32768	255833
DualPivotQuicksortImproved(threshold: 64, pivot: THIRDS)	descending	65536	609125
DualPivotQuicksortImproved(threshold: 64, pivot: THIRDS)	descending	131072	1161458
DualPivotQuicksortImproved(threshold: 64, pivot: THIRDS)	descending	262144	2587375
DualPivotQuicksortImproved(threshold: 64, pivot: THIRDS)	descending	524288	6078750
DualPivotQuicksortImproved(threshold: 64, pivot: THIRDS)	descending	1048576	11886500
DualPivotQuicksortImproved(threshold: 64, pivot: THIRDS)	descending	2097152	25444167
DualPivotQuicksortImproved(threshold: 64, pivot: THIRDS)	descending	4194304	57056209
DualPivotQuicksortImproved(threshold: 64, pivot: THIRDS)	descending	8388608	115305333
DualPivotQuicksortImproved(threshold: 64, pivot: THIRDS)	descending	16777216	242331500
DualPivotQuicksortImproved(threshold: 64, pivot: THIRDS)	descending	33554432	483937958
DualPivotQuicksortImproved(threshold: 64, pivot: THIRDS)	descending	67108864	1072582333
DualPivotQuicksortImproved(threshold: 64, pivot: THIRDS)	descending	134217728	2245392750
DualPivotQuicksortImproved(threshold: 64, pivot: THIRDS)	descending	268435456	4488358333
JavaArraysSort	random	1024	178375
JavaArraysSort	random	2048	328875
JavaArraysSort	random	4096	580709
JavaArraysSort	random	8192	1142500
JavaArraysSort	random	16384	2335583
JavaArraysSort	random	32768	3131125
JavaArraysSort	random	65536	6137000
JavaArraysSort	random	131072	9427208
JavaArraysSort	random	262144	9486625
JavaArraysSort	random	524288	19346875
JavaArraysSort	random	1048576	40565083
JavaArraysSort	random	2097152	85214375
JavaArraysSort	random	4194304	177320833
JavaArraysSort	random	8388608	381110583
JavaArraysSort	random	16777216	773165417
JavaArraysSort	random	33554432	1615056042
JavaArraysSort	random	67108864	3417326291
JavaArraysSort	random	134217728	7103364333
JavaArraysSort	random	268435456	14698751000
JavaArraysSort	ascending	1024	2375
JavaArraysSort	ascending	2048	2667
JavaArraysSort	ascending	4096	2458
JavaArraysSort	ascending	8192	3583
JavaArraysSort	ascending	16384	4667
JavaArraysSort	ascending	32768	7291
JavaArraysSort	ascending	65536	13875
JavaArraysSort	ascending	131072	26208
JavaArraysSort	ascending	262144	40333
JavaArraysSort	ascending	524288	76958
JavaArraysSort	ascending	1048576	149958
JavaArraysSort	ascending	2097152	304750
JavaArraysSort	ascending	4194304	598458
JavaArraysSort	ascending	8388608	1176750
JavaArraysSort	ascending	16777216	2432250
JavaArraysSort	ascending	33554432	4716791
JavaArraysSort	ascending	67108864	9753166
JavaArraysSort	ascending	134217728	19030667
JavaArraysSort	ascending	268435456	37863250
JavaArraysSort	descending	1024	3166
JavaArraysSort	descending	2048	3209
JavaArraysSort	descending	4096	3667
JavaArraysSort	descending	8192	5583
JavaArraysSort	descending	16384	9417
JavaArraysSort	descending	32768	13625
JavaArraysSort	descending	65536	27250
JavaArraysSort	descending	131072	56625
JavaArraysSort	descending	262144	104459
JavaArraysSort	descending	524288	192375
JavaArraysSort	descending	1048576	360666
JavaArraysSort	descending	2097152	761959
JavaArraysSort	descending	4194304	1432208
JavaArraysSort	descending	8388608	2993875
JavaArraysSort	descending	16777216	6389209
JavaArraysSort	descending	33554432	12601166
JavaArraysSort	descending	67108864	25427958
JavaArraysSort	descending	134217728	48909166
JavaArraysSort	descending	268435456	101206958
QuicksortVariant1(pivot: RIGHT)	random	1024	231792
QuicksortVariant1(pivot: RIGHT)	random	2048	441792
QuicksortVariant1(pivot: RIGHT)	random	4096	841958
QuicksortVariant1(pivot: RIGHT)	random	8192	872166
QuicksortVariant1(pivot: RIGHT)	random	16384	1069417
QuicksortVariant1(pivot: RIGHT)	random	32768	1451208
QuicksortVariant1(pivot: RIGHT)	random	65536	2696417
QuicksortVariant1(pivot: RIGHT)	random	131072	5741208
QuicksortVariant1(pivot: RIGHT)	random	262144	11748209
QuicksortVariant1(pivot: RIGHT)	random	524288	24193750
QuicksortVariant1(pivot: RIGHT)	random	1048576	51186833
QuicksortVariant1(pivot: RIGHT)	random	2097152	106301333
QuicksortVariant1(pivot: RIGHT)	random	4194304	223195334
QuicksortVariant1(pivot: RIGHT)	random	8388608	457862209
QuicksortVariant1(pivot: RIGHT)	random	16777216	962168750
QuicksortVariant1(pivot: RIGHT)	random	33554432	1969558375
QuicksortVariant1(pivot: RIGHT)	random	67108864	4056297583
QuicksortVariant1(pivot: RIGHT)	random	134217728	8623155833
QuicksortVariant1(pivot: RIGHT)	random	268435456	17808780667
QuicksortVariant1(pivot: RIGHT)	ascending	1024	213291
QuicksortVariant1(pivot: RIGHT)	ascending	2048	949416
QuicksortVariant1(pivot: RIGHT)	ascending	4096	3710792
QuicksortVariant1(pivot: RIGHT)	ascending	8192	8225000
QuicksortVariant1(pivot: RIGHT)	ascending	16384	48156125
QuicksortVariant1(pivot: RIGHT)	ascending	32768	SOE
QuicksortVariant1(pivot: RIGHT)	descending	1024	151542
QuicksortVariant1(pivot: RIGHT)	descending	2048	722666
QuicksortVariant1(pivot: RIGHT)	descending	4096	2833500
QuicksortVariant1(pivot: RIGHT)	descending	8192	8025500
QuicksortVariant1(pivot: RIGHT)	descending	16384	32682167
QuicksortVariant1(pivot: RIGHT)	descending	32768	SOE
QuicksortVariant1(pivot: MIDDLE)	random	1024	37208
QuicksortVariant1(pivot: MIDDLE)	random	2048	75625
QuicksortVariant1(pivot: MIDDLE)	random	4096	161542
QuicksortVariant1(pivot: MIDDLE)	random	8192	293666
QuicksortVariant1(pivot: MIDDLE)	random	16384	595916
QuicksortVariant1(pivot: MIDDLE)	random	32768	1275417
QuicksortVariant1(pivot: MIDDLE)	random	65536	2734833
QuicksortVariant1(pivot: MIDDLE)	random	131072	5647875
QuicksortVariant1(pivot: MIDDLE)	random	262144	11942625
QuicksortVariant1(pivot: MIDDLE)	random	524288	24327000
QuicksortVariant1(pivot: MIDDLE)	random	1048576	51501959
QuicksortVariant1(pivot: MIDDLE)	random	2097152	109320208
QuicksortVariant1(pivot: MIDDLE)	random	4194304	223964250
QuicksortVariant1(pivot: MIDDLE)	random	8388608	472286042
QuicksortVariant1(pivot: MIDDLE)	random	16777216	973972917
QuicksortVariant1(pivot: MIDDLE)	random	33554432	2016465583
QuicksortVariant1(pivot: MIDDLE)	random	67108864	4149050958
QuicksortVariant1(pivot: MIDDLE)	random	134217728	8546719958
QuicksortVariant1(pivot: MIDDLE)	random	268435456	17653020375
QuicksortVariant1(pivot: MIDDLE)	ascending	1024	11041
QuicksortVariant1(pivot: MIDDLE)	ascending	2048	16708
QuicksortVariant1(pivot: MIDDLE)	ascending	4096	31500
QuicksortVariant1(pivot: MIDDLE)	ascending	8192	53292
QuicksortVariant1(pivot: MIDDLE)	ascending	16384	105416
QuicksortVariant1(pivot: MIDDLE)	ascending	32768	211958
QuicksortVariant1(pivot: MIDDLE)	ascending	65536	439458
QuicksortVariant1(pivot: MIDDLE)	ascending	131072	909709
QuicksortVariant1(pivot: MIDDLE)	ascending	262144	1834625
QuicksortVariant1(pivot: MIDDLE)	ascending	524288	3879833
QuicksortVariant1(pivot: MIDDLE)	ascending	1048576	7973834
QuicksortVariant1(pivot: MIDDLE)	ascending	2097152	16856375
QuicksortVariant1(pivot: MIDDLE)	ascending	4194304	33328583
QuicksortVariant1(pivot: MIDDLE)	ascending	8388608	72295250
QuicksortVariant1(pivot: MIDDLE)	ascending	16777216	151384000
QuicksortVariant1(pivot: MIDDLE)	ascending	33554432	309431334
QuicksortVariant1(pivot: MIDDLE)	ascending	67108864	606559375
QuicksortVariant1(pivot: MIDDLE)	ascending	134217728	1211966125
QuicksortVariant1(pivot: MIDDLE)	ascending	268435456	2571324167
QuicksortVariant1(pivot: MIDDLE)	descending	1024	11458
QuicksortVariant1(pivot: MIDDLE)	descending	2048	20667
QuicksortVariant1(pivot: MIDDLE)	descending	4096	36416
QuicksortVariant1(pivot: MIDDLE)	descending	8192	62000
QuicksortVariant1(pivot: MIDDLE)	descending	16384	113208
QuicksortVariant1(pivot: MIDDLE)	descending	32768	232500
QuicksortVariant1(pivot: MIDDLE)	descending	65536	477291
QuicksortVariant1(pivot: MIDDLE)	descending	131072	964167
QuicksortVariant1(pivot: MIDDLE)	descending	262144	2036708
QuicksortVariant1(pivot: MIDDLE)	descending	524288	3743833
QuicksortVariant1(pivot: MIDDLE)	descending	1048576	7819542
QuicksortVariant1(pivot: MIDDLE)	descending	2097152	17297333
QuicksortVariant1(pivot: MIDDLE)	descending	4194304	37890625
QuicksortVariant1(pivot: MIDDLE)	descending	8388608	79403375
QuicksortVariant1(pivot: MIDDLE)	descending	16777216	162272209
QuicksortVariant1(pivot: MIDDLE)	descending	33554432	332864750
QuicksortVariant1(pivot: MIDDLE)	descending	67108864	680093750
QuicksortVariant1(pivot: MIDDLE)	descending	134217728	1401473292
QuicksortVariant1(pivot: MIDDLE)	descending	268435456	2895686583
QuicksortVariant1(pivot: MEDIAN3)	random	1024	93792
QuicksortVariant1(pivot: MEDIAN3)	random	2048	119291
QuicksortVariant1(pivot: MEDIAN3)	random	4096	170750
QuicksortVariant1(pivot: MEDIAN3)	random	8192	318667
QuicksortVariant1(pivot: MEDIAN3)	random	16384	663875
QuicksortVariant1(pivot: MEDIAN3)	random	32768	1360500
QuicksortVariant1(pivot: MEDIAN3)	random	65536	2832791
QuicksortVariant1(pivot: MEDIAN3)	random	131072	6023375
QuicksortVariant1(pivot: MEDIAN3)	random	262144	12665458
QuicksortVariant1(pivot: MEDIAN3)	random	524288	25730333
QuicksortVariant1(pivot: MEDIAN3)	random	1048576	55782291
QuicksortVariant1(pivot: MEDIAN3)	random	2097152	113934208
QuicksortVariant1(pivot: MEDIAN3)	random	4194304	241548833
QuicksortVariant1(pivot: MEDIAN3)	random	8388608	490398667
QuicksortVariant1(pivot: MEDIAN3)	random	16777216	1030044083
QuicksortVariant1(pivot: MEDIAN3)	random	33554432	2127634542
QuicksortVariant1(pivot: MEDIAN3)	random	67108864	4447323250
QuicksortVariant1(pivot: MEDIAN3)	random	134217728	9139576333
QuicksortVariant1(pivot: MEDIAN3)	random	268435456	18895973334
QuicksortVariant1(pivot: MEDIAN3)	ascending	1024	12334
QuicksortVariant1(pivot: MEDIAN3)	ascending	2048	18875
QuicksortVariant1(pivot: MEDIAN3)	ascending	4096	32375
QuicksortVariant1(pivot: MEDIAN3)	ascending	8192	54958
QuicksortVariant1(pivot: MEDIAN3)	ascending	16384	117208
QuicksortVariant1(pivot: MEDIAN3)	ascending	32768	242875
QuicksortVariant1(pivot: MEDIAN3)	ascending	65536	500250
QuicksortVariant1(pivot: MEDIAN3)	ascending	131072	994084
QuicksortVariant1(pivot: MEDIAN3)	ascending	262144	2018458
QuicksortVariant1(pivot: MEDIAN3)	ascending	524288	3465167
QuicksortVariant1(pivot: MEDIAN3)	ascending	1048576	8793416
QuicksortVariant1(pivot: MEDIAN3)	ascending	2097152	16935750
QuicksortVariant1(pivot: MEDIAN3)	ascending	4194304	35746875
QuicksortVariant1(pivot: MEDIAN3)	ascending	8388608	75619708
QuicksortVariant1(pivot: MEDIAN3)	ascending	16777216	153957333
QuicksortVariant1(pivot: MEDIAN3)	ascending	33554432	324790459
QuicksortVariant1(pivot: MEDIAN3)	ascending	67108864	656137917
QuicksortVariant1(pivot: MEDIAN3)	ascending	134217728	1376429125
QuicksortVariant1(pivot: MEDIAN3)	ascending	268435456	2733481583
QuicksortVariant1(pivot: MEDIAN3)	descending	1024	8875
QuicksortVariant1(pivot: MEDIAN3)	descending	2048	15000
QuicksortVariant1(pivot: MEDIAN3)	descending	4096	33291
QuicksortVariant1(pivot: MEDIAN3)	descending	8192	73083
QuicksortVariant1(pivot: MEDIAN3)	descending	16384	124125
QuicksortVariant1(pivot: MEDIAN3)	descending	32768	218000
QuicksortVariant1(pivot: MEDIAN3)	descending	65536	436917
QuicksortVariant1(pivot: MEDIAN3)	descending	131072	942292
QuicksortVariant1(pivot: MEDIAN3)	descending	262144	1896584
QuicksortVariant1(pivot: MEDIAN3)	descending	524288	4126209
QuicksortVariant1(pivot: MEDIAN3)	descending	1048576	7875000
QuicksortVariant1(pivot: MEDIAN3)	descending	2097152	18580208
QuicksortVariant1(pivot: MEDIAN3)	descending	4194304	39126417
QuicksortVariant1(pivot: MEDIAN3)	descending	8388608	82214250
QuicksortVariant1(pivot: MEDIAN3)	descending	16777216	161035333
QuicksortVariant1(pivot: MEDIAN3)	descending	33554432	338209584
QuicksortVariant1(pivot: MEDIAN3)	descending	67108864	675192125
QuicksortVariant1(pivot: MEDIAN3)	descending	134217728	1388291667
QuicksortVariant1(pivot: MEDIAN3)	descending	268435456	2922989250
QuicksortImproved(threshold: 48, partitioning: QuicksortVariant1(pivot: MIDDLE))	random	1024	131667
QuicksortImproved(threshold: 48, partitioning: QuicksortVariant1(pivot: MIDDLE))	random	2048	194500
QuicksortImproved(threshold: 48, partitioning: QuicksortVariant1(pivot: MIDDLE))	random	4096	355083
QuicksortImproved(threshold: 48, partitioning: QuicksortVariant1(pivot: MIDDLE))	random	8192	717708
QuicksortImproved(threshold: 48, partitioning: QuicksortVariant1(pivot: MIDDLE))	random	16384	1525333
QuicksortImproved(threshold: 48, partitioning: QuicksortVariant1(pivot: MIDDLE))	random	32768	3084375
QuicksortImproved(threshold: 48, partitioning: QuicksortVariant1(pivot: MIDDLE))	random	65536	2587542
QuicksortImproved(threshold: 48, partitioning: QuicksortVariant1(pivot: MIDDLE))	random	131072	4557500
QuicksortImproved(threshold: 48, partitioning: QuicksortVariant1(pivot: MIDDLE))	random	262144	9898125
QuicksortImproved(threshold: 48, partitioning: QuicksortVariant1(pivot: MIDDLE))	random	524288	20707417
QuicksortImproved(threshold: 48, partitioning: QuicksortVariant1(pivot: MIDDLE))	random	1048576	43545833
QuicksortImproved(threshold: 48, partitioning: QuicksortVariant1(pivot: MIDDLE))	random	2097152	92255917
QuicksortImproved(threshold: 48, partitioning: QuicksortVariant1(pivot: MIDDLE))	random	4194304	190743458
QuicksortImproved(threshold: 48, partitioning: QuicksortVariant1(pivot: MIDDLE))	random	8388608	401923541
QuicksortImproved(threshold: 48, partitioning: QuicksortVariant1(pivot: MIDDLE))	random	16777216	842705042
QuicksortImproved(threshold: 48, partitioning: QuicksortVariant1(pivot: MIDDLE))	random	33554432	1796282750
QuicksortImproved(threshold: 48, partitioning: QuicksortVariant1(pivot: MIDDLE))	random	67108864	3671423458
QuicksortImproved(threshold: 48, partitioning: QuicksortVariant1(pivot: MIDDLE))	random	134217728	7761159750
QuicksortImproved(threshold: 48, partitioning: QuicksortVariant1(pivot: MIDDLE))	random	268435456	16052647500
QuicksortImproved(threshold: 48, partitioning: QuicksortVariant1(pivot: MIDDLE))	ascending	1024	7291
QuicksortImproved(threshold: 48, partitioning: QuicksortVariant1(pivot: MIDDLE))	ascending	2048	10958
QuicksortImproved(threshold: 48, partitioning: QuicksortVariant1(pivot: MIDDLE))	ascending	4096	14417
QuicksortImproved(threshold: 48, partitioning: QuicksortVariant1(pivot: MIDDLE))	ascending	8192	27875
QuicksortImproved(threshold: 48, partitioning: QuicksortVariant1(pivot: MIDDLE))	ascending	16384	55542
QuicksortImproved(threshold: 48, partitioning: QuicksortVariant1(pivot: MIDDLE))	ascending	32768	120250
QuicksortImproved(threshold: 48, partitioning: QuicksortVariant1(pivot: MIDDLE))	ascending	65536	255000
QuicksortImproved(threshold: 48, partitioning: QuicksortVariant1(pivot: MIDDLE))	ascending	131072	502167
QuicksortImproved(threshold: 48, partitioning: QuicksortVariant1(pivot: MIDDLE))	ascending	262144	1034959
QuicksortImproved(threshold: 48, partitioning: QuicksortVariant1(pivot: MIDDLE))	ascending	524288	2266958
QuicksortImproved(threshold: 48, partitioning: QuicksortVariant1(pivot: MIDDLE))	ascending	1048576	5002625
QuicksortImproved(threshold: 48, partitioning: QuicksortVariant1(pivot: MIDDLE))	ascending	2097152	10723667
QuicksortImproved(threshold: 48, partitioning: QuicksortVariant1(pivot: MIDDLE))	ascending	4194304	20489292
QuicksortImproved(threshold: 48, partitioning: QuicksortVariant1(pivot: MIDDLE))	ascending	8388608	44036625
QuicksortImproved(threshold: 48, partitioning: QuicksortVariant1(pivot: MIDDLE))	ascending	16777216	90504000
QuicksortImproved(threshold: 48, partitioning: QuicksortVariant1(pivot: MIDDLE))	ascending	33554432	193619334
QuicksortImproved(threshold: 48, partitioning: QuicksortVariant1(pivot: MIDDLE))	ascending	67108864	392462083
QuicksortImproved(threshold: 48, partitioning: QuicksortVariant1(pivot: MIDDLE))	ascending	134217728	840800625
QuicksortImproved(threshold: 48, partitioning: QuicksortVariant1(pivot: MIDDLE))	ascending	268435456	1756983417
QuicksortImproved(threshold: 48, partitioning: QuicksortVariant1(pivot: MIDDLE))	descending	1024	8458
QuicksortImproved(threshold: 48, partitioning: QuicksortVariant1(pivot: MIDDLE))	descending	2048	11417
QuicksortImproved(threshold: 48, partitioning: QuicksortVariant1(pivot: MIDDLE))	descending	4096	20417
QuicksortImproved(threshold: 48, partitioning: QuicksortVariant1(pivot: MIDDLE))	descending	8192	34167
QuicksortImproved(threshold: 48, partitioning: QuicksortVariant1(pivot: MIDDLE))	descending	16384	64083
QuicksortImproved(threshold: 48, partitioning: QuicksortVariant1(pivot: MIDDLE))	descending	32768	136958
QuicksortImproved(threshold: 48, partitioning: QuicksortVariant1(pivot: MIDDLE))	descending	65536	273959
QuicksortImproved(threshold: 48, partitioning: QuicksortVariant1(pivot: MIDDLE))	descending	131072	586958
QuicksortImproved(threshold: 48, partitioning: QuicksortVariant1(pivot: MIDDLE))	descending	262144	1149916
QuicksortImproved(threshold: 48, partitioning: QuicksortVariant1(pivot: MIDDLE))	descending	524288	2493916
QuicksortImproved(threshold: 48, partitioning: QuicksortVariant1(pivot: MIDDLE))	descending	1048576	5067792
QuicksortImproved(threshold: 48, partitioning: QuicksortVariant1(pivot: MIDDLE))	descending	2097152	11322375
QuicksortImproved(threshold: 48, partitioning: QuicksortVariant1(pivot: MIDDLE))	descending	4194304	22575834
QuicksortImproved(threshold: 48, partitioning: QuicksortVariant1(pivot: MIDDLE))	descending	8388608	49220583
QuicksortImproved(threshold: 48, partitioning: QuicksortVariant1(pivot: MIDDLE))	descending	16777216	102263375
QuicksortImproved(threshold: 48, partitioning: QuicksortVariant1(pivot: MIDDLE))	descending	33554432	217398875
QuicksortImproved(threshold: 48, partitioning: QuicksortVariant1(pivot: MIDDLE))	descending	67108864	440516792
QuicksortImproved(threshold: 48, partitioning: QuicksortVariant1(pivot: MIDDLE))	descending	134217728	941523750
QuicksortImproved(threshold: 48, partitioning: QuicksortVariant1(pivot: MIDDLE))	descending	268435456	1847682625
DualPivotQuicksort(pivot: THIRDS)	random	1024	229625
DualPivotQuicksort(pivot: THIRDS)	random	2048	396542
DualPivotQuicksort(pivot: THIRDS)	random	4096	697583
DualPivotQuicksort(pivot: THIRDS)	random	8192	1567208
DualPivotQuicksort(pivot: THIRDS)	random	16384	2998208
DualPivotQuicksort(pivot: THIRDS)	random	32768	1649250
DualPivotQuicksort(pivot: THIRDS)	random	65536	2610583
DualPivotQuicksort(pivot: THIRDS)	random	131072	5316667
DualPivotQuicksort(pivot: THIRDS)	random	262144	11456209
DualPivotQuicksort(pivot: THIRDS)	random	524288	23307208
DualPivotQuicksort(pivot: THIRDS)	random	1048576	49140375
DualPivotQuicksort(pivot: THIRDS)	random	2097152	102670834
DualPivotQuicksort(pivot: THIRDS)	random	4194304	213592125
DualPivotQuicksort(pivot: THIRDS)	random	8388608	449322916
DualPivotQuicksort(pivot: THIRDS)	random	16777216	933829209
DualPivotQuicksort(pivot: THIRDS)	random	33554432	1934466416
DualPivotQuicksort(pivot: THIRDS)	random	67108864	3961186416
DualPivotQuicksort(pivot: THIRDS)	random	134217728	8229447083
DualPivotQuicksort(pivot: THIRDS)	random	268435456	17157797583
DualPivotQuicksort(pivot: THIRDS)	ascending	1024	10375
DualPivotQuicksort(pivot: THIRDS)	ascending	2048	16416
DualPivotQuicksort(pivot: THIRDS)	ascending	4096	26833
DualPivotQuicksort(pivot: THIRDS)	ascending	8192	46333
DualPivotQuicksort(pivot: THIRDS)	ascending	16384	98083
DualPivotQuicksort(pivot: THIRDS)	ascending	32768	188541
DualPivotQuicksort(pivot: THIRDS)	ascending	65536	411709
DualPivotQuicksort(pivot: THIRDS)	ascending	131072	761250
DualPivotQuicksort(pivot: THIRDS)	ascending	262144	1623708
DualPivotQuicksort(pivot: THIRDS)	ascending	524288	4088416
DualPivotQuicksort(pivot: THIRDS)	ascending	1048576	7697125
DualPivotQuicksort(pivot: THIRDS)	ascending	2097152	15881792
DualPivotQuicksort(pivot: THIRDS)	ascending	4194304	35541833
DualPivotQuicksort(pivot: THIRDS)	ascending	8388608	70014042
DualPivotQuicksort(pivot: THIRDS)	ascending	16777216	148625584
DualPivotQuicksort(pivot: THIRDS)	ascending	33554432	304821375
DualPivotQuicksort(pivot: THIRDS)	ascending	67108864	639149416
DualPivotQuicksort(pivot: THIRDS)	ascending	134217728	1354875875
DualPivotQuicksort(pivot: THIRDS)	ascending	268435456	2663757292
DualPivotQuicksort(pivot: THIRDS)	descending	1024	14250
DualPivotQuicksort(pivot: THIRDS)	descending	2048	16958
DualPivotQuicksort(pivot: THIRDS)	descending	4096	25208
DualPivotQuicksort(pivot: THIRDS)	descending	8192	53125
DualPivotQuicksort(pivot: THIRDS)	descending	16384	93667
DualPivotQuicksort(pivot: THIRDS)	descending	32768	176458
DualPivotQuicksort(pivot: THIRDS)	descending	65536	410000
DualPivotQuicksort(pivot: THIRDS)	descending	131072	814041
DualPivotQuicksort(pivot: THIRDS)	descending	262144	1644916
DualPivotQuicksort(pivot: THIRDS)	descending	524288	4099542
DualPivotQuicksort(pivot: THIRDS)	descending	1048576	7728542
DualPivotQuicksort(pivot: THIRDS)	descending	2097152	15937750
DualPivotQuicksort(pivot: THIRDS)	descending	4194304	34824041
DualPivotQuicksort(pivot: THIRDS)	descending	8388608	70150000
DualPivotQuicksort(pivot: THIRDS)	descending	16777216	147785625
DualPivotQuicksort(pivot: THIRDS)	descending	33554432	302440125
DualPivotQuicksort(pivot: THIRDS)	descending	67108864	647800542
DualPivotQuicksort(pivot: THIRDS)	descending	134217728	1338663375
DualPivotQuicksort(pivot: THIRDS)	descending	268435456	2737043208
DualPivotQuicksortImproved(threshold: 64, pivot: THIRDS)	random	1024	28334
DualPivotQuicksortImproved(threshold: 64, pivot: THIRDS)	random	2048	67542
DualPivotQuicksortImproved(threshold: 64, pivot: THIRDS)	random	4096	130875
DualPivotQuicksortImproved(threshold: 64, pivot: THIRDS)	random	8192	273875
DualPivotQuicksortImproved(threshold: 64, pivot: THIRDS)	random	16384	615250
DualPivotQuicksortImproved(threshold: 64, pivot: THIRDS)	random	32768	1236625
DualPivotQuicksortImproved(threshold: 64, pivot: THIRDS)	random	65536	2708708
DualPivotQuicksortImproved(threshold: 64, pivot: THIRDS)	random	131072	5779042
DualPivotQuicksortImproved(threshold: 64, pivot: THIRDS)	random	262144	11909250
DualPivotQuicksortImproved(threshold: 64, pivot: THIRDS)	random	524288	25415917
DualPivotQuicksortImproved(threshold: 64, pivot: THIRDS)	random	1048576	53904666
DualPivotQuicksortImproved(threshold: 64, pivot: THIRDS)	random	2097152	113879417
DualPivotQuicksortImproved(threshold: 64, pivot: THIRDS)	random	4194304	236747500
DualPivotQuicksortImproved(threshold: 64, pivot: THIRDS)	random	8388608	500197959
DualPivotQuicksortImproved(threshold: 64, pivot: THIRDS)	random	16777216	1039252875
DualPivotQuicksortImproved(threshold: 64, pivot: THIRDS)	random	33554432	2158563125
DualPivotQuicksortImproved(threshold: 64, pivot: THIRDS)	random	67108864	4596776375
DualPivotQuicksortImproved(threshold: 64, pivot: THIRDS)	random	134217728	9618561916
DualPivotQuicksortImproved(threshold: 64, pivot: THIRDS)	random	268435456	19600269084
DualPivotQuicksortImproved(threshold: 64, pivot: THIRDS)	ascending	1024	9125
DualPivotQuicksortImproved(threshold: 64, pivot: THIRDS)	ascending	2048	15042
DualPivotQuicksortImproved(threshold: 64, pivot: THIRDS)	ascending	4096	31625
DualPivotQuicksortImproved(threshold: 64, pivot: THIRDS)	ascending	8192	60666
DualPivotQuicksortImproved(threshold: 64, pivot: THIRDS)	ascending	16384	134750
DualPivotQuicksortImproved(threshold: 64, pivot: THIRDS)	ascending	32768	270458
DualPivotQuicksortImproved(threshold: 64, pivot: THIRDS)	ascending	65536	615834
DualPivotQuicksortImproved(threshold: 64, pivot: THIRDS)	ascending	131072	1225250
DualPivotQuicksortImproved(threshold: 64, pivot: THIRDS)	ascending	262144	2652875
DualPivotQuicksortImproved(threshold: 64, pivot: THIRDS)	ascending	524288	6085917
DualPivotQuicksortImproved(threshold: 64, pivot: THIRDS)	ascending	1048576	13960416
DualPivotQuicksortImproved(threshold: 64, pivot: THIRDS)	ascending	2097152	27356625
DualPivotQuicksortImproved(threshold: 64, pivot: THIRDS)	ascending	4194304	59242666
DualPivotQuicksortImproved(threshold: 64, pivot: THIRDS)	ascending	8388608	117850916
DualPivotQuicksortImproved(threshold: 64, pivot: THIRDS)	ascending	16777216	245195792
DualPivotQuicksortImproved(threshold: 64, pivot: THIRDS)	ascending	33554432	486998250
DualPivotQuicksortImproved(threshold: 64, pivot: THIRDS)	ascending	67108864	1086789958
DualPivotQuicksortImproved(threshold: 64, pivot: THIRDS)	ascending	134217728	2278097375
DualPivotQuicksortImproved(threshold: 64, pivot: THIRDS)	ascending	268435456	4510019042
DualPivotQuicksortImproved(threshold: 64, pivot: THIRDS)	descending	1024	9583
DualPivotQuicksortImproved(threshold: 64, pivot: THIRDS)	descending	2048	19000
DualPivotQuicksortImproved(threshold: 64, pivot: THIRDS)	descending	4096	26541
DualPivotQuicksortImproved(threshold: 64, pivot: THIRDS)	descending	8192	67833
DualPivotQuicksortImproved(threshold: 64, pivot: THIRDS)	descending	16384	148125
DualPivotQuicksortImproved(threshold: 64, pivot: THIRDS)	descending	32768	257583
DualPivotQuicksortImproved(threshold: 64, pivot: THIRDS)	descending	65536	655292
DualPivotQuicksortImproved(threshold: 64, pivot: THIRDS)	descending	131072	1250500
DualPivotQuicksortImproved(threshold: 64, pivot: THIRDS)	descending	262144	2619084
DualPivotQuicksortImproved(threshold: 64, pivot: THIRDS)	descending	524288	5820083
DualPivotQuicksortImproved(threshold: 64, pivot: THIRDS)	descending	1048576	11986542
DualPivotQuicksortImproved(threshold: 64, pivot: THIRDS)	descending	2097152	25600833
DualPivotQuicksortImproved(threshold: 64, pivot: THIRDS)	descending	4194304	58322333
DualPivotQuicksortImproved(threshold: 64, pivot: THIRDS)	descending	8388608	115688500
DualPivotQuicksortImproved(threshold: 64, pivot: THIRDS)	descending	16777216	247582167
DualPivotQuicksortImproved(threshold: 64, pivot: THIRDS)	descending	33554432	492489958
DualPivotQuicksortImproved(threshold: 64, pivot: THIRDS)	descending	67108864	1087778833
DualPivotQuicksortImproved(threshold: 64, pivot: THIRDS)	descending	134217728	2261475791
DualPivotQuicksortImproved(threshold: 64, pivot: THIRDS)	descending	268435456	4557470833
JavaArraysSort	random	1024	44167
JavaArraysSort	random	2048	55792
JavaArraysSort	random	4096	107208
JavaArraysSort	random	8192	223458
JavaArraysSort	random	16384	450875
JavaArraysSort	random	32768	991916
JavaArraysSort	random	65536	2040084
JavaArraysSort	random	131072	4281458
JavaArraysSort	random	262144	8944959
JavaArraysSort	random	524288	19069166
JavaArraysSort	random	1048576	41205791
JavaArraysSort	random	2097152	86429042
JavaArraysSort	random	4194304	177554375
JavaArraysSort	random	8388608	381664458
JavaArraysSort	random	16777216	788827750
JavaArraysSort	random	33554432	1674275750
JavaArraysSort	random	67108864	3410446709
JavaArraysSort	random	134217728	7126433625
JavaArraysSort	random	268435456	14763873958
JavaArraysSort	ascending	1024	3042
JavaArraysSort	ascending	2048	3000
JavaArraysSort	ascending	4096	2375
JavaArraysSort	ascending	8192	2833
JavaArraysSort	ascending	16384	5083
JavaArraysSort	ascending	32768	6417
JavaArraysSort	ascending	65536	10291
JavaArraysSort	ascending	131072	26750
JavaArraysSort	ascending	262144	39458
JavaArraysSort	ascending	524288	74333
JavaArraysSort	ascending	1048576	128750
JavaArraysSort	ascending	2097152	314000
JavaArraysSort	ascending	4194304	615125
JavaArraysSort	ascending	8388608	984333
JavaArraysSort	ascending	16777216	2378333
JavaArraysSort	ascending	33554432	3997000
JavaArraysSort	ascending	67108864	7930875
JavaArraysSort	ascending	134217728	19103917
JavaArraysSort	ascending	268435456	36596708
JavaArraysSort	descending	1024	2917
JavaArraysSort	descending	2048	3334
JavaArraysSort	descending	4096	3208
JavaArraysSort	descending	8192	6291
JavaArraysSort	descending	16384	8416
JavaArraysSort	descending	32768	15167
JavaArraysSort	descending	65536	27833
JavaArraysSort	descending	131072	50791
JavaArraysSort	descending	262144	99958
JavaArraysSort	descending	524288	197083
JavaArraysSort	descending	1048576	385125
JavaArraysSort	descending	2097152	720416
JavaArraysSort	descending	4194304	1687583
JavaArraysSort	descending	8388608	3069625
JavaArraysSort	descending	16777216	6336625
JavaArraysSort	descending	33554432	12765792
JavaArraysSort	descending	67108864	25263500
JavaArraysSort	descending	134217728	49443833
JavaArraysSort	descending	268435456	104040584
QuicksortVariant1(pivot: RIGHT)	random	1024	35083
QuicksortVariant1(pivot: RIGHT)	random	2048	63458
QuicksortVariant1(pivot: RIGHT)	random	4096	151334
QuicksortVariant1(pivot: RIGHT)	random	8192	308084
QuicksortVariant1(pivot: RIGHT)	random	16384	590625
QuicksortVariant1(pivot: RIGHT)	random	32768	1214250
QuicksortVariant1(pivot: RIGHT)	random	65536	2671041
QuicksortVariant1(pivot: RIGHT)	random	131072	5564375
QuicksortVariant1(pivot: RIGHT)	random	262144	11855417
QuicksortVariant1(pivot: RIGHT)	random	524288	24663000
QuicksortVariant1(pivot: RIGHT)	random	1048576	50574416
QuicksortVariant1(pivot: RIGHT)	random	2097152	106203250
QuicksortVariant1(pivot: RIGHT)	random	4194304	222052500
QuicksortVariant1(pivot: RIGHT)	random	8388608	465513250
QuicksortVariant1(pivot: RIGHT)	random	16777216	960947583
QuicksortVariant1(pivot: RIGHT)	random	33554432	1963670625
QuicksortVariant1(pivot: RIGHT)	random	67108864	4129341125
QuicksortVariant1(pivot: RIGHT)	random	134217728	8586294167
QuicksortVariant1(pivot: RIGHT)	random	268435456	17681102416
QuicksortVariant1(pivot: RIGHT)	ascending	1024	264875
QuicksortVariant1(pivot: RIGHT)	ascending	2048	747166
QuicksortVariant1(pivot: RIGHT)	ascending	4096	2954833
QuicksortVariant1(pivot: RIGHT)	ascending	8192	11934292
QuicksortVariant1(pivot: RIGHT)	ascending	16384	46615833
QuicksortVariant1(pivot: RIGHT)	ascending	32768	SOE
QuicksortVariant1(pivot: RIGHT)	descending	1024	153833
QuicksortVariant1(pivot: RIGHT)	descending	2048	717667
QuicksortVariant1(pivot: RIGHT)	descending	4096	2927625
QuicksortVariant1(pivot: RIGHT)	descending	8192	8084750
QuicksortVariant1(pivot: RIGHT)	descending	16384	45059000
QuicksortVariant1(pivot: RIGHT)	descending	32768	SOE
QuicksortVariant1(pivot: MIDDLE)	random	1024	43292
QuicksortVariant1(pivot: MIDDLE)	random	2048	74708
QuicksortVariant1(pivot: MIDDLE)	random	4096	142458
QuicksortVariant1(pivot: MIDDLE)	random	8192	291209
QuicksortVariant1(pivot: MIDDLE)	random	16384	591584
QuicksortVariant1(pivot: MIDDLE)	random	32768	1334958
QuicksortVariant1(pivot: MIDDLE)	random	65536	2691375
QuicksortVariant1(pivot: MIDDLE)	random	131072	5631625
QuicksortVariant1(pivot: MIDDLE)	random	262144	11888959
QuicksortVariant1(pivot: MIDDLE)	random	524288	24601958
QuicksortVariant1(pivot: MIDDLE)	random	1048576	51322750
QuicksortVariant1(pivot: MIDDLE)	random	2097152	108875750
QuicksortVariant1(pivot: MIDDLE)	random	4194304	226589542
QuicksortVariant1(pivot: MIDDLE)	random	8388608	480844625
QuicksortVariant1(pivot: MIDDLE)	random	16777216	997091375
QuicksortVariant1(pivot: MIDDLE)	random	33554432	2041508042
QuicksortVariant1(pivot: MIDDLE)	random	67108864	4139841125
QuicksortVariant1(pivot: MIDDLE)	random	134217728	8657774917
QuicksortVariant1(pivot: MIDDLE)	random	268435456	17719855625
QuicksortVariant1(pivot: MIDDLE)	ascending	1024	9167
QuicksortVariant1(pivot: MIDDLE)	ascending	2048	14375
QuicksortVariant1(pivot: MIDDLE)	ascending	4096	26125
QuicksortVariant1(pivot: MIDDLE)	ascending	8192	44875
QuicksortVariant1(pivot: MIDDLE)	ascending	16384	86459
QuicksortVariant1(pivot: MIDDLE)	ascending	32768	180416
QuicksortVariant1(pivot: MIDDLE)	ascending	65536	376250
QuicksortVariant1(pivot: MIDDLE)	ascending	131072	788250
QuicksortVariant1(pivot: MIDDLE)	ascending	262144	1630958
QuicksortVariant1(pivot: MIDDLE)	ascending	524288	3339667
QuicksortVariant1(pivot: MIDDLE)	ascending	1048576	7269167
QuicksortVariant1(pivot: MIDDLE)	ascending	2097152	14366041
QuicksortVariant1(pivot: MIDDLE)	ascending	4194304	30250792
QuicksortVariant1(pivot: MIDDLE)	ascending	8388608	63303791
QuicksortVariant1(pivot: MIDDLE)	ascending	16777216	127818208
QuicksortVariant1(pivot: MIDDLE)	ascending	33554432	266995166
QuicksortVariant1(pivot: MIDDLE)	ascending	67108864	543557375
QuicksortVariant1(pivot: MIDDLE)	ascending	134217728	1152014416
QuicksortVariant1(pivot: MIDDLE)	ascending	268435456	2241558667
QuicksortVariant1(pivot: MIDDLE)	descending	1024	9958
QuicksortVariant1(pivot: MIDDLE)	descending	2048	18000
QuicksortVariant1(pivot: MIDDLE)	descending	4096	25750
QuicksortVariant1(pivot: MIDDLE)	descending	8192	54083
QuicksortVariant1(pivot: MIDDLE)	descending	16384	94750
QuicksortVariant1(pivot: MIDDLE)	descending	32768	209125
QuicksortVariant1(pivot: MIDDLE)	descending	65536	401375
QuicksortVariant1(pivot: MIDDLE)	descending	131072	825208
QuicksortVariant1(pivot: MIDDLE)	descending	262144	1797125
QuicksortVariant1(pivot: MIDDLE)	descending	524288	3858792
QuicksortVariant1(pivot: MIDDLE)	descending	1048576	7320541
QuicksortVariant1(pivot: MIDDLE)	descending	2097152	15441375
QuicksortVariant1(pivot: MIDDLE)	descending	4194304	32509750
QuicksortVariant1(pivot: MIDDLE)	descending	8388608	69518583
QuicksortVariant1(pivot: MIDDLE)	descending	16777216	139908625
QuicksortVariant1(pivot: MIDDLE)	descending	33554432	290140250
QuicksortVariant1(pivot: MIDDLE)	descending	67108864	594986209
QuicksortVariant1(pivot: MIDDLE)	descending	134217728	1232742791
QuicksortVariant1(pivot: MIDDLE)	descending	268435456	2521151458
QuicksortVariant1(pivot: MEDIAN3)	random	1024	38375
QuicksortVariant1(pivot: MEDIAN3)	random	2048	82416
QuicksortVariant1(pivot: MEDIAN3)	random	4096	159208
QuicksortVariant1(pivot: MEDIAN3)	random	8192	328666
QuicksortVariant1(pivot: MEDIAN3)	random	16384	651875
QuicksortVariant1(pivot: MEDIAN3)	random	32768	1337000
QuicksortVariant1(pivot: MEDIAN3)	random	65536	2817541
QuicksortVariant1(pivot: MEDIAN3)	random	131072	5915375
QuicksortVariant1(pivot: MEDIAN3)	random	262144	12494917
QuicksortVariant1(pivot: MEDIAN3)	random	524288	26286583
QuicksortVariant1(pivot: MEDIAN3)	random	1048576	55483917
QuicksortVariant1(pivot: MEDIAN3)	random	2097152	115275333
QuicksortVariant1(pivot: MEDIAN3)	random	4194304	239762917
QuicksortVariant1(pivot: MEDIAN3)	random	8388608	492983458
QuicksortVariant1(pivot: MEDIAN3)	random	16777216	1038117375
QuicksortVariant1(pivot: MEDIAN3)	random	33554432	2157767375
QuicksortVariant1(pivot: MEDIAN3)	random	67108864	4798684667
QuicksortVariant1(pivot: MEDIAN3)	random	134217728	10113263125
QuicksortVariant1(pivot: MEDIAN3)	random	268435456	20359039458
QuicksortVariant1(pivot: MEDIAN3)	ascending	1024	8750
QuicksortVariant1(pivot: MEDIAN3)	ascending	2048	13375
QuicksortVariant1(pivot: MEDIAN3)	ascending	4096	25250
QuicksortVariant1(pivot: MEDIAN3)	ascending	8192	50542
QuicksortVariant1(pivot: MEDIAN3)	ascending	16384	99459
QuicksortVariant1(pivot: MEDIAN3)	ascending	32768	212166
QuicksortVariant1(pivot: MEDIAN3)	ascending	65536	431250
QuicksortVariant1(pivot: MEDIAN3)	ascending	131072	992667
QuicksortVariant1(pivot: MEDIAN3)	ascending	262144	1872416
QuicksortVariant1(pivot: MEDIAN3)	ascending	524288	3943500
QuicksortVariant1(pivot: MEDIAN3)	ascending	1048576	8022833
QuicksortVariant1(pivot: MEDIAN3)	ascending	2097152	16931250
QuicksortVariant1(pivot: MEDIAN3)	ascending	4194304	34421125
QuicksortVariant1(pivot: MEDIAN3)	ascending	8388608	73187292
QuicksortVariant1(pivot: MEDIAN3)	ascending	16777216	145929042
QuicksortVariant1(pivot: MEDIAN3)	ascending	33554432	326750000
QuicksortVariant1(pivot: MEDIAN3)	ascending	67108864	666406584
QuicksortVariant1(pivot: MEDIAN3)	ascending	134217728	1380298500
QuicksortVariant1(pivot: MEDIAN3)	ascending	268435456	2611412542
QuicksortVariant1(pivot: MEDIAN3)	descending	1024	10000
QuicksortVariant1(pivot: MEDIAN3)	descending	2048	19250
QuicksortVariant1(pivot: MEDIAN3)	descending	4096	34084
QuicksortVariant1(pivot: MEDIAN3)	descending	8192	62625
QuicksortVariant1(pivot: MEDIAN3)	descending	16384	122958
QuicksortVariant1(pivot: MEDIAN3)	descending	32768	243958
QuicksortVariant1(pivot: MEDIAN3)	descending	65536	455041
QuicksortVariant1(pivot: MEDIAN3)	descending	131072	997125
QuicksortVariant1(pivot: MEDIAN3)	descending	262144	1946375
QuicksortVariant1(pivot: MEDIAN3)	descending	524288	4015625
QuicksortVariant1(pivot: MEDIAN3)	descending	1048576	8680917
QuicksortVariant1(pivot: MEDIAN3)	descending	2097152	17423667
QuicksortVariant1(pivot: MEDIAN3)	descending	4194304	36293250
QuicksortVariant1(pivot: MEDIAN3)	descending	8388608	76840500
QuicksortVariant1(pivot: MEDIAN3)	descending	16777216	164244666
QuicksortVariant1(pivot: MEDIAN3)	descending	33554432	316870084
QuicksortVariant1(pivot: MEDIAN3)	descending	67108864	659503834
QuicksortVariant1(pivot: MEDIAN3)	descending	134217728	1382060667
QuicksortVariant1(pivot: MEDIAN3)	descending	268435456	2866239834
QuicksortImproved(threshold: 48, partitioning: QuicksortVariant1(pivot: MIDDLE))	random	1024	28042
QuicksortImproved(threshold: 48, partitioning: QuicksortVariant1(pivot: MIDDLE))	random	2048	55709
QuicksortImproved(threshold: 48, partitioning: QuicksortVariant1(pivot: MIDDLE))	random	4096	117417
QuicksortImproved(threshold: 48, partitioning: QuicksortVariant1(pivot: MIDDLE))	random	8192	246708
QuicksortImproved(threshold: 48, partitioning: QuicksortVariant1(pivot: MIDDLE))	random	16384	523292
QuicksortImproved(threshold: 48, partitioning: QuicksortVariant1(pivot: MIDDLE))	random	32768	1067916
QuicksortImproved(threshold: 48, partitioning: QuicksortVariant1(pivot: MIDDLE))	random	65536	2357458
QuicksortImproved(threshold: 48, partitioning: QuicksortVariant1(pivot: MIDDLE))	random	131072	4895708
QuicksortImproved(threshold: 48, partitioning: QuicksortVariant1(pivot: MIDDLE))	random	262144	10549083
QuicksortImproved(threshold: 48, partitioning: QuicksortVariant1(pivot: MIDDLE))	random	524288	21139459
QuicksortImproved(threshold: 48, partitioning: QuicksortVariant1(pivot: MIDDLE))	random	1048576	47579500
QuicksortImproved(threshold: 48, partitioning: QuicksortVariant1(pivot: MIDDLE))	random	2097152	93249000
QuicksortImproved(threshold: 48, partitioning: QuicksortVariant1(pivot: MIDDLE))	random	4194304	194239042
QuicksortImproved(threshold: 48, partitioning: QuicksortVariant1(pivot: MIDDLE))	random	8388608	411524292
QuicksortImproved(threshold: 48, partitioning: QuicksortVariant1(pivot: MIDDLE))	random	16777216	823715000
QuicksortImproved(threshold: 48, partitioning: QuicksortVariant1(pivot: MIDDLE))	random	33554432	1790103041
QuicksortImproved(threshold: 48, partitioning: QuicksortVariant1(pivot: MIDDLE))	random	67108864	3714927458
QuicksortImproved(threshold: 48, partitioning: QuicksortVariant1(pivot: MIDDLE))	random	134217728	7739816333
QuicksortImproved(threshold: 48, partitioning: QuicksortVariant1(pivot: MIDDLE))	random	268435456	16589572916
QuicksortImproved(threshold: 48, partitioning: QuicksortVariant1(pivot: MIDDLE))	ascending	1024	7584
QuicksortImproved(threshold: 48, partitioning: QuicksortVariant1(pivot: MIDDLE))	ascending	2048	19375
QuicksortImproved(threshold: 48, partitioning: QuicksortVariant1(pivot: MIDDLE))	ascending	4096	16750
QuicksortImproved(threshold: 48, partitioning: QuicksortVariant1(pivot: MIDDLE))	ascending	8192	33500
QuicksortImproved(threshold: 48, partitioning: QuicksortVariant1(pivot: MIDDLE))	ascending	16384	63792
QuicksortImproved(threshold: 48, partitioning: QuicksortVariant1(pivot: MIDDLE))	ascending	32768	122000
QuicksortImproved(threshold: 48, partitioning: QuicksortVariant1(pivot: MIDDLE))	ascending	65536	228834
QuicksortImproved(threshold: 48, partitioning: QuicksortVariant1(pivot: MIDDLE))	ascending	131072	529500
QuicksortImproved(threshold: 48, partitioning: QuicksortVariant1(pivot: MIDDLE))	ascending	262144	1123125
QuicksortImproved(threshold: 48, partitioning: QuicksortVariant1(pivot: MIDDLE))	ascending	524288	2548958
QuicksortImproved(threshold: 48, partitioning: QuicksortVariant1(pivot: MIDDLE))	ascending	1048576	4857084
QuicksortImproved(threshold: 48, partitioning: QuicksortVariant1(pivot: MIDDLE))	ascending	2097152	10558750
QuicksortImproved(threshold: 48, partitioning: QuicksortVariant1(pivot: MIDDLE))	ascending	4194304	21175917
QuicksortImproved(threshold: 48, partitioning: QuicksortVariant1(pivot: MIDDLE))	ascending	8388608	44811500
QuicksortImproved(threshold: 48, partitioning: QuicksortVariant1(pivot: MIDDLE))	ascending	16777216	94005708
QuicksortImproved(threshold: 48, partitioning: QuicksortVariant1(pivot: MIDDLE))	ascending	33554432	194649458
QuicksortImproved(threshold: 48, partitioning: QuicksortVariant1(pivot: MIDDLE))	ascending	67108864	397720375
QuicksortImproved(threshold: 48, partitioning: QuicksortVariant1(pivot: MIDDLE))	ascending	134217728	864128333
QuicksortImproved(threshold: 48, partitioning: QuicksortVariant1(pivot: MIDDLE))	ascending	268435456	1788203000
QuicksortImproved(threshold: 48, partitioning: QuicksortVariant1(pivot: MIDDLE))	descending	1024	5959
QuicksortImproved(threshold: 48, partitioning: QuicksortVariant1(pivot: MIDDLE))	descending	2048	9541
QuicksortImproved(threshold: 48, partitioning: QuicksortVariant1(pivot: MIDDLE))	descending	4096	23250
QuicksortImproved(threshold: 48, partitioning: QuicksortVariant1(pivot: MIDDLE))	descending	8192	34750
QuicksortImproved(threshold: 48, partitioning: QuicksortVariant1(pivot: MIDDLE))	descending	16384	100084
QuicksortImproved(threshold: 48, partitioning: QuicksortVariant1(pivot: MIDDLE))	descending	32768	139625
QuicksortImproved(threshold: 48, partitioning: QuicksortVariant1(pivot: MIDDLE))	descending	65536	271208
QuicksortImproved(threshold: 48, partitioning: QuicksortVariant1(pivot: MIDDLE))	descending	131072	604667
QuicksortImproved(threshold: 48, partitioning: QuicksortVariant1(pivot: MIDDLE))	descending	262144	1200667
QuicksortImproved(threshold: 48, partitioning: QuicksortVariant1(pivot: MIDDLE))	descending	524288	2747417
QuicksortImproved(threshold: 48, partitioning: QuicksortVariant1(pivot: MIDDLE))	descending	1048576	5541333
QuicksortImproved(threshold: 48, partitioning: QuicksortVariant1(pivot: MIDDLE))	descending	2097152	12460292
QuicksortImproved(threshold: 48, partitioning: QuicksortVariant1(pivot: MIDDLE))	descending	4194304	23891292
QuicksortImproved(threshold: 48, partitioning: QuicksortVariant1(pivot: MIDDLE))	descending	8388608	55145542
QuicksortImproved(threshold: 48, partitioning: QuicksortVariant1(pivot: MIDDLE))	descending	16777216	113184167
QuicksortImproved(threshold: 48, partitioning: QuicksortVariant1(pivot: MIDDLE))	descending	33554432	225570375
QuicksortImproved(threshold: 48, partitioning: QuicksortVariant1(pivot: MIDDLE))	descending	67108864	462365333
QuicksortImproved(threshold: 48, partitioning: QuicksortVariant1(pivot: MIDDLE))	descending	134217728	985009041
QuicksortImproved(threshold: 48, partitioning: QuicksortVariant1(pivot: MIDDLE))	descending	268435456	1913263417
DualPivotQuicksort(pivot: THIRDS)	random	1024	33417
DualPivotQuicksort(pivot: THIRDS)	random	2048	68292
DualPivotQuicksort(pivot: THIRDS)	random	4096	144833
DualPivotQuicksort(pivot: THIRDS)	random	8192	276708
DualPivotQuicksort(pivot: THIRDS)	random	16384	569542
DualPivotQuicksort(pivot: THIRDS)	random	32768	1209333
DualPivotQuicksort(pivot: THIRDS)	random	65536	2554542
DualPivotQuicksort(pivot: THIRDS)	random	131072	5181333
DualPivotQuicksort(pivot: THIRDS)	random	262144	11413250
DualPivotQuicksort(pivot: THIRDS)	random	524288	23685834
DualPivotQuicksort(pivot: THIRDS)	random	1048576	49949083
DualPivotQuicksort(pivot: THIRDS)	random	2097152	102500708
DualPivotQuicksort(pivot: THIRDS)	random	4194304	215368291
DualPivotQuicksort(pivot: THIRDS)	random	8388608	449664667
DualPivotQuicksort(pivot: THIRDS)	random	16777216	945936000
DualPivotQuicksort(pivot: THIRDS)	random	33554432	1991274333
DualPivotQuicksort(pivot: THIRDS)	random	67108864	4013551667
DualPivotQuicksort(pivot: THIRDS)	random	134217728	8526027792
DualPivotQuicksort(pivot: THIRDS)	random	268435456	17578209041
DualPivotQuicksort(pivot: THIRDS)	ascending	1024	11375
DualPivotQuicksort(pivot: THIRDS)	ascending	2048	28000
DualPivotQuicksort(pivot: THIRDS)	ascending	4096	22375
DualPivotQuicksort(pivot: THIRDS)	ascending	8192	59333
DualPivotQuicksort(pivot: THIRDS)	ascending	16384	107792
DualPivotQuicksort(pivot: THIRDS)	ascending	32768	180166
DualPivotQuicksort(pivot: THIRDS)	ascending	65536	418208
DualPivotQuicksort(pivot: THIRDS)	ascending	131072	770750
DualPivotQuicksort(pivot: THIRDS)	ascending	262144	1611084
DualPivotQuicksort(pivot: THIRDS)	ascending	524288	4154792
DualPivotQuicksort(pivot: THIRDS)	ascending	1048576	7702041
DualPivotQuicksort(pivot: THIRDS)	ascending	2097152	16586834
DualPivotQuicksort(pivot: THIRDS)	ascending	4194304	35748750
DualPivotQuicksort(pivot: THIRDS)	ascending	8388608	70335000
DualPivotQuicksort(pivot: THIRDS)	ascending	16777216	150815292
DualPivotQuicksort(pivot: THIRDS)	ascending	33554432	310623625
DualPivotQuicksort(pivot: THIRDS)	ascending	67108864	698357584
DualPivotQuicksort(pivot: THIRDS)	ascending	134217728	1395691583
DualPivotQuicksort(pivot: THIRDS)	ascending	268435456	2778807667
DualPivotQuicksort(pivot: THIRDS)	descending	1024	12083
DualPivotQuicksort(pivot: THIRDS)	descending	2048	19125
DualPivotQuicksort(pivot: THIRDS)	descending	4096	25917
DualPivotQuicksort(pivot: THIRDS)	descending	8192	56917
DualPivotQuicksort(pivot: THIRDS)	descending	16384	97833
DualPivotQuicksort(pivot: THIRDS)	descending	32768	182458
DualPivotQuicksort(pivot: THIRDS)	descending	65536	560000
DualPivotQuicksort(pivot: THIRDS)	descending	131072	787708
DualPivotQuicksort(pivot: THIRDS)	descending	262144	1824125
DualPivotQuicksort(pivot: THIRDS)	descending	524288	4209291
DualPivotQuicksort(pivot: THIRDS)	descending	1048576	7971291
DualPivotQuicksort(pivot: THIRDS)	descending	2097152	16673917
DualPivotQuicksort(pivot: THIRDS)	descending	4194304	36360459
DualPivotQuicksort(pivot: THIRDS)	descending	8388608	73044958
DualPivotQuicksort(pivot: THIRDS)	descending	16777216	156793709
DualPivotQuicksort(pivot: THIRDS)	descending	33554432	310807583
DualPivotQuicksort(pivot: THIRDS)	descending	67108864	713664583
DualPivotQuicksort(pivot: THIRDS)	descending	134217728	1379647500
DualPivotQuicksort(pivot: THIRDS)	descending	268435456	2820380375
DualPivotQuicksortImproved(threshold: 64, pivot: THIRDS)	random	1024	30375
DualPivotQuicksortImproved(threshold: 64, pivot: THIRDS)	random	2048	72125
DualPivotQuicksortImproved(threshold: 64, pivot: THIRDS)	random	4096	124791
DualPivotQuicksortImproved(threshold: 64, pivot: THIRDS)	random	8192	276709
DualPivotQuicksortImproved(threshold: 64, pivot: THIRDS)	random	16384	571500
DualPivotQuicksortImproved(threshold: 64, pivot: THIRDS)	random	32768	1266167
DualPivotQuicksortImproved(threshold: 64, pivot: THIRDS)	random	65536	2623084
DualPivotQuicksortImproved(threshold: 64, pivot: THIRDS)	random	131072	5610250
DualPivotQuicksortImproved(threshold: 64, pivot: THIRDS)	random	262144	11907791
DualPivotQuicksortImproved(threshold: 64, pivot: THIRDS)	random	524288	25703292
DualPivotQuicksortImproved(threshold: 64, pivot: THIRDS)	random	1048576	53649250
DualPivotQuicksortImproved(threshold: 64, pivot: THIRDS)	random	2097152	116041750
DualPivotQuicksortImproved(threshold: 64, pivot: THIRDS)	random	4194304	243605125
DualPivotQuicksortImproved(threshold: 64, pivot: THIRDS)	random	8388608	502893000
DualPivotQuicksortImproved(threshold: 64, pivot: THIRDS)	random	16777216	1123584083
DualPivotQuicksortImproved(threshold: 64, pivot: THIRDS)	random	33554432	2296760375
DualPivotQuicksortImproved(threshold: 64, pivot: THIRDS)	random	67108864	4825099375
DualPivotQuicksortImproved(threshold: 64, pivot: THIRDS)	random	134217728	9876894542
DualPivotQuicksortImproved(threshold: 64, pivot: THIRDS)	random	268435456	20335498708
DualPivotQuicksortImproved(threshold: 64, pivot: THIRDS)	ascending	1024	8750
DualPivotQuicksortImproved(threshold: 64, pivot: THIRDS)	ascending	2048	17417
DualPivotQuicksortImproved(threshold: 64, pivot: THIRDS)	ascending	4096	26000
DualPivotQuicksortImproved(threshold: 64, pivot: THIRDS)	ascending	8192	68667
DualPivotQuicksortImproved(threshold: 64, pivot: THIRDS)	ascending	16384	132833
DualPivotQuicksortImproved(threshold: 64, pivot: THIRDS)	ascending	32768	263750
DualPivotQuicksortImproved(threshold: 64, pivot: THIRDS)	ascending	65536	577833
DualPivotQuicksortImproved(threshold: 64, pivot: THIRDS)	ascending	131072	1151000
DualPivotQuicksortImproved(threshold: 64, pivot: THIRDS)	ascending	262144	2592500
DualPivotQuicksortImproved(threshold: 64, pivot: THIRDS)	ascending	524288	5885084
DualPivotQuicksortImproved(threshold: 64, pivot: THIRDS)	ascending	1048576	12139208
DualPivotQuicksortImproved(threshold: 64, pivot: THIRDS)	ascending	2097152	25804583
DualPivotQuicksortImproved(threshold: 64, pivot: THIRDS)	ascending	4194304	58169292
DualPivotQuicksortImproved(threshold: 64, pivot: THIRDS)	ascending	8388608	118815708
DualPivotQuicksortImproved(threshold: 64, pivot: THIRDS)	ascending	16777216	245496334
DualPivotQuicksortImproved(threshold: 64, pivot: THIRDS)	ascending	33554432	492188542
DualPivotQuicksortImproved(threshold: 64, pivot: THIRDS)	ascending	67108864	1092631083
DualPivotQuicksortImproved(threshold: 64, pivot: THIRDS)	ascending	134217728	2282892750
DualPivotQuicksortImproved(threshold: 64, pivot: THIRDS)	ascending	268435456	4593321000
DualPivotQuicksortImproved(threshold: 64, pivot: THIRDS)	descending	1024	10833
DualPivotQuicksortImproved(threshold: 64, pivot: THIRDS)	descending	2048	14833
DualPivotQuicksortImproved(threshold: 64, pivot: THIRDS)	descending	4096	26250
DualPivotQuicksortImproved(threshold: 64, pivot: THIRDS)	descending	8192	59083
DualPivotQuicksortImproved(threshold: 64, pivot: THIRDS)	descending	16384	134875
DualPivotQuicksortImproved(threshold: 64, pivot: THIRDS)	descending	32768	259625
DualPivotQuicksortImproved(threshold: 64, pivot: THIRDS)	descending	65536	607708
DualPivotQuicksortImproved(threshold: 64, pivot: THIRDS)	descending	131072	1192166
DualPivotQuicksortImproved(threshold: 64, pivot: THIRDS)	descending	262144	2679541
DualPivotQuicksortImproved(threshold: 64, pivot: THIRDS)	descending	524288	5949875
DualPivotQuicksortImproved(threshold: 64, pivot: THIRDS)	descending	1048576	12288500
DualPivotQuicksortImproved(threshold: 64, pivot: THIRDS)	descending	2097152	26473042
DualPivotQuicksortImproved(threshold: 64, pivot: THIRDS)	descending	4194304	59433125
DualPivotQuicksortImproved(threshold: 64, pivot: THIRDS)	descending	8388608	118035000
DualPivotQuicksortImproved(threshold: 64, pivot: THIRDS)	descending	16777216	260092042
DualPivotQuicksortImproved(threshold: 64, pivot: THIRDS)	descending	33554432	498937167
DualPivotQuicksortImproved(threshold: 64, pivot: THIRDS)	descending	67108864	1105288250
DualPivotQuicksortImproved(threshold: 64, pivot: THIRDS)	descending	134217728	2300133334
DualPivotQuicksortImproved(threshold: 64, pivot: THIRDS)	descending	268435456	4559555083
JavaArraysSort	random	1024	26625
JavaArraysSort	random	2048	51459
JavaArraysSort	random	4096	107667
JavaArraysSort	random	8192	230750
JavaArraysSort	random	16384	482625
JavaArraysSort	random	32768	944083
JavaArraysSort	random	65536	2001917
JavaArraysSort	random	131072	4344958
JavaArraysSort	random	262144	9126750
JavaArraysSort	random	524288	19036500
JavaArraysSort	random	1048576	40609792
JavaArraysSort	random	2097152	87538166
JavaArraysSort	random	4194304	182186917
JavaArraysSort	random	8388608	375670958
JavaArraysSort	random	16777216	779580792
JavaArraysSort	random	33554432	1631464583
JavaArraysSort	random	67108864	3504778584
JavaArraysSort	random	134217728	7278548917
JavaArraysSort	random	268435456	15084809917
JavaArraysSort	ascending	1024	2417
JavaArraysSort	ascending	2048	2292
JavaArraysSort	ascending	4096	2959
JavaArraysSort	ascending	8192	3166
JavaArraysSort	ascending	16384	4708
JavaArraysSort	ascending	32768	7500
JavaArraysSort	ascending	65536	13958
JavaArraysSort	ascending	131072	18625
JavaArraysSort	ascending	262144	50583
JavaArraysSort	ascending	524288	79792
JavaArraysSort	ascending	1048576	152542
JavaArraysSort	ascending	2097152	263583
JavaArraysSort	ascending	4194304	589583
JavaArraysSort	ascending	8388608	1213291
JavaArraysSort	ascending	16777216	2512083
JavaArraysSort	ascending	33554432	4843875
JavaArraysSort	ascending	67108864	9792792
JavaArraysSort	ascending	134217728	17285084
JavaArraysSort	ascending	268435456	36801792
JavaArraysSort	descending	1024	2500
JavaArraysSort	descending	2048	2583
JavaArraysSort	descending	4096	3000
JavaArraysSort	descending	8192	4125
JavaArraysSort	descending	16384	8250
JavaArraysSort	descending	32768	17458
JavaArraysSort	descending	65536	27209
JavaArraysSort	descending	131072	52958
JavaArraysSort	descending	262144	98042
JavaArraysSort	descending	524288	196875
JavaArraysSort	descending	1048576	385084
JavaArraysSort	descending	2097152	764708
JavaArraysSort	descending	4194304	1588667
JavaArraysSort	descending	8388608	3259292
JavaArraysSort	descending	16777216	6328541
JavaArraysSort	descending	33554432	12975416
JavaArraysSort	descending	67108864	25657625
JavaArraysSort	descending	134217728	54575417
JavaArraysSort	descending	268435456	104155292
QuicksortVariant1(pivot: RIGHT)	random	1024	35875
QuicksortVariant1(pivot: RIGHT)	random	2048	71375
QuicksortVariant1(pivot: RIGHT)	random	4096	143125
QuicksortVariant1(pivot: RIGHT)	random	8192	302667
QuicksortVariant1(pivot: RIGHT)	random	16384	625500
QuicksortVariant1(pivot: RIGHT)	random	32768	1293625
QuicksortVariant1(pivot: RIGHT)	random	65536	2686583
QuicksortVariant1(pivot: RIGHT)	random	131072	5746334
QuicksortVariant1(pivot: RIGHT)	random	262144	12075208
QuicksortVariant1(pivot: RIGHT)	random	524288	24951292
QuicksortVariant1(pivot: RIGHT)	random	1048576	52919916
QuicksortVariant1(pivot: RIGHT)	random	2097152	108084875
QuicksortVariant1(pivot: RIGHT)	random	4194304	224633750
QuicksortVariant1(pivot: RIGHT)	random	8388608	464248500
QuicksortVariant1(pivot: RIGHT)	random	16777216	966794458
QuicksortVariant1(pivot: RIGHT)	random	33554432	1988826500
QuicksortVariant1(pivot: RIGHT)	random	67108864	4190153542
QuicksortVariant1(pivot: RIGHT)	random	134217728	8408769917
QuicksortVariant1(pivot: RIGHT)	random	268435456	17780943500
QuicksortVariant1(pivot: RIGHT)	ascending	1024	204959
QuicksortVariant1(pivot: RIGHT)	ascending	2048	778209
QuicksortVariant1(pivot: RIGHT)	ascending	4096	2913917
QuicksortVariant1(pivot: RIGHT)	ascending	8192	8305625
QuicksortVariant1(pivot: RIGHT)	ascending	16384	41828167
QuicksortVariant1(pivot: RIGHT)	ascending	32768	SOE
QuicksortVariant1(pivot: RIGHT)	descending	1024	207292
QuicksortVariant1(pivot: RIGHT)	descending	2048	770458
QuicksortVariant1(pivot: RIGHT)	descending	4096	2146250
QuicksortVariant1(pivot: RIGHT)	descending	8192	11369458
QuicksortVariant1(pivot: RIGHT)	descending	16384	41962625
QuicksortVariant1(pivot: RIGHT)	descending	32768	SOE
QuicksortVariant1(pivot: MIDDLE)	random	1024	37167
QuicksortVariant1(pivot: MIDDLE)	random	2048	70958
QuicksortVariant1(pivot: MIDDLE)	random	4096	142083
QuicksortVariant1(pivot: MIDDLE)	random	8192	294666
QuicksortVariant1(pivot: MIDDLE)	random	16384	620084
QuicksortVariant1(pivot: MIDDLE)	random	32768	1326458
QuicksortVariant1(pivot: MIDDLE)	random	65536	2607792
QuicksortVariant1(pivot: MIDDLE)	random	131072	5606875
QuicksortVariant1(pivot: MIDDLE)	random	262144	11655125
QuicksortVariant1(pivot: MIDDLE)	random	524288	24673791
QuicksortVariant1(pivot: MIDDLE)	random	1048576	52527000
QuicksortVariant1(pivot: MIDDLE)	random	2097152	108722834
QuicksortVariant1(pivot: MIDDLE)	random	4194304	225705458
QuicksortVariant1(pivot: MIDDLE)	random	8388608	466006416
QuicksortVariant1(pivot: MIDDLE)	random	16777216	974388750
QuicksortVariant1(pivot: MIDDLE)	random	33554432	2034792917
QuicksortVariant1(pivot: MIDDLE)	random	67108864	4139577250
QuicksortVariant1(pivot: MIDDLE)	random	134217728	8628180708
QuicksortVariant1(pivot: MIDDLE)	random	268435456	18095050833
QuicksortVariant1(pivot: MIDDLE)	ascending	1024	8375
QuicksortVariant1(pivot: MIDDLE)	ascending	2048	15792
QuicksortVariant1(pivot: MIDDLE)	ascending	4096	27500
QuicksortVariant1(pivot: MIDDLE)	ascending	8192	46334
QuicksortVariant1(pivot: MIDDLE)	ascending	16384	88625
QuicksortVariant1(pivot: MIDDLE)	ascending	32768	196000
QuicksortVariant1(pivot: MIDDLE)	ascending	65536	390917
QuicksortVariant1(pivot: MIDDLE)	ascending	131072	838875
QuicksortVariant1(pivot: MIDDLE)	ascending	262144	1673625
QuicksortVariant1(pivot: MIDDLE)	ascending	524288	3492166
QuicksortVariant1(pivot: MIDDLE)	ascending	1048576	6454667
QuicksortVariant1(pivot: MIDDLE)	ascending	2097152	15941750
QuicksortVariant1(pivot: MIDDLE)	ascending	4194304	32499375
QuicksortVariant1(pivot: MIDDLE)	ascending	8388608	65963917
QuicksortVariant1(pivot: MIDDLE)	ascending	16777216	136700416
QuicksortVariant1(pivot: MIDDLE)	ascending	33554432	276834167
QuicksortVariant1(pivot: MIDDLE)	ascending	67108864	556348959
QuicksortVariant1(pivot: MIDDLE)	ascending	134217728	1139208791
QuicksortVariant1(pivot: MIDDLE)	ascending	268435456	2320924375
QuicksortVariant1(pivot: MIDDLE)	descending	1024	9625
QuicksortVariant1(pivot: MIDDLE)	descending	2048	17375
QuicksortVariant1(pivot: MIDDLE)	descending	4096	32250
QuicksortVariant1(pivot: MIDDLE)	descending	8192	55250
QuicksortVariant1(pivot: MIDDLE)	descending	16384	106500
QuicksortVariant1(pivot: MIDDLE)	descending	32768	225333
QuicksortVariant1(pivot: MIDDLE)	descending	65536	444042
QuicksortVariant1(pivot: MIDDLE)	descending	131072	903208
QuicksortVariant1(pivot: MIDDLE)	descending	262144	1883083
QuicksortVariant1(pivot: MIDDLE)	descending	524288	3879292
QuicksortVariant1(pivot: MIDDLE)	descending	1048576	7969833
QuicksortVariant1(pivot: MIDDLE)	descending	2097152	17156167
QuicksortVariant1(pivot: MIDDLE)	descending	4194304	35458834
QuicksortVariant1(pivot: MIDDLE)	descending	8388608	73124375
QuicksortVariant1(pivot: MIDDLE)	descending	16777216	152741917
QuicksortVariant1(pivot: MIDDLE)	descending	33554432	311089125
QuicksortVariant1(pivot: MIDDLE)	descending	67108864	632932000
QuicksortVariant1(pivot: MIDDLE)	descending	134217728	1286954958
QuicksortVariant1(pivot: MIDDLE)	descending	268435456	2674227750
QuicksortVariant1(pivot: MEDIAN3)	random	1024	46625
QuicksortVariant1(pivot: MEDIAN3)	random	2048	85042
QuicksortVariant1(pivot: MEDIAN3)	random	4096	170000
QuicksortVariant1(pivot: MEDIAN3)	random	8192	316625
QuicksortVariant1(pivot: MEDIAN3)	random	16384	646334
QuicksortVariant1(pivot: MEDIAN3)	random	32768	1384834
QuicksortVariant1(pivot: MEDIAN3)	random	65536	2797000
QuicksortVariant1(pivot: MEDIAN3)	random	131072	6048334
QuicksortVariant1(pivot: MEDIAN3)	random	262144	12960875
QuicksortVariant1(pivot: MEDIAN3)	random	524288	26639750
QuicksortVariant1(pivot: MEDIAN3)	random	1048576	55724709
QuicksortVariant1(pivot: MEDIAN3)	random	2097152	116064750
QuicksortVariant1(pivot: MEDIAN3)	random	4194304	242402583
QuicksortVariant1(pivot: MEDIAN3)	random	8388608	498594667
QuicksortVariant1(pivot: MEDIAN3)	random	16777216	1038643333
QuicksortVariant1(pivot: MEDIAN3)	random	33554432	2184425084
QuicksortVariant1(pivot: MEDIAN3)	random	67108864	4449267416
QuicksortVariant1(pivot: MEDIAN3)	random	134217728	9234502458
QuicksortVariant1(pivot: MEDIAN3)	random	268435456	18923157417
QuicksortVariant1(pivot: MEDIAN3)	ascending	1024	10459
QuicksortVariant1(pivot: MEDIAN3)	ascending	2048	17292
QuicksortVariant1(pivot: MEDIAN3)	ascending	4096	30208
QuicksortVariant1(pivot: MEDIAN3)	ascending	8192	48875
QuicksortVariant1(pivot: MEDIAN3)	ascending	16384	100708
QuicksortVariant1(pivot: MEDIAN3)	ascending	32768	232125
QuicksortVariant1(pivot: MEDIAN3)	ascending	65536	441875
QuicksortVariant1(pivot: MEDIAN3)	ascending	131072	906208
QuicksortVariant1(pivot: MEDIAN3)	ascending	262144	1674125
QuicksortVariant1(pivot: MEDIAN3)	ascending	524288	3724916
QuicksortVariant1(pivot: MEDIAN3)	ascending	1048576	8048166
QuicksortVariant1(pivot: MEDIAN3)	ascending	2097152	15837250
QuicksortVariant1(pivot: MEDIAN3)	ascending	4194304	33100083
QuicksortVariant1(pivot: MEDIAN3)	ascending	8388608	72316875
QuicksortVariant1(pivot: MEDIAN3)	ascending	16777216	143919625
QuicksortVariant1(pivot: MEDIAN3)	ascending	33554432	312220333
QuicksortVariant1(pivot: MEDIAN3)	ascending	67108864	606544000
QuicksortVariant1(pivot: MEDIAN3)	ascending	134217728	1287230208
QuicksortVariant1(pivot: MEDIAN3)	ascending	268435456	2573883333
QuicksortVariant1(pivot: MEDIAN3)	descending	1024	11667
QuicksortVariant1(pivot: MEDIAN3)	descending	2048	19167
QuicksortVariant1(pivot: MEDIAN3)	descending	4096	27291
QuicksortVariant1(pivot: MEDIAN3)	descending	8192	61625
QuicksortVariant1(pivot: MEDIAN3)	descending	16384	110292
QuicksortVariant1(pivot: MEDIAN3)	descending	32768	230584
QuicksortVariant1(pivot: MEDIAN3)	descending	65536	426292
QuicksortVariant1(pivot: MEDIAN3)	descending	131072	941250
QuicksortVariant1(pivot: MEDIAN3)	descending	262144	1941833
QuicksortVariant1(pivot: MEDIAN3)	descending	524288	4140375
QuicksortVariant1(pivot: MEDIAN3)	descending	1048576	8292292
QuicksortVariant1(pivot: MEDIAN3)	descending	2097152	17162167
QuicksortVariant1(pivot: MEDIAN3)	descending	4194304	35809292
QuicksortVariant1(pivot: MEDIAN3)	descending	8388608	76406417
QuicksortVariant1(pivot: MEDIAN3)	descending	16777216	151573125
QuicksortVariant1(pivot: MEDIAN3)	descending	33554432	318595625
QuicksortVariant1(pivot: MEDIAN3)	descending	67108864	658614750
QuicksortVariant1(pivot: MEDIAN3)	descending	134217728	1394113833
QuicksortVariant1(pivot: MEDIAN3)	descending	268435456	2720316708
QuicksortImproved(threshold: 48, partitioning: QuicksortVariant1(pivot: MIDDLE))	random	1024	38208
QuicksortImproved(threshold: 48, partitioning: QuicksortVariant1(pivot: MIDDLE))	random	2048	57833
QuicksortImproved(threshold: 48, partitioning: QuicksortVariant1(pivot: MIDDLE))	random	4096	113125
QuicksortImproved(threshold: 48, partitioning: QuicksortVariant1(pivot: MIDDLE))	random	8192	236917
QuicksortImproved(threshold: 48, partitioning: QuicksortVariant1(pivot: MIDDLE))	random	16384	524167
QuicksortImproved(threshold: 48, partitioning: QuicksortVariant1(pivot: MIDDLE))	random	32768	1100542
QuicksortImproved(threshold: 48, partitioning: QuicksortVariant1(pivot: MIDDLE))	random	65536	2308917
QuicksortImproved(threshold: 48, partitioning: QuicksortVariant1(pivot: MIDDLE))	random	131072	4970250
QuicksortImproved(threshold: 48, partitioning: QuicksortVariant1(pivot: MIDDLE))	random	262144	10483083
QuicksortImproved(threshold: 48, partitioning: QuicksortVariant1(pivot: MIDDLE))	random	524288	21895833
QuicksortImproved(threshold: 48, partitioning: QuicksortVariant1(pivot: MIDDLE))	random	1048576	45540584
QuicksortImproved(threshold: 48, partitioning: QuicksortVariant1(pivot: MIDDLE))	random	2097152	95776167
QuicksortImproved(threshold: 48, partitioning: QuicksortVariant1(pivot: MIDDLE))	random	4194304	198045084
QuicksortImproved(threshold: 48, partitioning: QuicksortVariant1(pivot: MIDDLE))	random	8388608	410573209
QuicksortImproved(threshold: 48, partitioning: QuicksortVariant1(pivot: MIDDLE))	random	16777216	857189291
QuicksortImproved(threshold: 48, partitioning: QuicksortVariant1(pivot: MIDDLE))	random	33554432	1793739917
QuicksortImproved(threshold: 48, partitioning: QuicksortVariant1(pivot: MIDDLE))	random	67108864	3698078458
QuicksortImproved(threshold: 48, partitioning: QuicksortVariant1(pivot: MIDDLE))	random	134217728	7680273625
QuicksortImproved(threshold: 48, partitioning: QuicksortVariant1(pivot: MIDDLE))	random	268435456	16239122667
QuicksortImproved(threshold: 48, partitioning: QuicksortVariant1(pivot: MIDDLE))	ascending	1024	5708
QuicksortImproved(threshold: 48, partitioning: QuicksortVariant1(pivot: MIDDLE))	ascending	2048	9209
QuicksortImproved(threshold: 48, partitioning: QuicksortVariant1(pivot: MIDDLE))	ascending	4096	17542
QuicksortImproved(threshold: 48, partitioning: QuicksortVariant1(pivot: MIDDLE))	ascending	8192	28042
QuicksortImproved(threshold: 48, partitioning: QuicksortVariant1(pivot: MIDDLE))	ascending	16384	63917
QuicksortImproved(threshold: 48, partitioning: QuicksortVariant1(pivot: MIDDLE))	ascending	32768	125458
QuicksortImproved(threshold: 48, partitioning: QuicksortVariant1(pivot: MIDDLE))	ascending	65536	247041
QuicksortImproved(threshold: 48, partitioning: QuicksortVariant1(pivot: MIDDLE))	ascending	131072	518083
QuicksortImproved(threshold: 48, partitioning: QuicksortVariant1(pivot: MIDDLE))	ascending	262144	1126000
QuicksortImproved(threshold: 48, partitioning: QuicksortVariant1(pivot: MIDDLE))	ascending	524288	2185750
QuicksortImproved(threshold: 48, partitioning: QuicksortVariant1(pivot: MIDDLE))	ascending	1048576	4620791
QuicksortImproved(threshold: 48, partitioning: QuicksortVariant1(pivot: MIDDLE))	ascending	2097152	10683125
QuicksortImproved(threshold: 48, partitioning: QuicksortVariant1(pivot: MIDDLE))	ascending	4194304	21940625
QuicksortImproved(threshold: 48, partitioning: QuicksortVariant1(pivot: MIDDLE))	ascending	8388608	46160708
QuicksortImproved(threshold: 48, partitioning: QuicksortVariant1(pivot: MIDDLE))	ascending	16777216	95775750
QuicksortImproved(threshold: 48, partitioning: QuicksortVariant1(pivot: MIDDLE))	ascending	33554432	199038625
QuicksortImproved(threshold: 48, partitioning: QuicksortVariant1(pivot: MIDDLE))	ascending	67108864	417007834
QuicksortImproved(threshold: 48, partitioning: QuicksortVariant1(pivot: MIDDLE))	ascending	134217728	904329333
QuicksortImproved(threshold: 48, partitioning: QuicksortVariant1(pivot: MIDDLE))	ascending	268435456	1892260333
QuicksortImproved(threshold: 48, partitioning: QuicksortVariant1(pivot: MIDDLE))	descending	1024	6250
QuicksortImproved(threshold: 48, partitioning: QuicksortVariant1(pivot: MIDDLE))	descending	2048	9625
QuicksortImproved(threshold: 48, partitioning: QuicksortVariant1(pivot: MIDDLE))	descending	4096	19541
QuicksortImproved(threshold: 48, partitioning: QuicksortVariant1(pivot: MIDDLE))	descending	8192	41875
QuicksortImproved(threshold: 48, partitioning: QuicksortVariant1(pivot: MIDDLE))	descending	16384	68500
QuicksortImproved(threshold: 48, partitioning: QuicksortVariant1(pivot: MIDDLE))	descending	32768	142291
QuicksortImproved(threshold: 48, partitioning: QuicksortVariant1(pivot: MIDDLE))	descending	65536	281291
QuicksortImproved(threshold: 48, partitioning: QuicksortVariant1(pivot: MIDDLE))	descending	131072	594375
QuicksortImproved(threshold: 48, partitioning: QuicksortVariant1(pivot: MIDDLE))	descending	262144	1190375
QuicksortImproved(threshold: 48, partitioning: QuicksortVariant1(pivot: MIDDLE))	descending	524288	2674750
QuicksortImproved(threshold: 48, partitioning: QuicksortVariant1(pivot: MIDDLE))	descending	1048576	5494000
QuicksortImproved(threshold: 48, partitioning: QuicksortVariant1(pivot: MIDDLE))	descending	2097152	12186375
QuicksortImproved(threshold: 48, partitioning: QuicksortVariant1(pivot: MIDDLE))	descending	4194304	24690375
QuicksortImproved(threshold: 48, partitioning: QuicksortVariant1(pivot: MIDDLE))	descending	8388608	52256500
QuicksortImproved(threshold: 48, partitioning: QuicksortVariant1(pivot: MIDDLE))	descending	16777216	107173042
QuicksortImproved(threshold: 48, partitioning: QuicksortVariant1(pivot: MIDDLE))	descending	33554432	228544250
QuicksortImproved(threshold: 48, partitioning: QuicksortVariant1(pivot: MIDDLE))	descending	67108864	464240792
QuicksortImproved(threshold: 48, partitioning: QuicksortVariant1(pivot: MIDDLE))	descending	134217728	961240375
QuicksortImproved(threshold: 48, partitioning: QuicksortVariant1(pivot: MIDDLE))	descending	268435456	1875201417
DualPivotQuicksort(pivot: THIRDS)	random	1024	31042
DualPivotQuicksort(pivot: THIRDS)	random	2048	67834
DualPivotQuicksort(pivot: THIRDS)	random	4096	126833
DualPivotQuicksort(pivot: THIRDS)	random	8192	269666
DualPivotQuicksort(pivot: THIRDS)	random	16384	585000
DualPivotQuicksort(pivot: THIRDS)	random	32768	1198500
DualPivotQuicksort(pivot: THIRDS)	random	65536	2578583
DualPivotQuicksort(pivot: THIRDS)	random	131072	5448542
DualPivotQuicksort(pivot: THIRDS)	random	262144	11178375
DualPivotQuicksort(pivot: THIRDS)	random	524288	23589958
DualPivotQuicksort(pivot: THIRDS)	random	1048576	49046167
DualPivotQuicksort(pivot: THIRDS)	random	2097152	103096459
DualPivotQuicksort(pivot: THIRDS)	random	4194304	215039459
DualPivotQuicksort(pivot: THIRDS)	random	8388608	453673208
DualPivotQuicksort(pivot: THIRDS)	random	16777216	951159084
DualPivotQuicksort(pivot: THIRDS)	random	33554432	1933017750
DualPivotQuicksort(pivot: THIRDS)	random	67108864	4038552250
DualPivotQuicksort(pivot: THIRDS)	random	134217728	8323333208
DualPivotQuicksort(pivot: THIRDS)	random	268435456	17130455375
DualPivotQuicksort(pivot: THIRDS)	ascending	1024	9167
DualPivotQuicksort(pivot: THIRDS)	ascending	2048	15708
DualPivotQuicksort(pivot: THIRDS)	ascending	4096	25917
DualPivotQuicksort(pivot: THIRDS)	ascending	8192	45333
DualPivotQuicksort(pivot: THIRDS)	ascending	16384	96375
DualPivotQuicksort(pivot: THIRDS)	ascending	32768	173584
DualPivotQuicksort(pivot: THIRDS)	ascending	65536	426500
DualPivotQuicksort(pivot: THIRDS)	ascending	131072	776417
DualPivotQuicksort(pivot: THIRDS)	ascending	262144	1635083
DualPivotQuicksort(pivot: THIRDS)	ascending	524288	3857083
DualPivotQuicksort(pivot: THIRDS)	ascending	1048576	7714542
DualPivotQuicksort(pivot: THIRDS)	ascending	2097152	16280125
DualPivotQuicksort(pivot: THIRDS)	ascending	4194304	35407875
DualPivotQuicksort(pivot: THIRDS)	ascending	8388608	70767875
DualPivotQuicksort(pivot: THIRDS)	ascending	16777216	150099125
DualPivotQuicksort(pivot: THIRDS)	ascending	33554432	307656417
DualPivotQuicksort(pivot: THIRDS)	ascending	67108864	635055209
DualPivotQuicksort(pivot: THIRDS)	ascending	134217728	1354755209
DualPivotQuicksort(pivot: THIRDS)	ascending	268435456	2679072000
DualPivotQuicksort(pivot: THIRDS)	descending	1024	10291
DualPivotQuicksort(pivot: THIRDS)	descending	2048	14667
DualPivotQuicksort(pivot: THIRDS)	descending	4096	31583
DualPivotQuicksort(pivot: THIRDS)	descending	8192	56708
DualPivotQuicksort(pivot: THIRDS)	descending	16384	101167
DualPivotQuicksort(pivot: THIRDS)	descending	32768	170583
DualPivotQuicksort(pivot: THIRDS)	descending	65536	408833
DualPivotQuicksort(pivot: THIRDS)	descending	131072	787416
DualPivotQuicksort(pivot: THIRDS)	descending	262144	1607667
DualPivotQuicksort(pivot: THIRDS)	descending	524288	3866917
DualPivotQuicksort(pivot: THIRDS)	descending	1048576	7725750
DualPivotQuicksort(pivot: THIRDS)	descending	2097152	16086666
DualPivotQuicksort(pivot: THIRDS)	descending	4194304	35338750
DualPivotQuicksort(pivot: THIRDS)	descending	8388608	70617791
DualPivotQuicksort(pivot: THIRDS)	descending	16777216	148728500
DualPivotQuicksort(pivot: THIRDS)	descending	33554432	306026458
DualPivotQuicksort(pivot: THIRDS)	descending	67108864	650675584
DualPivotQuicksort(pivot: THIRDS)	descending	134217728	1358298125
DualPivotQuicksort(pivot: THIRDS)	descending	268435456	2756769708
DualPivotQuicksortImproved(threshold: 64, pivot: THIRDS)	random	1024	36250
DualPivotQuicksortImproved(threshold: 64, pivot: THIRDS)	random	2048	65292
DualPivotQuicksortImproved(threshold: 64, pivot: THIRDS)	random	4096	128417
DualPivotQuicksortImproved(threshold: 64, pivot: THIRDS)	random	8192	267792
DualPivotQuicksortImproved(threshold: 64, pivot: THIRDS)	random	16384	576792
DualPivotQuicksortImproved(threshold: 64, pivot: THIRDS)	random	32768	1226000
DualPivotQuicksortImproved(threshold: 64, pivot: THIRDS)	random	65536	2647417
DualPivotQuicksortImproved(threshold: 64, pivot: THIRDS)	random	131072	5604875
DualPivotQuicksortImproved(threshold: 64, pivot: THIRDS)	random	262144	12000625
DualPivotQuicksortImproved(threshold: 64, pivot: THIRDS)	random	524288	25314958
DualPivotQuicksortImproved(threshold: 64, pivot: THIRDS)	random	1048576	54430959
DualPivotQuicksortImproved(threshold: 64, pivot: THIRDS)	random	2097152	115826292
DualPivotQuicksortImproved(threshold: 64, pivot: THIRDS)	random	4194304	240630792
DualPivotQuicksortImproved(threshold: 64, pivot: THIRDS)	random	8388608	503129834
DualPivotQuicksortImproved(threshold: 64, pivot: THIRDS)	random	16777216	1043731375
DualPivotQuicksortImproved(threshold: 64, pivot: THIRDS)	random	33554432	2213001292
DualPivotQuicksortImproved(threshold: 64, pivot: THIRDS)	random	67108864	4550016709
DualPivotQuicksortImproved(threshold: 64, pivot: THIRDS)	random	134217728	9426121792
DualPivotQuicksortImproved(threshold: 64, pivot: THIRDS)	random	268435456	19837301333
DualPivotQuicksortImproved(threshold: 64, pivot: THIRDS)	ascending	1024	8834
DualPivotQuicksortImproved(threshold: 64, pivot: THIRDS)	ascending	2048	14500
DualPivotQuicksortImproved(threshold: 64, pivot: THIRDS)	ascending	4096	25833
DualPivotQuicksortImproved(threshold: 64, pivot: THIRDS)	ascending	8192	60125
DualPivotQuicksortImproved(threshold: 64, pivot: THIRDS)	ascending	16384	140833
DualPivotQuicksortImproved(threshold: 64, pivot: THIRDS)	ascending	32768	303250
DualPivotQuicksortImproved(threshold: 64, pivot: THIRDS)	ascending	65536	603375
DualPivotQuicksortImproved(threshold: 64, pivot: THIRDS)	ascending	131072	1196250
DualPivotQuicksortImproved(threshold: 64, pivot: THIRDS)	ascending	262144	2643125
DualPivotQuicksortImproved(threshold: 64, pivot: THIRDS)	ascending	524288	5830666
DualPivotQuicksortImproved(threshold: 64, pivot: THIRDS)	ascending	1048576	12205916
DualPivotQuicksortImproved(threshold: 64, pivot: THIRDS)	ascending	2097152	25767792
DualPivotQuicksortImproved(threshold: 64, pivot: THIRDS)	ascending	4194304	58221250
DualPivotQuicksortImproved(threshold: 64, pivot: THIRDS)	ascending	8388608	121707250
DualPivotQuicksortImproved(threshold: 64, pivot: THIRDS)	ascending	16777216	250279208
DualPivotQuicksortImproved(threshold: 64, pivot: THIRDS)	ascending	33554432	489173958
DualPivotQuicksortImproved(threshold: 64, pivot: THIRDS)	ascending	67108864	1082893125
DualPivotQuicksortImproved(threshold: 64, pivot: THIRDS)	ascending	134217728	2273633292
DualPivotQuicksortImproved(threshold: 64, pivot: THIRDS)	ascending	268435456	4523443708
DualPivotQuicksortImproved(threshold: 64, pivot: THIRDS)	descending	1024	10750
DualPivotQuicksortImproved(threshold: 64, pivot: THIRDS)	descending	2048	18833
DualPivotQuicksortImproved(threshold: 64, pivot: THIRDS)	descending	4096	31000
DualPivotQuicksortImproved(threshold: 64, pivot: THIRDS)	descending	8192	58167
DualPivotQuicksortImproved(threshold: 64, pivot: THIRDS)	descending	16384	134042
DualPivotQuicksortImproved(threshold: 64, pivot: THIRDS)	descending	32768	268209
DualPivotQuicksortImproved(threshold: 64, pivot: THIRDS)	descending	65536	610416
DualPivotQuicksortImproved(threshold: 64, pivot: THIRDS)	descending	131072	1177167
DualPivotQuicksortImproved(threshold: 64, pivot: THIRDS)	descending	262144	2632917
DualPivotQuicksortImproved(threshold: 64, pivot: THIRDS)	descending	524288	6125334
DualPivotQuicksortImproved(threshold: 64, pivot: THIRDS)	descending	1048576	12058500
DualPivotQuicksortImproved(threshold: 64, pivot: THIRDS)	descending	2097152	25027959
DualPivotQuicksortImproved(threshold: 64, pivot: THIRDS)	descending	4194304	57579667
DualPivotQuicksortImproved(threshold: 64, pivot: THIRDS)	descending	8388608	115711208
DualPivotQuicksortImproved(threshold: 64, pivot: THIRDS)	descending	16777216	247207208
DualPivotQuicksortImproved(threshold: 64, pivot: THIRDS)	descending	33554432	485203084
DualPivotQuicksortImproved(threshold: 64, pivot: THIRDS)	descending	67108864	1081524125
DualPivotQuicksortImproved(threshold: 64, pivot: THIRDS)	descending	134217728	2268235000
DualPivotQuicksortImproved(threshold: 64, pivot: THIRDS)	descending	268435456	4565655584
JavaArraysSort	random	1024	30625
JavaArraysSort	random	2048	54334
JavaArraysSort	random	4096	105917
JavaArraysSort	random	8192	224125
JavaArraysSort	random	16384	512625
JavaArraysSort	random	32768	1011375
JavaArraysSort	random	65536	2020125
JavaArraysSort	random	131072	4466292
JavaArraysSort	random	262144	9563833
JavaArraysSort	random	524288	19216750
JavaArraysSort	random	1048576	41139041
JavaArraysSort	random	2097152	86248542
JavaArraysSort	random	4194304	180657583
JavaArraysSort	random	8388608	374360042
JavaArraysSort	random	16777216	789336417
JavaArraysSort	random	33554432	1630849084
JavaArraysSort	random	67108864	3411612708
JavaArraysSort	random	134217728	7153715542
JavaArraysSort	random	268435456	14987905917
JavaArraysSort	ascending	1024	3291
JavaArraysSort	ascending	2048	2166
JavaArraysSort	ascending	4096	2250
JavaArraysSort	ascending	8192	3625
JavaArraysSort	ascending	16384	4083
JavaArraysSort	ascending	32768	7416
JavaArraysSort	ascending	65536	12542
JavaArraysSort	ascending	131072	30500
JavaArraysSort	ascending	262144	40416
JavaArraysSort	ascending	524288	77375
JavaArraysSort	ascending	1048576	158167
JavaArraysSort	ascending	2097152	306416
JavaArraysSort	ascending	4194304	591375
JavaArraysSort	ascending	8388608	1200250
JavaArraysSort	ascending	16777216	2356459
JavaArraysSort	ascending	33554432	4786500
JavaArraysSort	ascending	67108864	9639375
JavaArraysSort	ascending	134217728	19248500
JavaArraysSort	ascending	268435456	36601125
JavaArraysSort	descending	1024	3333
JavaArraysSort	descending	2048	2458
JavaArraysSort	descending	4096	3709
JavaArraysSort	descending	8192	5667
JavaArraysSort	descending	16384	9125
JavaArraysSort	descending	32768	17333
JavaArraysSort	descending	65536	27208
JavaArraysSort	descending	131072	51125
JavaArraysSort	descending	262144	103541
JavaArraysSort	descending	524288	191792
JavaArraysSort	descending	1048576	380125
JavaArraysSort	descending	2097152	773208
JavaArraysSort	descending	4194304	1533666
JavaArraysSort	descending	8388608	3146916
JavaArraysSort	descending	16777216	6484083
JavaArraysSort	descending	33554432	12688583
JavaArraysSort	descending	67108864	25554334
JavaArraysSort	descending	134217728	50888875
JavaArraysSort	descending	268435456	102054125
QuicksortVariant1(pivot: RIGHT)	random	1024	35458
QuicksortVariant1(pivot: RIGHT)	random	2048	87875
QuicksortVariant1(pivot: RIGHT)	random	4096	147750
QuicksortVariant1(pivot: RIGHT)	random	8192	295291
QuicksortVariant1(pivot: RIGHT)	random	16384	621917
QuicksortVariant1(pivot: RIGHT)	random	32768	1337542
QuicksortVariant1(pivot: RIGHT)	random	65536	2833208
QuicksortVariant1(pivot: RIGHT)	random	131072	5985958
QuicksortVariant1(pivot: RIGHT)	random	262144	12478792
QuicksortVariant1(pivot: RIGHT)	random	524288	25806750
QuicksortVariant1(pivot: RIGHT)	random	1048576	54771375
QuicksortVariant1(pivot: RIGHT)	random	2097152	110724875
QuicksortVariant1(pivot: RIGHT)	random	4194304	225178166
QuicksortVariant1(pivot: RIGHT)	random	8388608	469209125
QuicksortVariant1(pivot: RIGHT)	random	16777216	958830458
QuicksortVariant1(pivot: RIGHT)	random	33554432	2002062791
QuicksortVariant1(pivot: RIGHT)	random	67108864	4116136167
QuicksortVariant1(pivot: RIGHT)	random	134217728	8536244500
QuicksortVariant1(pivot: RIGHT)	random	268435456	17688921000
QuicksortVariant1(pivot: RIGHT)	ascending	1024	150875
QuicksortVariant1(pivot: RIGHT)	ascending	2048	760250
QuicksortVariant1(pivot: RIGHT)	ascending	4096	2933916
QuicksortVariant1(pivot: RIGHT)	ascending	8192	11564917
QuicksortVariant1(pivot: RIGHT)	ascending	16384	42326041
QuicksortVariant1(pivot: RIGHT)	ascending	32768	SOE
QuicksortVariant1(pivot: RIGHT)	descending	1024	206208
QuicksortVariant1(pivot: RIGHT)	descending	2048	718333
QuicksortVariant1(pivot: RIGHT)	descending	4096	2837084
QuicksortVariant1(pivot: RIGHT)	descending	8192	8044167
QuicksortVariant1(pivot: RIGHT)	descending	16384	43617167
QuicksortVariant1(pivot: RIGHT)	descending	32768	SOE
QuicksortVariant1(pivot: MIDDLE)	random	1024	43334
QuicksortVariant1(pivot: MIDDLE)	random	2048	74000
QuicksortVariant1(pivot: MIDDLE)	random	4096	147083
QuicksortVariant1(pivot: MIDDLE)	random	8192	288000
QuicksortVariant1(pivot: MIDDLE)	random	16384	619834
QuicksortVariant1(pivot: MIDDLE)	random	32768	1278500
QuicksortVariant1(pivot: MIDDLE)	random	65536	2739500
QuicksortVariant1(pivot: MIDDLE)	random	131072	5739792
QuicksortVariant1(pivot: MIDDLE)	random	262144	12008000
QuicksortVariant1(pivot: MIDDLE)	random	524288	24563125
QuicksortVariant1(pivot: MIDDLE)	random	1048576	51282042
QuicksortVariant1(pivot: MIDDLE)	random	2097152	108400292
QuicksortVariant1(pivot: MIDDLE)	random	4194304	224967667
QuicksortVariant1(pivot: MIDDLE)	random	8388608	465703709
QuicksortVariant1(pivot: MIDDLE)	random	16777216	957123709
QuicksortVariant1(pivot: MIDDLE)	random	33554432	2069015708
QuicksortVariant1(pivot: MIDDLE)	random	67108864	4233454208
QuicksortVariant1(pivot: MIDDLE)	random	134217728	8671245833
QuicksortVariant1(pivot: MIDDLE)	random	268435456	18056546458
QuicksortVariant1(pivot: MIDDLE)	ascending	1024	9042
QuicksortVariant1(pivot: MIDDLE)	ascending	2048	15958
QuicksortVariant1(pivot: MIDDLE)	ascending	4096	24709
QuicksortVariant1(pivot: MIDDLE)	ascending	8192	52209
QuicksortVariant1(pivot: MIDDLE)	ascending	16384	91750
QuicksortVariant1(pivot: MIDDLE)	ascending	32768	178375
QuicksortVariant1(pivot: MIDDLE)	ascending	65536	394916
QuicksortVariant1(pivot: MIDDLE)	ascending	131072	940250
QuicksortVariant1(pivot: MIDDLE)	ascending	262144	1628958
QuicksortVariant1(pivot: MIDDLE)	ascending	524288	3350667
QuicksortVariant1(pivot: MIDDLE)	ascending	1048576	7166208
QuicksortVariant1(pivot: MIDDLE)	ascending	2097152	16037292
QuicksortVariant1(pivot: MIDDLE)	ascending	4194304	34039291
QuicksortVariant1(pivot: MIDDLE)	ascending	8388608	67021792
QuicksortVariant1(pivot: MIDDLE)	ascending	16777216	137255834
QuicksortVariant1(pivot: MIDDLE)	ascending	33554432	273564250
QuicksortVariant1(pivot: MIDDLE)	ascending	67108864	544435833
QuicksortVariant1(pivot: MIDDLE)	ascending	134217728	1138900167
QuicksortVariant1(pivot: MIDDLE)	ascending	268435456	2370002125
QuicksortVariant1(pivot: MIDDLE)	descending	1024	9250
QuicksortVariant1(pivot: MIDDLE)	descending	2048	17458
QuicksortVariant1(pivot: MIDDLE)	descending	4096	26542
QuicksortVariant1(pivot: MIDDLE)	descending	8192	49791
QuicksortVariant1(pivot: MIDDLE)	descending	16384	103958
QuicksortVariant1(pivot: MIDDLE)	descending	32768	192208
QuicksortVariant1(pivot: MIDDLE)	descending	65536	434709
QuicksortVariant1(pivot: MIDDLE)	descending	131072	974458
QuicksortVariant1(pivot: MIDDLE)	descending	262144	1841292
QuicksortVariant1(pivot: MIDDLE)	descending	524288	3878250
QuicksortVariant1(pivot: MIDDLE)	descending	1048576	7423583
QuicksortVariant1(pivot: MIDDLE)	descending	2097152	17183125
QuicksortVariant1(pivot: MIDDLE)	descending	4194304	35605667
QuicksortVariant1(pivot: MIDDLE)	descending	8388608	73730458
QuicksortVariant1(pivot: MIDDLE)	descending	16777216	156597292
QuicksortVariant1(pivot: MIDDLE)	descending	33554432	317418375
QuicksortVariant1(pivot: MIDDLE)	descending	67108864	628553834
QuicksortVariant1(pivot: MIDDLE)	descending	134217728	1298939167
QuicksortVariant1(pivot: MIDDLE)	descending	268435456	2556906084
QuicksortVariant1(pivot: MEDIAN3)	random	1024	38458
QuicksortVariant1(pivot: MEDIAN3)	random	2048	72333
QuicksortVariant1(pivot: MEDIAN3)	random	4096	161667
QuicksortVariant1(pivot: MEDIAN3)	random	8192	320875
QuicksortVariant1(pivot: MEDIAN3)	random	16384	711250
QuicksortVariant1(pivot: MEDIAN3)	random	32768	1404291
QuicksortVariant1(pivot: MEDIAN3)	random	65536	2930917
QuicksortVariant1(pivot: MEDIAN3)	random	131072	6247500
QuicksortVariant1(pivot: MEDIAN3)	random	262144	12733209
QuicksortVariant1(pivot: MEDIAN3)	random	524288	26831125
QuicksortVariant1(pivot: MEDIAN3)	random	1048576	55397334
QuicksortVariant1(pivot: MEDIAN3)	random	2097152	115463083
QuicksortVariant1(pivot: MEDIAN3)	random	4194304	239087458
QuicksortVariant1(pivot: MEDIAN3)	random	8388608	494238834
QuicksortVariant1(pivot: MEDIAN3)	random	16777216	1051758292
QuicksortVariant1(pivot: MEDIAN3)	random	33554432	2165895667
QuicksortVariant1(pivot: MEDIAN3)	random	67108864	4705612750
QuicksortVariant1(pivot: MEDIAN3)	random	134217728	9583138125
QuicksortVariant1(pivot: MEDIAN3)	random	268435456	19189407667
QuicksortVariant1(pivot: MEDIAN3)	ascending	1024	9459
QuicksortVariant1(pivot: MEDIAN3)	ascending	2048	14458
QuicksortVariant1(pivot: MEDIAN3)	ascending	4096	25375
QuicksortVariant1(pivot: MEDIAN3)	ascending	8192	51458
QuicksortVariant1(pivot: MEDIAN3)	ascending	16384	99500
QuicksortVariant1(pivot: MEDIAN3)	ascending	32768	207666
QuicksortVariant1(pivot: MEDIAN3)	ascending	65536	413583
QuicksortVariant1(pivot: MEDIAN3)	ascending	131072	866875
QuicksortVariant1(pivot: MEDIAN3)	ascending	262144	1813375
QuicksortVariant1(pivot: MEDIAN3)	ascending	524288	3700333
QuicksortVariant1(pivot: MEDIAN3)	ascending	1048576	8004792
QuicksortVariant1(pivot: MEDIAN3)	ascending	2097152	16938000
QuicksortVariant1(pivot: MEDIAN3)	ascending	4194304	34705959
QuicksortVariant1(pivot: MEDIAN3)	ascending	8388608	74115583
QuicksortVariant1(pivot: MEDIAN3)	ascending	16777216	149609000
QuicksortVariant1(pivot: MEDIAN3)	ascending	33554432	315946167
QuicksortVariant1(pivot: MEDIAN3)	ascending	67108864	616404125
QuicksortVariant1(pivot: MEDIAN3)	ascending	134217728	1299430541
QuicksortVariant1(pivot: MEDIAN3)	ascending	268435456	2734353875
QuicksortVariant1(pivot: MEDIAN3)	descending	1024	9875
QuicksortVariant1(pivot: MEDIAN3)	descending	2048	16375
QuicksortVariant1(pivot: MEDIAN3)	descending	4096	36292
QuicksortVariant1(pivot: MEDIAN3)	descending	8192	60375
QuicksortVariant1(pivot: MEDIAN3)	descending	16384	122291
QuicksortVariant1(pivot: MEDIAN3)	descending	32768	246541
QuicksortVariant1(pivot: MEDIAN3)	descending	65536	505750
QuicksortVariant1(pivot: MEDIAN3)	descending	131072	961958
QuicksortVariant1(pivot: MEDIAN3)	descending	262144	2158125
QuicksortVariant1(pivot: MEDIAN3)	descending	524288	4008792
QuicksortVariant1(pivot: MEDIAN3)	descending	1048576	9479333
QuicksortVariant1(pivot: MEDIAN3)	descending	2097152	18151500
QuicksortVariant1(pivot: MEDIAN3)	descending	4194304	38337042
QuicksortVariant1(pivot: MEDIAN3)	descending	8388608	79631750
QuicksortVariant1(pivot: MEDIAN3)	descending	16777216	164774917
QuicksortVariant1(pivot: MEDIAN3)	descending	33554432	348497459
QuicksortVariant1(pivot: MEDIAN3)	descending	67108864	718542084
QuicksortVariant1(pivot: MEDIAN3)	descending	134217728	1400912667
QuicksortVariant1(pivot: MEDIAN3)	descending	268435456	2803322750
QuicksortImproved(threshold: 48, partitioning: QuicksortVariant1(pivot: MIDDLE))	random	1024	26750
QuicksortImproved(threshold: 48, partitioning: QuicksortVariant1(pivot: MIDDLE))	random	2048	54500
QuicksortImproved(threshold: 48, partitioning: QuicksortVariant1(pivot: MIDDLE))	random	4096	113125
QuicksortImproved(threshold: 48, partitioning: QuicksortVariant1(pivot: MIDDLE))	random	8192	221083
QuicksortImproved(threshold: 48, partitioning: QuicksortVariant1(pivot: MIDDLE))	random	16384	492000
QuicksortImproved(threshold: 48, partitioning: QuicksortVariant1(pivot: MIDDLE))	random	32768	1016334
QuicksortImproved(threshold: 48, partitioning: QuicksortVariant1(pivot: MIDDLE))	random	65536	2179084
QuicksortImproved(threshold: 48, partitioning: QuicksortVariant1(pivot: MIDDLE))	random	131072	4659917
QuicksortImproved(threshold: 48, partitioning: QuicksortVariant1(pivot: MIDDLE))	random	262144	9929959
QuicksortImproved(threshold: 48, partitioning: QuicksortVariant1(pivot: MIDDLE))	random	524288	20400709
QuicksortImproved(threshold: 48, partitioning: QuicksortVariant1(pivot: MIDDLE))	random	1048576	43706333
QuicksortImproved(threshold: 48, partitioning: QuicksortVariant1(pivot: MIDDLE))	random	2097152	92291833
QuicksortImproved(threshold: 48, partitioning: QuicksortVariant1(pivot: MIDDLE))	random	4194304	196375334
QuicksortImproved(threshold: 48, partitioning: QuicksortVariant1(pivot: MIDDLE))	random	8388608	405060916
QuicksortImproved(threshold: 48, partitioning: QuicksortVariant1(pivot: MIDDLE))	random	16777216	850577292
QuicksortImproved(threshold: 48, partitioning: QuicksortVariant1(pivot: MIDDLE))	random	33554432	1774288709
QuicksortImproved(threshold: 48, partitioning: QuicksortVariant1(pivot: MIDDLE))	random	67108864	3723115625
QuicksortImproved(threshold: 48, partitioning: QuicksortVariant1(pivot: MIDDLE))	random	134217728	7725722000
QuicksortImproved(threshold: 48, partitioning: QuicksortVariant1(pivot: MIDDLE))	random	268435456	15980914458
QuicksortImproved(threshold: 48, partitioning: QuicksortVariant1(pivot: MIDDLE))	ascending	1024	5167
QuicksortImproved(threshold: 48, partitioning: QuicksortVariant1(pivot: MIDDLE))	ascending	2048	9292
QuicksortImproved(threshold: 48, partitioning: QuicksortVariant1(pivot: MIDDLE))	ascending	4096	15500
QuicksortImproved(threshold: 48, partitioning: QuicksortVariant1(pivot: MIDDLE))	ascending	8192	33625
QuicksortImproved(threshold: 48, partitioning: QuicksortVariant1(pivot: MIDDLE))	ascending	16384	57375
QuicksortImproved(threshold: 48, partitioning: QuicksortVariant1(pivot: MIDDLE))	ascending	32768	120666
QuicksortImproved(threshold: 48, partitioning: QuicksortVariant1(pivot: MIDDLE))	ascending	65536	253708
QuicksortImproved(threshold: 48, partitioning: QuicksortVariant1(pivot: MIDDLE))	ascending	131072	517458
QuicksortImproved(threshold: 48, partitioning: QuicksortVariant1(pivot: MIDDLE))	ascending	262144	1097625
QuicksortImproved(threshold: 48, partitioning: QuicksortVariant1(pivot: MIDDLE))	ascending	524288	2410416
QuicksortImproved(threshold: 48, partitioning: QuicksortVariant1(pivot: MIDDLE))	ascending	1048576	5159167
QuicksortImproved(threshold: 48, partitioning: QuicksortVariant1(pivot: MIDDLE))	ascending	2097152	10417375
QuicksortImproved(threshold: 48, partitioning: QuicksortVariant1(pivot: MIDDLE))	ascending	4194304	22456209
QuicksortImproved(threshold: 48, partitioning: QuicksortVariant1(pivot: MIDDLE))	ascending	8388608	48257292
QuicksortImproved(threshold: 48, partitioning: QuicksortVariant1(pivot: MIDDLE))	ascending	16777216	102383208
QuicksortImproved(threshold: 48, partitioning: QuicksortVariant1(pivot: MIDDLE))	ascending	33554432	201312625
QuicksortImproved(threshold: 48, partitioning: QuicksortVariant1(pivot: MIDDLE))	ascending	67108864	428405291
QuicksortImproved(threshold: 48, partitioning: QuicksortVariant1(pivot: MIDDLE))	ascending	134217728	886273208
QuicksortImproved(threshold: 48, partitioning: QuicksortVariant1(pivot: MIDDLE))	ascending	268435456	1864531084
QuicksortImproved(threshold: 48, partitioning: QuicksortVariant1(pivot: MIDDLE))	descending	1024	6834
QuicksortImproved(threshold: 48, partitioning: QuicksortVariant1(pivot: MIDDLE))	descending	2048	11625
QuicksortImproved(threshold: 48, partitioning: QuicksortVariant1(pivot: MIDDLE))	descending	4096	15667
QuicksortImproved(threshold: 48, partitioning: QuicksortVariant1(pivot: MIDDLE))	descending	8192	42125
QuicksortImproved(threshold: 48, partitioning: QuicksortVariant1(pivot: MIDDLE))	descending	16384	58625
QuicksortImproved(threshold: 48, partitioning: QuicksortVariant1(pivot: MIDDLE))	descending	32768	129416
QuicksortImproved(threshold: 48, partitioning: QuicksortVariant1(pivot: MIDDLE))	descending	65536	271500
QuicksortImproved(threshold: 48, partitioning: QuicksortVariant1(pivot: MIDDLE))	descending	131072	590583
QuicksortImproved(threshold: 48, partitioning: QuicksortVariant1(pivot: MIDDLE))	descending	262144	1156333
QuicksortImproved(threshold: 48, partitioning: QuicksortVariant1(pivot: MIDDLE))	descending	524288	2776333
QuicksortImproved(threshold: 48, partitioning: QuicksortVariant1(pivot: MIDDLE))	descending	1048576	5395375
QuicksortImproved(threshold: 48, partitioning: QuicksortVariant1(pivot: MIDDLE))	descending	2097152	11164875
QuicksortImproved(threshold: 48, partitioning: QuicksortVariant1(pivot: MIDDLE))	descending	4194304	23395750
QuicksortImproved(threshold: 48, partitioning: QuicksortVariant1(pivot: MIDDLE))	descending	8388608	51216125
QuicksortImproved(threshold: 48, partitioning: QuicksortVariant1(pivot: MIDDLE))	descending	16777216	103435166
QuicksortImproved(threshold: 48, partitioning: QuicksortVariant1(pivot: MIDDLE))	descending	33554432	219026125
QuicksortImproved(threshold: 48, partitioning: QuicksortVariant1(pivot: MIDDLE))	descending	67108864	444346125
QuicksortImproved(threshold: 48, partitioning: QuicksortVariant1(pivot: MIDDLE))	descending	134217728	933844542
QuicksortImproved(threshold: 48, partitioning: QuicksortVariant1(pivot: MIDDLE))	descending	268435456	1857615875
DualPivotQuicksort(pivot: THIRDS)	random	1024	40333
DualPivotQuicksort(pivot: THIRDS)	random	2048	63125
DualPivotQuicksort(pivot: THIRDS)	random	4096	134500
DualPivotQuicksort(pivot: THIRDS)	random	8192	265375
DualPivotQuicksort(pivot: THIRDS)	random	16384	556875
DualPivotQuicksort(pivot: THIRDS)	random	32768	1185667
DualPivotQuicksort(pivot: THIRDS)	random	65536	2549334
DualPivotQuicksort(pivot: THIRDS)	random	131072	5309917
DualPivotQuicksort(pivot: THIRDS)	random	262144	11401500
DualPivotQuicksort(pivot: THIRDS)	random	524288	23825541
DualPivotQuicksort(pivot: THIRDS)	random	1048576	49204458
DualPivotQuicksort(pivot: THIRDS)	random	2097152	104428125
DualPivotQuicksort(pivot: THIRDS)	random	4194304	216495292
DualPivotQuicksort(pivot: THIRDS)	random	8388608	446605167
DualPivotQuicksort(pivot: THIRDS)	random	16777216	927421292
DualPivotQuicksort(pivot: THIRDS)	random	33554432	1938410583
DualPivotQuicksort(pivot: THIRDS)	random	67108864	4014344667
DualPivotQuicksort(pivot: THIRDS)	random	134217728	8229962875
DualPivotQuicksort(pivot: THIRDS)	random	268435456	17452443667
DualPivotQuicksort(pivot: THIRDS)	ascending	1024	9208
DualPivotQuicksort(pivot: THIRDS)	ascending	2048	16041
DualPivotQuicksort(pivot: THIRDS)	ascending	4096	23750
DualPivotQuicksort(pivot: THIRDS)	ascending	8192	51459
DualPivotQuicksort(pivot: THIRDS)	ascending	16384	102292
DualPivotQuicksort(pivot: THIRDS)	ascending	32768	173958
DualPivotQuicksort(pivot: THIRDS)	ascending	65536	414000
DualPivotQuicksort(pivot: THIRDS)	ascending	131072	830083
DualPivotQuicksort(pivot: THIRDS)	ascending	262144	1780042
DualPivotQuicksort(pivot: THIRDS)	ascending	524288	4029084
DualPivotQuicksort(pivot: THIRDS)	ascending	1048576	8015625
DualPivotQuicksort(pivot: THIRDS)	ascending	2097152	16614667
DualPivotQuicksort(pivot: THIRDS)	ascending	4194304	36001333
DualPivotQuicksort(pivot: THIRDS)	ascending	8388608	72409125
DualPivotQuicksort(pivot: THIRDS)	ascending	16777216	154981708
DualPivotQuicksort(pivot: THIRDS)	ascending	33554432	311983792
DualPivotQuicksort(pivot: THIRDS)	ascending	67108864	647843042
DualPivotQuicksort(pivot: THIRDS)	ascending	134217728	1406049625
DualPivotQuicksort(pivot: THIRDS)	ascending	268435456	2711585792
DualPivotQuicksort(pivot: THIRDS)	descending	1024	11208
DualPivotQuicksort(pivot: THIRDS)	descending	2048	18334
DualPivotQuicksort(pivot: THIRDS)	descending	4096	27334
DualPivotQuicksort(pivot: THIRDS)	descending	8192	46083
DualPivotQuicksort(pivot: THIRDS)	descending	16384	101917
DualPivotQuicksort(pivot: THIRDS)	descending	32768	172917
DualPivotQuicksort(pivot: THIRDS)	descending	65536	409334
DualPivotQuicksort(pivot: THIRDS)	descending	131072	798750
DualPivotQuicksort(pivot: THIRDS)	descending	262144	1703084
DualPivotQuicksort(pivot: THIRDS)	descending	524288	3954792
DualPivotQuicksort(pivot: THIRDS)	descending	1048576	7956750
DualPivotQuicksort(pivot: THIRDS)	descending	2097152	15938417
DualPivotQuicksort(pivot: THIRDS)	descending	4194304	36074667
DualPivotQuicksort(pivot: THIRDS)	descending	8388608	70976333
DualPivotQuicksort(pivot: THIRDS)	descending	16777216	150589000
DualPivotQuicksort(pivot: THIRDS)	descending	33554432	307466083
DualPivotQuicksort(pivot: THIRDS)	descending	67108864	655706375
DualPivotQuicksort(pivot: THIRDS)	descending	134217728	1404001875
DualPivotQuicksort(pivot: THIRDS)	descending	268435456	2929956958
DualPivotQuicksortImproved(threshold: 64, pivot: THIRDS)	random	1024	31500
DualPivotQuicksortImproved(threshold: 64, pivot: THIRDS)	random	2048	62458
DualPivotQuicksortImproved(threshold: 64, pivot: THIRDS)	random	4096	129750
DualPivotQuicksortImproved(threshold: 64, pivot: THIRDS)	random	8192	513208
DualPivotQuicksortImproved(threshold: 64, pivot: THIRDS)	random	16384	618000
DualPivotQuicksortImproved(threshold: 64, pivot: THIRDS)	random	32768	1327209
DualPivotQuicksortImproved(threshold: 64, pivot: THIRDS)	random	65536	2905042
DualPivotQuicksortImproved(threshold: 64, pivot: THIRDS)	random	131072	6222292
DualPivotQuicksortImproved(threshold: 64, pivot: THIRDS)	random	262144	13853833
DualPivotQuicksortImproved(threshold: 64, pivot: THIRDS)	random	524288	26678291
DualPivotQuicksortImproved(threshold: 64, pivot: THIRDS)	random	1048576	56858834
DualPivotQuicksortImproved(threshold: 64, pivot: THIRDS)	random	2097152	115923250
DualPivotQuicksortImproved(threshold: 64, pivot: THIRDS)	random	4194304	253560250
DualPivotQuicksortImproved(threshold: 64, pivot: THIRDS)	random	8388608	537744958
DualPivotQuicksortImproved(threshold: 64, pivot: THIRDS)	random	16777216	1102345750
DualPivotQuicksortImproved(threshold: 64, pivot: THIRDS)	random	33554432	2203850333
DualPivotQuicksortImproved(threshold: 64, pivot: THIRDS)	random	67108864	4661423458
DualPivotQuicksortImproved(threshold: 64, pivot: THIRDS)	random	134217728	9573704542
DualPivotQuicksortImproved(threshold: 64, pivot: THIRDS)	random	268435456	19766833625
DualPivotQuicksortImproved(threshold: 64, pivot: THIRDS)	ascending	1024	8750
DualPivotQuicksortImproved(threshold: 64, pivot: THIRDS)	ascending	2048	14500
DualPivotQuicksortImproved(threshold: 64, pivot: THIRDS)	ascending	4096	25000
DualPivotQuicksortImproved(threshold: 64, pivot: THIRDS)	ascending	8192	67666
DualPivotQuicksortImproved(threshold: 64, pivot: THIRDS)	ascending	16384	134291
DualPivotQuicksortImproved(threshold: 64, pivot: THIRDS)	ascending	32768	268959
DualPivotQuicksortImproved(threshold: 64, pivot: THIRDS)	ascending	65536	590416
DualPivotQuicksortImproved(threshold: 64, pivot: THIRDS)	ascending	131072	1192167
DualPivotQuicksortImproved(threshold: 64, pivot: THIRDS)	ascending	262144	2724750
DualPivotQuicksortImproved(threshold: 64, pivot: THIRDS)	ascending	524288	5997542
DualPivotQuicksortImproved(threshold: 64, pivot: THIRDS)	ascending	1048576	12020291
DualPivotQuicksortImproved(threshold: 64, pivot: THIRDS)	ascending	2097152	26019750
DualPivotQuicksortImproved(threshold: 64, pivot: THIRDS)	ascending	4194304	56732250
DualPivotQuicksortImproved(threshold: 64, pivot: THIRDS)	ascending	8388608	117599500
DualPivotQuicksortImproved(threshold: 64, pivot: THIRDS)	ascending	16777216	245969458
DualPivotQuicksortImproved(threshold: 64, pivot: THIRDS)	ascending	33554432	488389959
DualPivotQuicksortImproved(threshold: 64, pivot: THIRDS)	ascending	67108864	1077493959
DualPivotQuicksortImproved(threshold: 64, pivot: THIRDS)	ascending	134217728	2290895791
DualPivotQuicksortImproved(threshold: 64, pivot: THIRDS)	ascending	268435456	4511465084
DualPivotQuicksortImproved(threshold: 64, pivot: THIRDS)	descending	1024	10917
DualPivotQuicksortImproved(threshold: 64, pivot: THIRDS)	descending	2048	18792
DualPivotQuicksortImproved(threshold: 64, pivot: THIRDS)	descending	4096	28125
DualPivotQuicksortImproved(threshold: 64, pivot: THIRDS)	descending	8192	69166
DualPivotQuicksortImproved(threshold: 64, pivot: THIRDS)	descending	16384	132666
DualPivotQuicksortImproved(threshold: 64, pivot: THIRDS)	descending	32768	263917
DualPivotQuicksortImproved(threshold: 64, pivot: THIRDS)	descending	65536	587042
DualPivotQuicksortImproved(threshold: 64, pivot: THIRDS)	descending	131072	1184709
DualPivotQuicksortImproved(threshold: 64, pivot: THIRDS)	descending	262144	2619417
DualPivotQuicksortImproved(threshold: 64, pivot: THIRDS)	descending	524288	5842292
DualPivotQuicksortImproved(threshold: 64, pivot: THIRDS)	descending	1048576	12042334
DualPivotQuicksortImproved(threshold: 64, pivot: THIRDS)	descending	2097152	25643583
DualPivotQuicksortImproved(threshold: 64, pivot: THIRDS)	descending	4194304	58232917
DualPivotQuicksortImproved(threshold: 64, pivot: THIRDS)	descending	8388608	116372250
DualPivotQuicksortImproved(threshold: 64, pivot: THIRDS)	descending	16777216	245389209
DualPivotQuicksortImproved(threshold: 64, pivot: THIRDS)	descending	33554432	489262375
DualPivotQuicksortImproved(threshold: 64, pivot: THIRDS)	descending	67108864	1086113250
DualPivotQuicksortImproved(threshold: 64, pivot: THIRDS)	descending	134217728	2272805333
DualPivotQuicksortImproved(threshold: 64, pivot: THIRDS)	descending	268435456	4542683417
JavaArraysSort	random	1024	28666
JavaArraysSort	random	2048	57500
JavaArraysSort	random	4096	98167
JavaArraysSort	random	8192	212125
JavaArraysSort	random	16384	445000
JavaArraysSort	random	32768	976542
JavaArraysSort	random	65536	2033500
JavaArraysSort	random	131072	4339666
JavaArraysSort	random	262144	8998541
JavaArraysSort	random	524288	19081709
JavaArraysSort	random	1048576	40458792
JavaArraysSort	random	2097152	84858250
JavaArraysSort	random	4194304	178425750
JavaArraysSort	random	8388608	382068584
JavaArraysSort	random	16777216	783376708
JavaArraysSort	random	33554432	1651017334
JavaArraysSort	random	67108864	3432193000
JavaArraysSort	random	134217728	7102593375
JavaArraysSort	random	268435456	14613008125
JavaArraysSort	ascending	1024	3042
JavaArraysSort	ascending	2048	2208
JavaArraysSort	ascending	4096	2209
JavaArraysSort	ascending	8192	3333
JavaArraysSort	ascending	16384	4542
JavaArraysSort	ascending	32768	7667
JavaArraysSort	ascending	65536	12417
JavaArraysSort	ascending	131072	26583
JavaArraysSort	ascending	262144	41167
JavaArraysSort	ascending	524288	80916
JavaArraysSort	ascending	1048576	150500
JavaArraysSort	ascending	2097152	302458
JavaArraysSort	ascending	4194304	652542
JavaArraysSort	ascending	8388608	1226917
JavaArraysSort	ascending	16777216	2430709
JavaArraysSort	ascending	33554432	4551917
JavaArraysSort	ascending	67108864	9633083
JavaArraysSort	ascending	134217728	17260583
JavaArraysSort	ascending	268435456	35418042
JavaArraysSort	descending	1024	3416
JavaArraysSort	descending	2048	3125
JavaArraysSort	descending	4096	3542
JavaArraysSort	descending	8192	6209
JavaArraysSort	descending	16384	9958
JavaArraysSort	descending	32768	20708
JavaArraysSort	descending	65536	30667
JavaArraysSort	descending	131072	48125
JavaArraysSort	descending	262144	119959
JavaArraysSort	descending	524288	177917
JavaArraysSort	descending	1048576	382417
JavaArraysSort	descending	2097152	768750
JavaArraysSort	descending	4194304	1552583
JavaArraysSort	descending	8388608	3151750
JavaArraysSort	descending	16777216	6423500
JavaArraysSort	descending	33554432	11973625
JavaArraysSort	descending	67108864	24345625
JavaArraysSort	descending	134217728	52389083
JavaArraysSort	descending	268435456	95209375
QuicksortVariant1(pivot: RIGHT)	random	1024	38416
QuicksortVariant1(pivot: RIGHT)	random	2048	218417
QuicksortVariant1(pivot: RIGHT)	random	4096	169958
QuicksortVariant1(pivot: RIGHT)	random	8192	330333
QuicksortVariant1(pivot: RIGHT)	random	16384	915083
QuicksortVariant1(pivot: RIGHT)	random	32768	1465500
QuicksortVariant1(pivot: RIGHT)	random	65536	2905708
QuicksortVariant1(pivot: RIGHT)	random	131072	6848500
QuicksortVariant1(pivot: RIGHT)	random	262144	11902917
QuicksortVariant1(pivot: RIGHT)	random	524288	25336708
QuicksortVariant1(pivot: RIGHT)	random	1048576	55130958
QuicksortVariant1(pivot: RIGHT)	random	2097152	108400500
QuicksortVariant1(pivot: RIGHT)	random	4194304	223480541
QuicksortVariant1(pivot: RIGHT)	random	8388608	477202125
QuicksortVariant1(pivot: RIGHT)	random	16777216	982454958
QuicksortVariant1(pivot: RIGHT)	random	33554432	2044385958
QuicksortVariant1(pivot: RIGHT)	random	67108864	4466908542
QuicksortVariant1(pivot: RIGHT)	random	134217728	8872304666
QuicksortVariant1(pivot: RIGHT)	random	268435456	18042554625
QuicksortVariant1(pivot: RIGHT)	ascending	1024	253500
QuicksortVariant1(pivot: RIGHT)	ascending	2048	757666
QuicksortVariant1(pivot: RIGHT)	ascending	4096	2961417
QuicksortVariant1(pivot: RIGHT)	ascending	8192	12160542
QuicksortVariant1(pivot: RIGHT)	ascending	16384	46815208
QuicksortVariant1(pivot: RIGHT)	ascending	32768	SOE
QuicksortVariant1(pivot: RIGHT)	descending	1024	194083
QuicksortVariant1(pivot: RIGHT)	descending	2048	694833
QuicksortVariant1(pivot: RIGHT)	descending	4096	2910000
QuicksortVariant1(pivot: RIGHT)	descending	8192	11964875
QuicksortVariant1(pivot: RIGHT)	descending	16384	46169875
QuicksortVariant1(pivot: RIGHT)	descending	32768	SOE
QuicksortVariant1(pivot: MIDDLE)	random	1024	43125
QuicksortVariant1(pivot: MIDDLE)	random	2048	72542
QuicksortVariant1(pivot: MIDDLE)	random	4096	143625
QuicksortVariant1(pivot: MIDDLE)	random	8192	308334
QuicksortVariant1(pivot: MIDDLE)	random	16384	611833
QuicksortVariant1(pivot: MIDDLE)	random	32768	1320500
QuicksortVariant1(pivot: MIDDLE)	random	65536	2632000
QuicksortVariant1(pivot: MIDDLE)	random	131072	5638666
QuicksortVariant1(pivot: MIDDLE)	random	262144	11732166
QuicksortVariant1(pivot: MIDDLE)	random	524288	24990583
QuicksortVariant1(pivot: MIDDLE)	random	1048576	52193917
QuicksortVariant1(pivot: MIDDLE)	random	2097152	105083375
QuicksortVariant1(pivot: MIDDLE)	random	4194304	224958833
QuicksortVariant1(pivot: MIDDLE)	random	8388608	486008583
QuicksortVariant1(pivot: MIDDLE)	random	16777216	997707875
QuicksortVariant1(pivot: MIDDLE)	random	33554432	2054855084
QuicksortVariant1(pivot: MIDDLE)	random	67108864	4228192083
QuicksortVariant1(pivot: MIDDLE)	random	134217728	8710917917
QuicksortVariant1(pivot: MIDDLE)	random	268435456	18355473208
QuicksortVariant1(pivot: MIDDLE)	ascending	1024	8041
QuicksortVariant1(pivot: MIDDLE)	ascending	2048	12458
QuicksortVariant1(pivot: MIDDLE)	ascending	4096	23375
QuicksortVariant1(pivot: MIDDLE)	ascending	8192	47042
QuicksortVariant1(pivot: MIDDLE)	ascending	16384	92250
QuicksortVariant1(pivot: MIDDLE)	ascending	32768	182083
QuicksortVariant1(pivot: MIDDLE)	ascending	65536	362708
QuicksortVariant1(pivot: MIDDLE)	ascending	131072	724959
QuicksortVariant1(pivot: MIDDLE)	ascending	262144	1511292
QuicksortVariant1(pivot: MIDDLE)	ascending	524288	3493167
QuicksortVariant1(pivot: MIDDLE)	ascending	1048576	6740000
QuicksortVariant1(pivot: MIDDLE)	ascending	2097152	14248542
QuicksortVariant1(pivot: MIDDLE)	ascending	4194304	30060917
QuicksortVariant1(pivot: MIDDLE)	ascending	8388608	61750292
QuicksortVariant1(pivot: MIDDLE)	ascending	16777216	128376750
QuicksortVariant1(pivot: MIDDLE)	ascending	33554432	266639292
QuicksortVariant1(pivot: MIDDLE)	ascending	67108864	542187875
QuicksortVariant1(pivot: MIDDLE)	ascending	134217728	1138239709
QuicksortVariant1(pivot: MIDDLE)	ascending	268435456	2297696208
QuicksortVariant1(pivot: MIDDLE)	descending	1024	10041
QuicksortVariant1(pivot: MIDDLE)	descending	2048	13917
QuicksortVariant1(pivot: MIDDLE)	descending	4096	31791
QuicksortVariant1(pivot: MIDDLE)	descending	8192	51041
QuicksortVariant1(pivot: MIDDLE)	descending	16384	99125
QuicksortVariant1(pivot: MIDDLE)	descending	32768	201417
QuicksortVariant1(pivot: MIDDLE)	descending	65536	418334
QuicksortVariant1(pivot: MIDDLE)	descending	131072	873209
QuicksortVariant1(pivot: MIDDLE)	descending	262144	1849292
QuicksortVariant1(pivot: MIDDLE)	descending	524288	3678458
QuicksortVariant1(pivot: MIDDLE)	descending	1048576	7786250
QuicksortVariant1(pivot: MIDDLE)	descending	2097152	15951709
QuicksortVariant1(pivot: MIDDLE)	descending	4194304	33818500
QuicksortVariant1(pivot: MIDDLE)	descending	8388608	70610500
QuicksortVariant1(pivot: MIDDLE)	descending	16777216	144701959
QuicksortVariant1(pivot: MIDDLE)	descending	33554432	298525250
QuicksortVariant1(pivot: MIDDLE)	descending	67108864	610364041
QuicksortVariant1(pivot: MIDDLE)	descending	134217728	1258655125
QuicksortVariant1(pivot: MIDDLE)	descending	268435456	2627484084
QuicksortVariant1(pivot: MEDIAN3)	random	1024	43875
QuicksortVariant1(pivot: MEDIAN3)	random	2048	73250
QuicksortVariant1(pivot: MEDIAN3)	random	4096	151583
QuicksortVariant1(pivot: MEDIAN3)	random	8192	306750
QuicksortVariant1(pivot: MEDIAN3)	random	16384	653042
QuicksortVariant1(pivot: MEDIAN3)	random	32768	1353708
QuicksortVariant1(pivot: MEDIAN3)	random	65536	2861416
QuicksortVariant1(pivot: MEDIAN3)	random	131072	5982791
QuicksortVariant1(pivot: MEDIAN3)	random	262144	12646500
QuicksortVariant1(pivot: MEDIAN3)	random	524288	26685666
QuicksortVariant1(pivot: MEDIAN3)	random	1048576	55333333
QuicksortVariant1(pivot: MEDIAN3)	random	2097152	114381792
QuicksortVariant1(pivot: MEDIAN3)	random	4194304	239647041
QuicksortVariant1(pivot: MEDIAN3)	random	8388608	500510875
QuicksortVariant1(pivot: MEDIAN3)	random	16777216	1032899000
QuicksortVariant1(pivot: MEDIAN3)	random	33554432	2111828750
QuicksortVariant1(pivot: MEDIAN3)	random	67108864	4372045416
QuicksortVariant1(pivot: MEDIAN3)	random	134217728	9485512250
QuicksortVariant1(pivot: MEDIAN3)	random	268435456	19364495250
QuicksortVariant1(pivot: MEDIAN3)	ascending	1024	9250
QuicksortVariant1(pivot: MEDIAN3)	ascending	2048	14709
QuicksortVariant1(pivot: MEDIAN3)	ascending	4096	27250
QuicksortVariant1(pivot: MEDIAN3)	ascending	8192	55542
QuicksortVariant1(pivot: MEDIAN3)	ascending	16384	107042
QuicksortVariant1(pivot: MEDIAN3)	ascending	32768	238083
QuicksortVariant1(pivot: MEDIAN3)	ascending	65536	453625
QuicksortVariant1(pivot: MEDIAN3)	ascending	131072	957041
QuicksortVariant1(pivot: MEDIAN3)	ascending	262144	2011959
QuicksortVariant1(pivot: MEDIAN3)	ascending	524288	3884834
QuicksortVariant1(pivot: MEDIAN3)	ascending	1048576	8826750
QuicksortVariant1(pivot: MEDIAN3)	ascending	2097152	18668084
QuicksortVariant1(pivot: MEDIAN3)	ascending	4194304	36179583
QuicksortVariant1(pivot: MEDIAN3)	ascending	8388608	79450000
QuicksortVariant1(pivot: MEDIAN3)	ascending	16777216	156947958
QuicksortVariant1(pivot: MEDIAN3)	ascending	33554432	341764333
QuicksortVariant1(pivot: MEDIAN3)	ascending	67108864	685219542
QuicksortVariant1(pivot: MEDIAN3)	ascending	134217728	1457531083
QuicksortVariant1(pivot: MEDIAN3)	ascending	268435456	2872339500
QuicksortVariant1(pivot: MEDIAN3)	descending	1024	11041
QuicksortVariant1(pivot: MEDIAN3)	descending	2048	16666
QuicksortVariant1(pivot: MEDIAN3)	descending	4096	30792
QuicksortVariant1(pivot: MEDIAN3)	descending	8192	62791
QuicksortVariant1(pivot: MEDIAN3)	descending	16384	119875
QuicksortVariant1(pivot: MEDIAN3)	descending	32768	236791
QuicksortVariant1(pivot: MEDIAN3)	descending	65536	466750
QuicksortVariant1(pivot: MEDIAN3)	descending	131072	904083
QuicksortVariant1(pivot: MEDIAN3)	descending	262144	1896541
QuicksortVariant1(pivot: MEDIAN3)	descending	524288	4570542
QuicksortVariant1(pivot: MEDIAN3)	descending	1048576	9602500
QuicksortVariant1(pivot: MEDIAN3)	descending	2097152	18538292
QuicksortVariant1(pivot: MEDIAN3)	descending	4194304	37606125
QuicksortVariant1(pivot: MEDIAN3)	descending	8388608	77626875
QuicksortVariant1(pivot: MEDIAN3)	descending	16777216	158649708
QuicksortVariant1(pivot: MEDIAN3)	descending	33554432	331562334
QuicksortVariant1(pivot: MEDIAN3)	descending	67108864	672947708
QuicksortVariant1(pivot: MEDIAN3)	descending	134217728	1372564916
QuicksortVariant1(pivot: MEDIAN3)	descending	268435456	2771669833
QuicksortImproved(threshold: 48, partitioning: QuicksortVariant1(pivot: MIDDLE))	random	1024	25875
QuicksortImproved(threshold: 48, partitioning: QuicksortVariant1(pivot: MIDDLE))	random	2048	57416
QuicksortImproved(threshold: 48, partitioning: QuicksortVariant1(pivot: MIDDLE))	random	4096	107834
QuicksortImproved(threshold: 48, partitioning: QuicksortVariant1(pivot: MIDDLE))	random	8192	242209
QuicksortImproved(threshold: 48, partitioning: QuicksortVariant1(pivot: MIDDLE))	random	16384	465750
QuicksortImproved(threshold: 48, partitioning: QuicksortVariant1(pivot: MIDDLE))	random	32768	1012792
QuicksortImproved(threshold: 48, partitioning: QuicksortVariant1(pivot: MIDDLE))	random	65536	2153667
QuicksortImproved(threshold: 48, partitioning: QuicksortVariant1(pivot: MIDDLE))	random	131072	4634250
QuicksortImproved(threshold: 48, partitioning: QuicksortVariant1(pivot: MIDDLE))	random	262144	9840917
QuicksortImproved(threshold: 48, partitioning: QuicksortVariant1(pivot: MIDDLE))	random	524288	20352167
QuicksortImproved(threshold: 48, partitioning: QuicksortVariant1(pivot: MIDDLE))	random	1048576	44326583
QuicksortImproved(threshold: 48, partitioning: QuicksortVariant1(pivot: MIDDLE))	random	2097152	92866000
QuicksortImproved(threshold: 48, partitioning: QuicksortVariant1(pivot: MIDDLE))	random	4194304	188587667
QuicksortImproved(threshold: 48, partitioning: QuicksortVariant1(pivot: MIDDLE))	random	8388608	415363375
QuicksortImproved(threshold: 48, partitioning: QuicksortVariant1(pivot: MIDDLE))	random	16777216	839326750
QuicksortImproved(threshold: 48, partitioning: QuicksortVariant1(pivot: MIDDLE))	random	33554432	1801024334
QuicksortImproved(threshold: 48, partitioning: QuicksortVariant1(pivot: MIDDLE))	random	67108864	3720232208
QuicksortImproved(threshold: 48, partitioning: QuicksortVariant1(pivot: MIDDLE))	random	134217728	7807881292
QuicksortImproved(threshold: 48, partitioning: QuicksortVariant1(pivot: MIDDLE))	random	268435456	15912089917
QuicksortImproved(threshold: 48, partitioning: QuicksortVariant1(pivot: MIDDLE))	ascending	1024	5542
QuicksortImproved(threshold: 48, partitioning: QuicksortVariant1(pivot: MIDDLE))	ascending	2048	8542
QuicksortImproved(threshold: 48, partitioning: QuicksortVariant1(pivot: MIDDLE))	ascending	4096	17000
QuicksortImproved(threshold: 48, partitioning: QuicksortVariant1(pivot: MIDDLE))	ascending	8192	27291
QuicksortImproved(threshold: 48, partitioning: QuicksortVariant1(pivot: MIDDLE))	ascending	16384	61708
QuicksortImproved(threshold: 48, partitioning: QuicksortVariant1(pivot: MIDDLE))	ascending	32768	118292
QuicksortImproved(threshold: 48, partitioning: QuicksortVariant1(pivot: MIDDLE))	ascending	65536	235708
QuicksortImproved(threshold: 48, partitioning: QuicksortVariant1(pivot: MIDDLE))	ascending	131072	499250
QuicksortImproved(threshold: 48, partitioning: QuicksortVariant1(pivot: MIDDLE))	ascending	262144	1056292
QuicksortImproved(threshold: 48, partitioning: QuicksortVariant1(pivot: MIDDLE))	ascending	524288	2190833
QuicksortImproved(threshold: 48, partitioning: QuicksortVariant1(pivot: MIDDLE))	ascending	1048576	4572000
QuicksortImproved(threshold: 48, partitioning: QuicksortVariant1(pivot: MIDDLE))	ascending	2097152	9933417
QuicksortImproved(threshold: 48, partitioning: QuicksortVariant1(pivot: MIDDLE))	ascending	4194304	20615583
QuicksortImproved(threshold: 48, partitioning: QuicksortVariant1(pivot: MIDDLE))	ascending	8388608	44356875
QuicksortImproved(threshold: 48, partitioning: QuicksortVariant1(pivot: MIDDLE))	ascending	16777216	90785750
QuicksortImproved(threshold: 48, partitioning: QuicksortVariant1(pivot: MIDDLE))	ascending	33554432	190875750
QuicksortImproved(threshold: 48, partitioning: QuicksortVariant1(pivot: MIDDLE))	ascending	67108864	393058167
QuicksortImproved(threshold: 48, partitioning: QuicksortVariant1(pivot: MIDDLE))	ascending	134217728	834621125
QuicksortImproved(threshold: 48, partitioning: QuicksortVariant1(pivot: MIDDLE))	ascending	268435456	1713460083
QuicksortImproved(threshold: 48, partitioning: QuicksortVariant1(pivot: MIDDLE))	descending	1024	6708
QuicksortImproved(threshold: 48, partitioning: QuicksortVariant1(pivot: MIDDLE))	descending	2048	8750
QuicksortImproved(threshold: 48, partitioning: QuicksortVariant1(pivot: MIDDLE))	descending	4096	15417
QuicksortImproved(threshold: 48, partitioning: QuicksortVariant1(pivot: MIDDLE))	descending	8192	40000
QuicksortImproved(threshold: 48, partitioning: QuicksortVariant1(pivot: MIDDLE))	descending	16384	61958
QuicksortImproved(threshold: 48, partitioning: QuicksortVariant1(pivot: MIDDLE))	descending	32768	131500
QuicksortImproved(threshold: 48, partitioning: QuicksortVariant1(pivot: MIDDLE))	descending	65536	302375
QuicksortImproved(threshold: 48, partitioning: QuicksortVariant1(pivot: MIDDLE))	descending	131072	564333
QuicksortImproved(threshold: 48, partitioning: QuicksortVariant1(pivot: MIDDLE))	descending	262144	1300833
QuicksortImproved(threshold: 48, partitioning: QuicksortVariant1(pivot: MIDDLE))	descending	524288	2471292
QuicksortImproved(threshold: 48, partitioning: QuicksortVariant1(pivot: MIDDLE))	descending	1048576	5112958
QuicksortImproved(threshold: 48, partitioning: QuicksortVariant1(pivot: MIDDLE))	descending	2097152	11284291
QuicksortImproved(threshold: 48, partitioning: QuicksortVariant1(pivot: MIDDLE))	descending	4194304	22335292
QuicksortImproved(threshold: 48, partitioning: QuicksortVariant1(pivot: MIDDLE))	descending	8388608	48555000
QuicksortImproved(threshold: 48, partitioning: QuicksortVariant1(pivot: MIDDLE))	descending	16777216	98228958
QuicksortImproved(threshold: 48, partitioning: QuicksortVariant1(pivot: MIDDLE))	descending	33554432	209389458
QuicksortImproved(threshold: 48, partitioning: QuicksortVariant1(pivot: MIDDLE))	descending	67108864	423120125
QuicksortImproved(threshold: 48, partitioning: QuicksortVariant1(pivot: MIDDLE))	descending	134217728	904080625
QuicksortImproved(threshold: 48, partitioning: QuicksortVariant1(pivot: MIDDLE))	descending	268435456	1819971125
DualPivotQuicksort(pivot: THIRDS)	random	1024	32916
DualPivotQuicksort(pivot: THIRDS)	random	2048	70458
DualPivotQuicksort(pivot: THIRDS)	random	4096	124959
DualPivotQuicksort(pivot: THIRDS)	random	8192	266083
DualPivotQuicksort(pivot: THIRDS)	random	16384	560083
DualPivotQuicksort(pivot: THIRDS)	random	32768	1201708
DualPivotQuicksort(pivot: THIRDS)	random	65536	2611334
DualPivotQuicksort(pivot: THIRDS)	random	131072	5352334
DualPivotQuicksort(pivot: THIRDS)	random	262144	11046916
DualPivotQuicksort(pivot: THIRDS)	random	524288	23427084
DualPivotQuicksort(pivot: THIRDS)	random	1048576	49720666
DualPivotQuicksort(pivot: THIRDS)	random	2097152	103886584
DualPivotQuicksort(pivot: THIRDS)	random	4194304	213214958
DualPivotQuicksort(pivot: THIRDS)	random	8388608	441965833
DualPivotQuicksort(pivot: THIRDS)	random	16777216	921221292
DualPivotQuicksort(pivot: THIRDS)	random	33554432	1924530500
DualPivotQuicksort(pivot: THIRDS)	random	67108864	4008069250
DualPivotQuicksort(pivot: THIRDS)	random	134217728	8272149958
DualPivotQuicksort(pivot: THIRDS)	random	268435456	17047445583
DualPivotQuicksort(pivot: THIRDS)	ascending	1024	9167
DualPivotQuicksort(pivot: THIRDS)	ascending	2048	20208
DualPivotQuicksort(pivot: THIRDS)	ascending	4096	22000
DualPivotQuicksort(pivot: THIRDS)	ascending	8192	51250
DualPivotQuicksort(pivot: THIRDS)	ascending	16384	95875
DualPivotQuicksort(pivot: THIRDS)	ascending	32768	171834
DualPivotQuicksort(pivot: THIRDS)	ascending	65536	413750
DualPivotQuicksort(pivot: THIRDS)	ascending	131072	816125
DualPivotQuicksort(pivot: THIRDS)	ascending	262144	1615833
DualPivotQuicksort(pivot: THIRDS)	ascending	524288	3909167
DualPivotQuicksort(pivot: THIRDS)	ascending	1048576	7500125
DualPivotQuicksort(pivot: THIRDS)	ascending	2097152	16210125
DualPivotQuicksort(pivot: THIRDS)	ascending	4194304	35837125
DualPivotQuicksort(pivot: THIRDS)	ascending	8388608	70813875
DualPivotQuicksort(pivot: THIRDS)	ascending	16777216	150671833
DualPivotQuicksort(pivot: THIRDS)	ascending	33554432	300911208
DualPivotQuicksort(pivot: THIRDS)	ascending	67108864	637256958
DualPivotQuicksort(pivot: THIRDS)	ascending	134217728	1351515500
DualPivotQuicksort(pivot: THIRDS)	ascending	268435456	2677161916
DualPivotQuicksort(pivot: THIRDS)	descending	1024	11333
DualPivotQuicksort(pivot: THIRDS)	descending	2048	16666
DualPivotQuicksort(pivot: THIRDS)	descending	4096	31459
DualPivotQuicksort(pivot: THIRDS)	descending	8192	50125
DualPivotQuicksort(pivot: THIRDS)	descending	16384	102709
DualPivotQuicksort(pivot: THIRDS)	descending	32768	179458
DualPivotQuicksort(pivot: THIRDS)	descending	65536	420875
DualPivotQuicksort(pivot: THIRDS)	descending	131072	789208
DualPivotQuicksort(pivot: THIRDS)	descending	262144	1657708
DualPivotQuicksort(pivot: THIRDS)	descending	524288	3832792
DualPivotQuicksort(pivot: THIRDS)	descending	1048576	7815292
DualPivotQuicksort(pivot: THIRDS)	descending	2097152	15772291
DualPivotQuicksort(pivot: THIRDS)	descending	4194304	35382834
DualPivotQuicksort(pivot: THIRDS)	descending	8388608	71042208
DualPivotQuicksort(pivot: THIRDS)	descending	16777216	148534334
DualPivotQuicksort(pivot: THIRDS)	descending	33554432	305315667
DualPivotQuicksort(pivot: THIRDS)	descending	67108864	646285917
DualPivotQuicksort(pivot: THIRDS)	descending	134217728	1361128792
DualPivotQuicksort(pivot: THIRDS)	descending	268435456	2753238042
DualPivotQuicksortImproved(threshold: 64, pivot: THIRDS)	random	1024	34708
DualPivotQuicksortImproved(threshold: 64, pivot: THIRDS)	random	2048	69833
DualPivotQuicksortImproved(threshold: 64, pivot: THIRDS)	random	4096	125583
DualPivotQuicksortImproved(threshold: 64, pivot: THIRDS)	random	8192	267583
DualPivotQuicksortImproved(threshold: 64, pivot: THIRDS)	random	16384	588417
DualPivotQuicksortImproved(threshold: 64, pivot: THIRDS)	random	32768	1253542
DualPivotQuicksortImproved(threshold: 64, pivot: THIRDS)	random	65536	2673708
DualPivotQuicksortImproved(threshold: 64, pivot: THIRDS)	random	131072	5611084
DualPivotQuicksortImproved(threshold: 64, pivot: THIRDS)	random	262144	11900666
DualPivotQuicksortImproved(threshold: 64, pivot: THIRDS)	random	524288	25641167
DualPivotQuicksortImproved(threshold: 64, pivot: THIRDS)	random	1048576	54066541
DualPivotQuicksortImproved(threshold: 64, pivot: THIRDS)	random	2097152	117720833
DualPivotQuicksortImproved(threshold: 64, pivot: THIRDS)	random	4194304	238234458
DualPivotQuicksortImproved(threshold: 64, pivot: THIRDS)	random	8388608	503694167
DualPivotQuicksortImproved(threshold: 64, pivot: THIRDS)	random	16777216	1045785250
DualPivotQuicksortImproved(threshold: 64, pivot: THIRDS)	random	33554432	2189676042
DualPivotQuicksortImproved(threshold: 64, pivot: THIRDS)	random	67108864	4526310417
DualPivotQuicksortImproved(threshold: 64, pivot: THIRDS)	random	134217728	9579126250
DualPivotQuicksortImproved(threshold: 64, pivot: THIRDS)	random	268435456	19823196916
DualPivotQuicksortImproved(threshold: 64, pivot: THIRDS)	ascending	1024	9125
DualPivotQuicksortImproved(threshold: 64, pivot: THIRDS)	ascending	2048	14792
DualPivotQuicksortImproved(threshold: 64, pivot: THIRDS)	ascending	4096	25625
DualPivotQuicksortImproved(threshold: 64, pivot: THIRDS)	ascending	8192	67792
DualPivotQuicksortImproved(threshold: 64, pivot: THIRDS)	ascending	16384	139875
DualPivotQuicksortImproved(threshold: 64, pivot: THIRDS)	ascending	32768	264458
DualPivotQuicksortImproved(threshold: 64, pivot: THIRDS)	ascending	65536	590542
DualPivotQuicksortImproved(threshold: 64, pivot: THIRDS)	ascending	131072	1161625
DualPivotQuicksortImproved(threshold: 64, pivot: THIRDS)	ascending	262144	2574625
DualPivotQuicksortImproved(threshold: 64, pivot: THIRDS)	ascending	524288	5927708
DualPivotQuicksortImproved(threshold: 64, pivot: THIRDS)	ascending	1048576	11822708
DualPivotQuicksortImproved(threshold: 64, pivot: THIRDS)	ascending	2097152	25255750
DualPivotQuicksortImproved(threshold: 64, pivot: THIRDS)	ascending	4194304	57094458
DualPivotQuicksortImproved(threshold: 64, pivot: THIRDS)	ascending	8388608	116445042
DualPivotQuicksortImproved(threshold: 64, pivot: THIRDS)	ascending	16777216	243520750
DualPivotQuicksortImproved(threshold: 64, pivot: THIRDS)	ascending	33554432	486501459
DualPivotQuicksortImproved(threshold: 64, pivot: THIRDS)	ascending	67108864	1084011542
DualPivotQuicksortImproved(threshold: 64, pivot: THIRDS)	ascending	134217728	2281821916
DualPivotQuicksortImproved(threshold: 64, pivot: THIRDS)	ascending	268435456	4544437041
DualPivotQuicksortImproved(threshold: 64, pivot: THIRDS)	descending	1024	10084
DualPivotQuicksortImproved(threshold: 64, pivot: THIRDS)	descending	2048	18417
DualPivotQuicksortImproved(threshold: 64, pivot: THIRDS)	descending	4096	31958
DualPivotQuicksortImproved(threshold: 64, pivot: THIRDS)	descending	8192	69250
DualPivotQuicksortImproved(threshold: 64, pivot: THIRDS)	descending	16384	138667
DualPivotQuicksortImproved(threshold: 64, pivot: THIRDS)	descending	32768	252208
DualPivotQuicksortImproved(threshold: 64, pivot: THIRDS)	descending	65536	604750
DualPivotQuicksortImproved(threshold: 64, pivot: THIRDS)	descending	131072	1193917
DualPivotQuicksortImproved(threshold: 64, pivot: THIRDS)	descending	262144	2612792
DualPivotQuicksortImproved(threshold: 64, pivot: THIRDS)	descending	524288	5934459
DualPivotQuicksortImproved(threshold: 64, pivot: THIRDS)	descending	1048576	12202334
DualPivotQuicksortImproved(threshold: 64, pivot: THIRDS)	descending	2097152	25472375
DualPivotQuicksortImproved(threshold: 64, pivot: THIRDS)	descending	4194304	58392916
DualPivotQuicksortImproved(threshold: 64, pivot: THIRDS)	descending	8388608	117018542
DualPivotQuicksortImproved(threshold: 64, pivot: THIRDS)	descending	16777216	247662875
DualPivotQuicksortImproved(threshold: 64, pivot: THIRDS)	descending	33554432	492930291
DualPivotQuicksortImproved(threshold: 64, pivot: THIRDS)	descending	67108864	1101290083
DualPivotQuicksortImproved(threshold: 64, pivot: THIRDS)	descending	134217728	2312021750
DualPivotQuicksortImproved(threshold: 64, pivot: THIRDS)	descending	268435456	4592058250
JavaArraysSort	random	1024	25209
JavaArraysSort	random	2048	58291
JavaArraysSort	random	4096	112500
JavaArraysSort	random	8192	269334
JavaArraysSort	random	16384	494250
JavaArraysSort	random	32768	973083
JavaArraysSort	random	65536	2023167
JavaArraysSort	random	131072	4395375
JavaArraysSort	random	262144	9229250
JavaArraysSort	random	524288	19600084
JavaArraysSort	random	1048576	41499542
JavaArraysSort	random	2097152	85337750
JavaArraysSort	random	4194304	184436042
JavaArraysSort	random	8388608	373541833
JavaArraysSort	random	16777216	795701542
JavaArraysSort	random	33554432	1654961167
JavaArraysSort	random	67108864	3444923167
JavaArraysSort	random	134217728	7122115375
JavaArraysSort	random	268435456	14810798000
JavaArraysSort	ascending	1024	2709
JavaArraysSort	ascending	2048	2875
JavaArraysSort	ascending	4096	2625
JavaArraysSort	ascending	8192	2417
JavaArraysSort	ascending	16384	5042
JavaArraysSort	ascending	32768	5834
JavaArraysSort	ascending	65536	14709
JavaArraysSort	ascending	131072	19208
JavaArraysSort	ascending	262144	40917
JavaArraysSort	ascending	524288	63792
JavaArraysSort	ascending	1048576	123792
JavaArraysSort	ascending	2097152	331000
JavaArraysSort	ascending	4194304	486625
JavaArraysSort	ascending	8388608	1227333
JavaArraysSort	ascending	16777216	2461959
JavaArraysSort	ascending	33554432	4792333
JavaArraysSort	ascending	67108864	9688042
JavaArraysSort	ascending	134217728	19946834
JavaArraysSort	ascending	268435456	36958667
JavaArraysSort	descending	1024	3459
JavaArraysSort	descending	2048	3083
JavaArraysSort	descending	4096	3875
JavaArraysSort	descending	8192	4250
JavaArraysSort	descending	16384	9792
JavaArraysSort	descending	32768	15375
JavaArraysSort	descending	65536	33667
JavaArraysSort	descending	131072	51041
JavaArraysSort	descending	262144	114917
JavaArraysSort	descending	524288	190958
JavaArraysSort	descending	1048576	390833
JavaArraysSort	descending	2097152	762625
JavaArraysSort	descending	4194304	1561667
JavaArraysSort	descending	8388608	3112292
JavaArraysSort	descending	16777216	6104792
JavaArraysSort	descending	33554432	12783583
JavaArraysSort	descending	67108864	25433500
JavaArraysSort	descending	134217728	51082250
JavaArraysSort	descending	268435456	99568125
QuicksortVariant1(pivot: RIGHT)	random	1024	34959
QuicksortVariant1(pivot: RIGHT)	random	2048	69458
QuicksortVariant1(pivot: RIGHT)	random	4096	139542
QuicksortVariant1(pivot: RIGHT)	random	8192	291208
QuicksortVariant1(pivot: RIGHT)	random	16384	584833
QuicksortVariant1(pivot: RIGHT)	random	32768	1293500
QuicksortVariant1(pivot: RIGHT)	random	65536	2636000
QuicksortVariant1(pivot: RIGHT)	random	131072	5433583
QuicksortVariant1(pivot: RIGHT)	random	262144	11595959
QuicksortVariant1(pivot: RIGHT)	random	524288	24170667
QuicksortVariant1(pivot: RIGHT)	random	1048576	51639250
QuicksortVariant1(pivot: RIGHT)	random	2097152	105257459
QuicksortVariant1(pivot: RIGHT)	random	4194304	218625167
QuicksortVariant1(pivot: RIGHT)	random	8388608	458556709
QuicksortVariant1(pivot: RIGHT)	random	16777216	971331000
QuicksortVariant1(pivot: RIGHT)	random	33554432	1979674833
QuicksortVariant1(pivot: RIGHT)	random	67108864	4072426250
QuicksortVariant1(pivot: RIGHT)	random	134217728	8617294833
QuicksortVariant1(pivot: RIGHT)	random	268435456	17840100292
QuicksortVariant1(pivot: RIGHT)	ascending	1024	206625
QuicksortVariant1(pivot: RIGHT)	ascending	2048	750416
QuicksortVariant1(pivot: RIGHT)	ascending	4096	3241875
QuicksortVariant1(pivot: RIGHT)	ascending	8192	11601458
QuicksortVariant1(pivot: RIGHT)	ascending	16384	48113000
QuicksortVariant1(pivot: RIGHT)	ascending	32768	SOE
QuicksortVariant1(pivot: RIGHT)	descending	1024	206209
QuicksortVariant1(pivot: RIGHT)	descending	2048	719417
QuicksortVariant1(pivot: RIGHT)	descending	4096	2817500
QuicksortVariant1(pivot: RIGHT)	descending	8192	8098292
QuicksortVariant1(pivot: RIGHT)	descending	16384	44981834
QuicksortVariant1(pivot: RIGHT)	descending	32768	SOE
QuicksortVariant1(pivot: MIDDLE)	random	1024	41917
QuicksortVariant1(pivot: MIDDLE)	random	2048	73500
QuicksortVariant1(pivot: MIDDLE)	random	4096	153333
QuicksortVariant1(pivot: MIDDLE)	random	8192	290959
QuicksortVariant1(pivot: MIDDLE)	random	16384	609792
QuicksortVariant1(pivot: MIDDLE)	random	32768	1253250
QuicksortVariant1(pivot: MIDDLE)	random	65536	2772250
QuicksortVariant1(pivot: MIDDLE)	random	131072	5703875
QuicksortVariant1(pivot: MIDDLE)	random	262144	12187792
QuicksortVariant1(pivot: MIDDLE)	random	524288	24909250
QuicksortVariant1(pivot: MIDDLE)	random	1048576	51320666
QuicksortVariant1(pivot: MIDDLE)	random	2097152	107790791
QuicksortVariant1(pivot: MIDDLE)	random	4194304	224695833
QuicksortVariant1(pivot: MIDDLE)	random	8388608	468325791
QuicksortVariant1(pivot: MIDDLE)	random	16777216	972504875
QuicksortVariant1(pivot: MIDDLE)	random	33554432	2025663042
QuicksortVariant1(pivot: MIDDLE)	random	67108864	4159965375
QuicksortVariant1(pivot: MIDDLE)	random	134217728	8648188542
QuicksortVariant1(pivot: MIDDLE)	random	268435456	17717536541
QuicksortVariant1(pivot: MIDDLE)	ascending	1024	8166
QuicksortVariant1(pivot: MIDDLE)	ascending	2048	15167
QuicksortVariant1(pivot: MIDDLE)	ascending	4096	31459
QuicksortVariant1(pivot: MIDDLE)	ascending	8192	44083
QuicksortVariant1(pivot: MIDDLE)	ascending	16384	107500
QuicksortVariant1(pivot: MIDDLE)	ascending	32768	168834
QuicksortVariant1(pivot: MIDDLE)	ascending	65536	350041
QuicksortVariant1(pivot: MIDDLE)	ascending	131072	734750
QuicksortVariant1(pivot: MIDDLE)	ascending	262144	1455209
QuicksortVariant1(pivot: MIDDLE)	ascending	524288	3503125
QuicksortVariant1(pivot: MIDDLE)	ascending	1048576	8303416
QuicksortVariant1(pivot: MIDDLE)	ascending	2097152	13640959
QuicksortVariant1(pivot: MIDDLE)	ascending	4194304	31325125
QuicksortVariant1(pivot: MIDDLE)	ascending	8388608	62818334
QuicksortVariant1(pivot: MIDDLE)	ascending	16777216	127970541
QuicksortVariant1(pivot: MIDDLE)	ascending	33554432	266372666
QuicksortVariant1(pivot: MIDDLE)	ascending	67108864	559137625
QuicksortVariant1(pivot: MIDDLE)	ascending	134217728	1149847083
QuicksortVariant1(pivot: MIDDLE)	ascending	268435456	2426896000
QuicksortVariant1(pivot: MIDDLE)	descending	1024	9209
QuicksortVariant1(pivot: MIDDLE)	descending	2048	15167
QuicksortVariant1(pivot: MIDDLE)	descending	4096	28125
QuicksortVariant1(pivot: MIDDLE)	descending	8192	60666
QuicksortVariant1(pivot: MIDDLE)	descending	16384	122875
QuicksortVariant1(pivot: MIDDLE)	descending	32768	216166
QuicksortVariant1(pivot: MIDDLE)	descending	65536	438959
QuicksortVariant1(pivot: MIDDLE)	descending	131072	945667
QuicksortVariant1(pivot: MIDDLE)	descending	262144	1930292
QuicksortVariant1(pivot: MIDDLE)	descending	524288	3902542
QuicksortVariant1(pivot: MIDDLE)	descending	1048576	7788750
QuicksortVariant1(pivot: MIDDLE)	descending	2097152	17633000
QuicksortVariant1(pivot: MIDDLE)	descending	4194304	34739250
QuicksortVariant1(pivot: MIDDLE)	descending	8388608	75251125
QuicksortVariant1(pivot: MIDDLE)	descending	16777216	151473833
QuicksortVariant1(pivot: MIDDLE)	descending	33554432	307021208
QuicksortVariant1(pivot: MIDDLE)	descending	67108864	633885666
QuicksortVariant1(pivot: MIDDLE)	descending	134217728	1229217375
QuicksortVariant1(pivot: MIDDLE)	descending	268435456	2549562125
QuicksortVariant1(pivot: MEDIAN3)	random	1024	37583
QuicksortVariant1(pivot: MEDIAN3)	random	2048	75167
QuicksortVariant1(pivot: MEDIAN3)	random	4096	155792
QuicksortVariant1(pivot: MEDIAN3)	random	8192	313208
QuicksortVariant1(pivot: MEDIAN3)	random	16384	664583
QuicksortVariant1(pivot: MEDIAN3)	random	32768	1416375
QuicksortVariant1(pivot: MEDIAN3)	random	65536	2793667
QuicksortVariant1(pivot: MEDIAN3)	random	131072	6014416
QuicksortVariant1(pivot: MEDIAN3)	random	262144	12764083
QuicksortVariant1(pivot: MEDIAN3)	random	524288	26214917
QuicksortVariant1(pivot: MEDIAN3)	random	1048576	54879583
QuicksortVariant1(pivot: MEDIAN3)	random	2097152	116818917
QuicksortVariant1(pivot: MEDIAN3)	random	4194304	238695917
QuicksortVariant1(pivot: MEDIAN3)	random	8388608	497103083
QuicksortVariant1(pivot: MEDIAN3)	random	16777216	1043634291
QuicksortVariant1(pivot: MEDIAN3)	random	33554432	2160763833
QuicksortVariant1(pivot: MEDIAN3)	random	67108864	4429652708
QuicksortVariant1(pivot: MEDIAN3)	random	134217728	9165433417
QuicksortVariant1(pivot: MEDIAN3)	random	268435456	18794592167
QuicksortVariant1(pivot: MEDIAN3)	ascending	1024	9417
QuicksortVariant1(pivot: MEDIAN3)	ascending	2048	16208
QuicksortVariant1(pivot: MEDIAN3)	ascending	4096	27375
QuicksortVariant1(pivot: MEDIAN3)	ascending	8192	51625
QuicksortVariant1(pivot: MEDIAN3)	ascending	16384	100000
QuicksortVariant1(pivot: MEDIAN3)	ascending	32768	228416
QuicksortVariant1(pivot: MEDIAN3)	ascending	65536	470791
QuicksortVariant1(pivot: MEDIAN3)	ascending	131072	878375
QuicksortVariant1(pivot: MEDIAN3)	ascending	262144	1793625
QuicksortVariant1(pivot: MEDIAN3)	ascending	524288	4329625
QuicksortVariant1(pivot: MEDIAN3)	ascending	1048576	7343083
QuicksortVariant1(pivot: MEDIAN3)	ascending	2097152	16453250
QuicksortVariant1(pivot: MEDIAN3)	ascending	4194304	35745625
QuicksortVariant1(pivot: MEDIAN3)	ascending	8388608	71118750
QuicksortVariant1(pivot: MEDIAN3)	ascending	16777216	153742083
QuicksortVariant1(pivot: MEDIAN3)	ascending	33554432	305926792
QuicksortVariant1(pivot: MEDIAN3)	ascending	67108864	621821250
QuicksortVariant1(pivot: MEDIAN3)	ascending	134217728	1282926917
QuicksortVariant1(pivot: MEDIAN3)	ascending	268435456	2625962541
QuicksortVariant1(pivot: MEDIAN3)	descending	1024	11666
QuicksortVariant1(pivot: MEDIAN3)	descending	2048	15792
QuicksortVariant1(pivot: MEDIAN3)	descending	4096	35708
QuicksortVariant1(pivot: MEDIAN3)	descending	8192	57625
QuicksortVariant1(pivot: MEDIAN3)	descending	16384	109916
QuicksortVariant1(pivot: MEDIAN3)	descending	32768	222958
QuicksortVariant1(pivot: MEDIAN3)	descending	65536	470791
QuicksortVariant1(pivot: MEDIAN3)	descending	131072	973166
QuicksortVariant1(pivot: MEDIAN3)	descending	262144	1840583
QuicksortVariant1(pivot: MEDIAN3)	descending	524288	4349417
QuicksortVariant1(pivot: MEDIAN3)	descending	1048576	8311875
QuicksortVariant1(pivot: MEDIAN3)	descending	2097152	18027916
QuicksortVariant1(pivot: MEDIAN3)	descending	4194304	35426625
QuicksortVariant1(pivot: MEDIAN3)	descending	8388608	75888792
QuicksortVariant1(pivot: MEDIAN3)	descending	16777216	151082084
QuicksortVariant1(pivot: MEDIAN3)	descending	33554432	315604417
QuicksortVariant1(pivot: MEDIAN3)	descending	67108864	647161375
QuicksortVariant1(pivot: MEDIAN3)	descending	134217728	1352684916
QuicksortVariant1(pivot: MEDIAN3)	descending	268435456	2798549583
QuicksortImproved(threshold: 48, partitioning: QuicksortVariant1(pivot: MIDDLE))	random	1024	25833
QuicksortImproved(threshold: 48, partitioning: QuicksortVariant1(pivot: MIDDLE))	random	2048	51166
QuicksortImproved(threshold: 48, partitioning: QuicksortVariant1(pivot: MIDDLE))	random	4096	118458
QuicksortImproved(threshold: 48, partitioning: QuicksortVariant1(pivot: MIDDLE))	random	8192	222792
QuicksortImproved(threshold: 48, partitioning: QuicksortVariant1(pivot: MIDDLE))	random	16384	477458
QuicksortImproved(threshold: 48, partitioning: QuicksortVariant1(pivot: MIDDLE))	random	32768	999875
QuicksortImproved(threshold: 48, partitioning: QuicksortVariant1(pivot: MIDDLE))	random	65536	2147458
QuicksortImproved(threshold: 48, partitioning: QuicksortVariant1(pivot: MIDDLE))	random	131072	4570125
QuicksortImproved(threshold: 48, partitioning: QuicksortVariant1(pivot: MIDDLE))	random	262144	10169292
QuicksortImproved(threshold: 48, partitioning: QuicksortVariant1(pivot: MIDDLE))	random	524288	20400292
QuicksortImproved(threshold: 48, partitioning: QuicksortVariant1(pivot: MIDDLE))	random	1048576	43593709
QuicksortImproved(threshold: 48, partitioning: QuicksortVariant1(pivot: MIDDLE))	random	2097152	91971333
QuicksortImproved(threshold: 48, partitioning: QuicksortVariant1(pivot: MIDDLE))	random	4194304	193492917
QuicksortImproved(threshold: 48, partitioning: QuicksortVariant1(pivot: MIDDLE))	random	8388608	406388750
QuicksortImproved(threshold: 48, partitioning: QuicksortVariant1(pivot: MIDDLE))	random	16777216	848131667
QuicksortImproved(threshold: 48, partitioning: QuicksortVariant1(pivot: MIDDLE))	random	33554432	1772222083
QuicksortImproved(threshold: 48, partitioning: QuicksortVariant1(pivot: MIDDLE))	random	67108864	3721734500
QuicksortImproved(threshold: 48, partitioning: QuicksortVariant1(pivot: MIDDLE))	random	134217728	7676280042
QuicksortImproved(threshold: 48, partitioning: QuicksortVariant1(pivot: MIDDLE))	random	268435456	16050540250
QuicksortImproved(threshold: 48, partitioning: QuicksortVariant1(pivot: MIDDLE))	ascending	1024	5708
QuicksortImproved(threshold: 48, partitioning: QuicksortVariant1(pivot: MIDDLE))	ascending	2048	8708
QuicksortImproved(threshold: 48, partitioning: QuicksortVariant1(pivot: MIDDLE))	ascending	4096	13042
QuicksortImproved(threshold: 48, partitioning: QuicksortVariant1(pivot: MIDDLE))	ascending	8192	28292
QuicksortImproved(threshold: 48, partitioning: QuicksortVariant1(pivot: MIDDLE))	ascending	16384	54417
QuicksortImproved(threshold: 48, partitioning: QuicksortVariant1(pivot: MIDDLE))	ascending	32768	134709
QuicksortImproved(threshold: 48, partitioning: QuicksortVariant1(pivot: MIDDLE))	ascending	65536	238083
QuicksortImproved(threshold: 48, partitioning: QuicksortVariant1(pivot: MIDDLE))	ascending	131072	510125
QuicksortImproved(threshold: 48, partitioning: QuicksortVariant1(pivot: MIDDLE))	ascending	262144	1080959
QuicksortImproved(threshold: 48, partitioning: QuicksortVariant1(pivot: MIDDLE))	ascending	524288	2274042
QuicksortImproved(threshold: 48, partitioning: QuicksortVariant1(pivot: MIDDLE))	ascending	1048576	4634083
QuicksortImproved(threshold: 48, partitioning: QuicksortVariant1(pivot: MIDDLE))	ascending	2097152	10177750
QuicksortImproved(threshold: 48, partitioning: QuicksortVariant1(pivot: MIDDLE))	ascending	4194304	21095041
QuicksortImproved(threshold: 48, partitioning: QuicksortVariant1(pivot: MIDDLE))	ascending	8388608	46777417
QuicksortImproved(threshold: 48, partitioning: QuicksortVariant1(pivot: MIDDLE))	ascending	16777216	93866708
QuicksortImproved(threshold: 48, partitioning: QuicksortVariant1(pivot: MIDDLE))	ascending	33554432	201234333
QuicksortImproved(threshold: 48, partitioning: QuicksortVariant1(pivot: MIDDLE))	ascending	67108864	403871125
QuicksortImproved(threshold: 48, partitioning: QuicksortVariant1(pivot: MIDDLE))	ascending	134217728	840415375
QuicksortImproved(threshold: 48, partitioning: QuicksortVariant1(pivot: MIDDLE))	ascending	268435456	1761891666
QuicksortImproved(threshold: 48, partitioning: QuicksortVariant1(pivot: MIDDLE))	descending	1024	6583
QuicksortImproved(threshold: 48, partitioning: QuicksortVariant1(pivot: MIDDLE))	descending	2048	10750
QuicksortImproved(threshold: 48, partitioning: QuicksortVariant1(pivot: MIDDLE))	descending	4096	19708
QuicksortImproved(threshold: 48, partitioning: QuicksortVariant1(pivot: MIDDLE))	descending	8192	38208
QuicksortImproved(threshold: 48, partitioning: QuicksortVariant1(pivot: MIDDLE))	descending	16384	66458
QuicksortImproved(threshold: 48, partitioning: QuicksortVariant1(pivot: MIDDLE))	descending	32768	129542
QuicksortImproved(threshold: 48, partitioning: QuicksortVariant1(pivot: MIDDLE))	descending	65536	255167
QuicksortImproved(threshold: 48, partitioning: QuicksortVariant1(pivot: MIDDLE))	descending	131072	557875
QuicksortImproved(threshold: 48, partitioning: QuicksortVariant1(pivot: MIDDLE))	descending	262144	1122458
QuicksortImproved(threshold: 48, partitioning: QuicksortVariant1(pivot: MIDDLE))	descending	524288	2509458
QuicksortImproved(threshold: 48, partitioning: QuicksortVariant1(pivot: MIDDLE))	descending	1048576	5262667
QuicksortImproved(threshold: 48, partitioning: QuicksortVariant1(pivot: MIDDLE))	descending	2097152	11109792
QuicksortImproved(threshold: 48, partitioning: QuicksortVariant1(pivot: MIDDLE))	descending	4194304	22516583
QuicksortImproved(threshold: 48, partitioning: QuicksortVariant1(pivot: MIDDLE))	descending	8388608	49322792
QuicksortImproved(threshold: 48, partitioning: QuicksortVariant1(pivot: MIDDLE))	descending	16777216	101625916
QuicksortImproved(threshold: 48, partitioning: QuicksortVariant1(pivot: MIDDLE))	descending	33554432	214786042
QuicksortImproved(threshold: 48, partitioning: QuicksortVariant1(pivot: MIDDLE))	descending	67108864	443959125
QuicksortImproved(threshold: 48, partitioning: QuicksortVariant1(pivot: MIDDLE))	descending	134217728	913679209
QuicksortImproved(threshold: 48, partitioning: QuicksortVariant1(pivot: MIDDLE))	descending	268435456	1831795292
DualPivotQuicksort(pivot: THIRDS)	random	1024	31958
DualPivotQuicksort(pivot: THIRDS)	random	2048	72542
DualPivotQuicksort(pivot: THIRDS)	random	4096	129875
DualPivotQuicksort(pivot: THIRDS)	random	8192	277875
DualPivotQuicksort(pivot: THIRDS)	random	16384	597041
DualPivotQuicksort(pivot: THIRDS)	random	32768	1235625
DualPivotQuicksort(pivot: THIRDS)	random	65536	2550000
DualPivotQuicksort(pivot: THIRDS)	random	131072	5461458
DualPivotQuicksort(pivot: THIRDS)	random	262144	11433500
DualPivotQuicksort(pivot: THIRDS)	random	524288	23856334
DualPivotQuicksort(pivot: THIRDS)	random	1048576	48911375
DualPivotQuicksort(pivot: THIRDS)	random	2097152	104287208
DualPivotQuicksort(pivot: THIRDS)	random	4194304	212718125
DualPivotQuicksort(pivot: THIRDS)	random	8388608	445752791
DualPivotQuicksort(pivot: THIRDS)	random	16777216	929023083
DualPivotQuicksort(pivot: THIRDS)	random	33554432	1949902250
DualPivotQuicksort(pivot: THIRDS)	random	67108864	3986234666
DualPivotQuicksort(pivot: THIRDS)	random	134217728	8381586208
DualPivotQuicksort(pivot: THIRDS)	random	268435456	17261944250
DualPivotQuicksort(pivot: THIRDS)	ascending	1024	8458
DualPivotQuicksort(pivot: THIRDS)	ascending	2048	12750
DualPivotQuicksort(pivot: THIRDS)	ascending	4096	25417
DualPivotQuicksort(pivot: THIRDS)	ascending	8192	55167
DualPivotQuicksort(pivot: THIRDS)	ascending	16384	96209
DualPivotQuicksort(pivot: THIRDS)	ascending	32768	180750
DualPivotQuicksort(pivot: THIRDS)	ascending	65536	409583
DualPivotQuicksort(pivot: THIRDS)	ascending	131072	778542
DualPivotQuicksort(pivot: THIRDS)	ascending	262144	1721250
DualPivotQuicksort(pivot: THIRDS)	ascending	524288	4025791
DualPivotQuicksort(pivot: THIRDS)	ascending	1048576	7720209
DualPivotQuicksort(pivot: THIRDS)	ascending	2097152	16017375
DualPivotQuicksort(pivot: THIRDS)	ascending	4194304	36724708
DualPivotQuicksort(pivot: THIRDS)	ascending	8388608	72917792
DualPivotQuicksort(pivot: THIRDS)	ascending	16777216	153788167
DualPivotQuicksort(pivot: THIRDS)	ascending	33554432	310796541
DualPivotQuicksort(pivot: THIRDS)	ascending	67108864	651240500
DualPivotQuicksort(pivot: THIRDS)	ascending	134217728	1395919208
DualPivotQuicksort(pivot: THIRDS)	ascending	268435456	2689889542
DualPivotQuicksort(pivot: THIRDS)	descending	1024	10458
DualPivotQuicksort(pivot: THIRDS)	descending	2048	17750
DualPivotQuicksort(pivot: THIRDS)	descending	4096	30083
DualPivotQuicksort(pivot: THIRDS)	descending	8192	46000
DualPivotQuicksort(pivot: THIRDS)	descending	16384	98500
DualPivotQuicksort(pivot: THIRDS)	descending	32768	171375
DualPivotQuicksort(pivot: THIRDS)	descending	65536	415125
DualPivotQuicksort(pivot: THIRDS)	descending	131072	781500
DualPivotQuicksort(pivot: THIRDS)	descending	262144	1667416
DualPivotQuicksort(pivot: THIRDS)	descending	524288	3929375
DualPivotQuicksort(pivot: THIRDS)	descending	1048576	7662833
DualPivotQuicksort(pivot: THIRDS)	descending	2097152	15884000
DualPivotQuicksort(pivot: THIRDS)	descending	4194304	36034042
DualPivotQuicksort(pivot: THIRDS)	descending	8388608	71129875
DualPivotQuicksort(pivot: THIRDS)	descending	16777216	150060333
DualPivotQuicksort(pivot: THIRDS)	descending	33554432	307434875
DualPivotQuicksort(pivot: THIRDS)	descending	67108864	650925208
DualPivotQuicksort(pivot: THIRDS)	descending	134217728	1391612459
DualPivotQuicksort(pivot: THIRDS)	descending	268435456	2845188500
DualPivotQuicksortImproved(threshold: 64, pivot: THIRDS)	random	1024	38000
DualPivotQuicksortImproved(threshold: 64, pivot: THIRDS)	random	2048	65000
DualPivotQuicksortImproved(threshold: 64, pivot: THIRDS)	random	4096	127042
DualPivotQuicksortImproved(threshold: 64, pivot: THIRDS)	random	8192	255125
DualPivotQuicksortImproved(threshold: 64, pivot: THIRDS)	random	16384	565875
DualPivotQuicksortImproved(threshold: 64, pivot: THIRDS)	random	32768	1249542
DualPivotQuicksortImproved(threshold: 64, pivot: THIRDS)	random	65536	2589542
DualPivotQuicksortImproved(threshold: 64, pivot: THIRDS)	random	131072	5557084
DualPivotQuicksortImproved(threshold: 64, pivot: THIRDS)	random	262144	11933541
DualPivotQuicksortImproved(threshold: 64, pivot: THIRDS)	random	524288	26227083
DualPivotQuicksortImproved(threshold: 64, pivot: THIRDS)	random	1048576	55048625
DualPivotQuicksortImproved(threshold: 64, pivot: THIRDS)	random	2097152	117396209
DualPivotQuicksortImproved(threshold: 64, pivot: THIRDS)	random	4194304	242306708
DualPivotQuicksortImproved(threshold: 64, pivot: THIRDS)	random	8388608	502190792
DualPivotQuicksortImproved(threshold: 64, pivot: THIRDS)	random	16777216	1133317792
DualPivotQuicksortImproved(threshold: 64, pivot: THIRDS)	random	33554432	2256001375
DualPivotQuicksortImproved(threshold: 64, pivot: THIRDS)	random	67108864	4717399958
DualPivotQuicksortImproved(threshold: 64, pivot: THIRDS)	random	134217728	9456477625
DualPivotQuicksortImproved(threshold: 64, pivot: THIRDS)	random	268435456	19820387375
DualPivotQuicksortImproved(threshold: 64, pivot: THIRDS)	ascending	1024	8542
DualPivotQuicksortImproved(threshold: 64, pivot: THIRDS)	ascending	2048	17875
DualPivotQuicksortImproved(threshold: 64, pivot: THIRDS)	ascending	4096	26500
DualPivotQuicksortImproved(threshold: 64, pivot: THIRDS)	ascending	8192	59667
DualPivotQuicksortImproved(threshold: 64, pivot: THIRDS)	ascending	16384	145750
DualPivotQuicksortImproved(threshold: 64, pivot: THIRDS)	ascending	32768	263167
DualPivotQuicksortImproved(threshold: 64, pivot: THIRDS)	ascending	65536	589708
DualPivotQuicksortImproved(threshold: 64, pivot: THIRDS)	ascending	131072	1243292
DualPivotQuicksortImproved(threshold: 64, pivot: THIRDS)	ascending	262144	2673042
DualPivotQuicksortImproved(threshold: 64, pivot: THIRDS)	ascending	524288	5979792
DualPivotQuicksortImproved(threshold: 64, pivot: THIRDS)	ascending	1048576	12025583
DualPivotQuicksortImproved(threshold: 64, pivot: THIRDS)	ascending	2097152	25584833
DualPivotQuicksortImproved(threshold: 64, pivot: THIRDS)	ascending	4194304	57482334
DualPivotQuicksortImproved(threshold: 64, pivot: THIRDS)	ascending	8388608	117454041
DualPivotQuicksortImproved(threshold: 64, pivot: THIRDS)	ascending	16777216	247290750
DualPivotQuicksortImproved(threshold: 64, pivot: THIRDS)	ascending	33554432	493866083
DualPivotQuicksortImproved(threshold: 64, pivot: THIRDS)	ascending	67108864	1085698375
DualPivotQuicksortImproved(threshold: 64, pivot: THIRDS)	ascending	134217728	2302585500
DualPivotQuicksortImproved(threshold: 64, pivot: THIRDS)	ascending	268435456	4557052958
DualPivotQuicksortImproved(threshold: 64, pivot: THIRDS)	descending	1024	10625
DualPivotQuicksortImproved(threshold: 64, pivot: THIRDS)	descending	2048	18917
DualPivotQuicksortImproved(threshold: 64, pivot: THIRDS)	descending	4096	28166
DualPivotQuicksortImproved(threshold: 64, pivot: THIRDS)	descending	8192	59416
DualPivotQuicksortImproved(threshold: 64, pivot: THIRDS)	descending	16384	126875
DualPivotQuicksortImproved(threshold: 64, pivot: THIRDS)	descending	32768	275625
DualPivotQuicksortImproved(threshold: 64, pivot: THIRDS)	descending	65536	593875
DualPivotQuicksortImproved(threshold: 64, pivot: THIRDS)	descending	131072	1207041
DualPivotQuicksortImproved(threshold: 64, pivot: THIRDS)	descending	262144	2624666
DualPivotQuicksortImproved(threshold: 64, pivot: THIRDS)	descending	524288	5906917
DualPivotQuicksortImproved(threshold: 64, pivot: THIRDS)	descending	1048576	12288084
DualPivotQuicksortImproved(threshold: 64, pivot: THIRDS)	descending	2097152	25326708
DualPivotQuicksortImproved(threshold: 64, pivot: THIRDS)	descending	4194304	58601625
DualPivotQuicksortImproved(threshold: 64, pivot: THIRDS)	descending	8388608	117394958
DualPivotQuicksortImproved(threshold: 64, pivot: THIRDS)	descending	16777216	250028500
DualPivotQuicksortImproved(threshold: 64, pivot: THIRDS)	descending	33554432	492647375
DualPivotQuicksortImproved(threshold: 64, pivot: THIRDS)	descending	67108864	1099845666
DualPivotQuicksortImproved(threshold: 64, pivot: THIRDS)	descending	134217728	2310557542
DualPivotQuicksortImproved(threshold: 64, pivot: THIRDS)	descending	268435456	4603189125
JavaArraysSort	random	1024	25167
JavaArraysSort	random	2048	50958
JavaArraysSort	random	4096	96791
JavaArraysSort	random	8192	209166
JavaArraysSort	random	16384	463208
JavaArraysSort	random	32768	946042
JavaArraysSort	random	65536	2046291
JavaArraysSort	random	131072	4338083
JavaArraysSort	random	262144	9192042
JavaArraysSort	random	524288	19205042
JavaArraysSort	random	1048576	40544208
JavaArraysSort	random	2097152	86236834
JavaArraysSort	random	4194304	183879750
JavaArraysSort	random	8388608	376343250
JavaArraysSort	random	16777216	807647375
JavaArraysSort	random	33554432	1670370625
JavaArraysSort	random	67108864	3454287583
JavaArraysSort	random	134217728	7157038666
JavaArraysSort	random	268435456	14898853666
JavaArraysSort	ascending	1024	2375
JavaArraysSort	ascending	2048	2333
JavaArraysSort	ascending	4096	2916
JavaArraysSort	ascending	8192	2667
JavaArraysSort	ascending	16384	4542
JavaArraysSort	ascending	32768	8250
JavaArraysSort	ascending	65536	14417
JavaArraysSort	ascending	131072	22708
JavaArraysSort	ascending	262144	40959
JavaArraysSort	ascending	524288	69625
JavaArraysSort	ascending	1048576	130125
JavaArraysSort	ascending	2097152	242291
JavaArraysSort	ascending	4194304	596583
JavaArraysSort	ascending	8388608	1249500
JavaArraysSort	ascending	16777216	1955375
JavaArraysSort	ascending	33554432	4753667
JavaArraysSort	ascending	67108864	9633875
JavaArraysSort	ascending	134217728	19185375
JavaArraysSort	ascending	268435456	36872416
JavaArraysSort	descending	1024	3166
JavaArraysSort	descending	2048	2875
JavaArraysSort	descending	4096	3709
JavaArraysSort	descending	8192	5500
JavaArraysSort	descending	16384	9084
JavaArraysSort	descending	32768	14458
JavaArraysSort	descending	65536	33500
JavaArraysSort	descending	131072	53542
JavaArraysSort	descending	262144	94791
JavaArraysSort	descending	524288	192875
JavaArraysSort	descending	1048576	379167
JavaArraysSort	descending	2097152	742500
JavaArraysSort	descending	4194304	1536458
JavaArraysSort	descending	8388608	3202958
JavaArraysSort	descending	16777216	6154583
JavaArraysSort	descending	33554432	12671167
JavaArraysSort	descending	67108864	26021250
JavaArraysSort	descending	134217728	49660417
JavaArraysSort	descending	268435456	101030417
