iterations=50 maxSize=536.870.912
--- warm up 1 of 2 ---
CountingSort (random) size=1,024 -> 0.469 ms
CountingSort (random) size=2,048 -> 0.102 ms
CountingSort (random) size=4,096 -> 0.198 ms
CountingSort (random) size=8,192 -> 0.386 ms
CountingSort (random) size=16,384 -> 0.683 ms
CountingSort (random) size=32,768 -> 0.628 ms
CountingSort (random) size=65,536 -> 0.733 ms
CountingSort (random) size=131,072 -> 0.904 ms
CountingSort (random) size=262,144 -> 1.725 ms
CountingSort (random) size=524,288 -> 2.846 ms
CountingSort (random) size=1,048,576 -> 5.534 ms
CountingSort (random) size=2,097,152 -> 13.006 ms
CountingSort (random) size=4,194,304 -> 25.022 ms
CountingSort (ascending) size=1,024 -> 0.017 ms
CountingSort (ascending) size=2,048 -> 0.008 ms
CountingSort (ascending) size=4,096 -> 0.008 ms
CountingSort (ascending) size=8,192 -> 0.016 ms
CountingSort (ascending) size=16,384 -> 0.026 ms
CountingSort (ascending) size=32,768 -> 0.057 ms
CountingSort (ascending) size=65,536 -> 0.093 ms
CountingSort (ascending) size=131,072 -> 0.169 ms
CountingSort (ascending) size=262,144 -> 0.380 ms
CountingSort (ascending) size=524,288 -> 0.682 ms
CountingSort (ascending) size=1,048,576 -> 1.309 ms
CountingSort (ascending) size=2,097,152 -> 3.394 ms
CountingSort (ascending) size=4,194,304 -> 6.344 ms
CountingSort (descending) size=1,024 -> 0.005 ms
CountingSort (descending) size=2,048 -> 0.006 ms
CountingSort (descending) size=4,096 -> 0.011 ms
CountingSort (descending) size=8,192 -> 0.016 ms
CountingSort (descending) size=16,384 -> 0.031 ms
CountingSort (descending) size=32,768 -> 0.054 ms
CountingSort (descending) size=65,536 -> 0.088 ms
CountingSort (descending) size=131,072 -> 0.196 ms
CountingSort (descending) size=262,144 -> 0.371 ms
CountingSort (descending) size=524,288 -> 0.719 ms
CountingSort (descending) size=1,048,576 -> 1.514 ms
CountingSort (descending) size=2,097,152 -> 4.092 ms
CountingSort (descending) size=4,194,304 -> 6.540 ms
--- warm up 2 of 2 ---
CountingSort (random) size=1,024 -> 0.008 ms
CountingSort (random) size=2,048 -> 0.016 ms
CountingSort (random) size=4,096 -> 0.027 ms
CountingSort (random) size=8,192 -> 0.048 ms
CountingSort (random) size=16,384 -> 0.088 ms
CountingSort (random) size=32,768 -> 0.170 ms
CountingSort (random) size=65,536 -> 0.345 ms
CountingSort (random) size=131,072 -> 0.666 ms
CountingSort (random) size=262,144 -> 1.382 ms
CountingSort (random) size=524,288 -> 2.624 ms
CountingSort (random) size=1,048,576 -> 5.537 ms
CountingSort (random) size=2,097,152 -> 12.300 ms
CountingSort (random) size=4,194,304 -> 25.364 ms
CountingSort (ascending) size=1,024 -> 0.005 ms
CountingSort (ascending) size=2,048 -> 0.006 ms
CountingSort (ascending) size=4,096 -> 0.009 ms
CountingSort (ascending) size=8,192 -> 0.018 ms
CountingSort (ascending) size=16,384 -> 0.030 ms
CountingSort (ascending) size=32,768 -> 0.050 ms
CountingSort (ascending) size=65,536 -> 0.080 ms
CountingSort (ascending) size=131,072 -> 0.170 ms
CountingSort (ascending) size=262,144 -> 0.428 ms
CountingSort (ascending) size=524,288 -> 0.697 ms
CountingSort (ascending) size=1,048,576 -> 1.301 ms
CountingSort (ascending) size=2,097,152 -> 3.405 ms
CountingSort (ascending) size=4,194,304 -> 6.186 ms
CountingSort (descending) size=1,024 -> 0.004 ms
CountingSort (descending) size=2,048 -> 0.008 ms
CountingSort (descending) size=4,096 -> 0.017 ms
CountingSort (descending) size=8,192 -> 0.018 ms
CountingSort (descending) size=16,384 -> 0.025 ms
CountingSort (descending) size=32,768 -> 0.056 ms
CountingSort (descending) size=65,536 -> 0.102 ms
CountingSort (descending) size=131,072 -> 0.181 ms
CountingSort (descending) size=262,144 -> 0.353 ms
CountingSort (descending) size=524,288 -> 0.720 ms
CountingSort (descending) size=1,048,576 -> 1.514 ms
CountingSort (descending) size=2,097,152 -> 4.036 ms
CountingSort (descending) size=4,194,304 -> 6.588 ms
--- iteration 1 of 50 ---
CountingSort (random) size=1,024 -> 0.009 ms
CountingSort (random) size=2,048 -> 0.016 ms
CountingSort (random) size=4,096 -> 0.032 ms
CountingSort (random) size=8,192 -> 0.052 ms
CountingSort (random) size=16,384 -> 0.090 ms
CountingSort (random) size=32,768 -> 0.178 ms
CountingSort (random) size=65,536 -> 0.338 ms
CountingSort (random) size=131,072 -> 0.710 ms
CountingSort (random) size=262,144 -> 1.334 ms
CountingSort (random) size=524,288 -> 2.677 ms
CountingSort (random) size=1,048,576 -> 5.687 ms
CountingSort (random) size=2,097,152 -> 12.112 ms
CountingSort (random) size=4,194,304 -> 24.741 ms
CountingSort (random) size=8,388,608 -> 52.597 ms
CountingSort (random) size=16,777,216 -> 125.838 ms
CountingSort (random) size=33,554,432 -> 274.654 ms
CountingSort (random) size=67,108,864 -> 571.724 ms
CountingSort (random) size=134,217,728 -> 1155.780 ms
CountingSort (random) size=268,435,456 -> 2320.972 ms
CountingSort (random) size=536,870,912 -> 4708.514 ms
CountingSort (ascending) size=1,024 -> 0.008 ms
CountingSort (ascending) size=2,048 -> 0.008 ms
CountingSort (ascending) size=4,096 -> 0.011 ms
CountingSort (ascending) size=8,192 -> 0.017 ms
CountingSort (ascending) size=16,384 -> 0.031 ms
CountingSort (ascending) size=32,768 -> 0.060 ms
CountingSort (ascending) size=65,536 -> 0.094 ms
CountingSort (ascending) size=131,072 -> 0.162 ms
CountingSort (ascending) size=262,144 -> 0.336 ms
CountingSort (ascending) size=524,288 -> 0.621 ms
CountingSort (ascending) size=1,048,576 -> 1.482 ms
CountingSort (ascending) size=2,097,152 -> 3.432 ms
CountingSort (ascending) size=4,194,304 -> 5.377 ms
CountingSort (ascending) size=8,388,608 -> 11.790 ms
CountingSort (ascending) size=16,777,216 -> 21.642 ms
CountingSort (ascending) size=33,554,432 -> 42.844 ms
CountingSort (ascending) size=67,108,864 -> 83.407 ms
CountingSort (ascending) size=134,217,728 -> 170.260 ms
CountingSort (ascending) size=268,435,456 -> 334.348 ms
CountingSort (ascending) size=536,870,912 -> 671.498 ms
CountingSort (descending) size=1,024 -> 0.007 ms
CountingSort (descending) size=2,048 -> 0.007 ms
CountingSort (descending) size=4,096 -> 0.011 ms
CountingSort (descending) size=8,192 -> 0.015 ms
CountingSort (descending) size=16,384 -> 0.031 ms
CountingSort (descending) size=32,768 -> 0.056 ms
CountingSort (descending) size=65,536 -> 0.106 ms
CountingSort (descending) size=131,072 -> 0.198 ms
CountingSort (descending) size=262,144 -> 0.367 ms
CountingSort (descending) size=524,288 -> 0.736 ms
CountingSort (descending) size=1,048,576 -> 1.740 ms
CountingSort (descending) size=2,097,152 -> 3.657 ms
CountingSort (descending) size=4,194,304 -> 6.863 ms
CountingSort (descending) size=8,388,608 -> 12.901 ms
CountingSort (descending) size=16,777,216 -> 23.753 ms
CountingSort (descending) size=33,554,432 -> 47.231 ms
CountingSort (descending) size=67,108,864 -> 94.404 ms
CountingSort (descending) size=134,217,728 -> 192.386 ms
CountingSort (descending) size=268,435,456 -> 368.319 ms
CountingSort (descending) size=536,870,912 -> 741.942 ms
--- iteration 2 of 50 ---
CountingSort (random) size=1,024 -> 0.012 ms
CountingSort (random) size=2,048 -> 0.018 ms
CountingSort (random) size=4,096 -> 0.024 ms
CountingSort (random) size=8,192 -> 0.055 ms
CountingSort (random) size=16,384 -> 0.091 ms
CountingSort (random) size=32,768 -> 0.178 ms
CountingSort (random) size=65,536 -> 0.361 ms
CountingSort (random) size=131,072 -> 0.694 ms
CountingSort (random) size=262,144 -> 1.361 ms
CountingSort (random) size=524,288 -> 2.735 ms
CountingSort (random) size=1,048,576 -> 6.569 ms
CountingSort (random) size=2,097,152 -> 12.386 ms
CountingSort (random) size=4,194,304 -> 23.622 ms
CountingSort (random) size=8,388,608 -> 55.142 ms
CountingSort (random) size=16,777,216 -> 123.954 ms
CountingSort (random) size=33,554,432 -> 271.420 ms
CountingSort (random) size=67,108,864 -> 564.294 ms
CountingSort (random) size=134,217,728 -> 1151.272 ms
CountingSort (random) size=268,435,456 -> 2331.894 ms
CountingSort (random) size=536,870,912 -> 4709.923 ms
CountingSort (ascending) size=1,024 -> 0.007 ms
CountingSort (ascending) size=2,048 -> 0.010 ms
CountingSort (ascending) size=4,096 -> 0.011 ms
CountingSort (ascending) size=8,192 -> 0.017 ms
CountingSort (ascending) size=16,384 -> 0.031 ms
CountingSort (ascending) size=32,768 -> 0.055 ms
CountingSort (ascending) size=65,536 -> 0.089 ms
CountingSort (ascending) size=131,072 -> 0.180 ms
CountingSort (ascending) size=262,144 -> 0.330 ms
CountingSort (ascending) size=524,288 -> 0.725 ms
CountingSort (ascending) size=1,048,576 -> 1.548 ms
CountingSort (ascending) size=2,097,152 -> 3.015 ms
CountingSort (ascending) size=4,194,304 -> 5.380 ms
CountingSort (ascending) size=8,388,608 -> 10.989 ms
CountingSort (ascending) size=16,777,216 -> 22.579 ms
CountingSort (ascending) size=33,554,432 -> 42.123 ms
CountingSort (ascending) size=67,108,864 -> 83.307 ms
CountingSort (ascending) size=134,217,728 -> 166.907 ms
CountingSort (ascending) size=268,435,456 -> 329.311 ms
CountingSort (ascending) size=536,870,912 -> 658.018 ms
CountingSort (descending) size=1,024 -> 0.009 ms
CountingSort (descending) size=2,048 -> 0.008 ms
CountingSort (descending) size=4,096 -> 0.012 ms
CountingSort (descending) size=8,192 -> 0.025 ms
CountingSort (descending) size=16,384 -> 0.031 ms
CountingSort (descending) size=32,768 -> 0.047 ms
CountingSort (descending) size=65,536 -> 0.088 ms
CountingSort (descending) size=131,072 -> 0.183 ms
CountingSort (descending) size=262,144 -> 0.360 ms
CountingSort (descending) size=524,288 -> 0.710 ms
CountingSort (descending) size=1,048,576 -> 1.531 ms
CountingSort (descending) size=2,097,152 -> 2.944 ms
CountingSort (descending) size=4,194,304 -> 6.713 ms
CountingSort (descending) size=8,388,608 -> 12.685 ms
CountingSort (descending) size=16,777,216 -> 23.678 ms
CountingSort (descending) size=33,554,432 -> 47.542 ms
CountingSort (descending) size=67,108,864 -> 92.466 ms
CountingSort (descending) size=134,217,728 -> 191.632 ms
CountingSort (descending) size=268,435,456 -> 361.366 ms
CountingSort (descending) size=536,870,912 -> 699.418 ms
--- iteration 3 of 50 ---
CountingSort (random) size=1,024 -> 0.013 ms
CountingSort (random) size=2,048 -> 0.052 ms
CountingSort (random) size=4,096 -> 0.033 ms
CountingSort (random) size=8,192 -> 0.051 ms
CountingSort (random) size=16,384 -> 0.096 ms
CountingSort (random) size=32,768 -> 0.177 ms
CountingSort (random) size=65,536 -> 0.359 ms
CountingSort (random) size=131,072 -> 0.683 ms
CountingSort (random) size=262,144 -> 1.392 ms
CountingSort (random) size=524,288 -> 2.740 ms
CountingSort (random) size=1,048,576 -> 6.710 ms
CountingSort (random) size=2,097,152 -> 12.232 ms
CountingSort (random) size=4,194,304 -> 23.932 ms
CountingSort (random) size=8,388,608 -> 55.767 ms
CountingSort (random) size=16,777,216 -> 126.375 ms
CountingSort (random) size=33,554,432 -> 283.479 ms
CountingSort (random) size=67,108,864 -> 566.790 ms
CountingSort (random) size=134,217,728 -> 1149.785 ms
CountingSort (random) size=268,435,456 -> 2323.176 ms
CountingSort (random) size=536,870,912 -> 4684.586 ms
CountingSort (ascending) size=1,024 -> 0.007 ms
CountingSort (ascending) size=2,048 -> 0.008 ms
CountingSort (ascending) size=4,096 -> 0.012 ms
CountingSort (ascending) size=8,192 -> 0.013 ms
CountingSort (ascending) size=16,384 -> 0.030 ms
CountingSort (ascending) size=32,768 -> 0.046 ms
CountingSort (ascending) size=65,536 -> 0.093 ms
CountingSort (ascending) size=131,072 -> 0.163 ms
CountingSort (ascending) size=262,144 -> 0.340 ms
CountingSort (ascending) size=524,288 -> 0.678 ms
CountingSort (ascending) size=1,048,576 -> 1.609 ms
CountingSort (ascending) size=2,097,152 -> 2.673 ms
CountingSort (ascending) size=4,194,304 -> 5.992 ms
CountingSort (ascending) size=8,388,608 -> 10.947 ms
CountingSort (ascending) size=16,777,216 -> 22.965 ms
CountingSort (ascending) size=33,554,432 -> 43.110 ms
CountingSort (ascending) size=67,108,864 -> 87.658 ms
CountingSort (ascending) size=134,217,728 -> 170.585 ms
CountingSort (ascending) size=268,435,456 -> 358.386 ms
CountingSort (ascending) size=536,870,912 -> 685.315 ms
CountingSort (descending) size=1,024 -> 0.007 ms
CountingSort (descending) size=2,048 -> 0.009 ms
CountingSort (descending) size=4,096 -> 0.011 ms
CountingSort (descending) size=8,192 -> 0.017 ms
CountingSort (descending) size=16,384 -> 0.030 ms
CountingSort (descending) size=32,768 -> 0.048 ms
CountingSort (descending) size=65,536 -> 0.098 ms
CountingSort (descending) size=131,072 -> 0.189 ms
CountingSort (descending) size=262,144 -> 0.369 ms
CountingSort (descending) size=524,288 -> 0.671 ms
CountingSort (descending) size=1,048,576 -> 1.677 ms
CountingSort (descending) size=2,097,152 -> 3.685 ms
CountingSort (descending) size=4,194,304 -> 5.559 ms
CountingSort (descending) size=8,388,608 -> 12.818 ms
CountingSort (descending) size=16,777,216 -> 22.413 ms
CountingSort (descending) size=33,554,432 -> 47.750 ms
CountingSort (descending) size=67,108,864 -> 91.092 ms
CountingSort (descending) size=134,217,728 -> 182.895 ms
CountingSort (descending) size=268,435,456 -> 369.356 ms
CountingSort (descending) size=536,870,912 -> 734.599 ms
--- iteration 4 of 50 ---
CountingSort (random) size=1,024 -> 0.011 ms
CountingSort (random) size=2,048 -> 0.019 ms
CountingSort (random) size=4,096 -> 0.032 ms
CountingSort (random) size=8,192 -> 0.057 ms
CountingSort (random) size=16,384 -> 0.104 ms
CountingSort (random) size=32,768 -> 0.180 ms
CountingSort (random) size=65,536 -> 0.351 ms
CountingSort (random) size=131,072 -> 0.679 ms
CountingSort (random) size=262,144 -> 1.398 ms
CountingSort (random) size=524,288 -> 2.840 ms
CountingSort (random) size=1,048,576 -> 5.840 ms
CountingSort (random) size=2,097,152 -> 12.100 ms
CountingSort (random) size=4,194,304 -> 24.927 ms
CountingSort (random) size=8,388,608 -> 54.701 ms
CountingSort (random) size=16,777,216 -> 124.649 ms
CountingSort (random) size=33,554,432 -> 273.702 ms
CountingSort (random) size=67,108,864 -> 568.675 ms
CountingSort (random) size=134,217,728 -> 1171.337 ms
CountingSort (random) size=268,435,456 -> 2340.743 ms
CountingSort (random) size=536,870,912 -> 4693.534 ms
CountingSort (ascending) size=1,024 -> 0.006 ms
CountingSort (ascending) size=2,048 -> 0.008 ms
CountingSort (ascending) size=4,096 -> 0.009 ms
CountingSort (ascending) size=8,192 -> 0.018 ms
CountingSort (ascending) size=16,384 -> 0.029 ms
CountingSort (ascending) size=32,768 -> 0.046 ms
CountingSort (ascending) size=65,536 -> 0.082 ms
CountingSort (ascending) size=131,072 -> 0.172 ms
CountingSort (ascending) size=262,144 -> 0.379 ms
CountingSort (ascending) size=524,288 -> 0.660 ms
CountingSort (ascending) size=1,048,576 -> 1.507 ms
CountingSort (ascending) size=2,097,152 -> 3.528 ms
CountingSort (ascending) size=4,194,304 -> 5.561 ms
CountingSort (ascending) size=8,388,608 -> 12.172 ms
CountingSort (ascending) size=16,777,216 -> 21.577 ms
CountingSort (ascending) size=33,554,432 -> 44.443 ms
CountingSort (ascending) size=67,108,864 -> 86.681 ms
CountingSort (ascending) size=134,217,728 -> 171.099 ms
CountingSort (ascending) size=268,435,456 -> 330.904 ms
CountingSort (ascending) size=536,870,912 -> 670.990 ms
CountingSort (descending) size=1,024 -> 0.008 ms
CountingSort (descending) size=2,048 -> 0.009 ms
CountingSort (descending) size=4,096 -> 0.012 ms
CountingSort (descending) size=8,192 -> 0.019 ms
CountingSort (descending) size=16,384 -> 0.026 ms
CountingSort (descending) size=32,768 -> 0.056 ms
CountingSort (descending) size=65,536 -> 0.096 ms
CountingSort (descending) size=131,072 -> 0.182 ms
CountingSort (descending) size=262,144 -> 0.390 ms
CountingSort (descending) size=524,288 -> 0.727 ms
CountingSort (descending) size=1,048,576 -> 1.628 ms
CountingSort (descending) size=2,097,152 -> 3.202 ms
CountingSort (descending) size=4,194,304 -> 6.653 ms
CountingSort (descending) size=8,388,608 -> 12.577 ms
CountingSort (descending) size=16,777,216 -> 23.571 ms
CountingSort (descending) size=33,554,432 -> 46.630 ms
CountingSort (descending) size=67,108,864 -> 91.108 ms
CountingSort (descending) size=134,217,728 -> 191.965 ms
CountingSort (descending) size=268,435,456 -> 362.520 ms
CountingSort (descending) size=536,870,912 -> 712.981 ms
--- iteration 5 of 50 ---
CountingSort (random) size=1,024 -> 0.012 ms
CountingSort (random) size=2,048 -> 0.018 ms
CountingSort (random) size=4,096 -> 0.035 ms
CountingSort (random) size=8,192 -> 0.056 ms
CountingSort (random) size=16,384 -> 0.091 ms
CountingSort (random) size=32,768 -> 0.195 ms
CountingSort (random) size=65,536 -> 0.348 ms
CountingSort (random) size=131,072 -> 0.717 ms
CountingSort (random) size=262,144 -> 1.333 ms
CountingSort (random) size=524,288 -> 2.720 ms
CountingSort (random) size=1,048,576 -> 6.538 ms
CountingSort (random) size=2,097,152 -> 12.349 ms
CountingSort (random) size=4,194,304 -> 24.241 ms
CountingSort (random) size=8,388,608 -> 54.878 ms
CountingSort (random) size=16,777,216 -> 125.817 ms
CountingSort (random) size=33,554,432 -> 272.761 ms
CountingSort (random) size=67,108,864 -> 573.369 ms
CountingSort (random) size=134,217,728 -> 1155.793 ms
CountingSort (random) size=268,435,456 -> 2331.137 ms
CountingSort (random) size=536,870,912 -> 4706.946 ms
CountingSort (ascending) size=1,024 -> 0.006 ms
CountingSort (ascending) size=2,048 -> 0.009 ms
CountingSort (ascending) size=4,096 -> 0.010 ms
CountingSort (ascending) size=8,192 -> 0.017 ms
CountingSort (ascending) size=16,384 -> 0.029 ms
CountingSort (ascending) size=32,768 -> 0.043 ms
CountingSort (ascending) size=65,536 -> 0.085 ms
CountingSort (ascending) size=131,072 -> 0.160 ms
CountingSort (ascending) size=262,144 -> 0.331 ms
CountingSort (ascending) size=524,288 -> 0.637 ms
CountingSort (ascending) size=1,048,576 -> 1.480 ms
CountingSort (ascending) size=2,097,152 -> 2.775 ms
CountingSort (ascending) size=4,194,304 -> 5.288 ms
CountingSort (ascending) size=8,388,608 -> 11.240 ms
CountingSort (ascending) size=16,777,216 -> 21.845 ms
CountingSort (ascending) size=33,554,432 -> 41.869 ms
CountingSort (ascending) size=67,108,864 -> 82.453 ms
CountingSort (ascending) size=134,217,728 -> 165.006 ms
CountingSort (ascending) size=268,435,456 -> 330.231 ms
CountingSort (ascending) size=536,870,912 -> 663.429 ms
CountingSort (descending) size=1,024 -> 0.008 ms
CountingSort (descending) size=2,048 -> 0.006 ms
CountingSort (descending) size=4,096 -> 0.012 ms
CountingSort (descending) size=8,192 -> 0.017 ms
CountingSort (descending) size=16,384 -> 0.029 ms
CountingSort (descending) size=32,768 -> 0.057 ms
CountingSort (descending) size=65,536 -> 0.099 ms
CountingSort (descending) size=131,072 -> 0.169 ms
CountingSort (descending) size=262,144 -> 0.345 ms
CountingSort (descending) size=524,288 -> 0.716 ms
CountingSort (descending) size=1,048,576 -> 1.690 ms
CountingSort (descending) size=2,097,152 -> 3.182 ms
CountingSort (descending) size=4,194,304 -> 6.272 ms
CountingSort (descending) size=8,388,608 -> 11.602 ms
CountingSort (descending) size=16,777,216 -> 24.459 ms
CountingSort (descending) size=33,554,432 -> 47.633 ms
CountingSort (descending) size=67,108,864 -> 88.483 ms
CountingSort (descending) size=134,217,728 -> 184.266 ms
CountingSort (descending) size=268,435,456 -> 360.428 ms
CountingSort (descending) size=536,870,912 -> 1296.966 ms
--- iteration 6 of 50 ---
CountingSort (random) size=1,024 -> 0.011 ms
CountingSort (random) size=2,048 -> 0.019 ms
CountingSort (random) size=4,096 -> 0.031 ms
CountingSort (random) size=8,192 -> 0.057 ms
CountingSort (random) size=16,384 -> 0.084 ms
CountingSort (random) size=32,768 -> 0.171 ms
CountingSort (random) size=65,536 -> 0.335 ms
CountingSort (random) size=131,072 -> 0.715 ms
CountingSort (random) size=262,144 -> 1.369 ms
CountingSort (random) size=524,288 -> 2.793 ms
CountingSort (random) size=1,048,576 -> 6.176 ms
CountingSort (random) size=2,097,152 -> 11.782 ms
CountingSort (random) size=4,194,304 -> 24.115 ms
CountingSort (random) size=8,388,608 -> 55.199 ms
CountingSort (random) size=16,777,216 -> 125.363 ms
CountingSort (random) size=33,554,432 -> 274.813 ms
CountingSort (random) size=67,108,864 -> 566.877 ms
CountingSort (random) size=134,217,728 -> 1187.183 ms
CountingSort (random) size=268,435,456 -> 2320.978 ms
CountingSort (random) size=536,870,912 -> 4713.560 ms
CountingSort (ascending) size=1,024 -> 0.006 ms
CountingSort (ascending) size=2,048 -> 0.006 ms
CountingSort (ascending) size=4,096 -> 0.013 ms
CountingSort (ascending) size=8,192 -> 0.013 ms
CountingSort (ascending) size=16,384 -> 0.022 ms
CountingSort (ascending) size=32,768 -> 0.054 ms
CountingSort (ascending) size=65,536 -> 0.084 ms
CountingSort (ascending) size=131,072 -> 0.173 ms
CountingSort (ascending) size=262,144 -> 0.329 ms
CountingSort (ascending) size=524,288 -> 0.737 ms
CountingSort (ascending) size=1,048,576 -> 1.602 ms
CountingSort (ascending) size=2,097,152 -> 3.109 ms
CountingSort (ascending) size=4,194,304 -> 5.361 ms
CountingSort (ascending) size=8,388,608 -> 11.730 ms
CountingSort (ascending) size=16,777,216 -> 21.358 ms
CountingSort (ascending) size=33,554,432 -> 43.791 ms
CountingSort (ascending) size=67,108,864 -> 85.281 ms
CountingSort (ascending) size=134,217,728 -> 171.799 ms
CountingSort (ascending) size=268,435,456 -> 343.910 ms
CountingSort (ascending) size=536,870,912 -> 669.028 ms
CountingSort (descending) size=1,024 -> 0.007 ms
CountingSort (descending) size=2,048 -> 0.006 ms
CountingSort (descending) size=4,096 -> 0.009 ms
CountingSort (descending) size=8,192 -> 0.014 ms
CountingSort (descending) size=16,384 -> 0.026 ms
CountingSort (descending) size=32,768 -> 0.049 ms
CountingSort (descending) size=65,536 -> 0.116 ms
CountingSort (descending) size=131,072 -> 0.177 ms
CountingSort (descending) size=262,144 -> 0.333 ms
CountingSort (descending) size=524,288 -> 0.732 ms
CountingSort (descending) size=1,048,576 -> 1.720 ms
CountingSort (descending) size=2,097,152 -> 3.199 ms
CountingSort (descending) size=4,194,304 -> 5.964 ms
CountingSort (descending) size=8,388,608 -> 12.338 ms
CountingSort (descending) size=16,777,216 -> 23.714 ms
CountingSort (descending) size=33,554,432 -> 45.692 ms
CountingSort (descending) size=67,108,864 -> 90.960 ms
CountingSort (descending) size=134,217,728 -> 186.453 ms
CountingSort (descending) size=268,435,456 -> 364.999 ms
CountingSort (descending) size=536,870,912 -> 731.973 ms
--- iteration 7 of 50 ---
CountingSort (random) size=1,024 -> 0.011 ms
CountingSort (random) size=2,048 -> 0.018 ms
CountingSort (random) size=4,096 -> 0.026 ms
CountingSort (random) size=8,192 -> 0.044 ms
CountingSort (random) size=16,384 -> 0.082 ms
CountingSort (random) size=32,768 -> 0.168 ms
CountingSort (random) size=65,536 -> 0.331 ms
CountingSort (random) size=131,072 -> 0.669 ms
CountingSort (random) size=262,144 -> 1.309 ms
CountingSort (random) size=524,288 -> 2.772 ms
CountingSort (random) size=1,048,576 -> 6.332 ms
CountingSort (random) size=2,097,152 -> 11.947 ms
CountingSort (random) size=4,194,304 -> 24.019 ms
CountingSort (random) size=8,388,608 -> 54.233 ms
CountingSort (random) size=16,777,216 -> 125.168 ms
CountingSort (random) size=33,554,432 -> 269.866 ms
CountingSort (random) size=67,108,864 -> 562.891 ms
CountingSort (random) size=134,217,728 -> 1157.203 ms
CountingSort (random) size=268,435,456 -> 2322.734 ms
CountingSort (random) size=536,870,912 -> 4709.046 ms
CountingSort (ascending) size=1,024 -> 0.006 ms
CountingSort (ascending) size=2,048 -> 0.007 ms
CountingSort (ascending) size=4,096 -> 0.008 ms
CountingSort (ascending) size=8,192 -> 0.016 ms
CountingSort (ascending) size=16,384 -> 0.024 ms
CountingSort (ascending) size=32,768 -> 0.050 ms
CountingSort (ascending) size=65,536 -> 0.085 ms
CountingSort (ascending) size=131,072 -> 0.170 ms
CountingSort (ascending) size=262,144 -> 0.307 ms
CountingSort (ascending) size=524,288 -> 0.656 ms
CountingSort (ascending) size=1,048,576 -> 1.580 ms
CountingSort (ascending) size=2,097,152 -> 3.324 ms
CountingSort (ascending) size=4,194,304 -> 5.290 ms
CountingSort (ascending) size=8,388,608 -> 11.603 ms
CountingSort (ascending) size=16,777,216 -> 22.272 ms
CountingSort (ascending) size=33,554,432 -> 44.618 ms
CountingSort (ascending) size=67,108,864 -> 87.237 ms
CountingSort (ascending) size=134,217,728 -> 174.604 ms
CountingSort (ascending) size=268,435,456 -> 347.687 ms
CountingSort (ascending) size=536,870,912 -> 691.521 ms
CountingSort (descending) size=1,024 -> 0.006 ms
CountingSort (descending) size=2,048 -> 0.008 ms
CountingSort (descending) size=4,096 -> 0.009 ms
CountingSort (descending) size=8,192 -> 0.021 ms
CountingSort (descending) size=16,384 -> 0.033 ms
CountingSort (descending) size=32,768 -> 0.048 ms
CountingSort (descending) size=65,536 -> 0.084 ms
CountingSort (descending) size=131,072 -> 0.163 ms
CountingSort (descending) size=262,144 -> 0.390 ms
CountingSort (descending) size=524,288 -> 0.727 ms
CountingSort (descending) size=1,048,576 -> 1.666 ms
CountingSort (descending) size=2,097,152 -> 3.432 ms
CountingSort (descending) size=4,194,304 -> 6.425 ms
CountingSort (descending) size=8,388,608 -> 11.478 ms
CountingSort (descending) size=16,777,216 -> 24.443 ms
CountingSort (descending) size=33,554,432 -> 46.792 ms
CountingSort (descending) size=67,108,864 -> 93.220 ms
CountingSort (descending) size=134,217,728 -> 187.750 ms
CountingSort (descending) size=268,435,456 -> 378.210 ms
CountingSort (descending) size=536,870,912 -> 712.971 ms
--- iteration 8 of 50 ---
CountingSort (random) size=1,024 -> 0.011 ms
CountingSort (random) size=2,048 -> 0.016 ms
CountingSort (random) size=4,096 -> 0.027 ms
CountingSort (random) size=8,192 -> 0.057 ms
CountingSort (random) size=16,384 -> 0.089 ms
CountingSort (random) size=32,768 -> 0.169 ms
CountingSort (random) size=65,536 -> 0.332 ms
CountingSort (random) size=131,072 -> 0.662 ms
CountingSort (random) size=262,144 -> 1.368 ms
CountingSort (random) size=524,288 -> 2.785 ms
CountingSort (random) size=1,048,576 -> 6.104 ms
CountingSort (random) size=2,097,152 -> 12.015 ms
CountingSort (random) size=4,194,304 -> 23.660 ms
CountingSort (random) size=8,388,608 -> 55.072 ms
CountingSort (random) size=16,777,216 -> 127.099 ms
CountingSort (random) size=33,554,432 -> 271.666 ms
CountingSort (random) size=67,108,864 -> 563.037 ms
CountingSort (random) size=134,217,728 -> 1160.465 ms
CountingSort (random) size=268,435,456 -> 2337.223 ms
CountingSort (random) size=536,870,912 -> 4722.989 ms
CountingSort (ascending) size=1,024 -> 0.006 ms
CountingSort (ascending) size=2,048 -> 0.007 ms
CountingSort (ascending) size=4,096 -> 0.007 ms
CountingSort (ascending) size=8,192 -> 0.017 ms
CountingSort (ascending) size=16,384 -> 0.024 ms
CountingSort (ascending) size=32,768 -> 0.044 ms
CountingSort (ascending) size=65,536 -> 0.084 ms
CountingSort (ascending) size=131,072 -> 0.170 ms
CountingSort (ascending) size=262,144 -> 0.341 ms
CountingSort (ascending) size=524,288 -> 0.646 ms
CountingSort (ascending) size=1,048,576 -> 1.536 ms
CountingSort (ascending) size=2,097,152 -> 3.155 ms
CountingSort (ascending) size=4,194,304 -> 5.780 ms
CountingSort (ascending) size=8,388,608 -> 11.446 ms
CountingSort (ascending) size=16,777,216 -> 21.301 ms
CountingSort (ascending) size=33,554,432 -> 44.645 ms
CountingSort (ascending) size=67,108,864 -> 88.338 ms
CountingSort (ascending) size=134,217,728 -> 176.192 ms
CountingSort (ascending) size=268,435,456 -> 344.063 ms
CountingSort (ascending) size=536,870,912 -> 685.890 ms
CountingSort (descending) size=1,024 -> 0.006 ms
CountingSort (descending) size=2,048 -> 0.007 ms
CountingSort (descending) size=4,096 -> 0.009 ms
CountingSort (descending) size=8,192 -> 0.018 ms
CountingSort (descending) size=16,384 -> 0.026 ms
CountingSort (descending) size=32,768 -> 0.048 ms
CountingSort (descending) size=65,536 -> 0.094 ms
CountingSort (descending) size=131,072 -> 0.179 ms
CountingSort (descending) size=262,144 -> 0.349 ms
CountingSort (descending) size=524,288 -> 0.652 ms
CountingSort (descending) size=1,048,576 -> 1.684 ms
CountingSort (descending) size=2,097,152 -> 3.154 ms
CountingSort (descending) size=4,194,304 -> 6.405 ms
CountingSort (descending) size=8,388,608 -> 12.207 ms
CountingSort (descending) size=16,777,216 -> 24.163 ms
CountingSort (descending) size=33,554,432 -> 48.000 ms
CountingSort (descending) size=67,108,864 -> 93.845 ms
CountingSort (descending) size=134,217,728 -> 186.369 ms
CountingSort (descending) size=268,435,456 -> 370.378 ms
CountingSort (descending) size=536,870,912 -> 723.313 ms
--- iteration 9 of 50 ---
CountingSort (random) size=1,024 -> 0.012 ms
CountingSort (random) size=2,048 -> 0.017 ms
CountingSort (random) size=4,096 -> 0.031 ms
CountingSort (random) size=8,192 -> 0.045 ms
CountingSort (random) size=16,384 -> 0.089 ms
CountingSort (random) size=32,768 -> 0.185 ms
CountingSort (random) size=65,536 -> 0.332 ms
CountingSort (random) size=131,072 -> 0.680 ms
CountingSort (random) size=262,144 -> 1.407 ms
CountingSort (random) size=524,288 -> 2.762 ms
CountingSort (random) size=1,048,576 -> 6.278 ms
CountingSort (random) size=2,097,152 -> 12.230 ms
CountingSort (random) size=4,194,304 -> 23.683 ms
CountingSort (random) size=8,388,608 -> 55.223 ms
CountingSort (random) size=16,777,216 -> 126.512 ms
CountingSort (random) size=33,554,432 -> 274.932 ms
CountingSort (random) size=67,108,864 -> 565.320 ms
CountingSort (random) size=134,217,728 -> 1155.823 ms
CountingSort (random) size=268,435,456 -> 2346.453 ms
CountingSort (random) size=536,870,912 -> 4737.419 ms
CountingSort (ascending) size=1,024 -> 0.006 ms
CountingSort (ascending) size=2,048 -> 0.009 ms
CountingSort (ascending) size=4,096 -> 0.009 ms
CountingSort (ascending) size=8,192 -> 0.013 ms
CountingSort (ascending) size=16,384 -> 0.024 ms
CountingSort (ascending) size=32,768 -> 0.041 ms
CountingSort (ascending) size=65,536 -> 0.088 ms
CountingSort (ascending) size=131,072 -> 0.169 ms
CountingSort (ascending) size=262,144 -> 0.314 ms
CountingSort (ascending) size=524,288 -> 0.626 ms
CountingSort (ascending) size=1,048,576 -> 1.526 ms
CountingSort (ascending) size=2,097,152 -> 2.946 ms
CountingSort (ascending) size=4,194,304 -> 5.259 ms
CountingSort (ascending) size=8,388,608 -> 10.783 ms
CountingSort (ascending) size=16,777,216 -> 21.087 ms
CountingSort (ascending) size=33,554,432 -> 42.678 ms
CountingSort (ascending) size=67,108,864 -> 83.110 ms
CountingSort (ascending) size=134,217,728 -> 166.891 ms
CountingSort (ascending) size=268,435,456 -> 333.812 ms
CountingSort (ascending) size=536,870,912 -> 673.432 ms
CountingSort (descending) size=1,024 -> 0.006 ms
CountingSort (descending) size=2,048 -> 0.008 ms
CountingSort (descending) size=4,096 -> 0.009 ms
CountingSort (descending) size=8,192 -> 0.017 ms
CountingSort (descending) size=16,384 -> 0.036 ms
CountingSort (descending) size=32,768 -> 0.049 ms
CountingSort (descending) size=65,536 -> 0.091 ms
CountingSort (descending) size=131,072 -> 0.163 ms
CountingSort (descending) size=262,144 -> 0.322 ms
CountingSort (descending) size=524,288 -> 0.720 ms
CountingSort (descending) size=1,048,576 -> 1.675 ms
CountingSort (descending) size=2,097,152 -> 3.235 ms
CountingSort (descending) size=4,194,304 -> 6.413 ms
CountingSort (descending) size=8,388,608 -> 12.230 ms
CountingSort (descending) size=16,777,216 -> 24.045 ms
CountingSort (descending) size=33,554,432 -> 48.856 ms
CountingSort (descending) size=67,108,864 -> 96.574 ms
CountingSort (descending) size=134,217,728 -> 188.144 ms
CountingSort (descending) size=268,435,456 -> 375.425 ms
CountingSort (descending) size=536,870,912 -> 749.262 ms
--- iteration 10 of 50 ---
CountingSort (random) size=1,024 -> 0.012 ms
CountingSort (random) size=2,048 -> 0.014 ms
CountingSort (random) size=4,096 -> 0.024 ms
CountingSort (random) size=8,192 -> 0.043 ms
CountingSort (random) size=16,384 -> 0.095 ms
CountingSort (random) size=32,768 -> 0.199 ms
CountingSort (random) size=65,536 -> 0.358 ms
CountingSort (random) size=131,072 -> 0.693 ms
CountingSort (random) size=262,144 -> 1.321 ms
CountingSort (random) size=524,288 -> 2.836 ms
CountingSort (random) size=1,048,576 -> 6.274 ms
CountingSort (random) size=2,097,152 -> 12.055 ms
CountingSort (random) size=4,194,304 -> 24.608 ms
CountingSort (random) size=8,388,608 -> 55.031 ms
CountingSort (random) size=16,777,216 -> 127.569 ms
CountingSort (random) size=33,554,432 -> 273.742 ms
CountingSort (random) size=67,108,864 -> 572.147 ms
CountingSort (random) size=134,217,728 -> 1164.714 ms
CountingSort (random) size=268,435,456 -> 2346.647 ms
CountingSort (random) size=536,870,912 -> 4720.116 ms
CountingSort (ascending) size=1,024 -> 0.008 ms
CountingSort (ascending) size=2,048 -> 0.007 ms
CountingSort (ascending) size=4,096 -> 0.011 ms
CountingSort (ascending) size=8,192 -> 0.019 ms
CountingSort (ascending) size=16,384 -> 0.025 ms
CountingSort (ascending) size=32,768 -> 0.043 ms
CountingSort (ascending) size=65,536 -> 0.090 ms
CountingSort (ascending) size=131,072 -> 0.173 ms
CountingSort (ascending) size=262,144 -> 0.342 ms
CountingSort (ascending) size=524,288 -> 0.635 ms
CountingSort (ascending) size=1,048,576 -> 1.569 ms
CountingSort (ascending) size=2,097,152 -> 2.859 ms
CountingSort (ascending) size=4,194,304 -> 5.401 ms
CountingSort (ascending) size=8,388,608 -> 11.356 ms
CountingSort (ascending) size=16,777,216 -> 21.069 ms
CountingSort (ascending) size=33,554,432 -> 41.979 ms
CountingSort (ascending) size=67,108,864 -> 83.228 ms
CountingSort (ascending) size=134,217,728 -> 165.952 ms
CountingSort (ascending) size=268,435,456 -> 336.313 ms
CountingSort (ascending) size=536,870,912 -> 677.639 ms
CountingSort (descending) size=1,024 -> 0.007 ms
CountingSort (descending) size=2,048 -> 0.007 ms
CountingSort (descending) size=4,096 -> 0.010 ms
CountingSort (descending) size=8,192 -> 0.015 ms
CountingSort (descending) size=16,384 -> 0.031 ms
CountingSort (descending) size=32,768 -> 0.049 ms
CountingSort (descending) size=65,536 -> 0.089 ms
CountingSort (descending) size=131,072 -> 0.190 ms
CountingSort (descending) size=262,144 -> 0.356 ms
CountingSort (descending) size=524,288 -> 0.707 ms
CountingSort (descending) size=1,048,576 -> 1.644 ms
CountingSort (descending) size=2,097,152 -> 3.114 ms
CountingSort (descending) size=4,194,304 -> 6.322 ms
CountingSort (descending) size=8,388,608 -> 11.250 ms
CountingSort (descending) size=16,777,216 -> 23.805 ms
CountingSort (descending) size=33,554,432 -> 48.213 ms
CountingSort (descending) size=67,108,864 -> 96.853 ms
CountingSort (descending) size=134,217,728 -> 187.644 ms
CountingSort (descending) size=268,435,456 -> 376.962 ms
CountingSort (descending) size=536,870,912 -> 751.617 ms
--- iteration 11 of 50 ---
CountingSort (random) size=1,024 -> 0.011 ms
CountingSort (random) size=2,048 -> 0.018 ms
CountingSort (random) size=4,096 -> 0.026 ms
CountingSort (random) size=8,192 -> 0.043 ms
CountingSort (random) size=16,384 -> 0.091 ms
CountingSort (random) size=32,768 -> 0.183 ms
CountingSort (random) size=65,536 -> 0.334 ms
CountingSort (random) size=131,072 -> 0.674 ms
CountingSort (random) size=262,144 -> 1.306 ms
CountingSort (random) size=524,288 -> 2.703 ms
CountingSort (random) size=1,048,576 -> 6.343 ms
CountingSort (random) size=2,097,152 -> 12.014 ms
CountingSort (random) size=4,194,304 -> 25.011 ms
CountingSort (random) size=8,388,608 -> 55.538 ms
CountingSort (random) size=16,777,216 -> 126.470 ms
CountingSort (random) size=33,554,432 -> 276.279 ms
CountingSort (random) size=67,108,864 -> 570.407 ms
CountingSort (random) size=134,217,728 -> 1165.821 ms
CountingSort (random) size=268,435,456 -> 2379.501 ms
CountingSort (random) size=536,870,912 -> 4734.533 ms
CountingSort (ascending) size=1,024 -> 0.005 ms
CountingSort (ascending) size=2,048 -> 0.006 ms
CountingSort (ascending) size=4,096 -> 0.009 ms
CountingSort (ascending) size=8,192 -> 0.013 ms
CountingSort (ascending) size=16,384 -> 0.025 ms
CountingSort (ascending) size=32,768 -> 0.043 ms
CountingSort (ascending) size=65,536 -> 0.091 ms
CountingSort (ascending) size=131,072 -> 0.163 ms
CountingSort (ascending) size=262,144 -> 0.360 ms
CountingSort (ascending) size=524,288 -> 0.643 ms
CountingSort (ascending) size=1,048,576 -> 1.669 ms
CountingSort (ascending) size=2,097,152 -> 2.816 ms
CountingSort (ascending) size=4,194,304 -> 5.354 ms
CountingSort (ascending) size=8,388,608 -> 10.748 ms
CountingSort (ascending) size=16,777,216 -> 23.234 ms
CountingSort (ascending) size=33,554,432 -> 42.001 ms
CountingSort (ascending) size=67,108,864 -> 85.226 ms
CountingSort (ascending) size=134,217,728 -> 171.227 ms
CountingSort (ascending) size=268,435,456 -> 338.581 ms
CountingSort (ascending) size=536,870,912 -> 665.299 ms
CountingSort (descending) size=1,024 -> 0.007 ms
CountingSort (descending) size=2,048 -> 0.008 ms
CountingSort (descending) size=4,096 -> 0.009 ms
CountingSort (descending) size=8,192 -> 0.018 ms
CountingSort (descending) size=16,384 -> 0.027 ms
CountingSort (descending) size=32,768 -> 0.048 ms
CountingSort (descending) size=65,536 -> 0.091 ms
CountingSort (descending) size=131,072 -> 0.182 ms
CountingSort (descending) size=262,144 -> 0.384 ms
CountingSort (descending) size=524,288 -> 0.735 ms
CountingSort (descending) size=1,048,576 -> 1.643 ms
CountingSort (descending) size=2,097,152 -> 3.214 ms
CountingSort (descending) size=4,194,304 -> 6.644 ms
CountingSort (descending) size=8,388,608 -> 11.480 ms
CountingSort (descending) size=16,777,216 -> 22.171 ms
CountingSort (descending) size=33,554,432 -> 49.172 ms
CountingSort (descending) size=67,108,864 -> 93.314 ms
CountingSort (descending) size=134,217,728 -> 181.455 ms
CountingSort (descending) size=268,435,456 -> 365.433 ms
CountingSort (descending) size=536,870,912 -> 727.105 ms
--- iteration 12 of 50 ---
CountingSort (random) size=1,024 -> 0.010 ms
CountingSort (random) size=2,048 -> 0.016 ms
CountingSort (random) size=4,096 -> 0.030 ms
CountingSort (random) size=8,192 -> 0.049 ms
CountingSort (random) size=16,384 -> 0.090 ms
CountingSort (random) size=32,768 -> 0.172 ms
CountingSort (random) size=65,536 -> 0.346 ms
CountingSort (random) size=131,072 -> 0.673 ms
CountingSort (random) size=262,144 -> 1.453 ms
CountingSort (random) size=524,288 -> 2.633 ms
CountingSort (random) size=1,048,576 -> 6.222 ms
CountingSort (random) size=2,097,152 -> 12.524 ms
CountingSort (random) size=4,194,304 -> 23.999 ms
CountingSort (random) size=8,388,608 -> 54.881 ms
CountingSort (random) size=16,777,216 -> 125.754 ms
CountingSort (random) size=33,554,432 -> 274.072 ms
CountingSort (random) size=67,108,864 -> 569.336 ms
CountingSort (random) size=134,217,728 -> 1156.854 ms
CountingSort (random) size=268,435,456 -> 2339.648 ms
CountingSort (random) size=536,870,912 -> 4701.838 ms
CountingSort (ascending) size=1,024 -> 0.006 ms
CountingSort (ascending) size=2,048 -> 0.007 ms
CountingSort (ascending) size=4,096 -> 0.010 ms
CountingSort (ascending) size=8,192 -> 0.013 ms
CountingSort (ascending) size=16,384 -> 0.023 ms
CountingSort (ascending) size=32,768 -> 0.042 ms
CountingSort (ascending) size=65,536 -> 0.078 ms
CountingSort (ascending) size=131,072 -> 0.189 ms
CountingSort (ascending) size=262,144 -> 0.337 ms
CountingSort (ascending) size=524,288 -> 0.662 ms
CountingSort (ascending) size=1,048,576 -> 1.550 ms
CountingSort (ascending) size=2,097,152 -> 3.116 ms
CountingSort (ascending) size=4,194,304 -> 5.660 ms
CountingSort (ascending) size=8,388,608 -> 10.600 ms
CountingSort (ascending) size=16,777,216 -> 22.009 ms
CountingSort (ascending) size=33,554,432 -> 44.010 ms
CountingSort (ascending) size=67,108,864 -> 84.440 ms
CountingSort (ascending) size=134,217,728 -> 171.583 ms
CountingSort (ascending) size=268,435,456 -> 345.606 ms
CountingSort (ascending) size=536,870,912 -> 688.922 ms
CountingSort (descending) size=1,024 -> 0.006 ms
CountingSort (descending) size=2,048 -> 0.008 ms
CountingSort (descending) size=4,096 -> 0.009 ms
CountingSort (descending) size=8,192 -> 0.015 ms
CountingSort (descending) size=16,384 -> 0.025 ms
CountingSort (descending) size=32,768 -> 0.048 ms
CountingSort (descending) size=65,536 -> 0.090 ms
CountingSort (descending) size=131,072 -> 0.194 ms
CountingSort (descending) size=262,144 -> 0.354 ms
CountingSort (descending) size=524,288 -> 0.705 ms
CountingSort (descending) size=1,048,576 -> 1.614 ms
CountingSort (descending) size=2,097,152 -> 3.329 ms
CountingSort (descending) size=4,194,304 -> 6.425 ms
CountingSort (descending) size=8,388,608 -> 12.108 ms
CountingSort (descending) size=16,777,216 -> 24.140 ms
CountingSort (descending) size=33,554,432 -> 47.493 ms
CountingSort (descending) size=67,108,864 -> 94.359 ms
CountingSort (descending) size=134,217,728 -> 188.657 ms
CountingSort (descending) size=268,435,456 -> 371.383 ms
CountingSort (descending) size=536,870,912 -> 743.426 ms
--- iteration 13 of 50 ---
CountingSort (random) size=1,024 -> 0.012 ms
CountingSort (random) size=2,048 -> 0.016 ms
CountingSort (random) size=4,096 -> 0.025 ms
CountingSort (random) size=8,192 -> 0.051 ms
CountingSort (random) size=16,384 -> 0.094 ms
CountingSort (random) size=32,768 -> 0.171 ms
CountingSort (random) size=65,536 -> 0.331 ms
CountingSort (random) size=131,072 -> 0.674 ms
CountingSort (random) size=262,144 -> 1.306 ms
CountingSort (random) size=524,288 -> 2.788 ms
CountingSort (random) size=1,048,576 -> 6.164 ms
CountingSort (random) size=2,097,152 -> 11.911 ms
CountingSort (random) size=4,194,304 -> 23.350 ms
CountingSort (random) size=8,388,608 -> 53.655 ms
CountingSort (random) size=16,777,216 -> 121.963 ms
CountingSort (random) size=33,554,432 -> 269.512 ms
CountingSort (random) size=67,108,864 -> 562.387 ms
CountingSort (random) size=134,217,728 -> 1145.890 ms
CountingSort (random) size=268,435,456 -> 2316.178 ms
CountingSort (random) size=536,870,912 -> 4681.024 ms
CountingSort (ascending) size=1,024 -> 0.006 ms
CountingSort (ascending) size=2,048 -> 0.004 ms
CountingSort (ascending) size=4,096 -> 0.010 ms
CountingSort (ascending) size=8,192 -> 0.012 ms
CountingSort (ascending) size=16,384 -> 0.021 ms
CountingSort (ascending) size=32,768 -> 0.047 ms
CountingSort (ascending) size=65,536 -> 0.087 ms
CountingSort (ascending) size=131,072 -> 0.154 ms
CountingSort (ascending) size=262,144 -> 0.308 ms
CountingSort (ascending) size=524,288 -> 0.653 ms
CountingSort (ascending) size=1,048,576 -> 1.541 ms
CountingSort (ascending) size=2,097,152 -> 3.123 ms
CountingSort (ascending) size=4,194,304 -> 5.569 ms
CountingSort (ascending) size=8,388,608 -> 10.517 ms
CountingSort (ascending) size=16,777,216 -> 22.201 ms
CountingSort (ascending) size=33,554,432 -> 41.868 ms
CountingSort (ascending) size=67,108,864 -> 84.333 ms
CountingSort (ascending) size=134,217,728 -> 167.180 ms
CountingSort (ascending) size=268,435,456 -> 331.946 ms
CountingSort (ascending) size=536,870,912 -> 670.304 ms
CountingSort (descending) size=1,024 -> 0.006 ms
CountingSort (descending) size=2,048 -> 0.005 ms
CountingSort (descending) size=4,096 -> 0.008 ms
CountingSort (descending) size=8,192 -> 0.017 ms
CountingSort (descending) size=16,384 -> 0.026 ms
CountingSort (descending) size=32,768 -> 0.048 ms
CountingSort (descending) size=65,536 -> 0.095 ms
CountingSort (descending) size=131,072 -> 0.186 ms
CountingSort (descending) size=262,144 -> 0.371 ms
CountingSort (descending) size=524,288 -> 0.740 ms
CountingSort (descending) size=1,048,576 -> 1.600 ms
CountingSort (descending) size=2,097,152 -> 3.423 ms
CountingSort (descending) size=4,194,304 -> 6.508 ms
CountingSort (descending) size=8,388,608 -> 12.061 ms
CountingSort (descending) size=16,777,216 -> 23.946 ms
CountingSort (descending) size=33,554,432 -> 47.951 ms
CountingSort (descending) size=67,108,864 -> 93.555 ms
CountingSort (descending) size=134,217,728 -> 188.458 ms
CountingSort (descending) size=268,435,456 -> 374.994 ms
CountingSort (descending) size=536,870,912 -> 745.218 ms
--- iteration 14 of 50 ---
CountingSort (random) size=1,024 -> 0.013 ms
CountingSort (random) size=2,048 -> 0.016 ms
CountingSort (random) size=4,096 -> 0.023 ms
CountingSort (random) size=8,192 -> 0.045 ms
CountingSort (random) size=16,384 -> 0.087 ms
CountingSort (random) size=32,768 -> 0.169 ms
CountingSort (random) size=65,536 -> 0.327 ms
CountingSort (random) size=131,072 -> 0.655 ms
CountingSort (random) size=262,144 -> 1.320 ms
CountingSort (random) size=524,288 -> 2.684 ms
CountingSort (random) size=1,048,576 -> 6.066 ms
CountingSort (random) size=2,097,152 -> 11.696 ms
CountingSort (random) size=4,194,304 -> 24.428 ms
CountingSort (random) size=8,388,608 -> 53.082 ms
CountingSort (random) size=16,777,216 -> 120.872 ms
CountingSort (random) size=33,554,432 -> 267.030 ms
CountingSort (random) size=67,108,864 -> 558.742 ms
CountingSort (random) size=134,217,728 -> 1137.279 ms
CountingSort (random) size=268,435,456 -> 2310.730 ms
CountingSort (random) size=536,870,912 -> 4678.114 ms
CountingSort (ascending) size=1,024 -> 0.007 ms
CountingSort (ascending) size=2,048 -> 0.006 ms
CountingSort (ascending) size=4,096 -> 0.011 ms
CountingSort (ascending) size=8,192 -> 0.016 ms
CountingSort (ascending) size=16,384 -> 0.025 ms
CountingSort (ascending) size=32,768 -> 0.046 ms
CountingSort (ascending) size=65,536 -> 0.089 ms
CountingSort (ascending) size=131,072 -> 0.159 ms
CountingSort (ascending) size=262,144 -> 0.338 ms
CountingSort (ascending) size=524,288 -> 0.669 ms
CountingSort (ascending) size=1,048,576 -> 1.588 ms
CountingSort (ascending) size=2,097,152 -> 3.185 ms
CountingSort (ascending) size=4,194,304 -> 5.796 ms
CountingSort (ascending) size=8,388,608 -> 11.326 ms
CountingSort (ascending) size=16,777,216 -> 21.337 ms
CountingSort (ascending) size=33,554,432 -> 44.211 ms
CountingSort (ascending) size=67,108,864 -> 86.987 ms
CountingSort (ascending) size=134,217,728 -> 175.767 ms
CountingSort (ascending) size=268,435,456 -> 354.019 ms
CountingSort (ascending) size=536,870,912 -> 698.796 ms
CountingSort (descending) size=1,024 -> 0.007 ms
CountingSort (descending) size=2,048 -> 0.006 ms
CountingSort (descending) size=4,096 -> 0.009 ms
CountingSort (descending) size=8,192 -> 0.016 ms
CountingSort (descending) size=16,384 -> 0.027 ms
CountingSort (descending) size=32,768 -> 0.054 ms
CountingSort (descending) size=65,536 -> 0.092 ms
CountingSort (descending) size=131,072 -> 0.183 ms
CountingSort (descending) size=262,144 -> 0.349 ms
CountingSort (descending) size=524,288 -> 0.726 ms
CountingSort (descending) size=1,048,576 -> 1.699 ms
CountingSort (descending) size=2,097,152 -> 3.126 ms
CountingSort (descending) size=4,194,304 -> 5.980 ms
CountingSort (descending) size=8,388,608 -> 12.421 ms
CountingSort (descending) size=16,777,216 -> 24.411 ms
CountingSort (descending) size=33,554,432 -> 47.268 ms
CountingSort (descending) size=67,108,864 -> 92.980 ms
CountingSort (descending) size=134,217,728 -> 187.563 ms
CountingSort (descending) size=268,435,456 -> 377.448 ms
CountingSort (descending) size=536,870,912 -> 738.849 ms
--- iteration 15 of 50 ---
CountingSort (random) size=1,024 -> 0.011 ms
CountingSort (random) size=2,048 -> 0.015 ms
CountingSort (random) size=4,096 -> 0.023 ms
CountingSort (random) size=8,192 -> 0.049 ms
CountingSort (random) size=16,384 -> 0.087 ms
CountingSort (random) size=32,768 -> 0.163 ms
CountingSort (random) size=65,536 -> 0.338 ms
CountingSort (random) size=131,072 -> 0.673 ms
CountingSort (random) size=262,144 -> 1.374 ms
CountingSort (random) size=524,288 -> 2.664 ms
CountingSort (random) size=1,048,576 -> 6.117 ms
CountingSort (random) size=2,097,152 -> 11.684 ms
CountingSort (random) size=4,194,304 -> 23.221 ms
CountingSort (random) size=8,388,608 -> 52.733 ms
CountingSort (random) size=16,777,216 -> 118.521 ms
CountingSort (random) size=33,554,432 -> 263.529 ms
CountingSort (random) size=67,108,864 -> 551.521 ms
CountingSort (random) size=134,217,728 -> 1144.472 ms
CountingSort (random) size=268,435,456 -> 2318.912 ms
CountingSort (random) size=536,870,912 -> 4708.297 ms
CountingSort (ascending) size=1,024 -> 0.007 ms
CountingSort (ascending) size=2,048 -> 0.006 ms
CountingSort (ascending) size=4,096 -> 0.009 ms
CountingSort (ascending) size=8,192 -> 0.015 ms
CountingSort (ascending) size=16,384 -> 0.028 ms
CountingSort (ascending) size=32,768 -> 0.045 ms
CountingSort (ascending) size=65,536 -> 0.087 ms
CountingSort (ascending) size=131,072 -> 0.163 ms
CountingSort (ascending) size=262,144 -> 0.326 ms
CountingSort (ascending) size=524,288 -> 0.648 ms
CountingSort (ascending) size=1,048,576 -> 1.544 ms
CountingSort (ascending) size=2,097,152 -> 3.101 ms
CountingSort (ascending) size=4,194,304 -> 5.231 ms
CountingSort (ascending) size=8,388,608 -> 10.555 ms
CountingSort (ascending) size=16,777,216 -> 22.079 ms
CountingSort (ascending) size=33,554,432 -> 43.955 ms
CountingSort (ascending) size=67,108,864 -> 86.639 ms
CountingSort (ascending) size=134,217,728 -> 170.111 ms
CountingSort (ascending) size=268,435,456 -> 338.870 ms
CountingSort (ascending) size=536,870,912 -> 677.604 ms
CountingSort (descending) size=1,024 -> 0.006 ms
CountingSort (descending) size=2,048 -> 0.006 ms
CountingSort (descending) size=4,096 -> 0.010 ms
CountingSort (descending) size=8,192 -> 0.013 ms
CountingSort (descending) size=16,384 -> 0.031 ms
CountingSort (descending) size=32,768 -> 0.047 ms
CountingSort (descending) size=65,536 -> 0.091 ms
CountingSort (descending) size=131,072 -> 0.184 ms
CountingSort (descending) size=262,144 -> 0.352 ms
CountingSort (descending) size=524,288 -> 0.720 ms
CountingSort (descending) size=1,048,576 -> 1.636 ms
CountingSort (descending) size=2,097,152 -> 3.370 ms
CountingSort (descending) size=4,194,304 -> 6.251 ms
CountingSort (descending) size=8,388,608 -> 12.142 ms
CountingSort (descending) size=16,777,216 -> 23.591 ms
CountingSort (descending) size=33,554,432 -> 47.429 ms
CountingSort (descending) size=67,108,864 -> 95.147 ms
CountingSort (descending) size=134,217,728 -> 186.781 ms
CountingSort (descending) size=268,435,456 -> 375.486 ms
CountingSort (descending) size=536,870,912 -> 752.935 ms
--- iteration 16 of 50 ---
CountingSort (random) size=1,024 -> 0.012 ms
CountingSort (random) size=2,048 -> 0.014 ms
CountingSort (random) size=4,096 -> 0.029 ms
CountingSort (random) size=8,192 -> 0.045 ms
CountingSort (random) size=16,384 -> 0.101 ms
CountingSort (random) size=32,768 -> 0.168 ms
CountingSort (random) size=65,536 -> 0.352 ms
CountingSort (random) size=131,072 -> 0.681 ms
CountingSort (random) size=262,144 -> 1.366 ms
CountingSort (random) size=524,288 -> 2.761 ms
CountingSort (random) size=1,048,576 -> 6.211 ms
CountingSort (random) size=2,097,152 -> 11.714 ms
CountingSort (random) size=4,194,304 -> 23.338 ms
CountingSort (random) size=8,388,608 -> 52.704 ms
CountingSort (random) size=16,777,216 -> 121.575 ms
CountingSort (random) size=33,554,432 -> 268.575 ms
CountingSort (random) size=67,108,864 -> 563.339 ms
CountingSort (random) size=134,217,728 -> 1135.154 ms
CountingSort (random) size=268,435,456 -> 2296.202 ms
CountingSort (random) size=536,870,912 -> 4651.193 ms
CountingSort (ascending) size=1,024 -> 0.007 ms
CountingSort (ascending) size=2,048 -> 0.006 ms
CountingSort (ascending) size=4,096 -> 0.007 ms
CountingSort (ascending) size=8,192 -> 0.014 ms
CountingSort (ascending) size=16,384 -> 0.024 ms
CountingSort (ascending) size=32,768 -> 0.050 ms
CountingSort (ascending) size=65,536 -> 0.084 ms
CountingSort (ascending) size=131,072 -> 0.167 ms
CountingSort (ascending) size=262,144 -> 0.303 ms
CountingSort (ascending) size=524,288 -> 0.675 ms
CountingSort (ascending) size=1,048,576 -> 1.479 ms
CountingSort (ascending) size=2,097,152 -> 3.015 ms
CountingSort (ascending) size=4,194,304 -> 5.738 ms
CountingSort (ascending) size=8,388,608 -> 10.567 ms
CountingSort (ascending) size=16,777,216 -> 21.774 ms
CountingSort (ascending) size=33,554,432 -> 43.595 ms
CountingSort (ascending) size=67,108,864 -> 86.084 ms
CountingSort (ascending) size=134,217,728 -> 171.667 ms
CountingSort (ascending) size=268,435,456 -> 341.519 ms
CountingSort (ascending) size=536,870,912 -> 686.450 ms
CountingSort (descending) size=1,024 -> 0.007 ms
CountingSort (descending) size=2,048 -> 0.006 ms
CountingSort (descending) size=4,096 -> 0.010 ms
CountingSort (descending) size=8,192 -> 0.015 ms
CountingSort (descending) size=16,384 -> 0.030 ms
CountingSort (descending) size=32,768 -> 0.053 ms
CountingSort (descending) size=65,536 -> 0.097 ms
CountingSort (descending) size=131,072 -> 0.183 ms
CountingSort (descending) size=262,144 -> 0.350 ms
CountingSort (descending) size=524,288 -> 0.704 ms
CountingSort (descending) size=1,048,576 -> 1.614 ms
CountingSort (descending) size=2,097,152 -> 3.361 ms
CountingSort (descending) size=4,194,304 -> 6.439 ms
CountingSort (descending) size=8,388,608 -> 12.096 ms
CountingSort (descending) size=16,777,216 -> 23.531 ms
CountingSort (descending) size=33,554,432 -> 47.992 ms
CountingSort (descending) size=67,108,864 -> 95.644 ms
CountingSort (descending) size=134,217,728 -> 188.803 ms
CountingSort (descending) size=268,435,456 -> 377.756 ms
CountingSort (descending) size=536,870,912 -> 749.414 ms
--- iteration 17 of 50 ---
CountingSort (random) size=1,024 -> 0.010 ms
CountingSort (random) size=2,048 -> 0.015 ms
CountingSort (random) size=4,096 -> 0.023 ms
CountingSort (random) size=8,192 -> 0.046 ms
CountingSort (random) size=16,384 -> 0.085 ms
CountingSort (random) size=32,768 -> 0.186 ms
CountingSort (random) size=65,536 -> 0.339 ms
CountingSort (random) size=131,072 -> 0.682 ms
CountingSort (random) size=262,144 -> 1.350 ms
CountingSort (random) size=524,288 -> 2.748 ms
CountingSort (random) size=1,048,576 -> 6.149 ms
CountingSort (random) size=2,097,152 -> 11.493 ms
CountingSort (random) size=4,194,304 -> 23.404 ms
CountingSort (random) size=8,388,608 -> 54.698 ms
CountingSort (random) size=16,777,216 -> 122.340 ms
CountingSort (random) size=33,554,432 -> 272.869 ms
CountingSort (random) size=67,108,864 -> 559.693 ms
CountingSort (random) size=134,217,728 -> 1139.442 ms
CountingSort (random) size=268,435,456 -> 2316.693 ms
CountingSort (random) size=536,870,912 -> 4664.996 ms
CountingSort (ascending) size=1,024 -> 0.006 ms
CountingSort (ascending) size=2,048 -> 0.006 ms
CountingSort (ascending) size=4,096 -> 0.010 ms
CountingSort (ascending) size=8,192 -> 0.014 ms
CountingSort (ascending) size=16,384 -> 0.024 ms
CountingSort (ascending) size=32,768 -> 0.043 ms
CountingSort (ascending) size=65,536 -> 0.091 ms
CountingSort (ascending) size=131,072 -> 0.163 ms
CountingSort (ascending) size=262,144 -> 0.333 ms
CountingSort (ascending) size=524,288 -> 0.730 ms
CountingSort (ascending) size=1,048,576 -> 1.470 ms
CountingSort (ascending) size=2,097,152 -> 3.176 ms
CountingSort (ascending) size=4,194,304 -> 5.516 ms
CountingSort (ascending) size=8,388,608 -> 11.673 ms
CountingSort (ascending) size=16,777,216 -> 20.752 ms
CountingSort (ascending) size=33,554,432 -> 43.451 ms
CountingSort (ascending) size=67,108,864 -> 87.535 ms
CountingSort (ascending) size=134,217,728 -> 171.242 ms
CountingSort (ascending) size=268,435,456 -> 344.157 ms
CountingSort (ascending) size=536,870,912 -> 682.049 ms
CountingSort (descending) size=1,024 -> 0.007 ms
CountingSort (descending) size=2,048 -> 0.007 ms
CountingSort (descending) size=4,096 -> 0.008 ms
CountingSort (descending) size=8,192 -> 0.017 ms
CountingSort (descending) size=16,384 -> 0.023 ms
CountingSort (descending) size=32,768 -> 0.056 ms
CountingSort (descending) size=65,536 -> 0.096 ms
CountingSort (descending) size=131,072 -> 0.178 ms
CountingSort (descending) size=262,144 -> 0.352 ms
CountingSort (descending) size=524,288 -> 0.740 ms
CountingSort (descending) size=1,048,576 -> 1.588 ms
CountingSort (descending) size=2,097,152 -> 3.412 ms
CountingSort (descending) size=4,194,304 -> 5.855 ms
CountingSort (descending) size=8,388,608 -> 12.319 ms
CountingSort (descending) size=16,777,216 -> 23.751 ms
CountingSort (descending) size=33,554,432 -> 47.759 ms
CountingSort (descending) size=67,108,864 -> 91.241 ms
CountingSort (descending) size=134,217,728 -> 180.521 ms
CountingSort (descending) size=268,435,456 -> 366.532 ms
CountingSort (descending) size=536,870,912 -> 1257.137 ms
--- iteration 18 of 50 ---
CountingSort (random) size=1,024 -> 0.011 ms
CountingSort (random) size=2,048 -> 0.016 ms
CountingSort (random) size=4,096 -> 0.030 ms
CountingSort (random) size=8,192 -> 0.046 ms
CountingSort (random) size=16,384 -> 0.084 ms
CountingSort (random) size=32,768 -> 0.174 ms
CountingSort (random) size=65,536 -> 0.335 ms
CountingSort (random) size=131,072 -> 0.659 ms
CountingSort (random) size=262,144 -> 1.310 ms
CountingSort (random) size=524,288 -> 2.717 ms
CountingSort (random) size=1,048,576 -> 6.008 ms
CountingSort (random) size=2,097,152 -> 11.522 ms
CountingSort (random) size=4,194,304 -> 22.719 ms
CountingSort (random) size=8,388,608 -> 51.985 ms
CountingSort (random) size=16,777,216 -> 119.625 ms
CountingSort (random) size=33,554,432 -> 263.531 ms
CountingSort (random) size=67,108,864 -> 556.558 ms
CountingSort (random) size=134,217,728 -> 1141.965 ms
CountingSort (random) size=268,435,456 -> 2302.921 ms
CountingSort (random) size=536,870,912 -> 4674.418 ms
CountingSort (ascending) size=1,024 -> 0.006 ms
CountingSort (ascending) size=2,048 -> 0.007 ms
CountingSort (ascending) size=4,096 -> 0.011 ms
CountingSort (ascending) size=8,192 -> 0.016 ms
CountingSort (ascending) size=16,384 -> 0.029 ms
CountingSort (ascending) size=32,768 -> 0.050 ms
CountingSort (ascending) size=65,536 -> 0.090 ms
CountingSort (ascending) size=131,072 -> 0.169 ms
CountingSort (ascending) size=262,144 -> 0.323 ms
CountingSort (ascending) size=524,288 -> 0.648 ms
CountingSort (ascending) size=1,048,576 -> 1.488 ms
CountingSort (ascending) size=2,097,152 -> 2.912 ms
CountingSort (ascending) size=4,194,304 -> 5.279 ms
CountingSort (ascending) size=8,388,608 -> 10.607 ms
CountingSort (ascending) size=16,777,216 -> 22.082 ms
CountingSort (ascending) size=33,554,432 -> 41.898 ms
CountingSort (ascending) size=67,108,864 -> 83.838 ms
CountingSort (ascending) size=134,217,728 -> 170.293 ms
CountingSort (ascending) size=268,435,456 -> 339.679 ms
CountingSort (ascending) size=536,870,912 -> 678.547 ms
CountingSort (descending) size=1,024 -> 0.006 ms
CountingSort (descending) size=2,048 -> 0.005 ms
CountingSort (descending) size=4,096 -> 0.009 ms
CountingSort (descending) size=8,192 -> 0.017 ms
CountingSort (descending) size=16,384 -> 0.026 ms
CountingSort (descending) size=32,768 -> 0.052 ms
CountingSort (descending) size=65,536 -> 0.091 ms
CountingSort (descending) size=131,072 -> 0.177 ms
CountingSort (descending) size=262,144 -> 0.350 ms
CountingSort (descending) size=524,288 -> 0.698 ms
CountingSort (descending) size=1,048,576 -> 1.630 ms
CountingSort (descending) size=2,097,152 -> 3.425 ms
CountingSort (descending) size=4,194,304 -> 6.306 ms
CountingSort (descending) size=8,388,608 -> 12.468 ms
CountingSort (descending) size=16,777,216 -> 21.571 ms
CountingSort (descending) size=33,554,432 -> 47.371 ms
CountingSort (descending) size=67,108,864 -> 94.208 ms
CountingSort (descending) size=134,217,728 -> 184.918 ms
CountingSort (descending) size=268,435,456 -> 372.497 ms
CountingSort (descending) size=536,870,912 -> 740.858 ms
--- iteration 19 of 50 ---
CountingSort (random) size=1,024 -> 0.010 ms
CountingSort (random) size=2,048 -> 0.013 ms
CountingSort (random) size=4,096 -> 0.027 ms
CountingSort (random) size=8,192 -> 0.044 ms
CountingSort (random) size=16,384 -> 0.091 ms
CountingSort (random) size=32,768 -> 0.170 ms
CountingSort (random) size=65,536 -> 0.330 ms
CountingSort (random) size=131,072 -> 0.691 ms
CountingSort (random) size=262,144 -> 1.319 ms
CountingSort (random) size=524,288 -> 2.708 ms
CountingSort (random) size=1,048,576 -> 6.112 ms
CountingSort (random) size=2,097,152 -> 11.790 ms
CountingSort (random) size=4,194,304 -> 23.506 ms
CountingSort (random) size=8,388,608 -> 53.102 ms
CountingSort (random) size=16,777,216 -> 122.684 ms
CountingSort (random) size=33,554,432 -> 269.605 ms
CountingSort (random) size=67,108,864 -> 560.035 ms
CountingSort (random) size=134,217,728 -> 1146.071 ms
CountingSort (random) size=268,435,456 -> 2316.751 ms
CountingSort (random) size=536,870,912 -> 4689.128 ms
CountingSort (ascending) size=1,024 -> 0.005 ms
CountingSort (ascending) size=2,048 -> 0.006 ms
CountingSort (ascending) size=4,096 -> 0.009 ms
CountingSort (ascending) size=8,192 -> 0.017 ms
CountingSort (ascending) size=16,384 -> 0.027 ms
CountingSort (ascending) size=32,768 -> 0.046 ms
CountingSort (ascending) size=65,536 -> 0.090 ms
CountingSort (ascending) size=131,072 -> 0.185 ms
CountingSort (ascending) size=262,144 -> 0.321 ms
CountingSort (ascending) size=524,288 -> 0.673 ms
CountingSort (ascending) size=1,048,576 -> 1.549 ms
CountingSort (ascending) size=2,097,152 -> 3.012 ms
CountingSort (ascending) size=4,194,304 -> 5.683 ms
CountingSort (ascending) size=8,388,608 -> 11.235 ms
CountingSort (ascending) size=16,777,216 -> 21.976 ms
CountingSort (ascending) size=33,554,432 -> 44.665 ms
CountingSort (ascending) size=67,108,864 -> 85.865 ms
CountingSort (ascending) size=134,217,728 -> 171.773 ms
CountingSort (ascending) size=268,435,456 -> 346.386 ms
CountingSort (ascending) size=536,870,912 -> 689.573 ms
CountingSort (descending) size=1,024 -> 0.006 ms
CountingSort (descending) size=2,048 -> 0.007 ms
CountingSort (descending) size=4,096 -> 0.008 ms
CountingSort (descending) size=8,192 -> 0.017 ms
CountingSort (descending) size=16,384 -> 0.032 ms
CountingSort (descending) size=32,768 -> 0.053 ms
CountingSort (descending) size=65,536 -> 0.099 ms
CountingSort (descending) size=131,072 -> 0.188 ms
CountingSort (descending) size=262,144 -> 0.354 ms
CountingSort (descending) size=524,288 -> 0.709 ms
CountingSort (descending) size=1,048,576 -> 1.583 ms
CountingSort (descending) size=2,097,152 -> 3.335 ms
CountingSort (descending) size=4,194,304 -> 6.296 ms
CountingSort (descending) size=8,388,608 -> 12.113 ms
CountingSort (descending) size=16,777,216 -> 24.115 ms
CountingSort (descending) size=33,554,432 -> 49.614 ms
CountingSort (descending) size=67,108,864 -> 96.043 ms
CountingSort (descending) size=134,217,728 -> 190.469 ms
CountingSort (descending) size=268,435,456 -> 378.392 ms
CountingSort (descending) size=536,870,912 -> 752.589 ms
--- iteration 20 of 50 ---
CountingSort (random) size=1,024 -> 0.010 ms
CountingSort (random) size=2,048 -> 0.015 ms
CountingSort (random) size=4,096 -> 0.028 ms
CountingSort (random) size=8,192 -> 0.051 ms
CountingSort (random) size=16,384 -> 0.093 ms
CountingSort (random) size=32,768 -> 0.180 ms
CountingSort (random) size=65,536 -> 0.332 ms
CountingSort (random) size=131,072 -> 0.680 ms
CountingSort (random) size=262,144 -> 1.319 ms
CountingSort (random) size=524,288 -> 2.785 ms
CountingSort (random) size=1,048,576 -> 6.055 ms
CountingSort (random) size=2,097,152 -> 11.725 ms
CountingSort (random) size=4,194,304 -> 23.530 ms
CountingSort (random) size=8,388,608 -> 54.500 ms
CountingSort (random) size=16,777,216 -> 122.693 ms
CountingSort (random) size=33,554,432 -> 268.151 ms
CountingSort (random) size=67,108,864 -> 560.213 ms
CountingSort (random) size=134,217,728 -> 1143.682 ms
CountingSort (random) size=268,435,456 -> 2314.873 ms
CountingSort (random) size=536,870,912 -> 4651.845 ms
CountingSort (ascending) size=1,024 -> 0.007 ms
CountingSort (ascending) size=2,048 -> 0.006 ms
CountingSort (ascending) size=4,096 -> 0.007 ms
CountingSort (ascending) size=8,192 -> 0.016 ms
CountingSort (ascending) size=16,384 -> 0.029 ms
CountingSort (ascending) size=32,768 -> 0.046 ms
CountingSort (ascending) size=65,536 -> 0.085 ms
CountingSort (ascending) size=131,072 -> 0.171 ms
CountingSort (ascending) size=262,144 -> 0.329 ms
CountingSort (ascending) size=524,288 -> 0.734 ms
CountingSort (ascending) size=1,048,576 -> 1.595 ms
CountingSort (ascending) size=2,097,152 -> 2.974 ms
CountingSort (ascending) size=4,194,304 -> 5.573 ms
CountingSort (ascending) size=8,388,608 -> 10.667 ms
CountingSort (ascending) size=16,777,216 -> 21.997 ms
CountingSort (ascending) size=33,554,432 -> 44.088 ms
CountingSort (ascending) size=67,108,864 -> 86.743 ms
CountingSort (ascending) size=134,217,728 -> 172.698 ms
CountingSort (ascending) size=268,435,456 -> 342.557 ms
CountingSort (ascending) size=536,870,912 -> 687.399 ms
CountingSort (descending) size=1,024 -> 0.006 ms
CountingSort (descending) size=2,048 -> 0.005 ms
CountingSort (descending) size=4,096 -> 0.011 ms
CountingSort (descending) size=8,192 -> 0.014 ms
CountingSort (descending) size=16,384 -> 0.034 ms
CountingSort (descending) size=32,768 -> 0.047 ms
CountingSort (descending) size=65,536 -> 0.092 ms
CountingSort (descending) size=131,072 -> 0.178 ms
CountingSort (descending) size=262,144 -> 0.362 ms
CountingSort (descending) size=524,288 -> 0.728 ms
CountingSort (descending) size=1,048,576 -> 1.610 ms
CountingSort (descending) size=2,097,152 -> 3.377 ms
CountingSort (descending) size=4,194,304 -> 6.366 ms
CountingSort (descending) size=8,388,608 -> 12.371 ms
CountingSort (descending) size=16,777,216 -> 23.523 ms
CountingSort (descending) size=33,554,432 -> 47.753 ms
CountingSort (descending) size=67,108,864 -> 92.829 ms
CountingSort (descending) size=134,217,728 -> 186.932 ms
CountingSort (descending) size=268,435,456 -> 372.555 ms
CountingSort (descending) size=536,870,912 -> 745.050 ms
--- iteration 21 of 50 ---
CountingSort (random) size=1,024 -> 0.010 ms
CountingSort (random) size=2,048 -> 0.016 ms
CountingSort (random) size=4,096 -> 0.031 ms
CountingSort (random) size=8,192 -> 0.050 ms
CountingSort (random) size=16,384 -> 0.082 ms
CountingSort (random) size=32,768 -> 0.161 ms
CountingSort (random) size=65,536 -> 0.332 ms
CountingSort (random) size=131,072 -> 0.679 ms
CountingSort (random) size=262,144 -> 1.346 ms
CountingSort (random) size=524,288 -> 2.651 ms
CountingSort (random) size=1,048,576 -> 6.043 ms
CountingSort (random) size=2,097,152 -> 11.507 ms
CountingSort (random) size=4,194,304 -> 23.054 ms
CountingSort (random) size=8,388,608 -> 51.440 ms
CountingSort (random) size=16,777,216 -> 120.142 ms
CountingSort (random) size=33,554,432 -> 267.778 ms
CountingSort (random) size=67,108,864 -> 560.270 ms
CountingSort (random) size=134,217,728 -> 1144.000 ms
CountingSort (random) size=268,435,456 -> 2292.435 ms
CountingSort (random) size=536,870,912 -> 4663.872 ms
CountingSort (ascending) size=1,024 -> 0.007 ms
CountingSort (ascending) size=2,048 -> 0.006 ms
CountingSort (ascending) size=4,096 -> 0.009 ms
CountingSort (ascending) size=8,192 -> 0.014 ms
CountingSort (ascending) size=16,384 -> 0.027 ms
CountingSort (ascending) size=32,768 -> 0.050 ms
CountingSort (ascending) size=65,536 -> 0.093 ms
CountingSort (ascending) size=131,072 -> 0.160 ms
CountingSort (ascending) size=262,144 -> 0.304 ms
CountingSort (ascending) size=524,288 -> 0.671 ms
CountingSort (ascending) size=1,048,576 -> 1.484 ms
CountingSort (ascending) size=2,097,152 -> 3.083 ms
CountingSort (ascending) size=4,194,304 -> 5.229 ms
CountingSort (ascending) size=8,388,608 -> 10.628 ms
CountingSort (ascending) size=16,777,216 -> 21.322 ms
CountingSort (ascending) size=33,554,432 -> 43.099 ms
CountingSort (ascending) size=67,108,864 -> 87.567 ms
CountingSort (ascending) size=134,217,728 -> 166.956 ms
CountingSort (ascending) size=268,435,456 -> 333.672 ms
CountingSort (ascending) size=536,870,912 -> 667.125 ms
CountingSort (descending) size=1,024 -> 0.005 ms
CountingSort (descending) size=2,048 -> 0.007 ms
CountingSort (descending) size=4,096 -> 0.009 ms
CountingSort (descending) size=8,192 -> 0.016 ms
CountingSort (descending) size=16,384 -> 0.025 ms
CountingSort (descending) size=32,768 -> 0.050 ms
CountingSort (descending) size=65,536 -> 0.096 ms
CountingSort (descending) size=131,072 -> 0.189 ms
CountingSort (descending) size=262,144 -> 0.351 ms
CountingSort (descending) size=524,288 -> 0.719 ms
CountingSort (descending) size=1,048,576 -> 1.622 ms
CountingSort (descending) size=2,097,152 -> 3.302 ms
CountingSort (descending) size=4,194,304 -> 6.210 ms
CountingSort (descending) size=8,388,608 -> 11.969 ms
CountingSort (descending) size=16,777,216 -> 23.421 ms
CountingSort (descending) size=33,554,432 -> 47.231 ms
CountingSort (descending) size=67,108,864 -> 93.967 ms
CountingSort (descending) size=134,217,728 -> 187.914 ms
CountingSort (descending) size=268,435,456 -> 374.466 ms
CountingSort (descending) size=536,870,912 -> 1311.793 ms
--- iteration 22 of 50 ---
CountingSort (random) size=1,024 -> 0.011 ms
CountingSort (random) size=2,048 -> 0.016 ms
CountingSort (random) size=4,096 -> 0.025 ms
CountingSort (random) size=8,192 -> 0.045 ms
CountingSort (random) size=16,384 -> 0.086 ms
CountingSort (random) size=32,768 -> 0.165 ms
CountingSort (random) size=65,536 -> 0.343 ms
CountingSort (random) size=131,072 -> 0.660 ms
CountingSort (random) size=262,144 -> 1.401 ms
CountingSort (random) size=524,288 -> 2.676 ms
CountingSort (random) size=1,048,576 -> 6.195 ms
CountingSort (random) size=2,097,152 -> 11.895 ms
CountingSort (random) size=4,194,304 -> 23.315 ms
CountingSort (random) size=8,388,608 -> 52.643 ms
CountingSort (random) size=16,777,216 -> 125.311 ms
CountingSort (random) size=33,554,432 -> 270.641 ms
CountingSort (random) size=67,108,864 -> 551.665 ms
CountingSort (random) size=134,217,728 -> 1140.393 ms
CountingSort (random) size=268,435,456 -> 2299.286 ms
CountingSort (random) size=536,870,912 -> 4641.759 ms
CountingSort (ascending) size=1,024 -> 0.006 ms
CountingSort (ascending) size=2,048 -> 0.005 ms
CountingSort (ascending) size=4,096 -> 0.010 ms
CountingSort (ascending) size=8,192 -> 0.015 ms
CountingSort (ascending) size=16,384 -> 0.023 ms
CountingSort (ascending) size=32,768 -> 0.045 ms
CountingSort (ascending) size=65,536 -> 0.087 ms
CountingSort (ascending) size=131,072 -> 0.169 ms
CountingSort (ascending) size=262,144 -> 0.331 ms
CountingSort (ascending) size=524,288 -> 0.643 ms
CountingSort (ascending) size=1,048,576 -> 1.606 ms
CountingSort (ascending) size=2,097,152 -> 2.786 ms
CountingSort (ascending) size=4,194,304 -> 5.834 ms
CountingSort (ascending) size=8,388,608 -> 11.446 ms
CountingSort (ascending) size=16,777,216 -> 21.954 ms
CountingSort (ascending) size=33,554,432 -> 43.326 ms
CountingSort (ascending) size=67,108,864 -> 86.117 ms
CountingSort (ascending) size=134,217,728 -> 173.000 ms
CountingSort (ascending) size=268,435,456 -> 353.453 ms
CountingSort (ascending) size=536,870,912 -> 689.086 ms
CountingSort (descending) size=1,024 -> 0.005 ms
CountingSort (descending) size=2,048 -> 0.006 ms
CountingSort (descending) size=4,096 -> 0.011 ms
CountingSort (descending) size=8,192 -> 0.016 ms
CountingSort (descending) size=16,384 -> 0.032 ms
CountingSort (descending) size=32,768 -> 0.048 ms
CountingSort (descending) size=65,536 -> 0.096 ms
CountingSort (descending) size=131,072 -> 0.184 ms
CountingSort (descending) size=262,144 -> 0.351 ms
CountingSort (descending) size=524,288 -> 0.723 ms
CountingSort (descending) size=1,048,576 -> 1.773 ms
CountingSort (descending) size=2,097,152 -> 3.316 ms
CountingSort (descending) size=4,194,304 -> 5.973 ms
CountingSort (descending) size=8,388,608 -> 12.528 ms
CountingSort (descending) size=16,777,216 -> 24.411 ms
CountingSort (descending) size=33,554,432 -> 48.524 ms
CountingSort (descending) size=67,108,864 -> 94.759 ms
CountingSort (descending) size=134,217,728 -> 191.952 ms
CountingSort (descending) size=268,435,456 -> 395.399 ms
CountingSort (descending) size=536,870,912 -> 773.637 ms
--- iteration 23 of 50 ---
CountingSort (random) size=1,024 -> 0.011 ms
CountingSort (random) size=2,048 -> 0.017 ms
CountingSort (random) size=4,096 -> 0.025 ms
CountingSort (random) size=8,192 -> 0.050 ms
CountingSort (random) size=16,384 -> 0.089 ms
CountingSort (random) size=32,768 -> 0.206 ms
CountingSort (random) size=65,536 -> 0.360 ms
CountingSort (random) size=131,072 -> 0.739 ms
CountingSort (random) size=262,144 -> 1.435 ms
CountingSort (random) size=524,288 -> 2.844 ms
CountingSort (random) size=1,048,576 -> 6.093 ms
CountingSort (random) size=2,097,152 -> 13.219 ms
CountingSort (random) size=4,194,304 -> 27.201 ms
CountingSort (random) size=8,388,608 -> 58.877 ms
CountingSort (random) size=16,777,216 -> 133.098 ms
CountingSort (random) size=33,554,432 -> 286.515 ms
CountingSort (random) size=67,108,864 -> 597.992 ms
CountingSort (random) size=134,217,728 -> 1221.360 ms
CountingSort (random) size=268,435,456 -> 2450.084 ms
CountingSort (random) size=536,870,912 -> 4888.608 ms
CountingSort (ascending) size=1,024 -> 0.007 ms
CountingSort (ascending) size=2,048 -> 0.007 ms
CountingSort (ascending) size=4,096 -> 0.008 ms
CountingSort (ascending) size=8,192 -> 0.014 ms
CountingSort (ascending) size=16,384 -> 0.024 ms
CountingSort (ascending) size=32,768 -> 0.045 ms
CountingSort (ascending) size=65,536 -> 0.087 ms
CountingSort (ascending) size=131,072 -> 0.176 ms
CountingSort (ascending) size=262,144 -> 0.360 ms
CountingSort (ascending) size=524,288 -> 0.716 ms
CountingSort (ascending) size=1,048,576 -> 1.589 ms
CountingSort (ascending) size=2,097,152 -> 3.021 ms
CountingSort (ascending) size=4,194,304 -> 5.493 ms
CountingSort (ascending) size=8,388,608 -> 11.725 ms
CountingSort (ascending) size=16,777,216 -> 22.421 ms
CountingSort (ascending) size=33,554,432 -> 45.453 ms
CountingSort (ascending) size=67,108,864 -> 90.195 ms
CountingSort (ascending) size=134,217,728 -> 173.956 ms
CountingSort (ascending) size=268,435,456 -> 361.185 ms
CountingSort (ascending) size=536,870,912 -> 707.614 ms
CountingSort (descending) size=1,024 -> 0.006 ms
CountingSort (descending) size=2,048 -> 0.008 ms
CountingSort (descending) size=4,096 -> 0.010 ms
CountingSort (descending) size=8,192 -> 0.016 ms
CountingSort (descending) size=16,384 -> 0.028 ms
CountingSort (descending) size=32,768 -> 0.051 ms
CountingSort (descending) size=65,536 -> 0.098 ms
CountingSort (descending) size=131,072 -> 0.188 ms
CountingSort (descending) size=262,144 -> 0.377 ms
CountingSort (descending) size=524,288 -> 0.780 ms
CountingSort (descending) size=1,048,576 -> 1.753 ms
CountingSort (descending) size=2,097,152 -> 3.359 ms
CountingSort (descending) size=4,194,304 -> 6.699 ms
CountingSort (descending) size=8,388,608 -> 12.658 ms
CountingSort (descending) size=16,777,216 -> 24.608 ms
CountingSort (descending) size=33,554,432 -> 49.743 ms
CountingSort (descending) size=67,108,864 -> 99.474 ms
CountingSort (descending) size=134,217,728 -> 199.282 ms
CountingSort (descending) size=268,435,456 -> 398.316 ms
CountingSort (descending) size=536,870,912 -> 1439.627 ms
--- iteration 24 of 50 ---
CountingSort (random) size=1,024 -> 0.011 ms
CountingSort (random) size=2,048 -> 0.015 ms
CountingSort (random) size=4,096 -> 0.026 ms
CountingSort (random) size=8,192 -> 0.046 ms
CountingSort (random) size=16,384 -> 0.093 ms
CountingSort (random) size=32,768 -> 0.178 ms
CountingSort (random) size=65,536 -> 0.358 ms
CountingSort (random) size=131,072 -> 0.720 ms
CountingSort (random) size=262,144 -> 1.421 ms
CountingSort (random) size=524,288 -> 2.867 ms
CountingSort (random) size=1,048,576 -> 5.843 ms
CountingSort (random) size=2,097,152 -> 12.488 ms
CountingSort (random) size=4,194,304 -> 25.515 ms
CountingSort (random) size=8,388,608 -> 56.280 ms
CountingSort (random) size=16,777,216 -> 129.041 ms
CountingSort (random) size=33,554,432 -> 281.427 ms
CountingSort (random) size=67,108,864 -> 585.667 ms
CountingSort (random) size=134,217,728 -> 1196.362 ms
CountingSort (random) size=268,435,456 -> 2428.734 ms
CountingSort (random) size=536,870,912 -> 4918.788 ms
CountingSort (ascending) size=1,024 -> 0.007 ms
CountingSort (ascending) size=2,048 -> 0.006 ms
CountingSort (ascending) size=4,096 -> 0.009 ms
CountingSort (ascending) size=8,192 -> 0.021 ms
CountingSort (ascending) size=16,384 -> 0.026 ms
CountingSort (ascending) size=32,768 -> 0.047 ms
CountingSort (ascending) size=65,536 -> 0.092 ms
CountingSort (ascending) size=131,072 -> 0.182 ms
CountingSort (ascending) size=262,144 -> 0.358 ms
CountingSort (ascending) size=524,288 -> 0.724 ms
CountingSort (ascending) size=1,048,576 -> 1.597 ms
CountingSort (ascending) size=2,097,152 -> 2.831 ms
CountingSort (ascending) size=4,194,304 -> 6.023 ms
CountingSort (ascending) size=8,388,608 -> 12.194 ms
CountingSort (ascending) size=16,777,216 -> 21.585 ms
CountingSort (ascending) size=33,554,432 -> 45.627 ms
CountingSort (ascending) size=67,108,864 -> 89.073 ms
CountingSort (ascending) size=134,217,728 -> 174.231 ms
CountingSort (ascending) size=268,435,456 -> 354.206 ms
CountingSort (ascending) size=536,870,912 -> 703.465 ms
CountingSort (descending) size=1,024 -> 0.006 ms
CountingSort (descending) size=2,048 -> 0.007 ms
CountingSort (descending) size=4,096 -> 0.009 ms
CountingSort (descending) size=8,192 -> 0.015 ms
CountingSort (descending) size=16,384 -> 0.026 ms
CountingSort (descending) size=32,768 -> 0.051 ms
CountingSort (descending) size=65,536 -> 0.097 ms
CountingSort (descending) size=131,072 -> 0.190 ms
CountingSort (descending) size=262,144 -> 0.395 ms
CountingSort (descending) size=524,288 -> 0.762 ms
CountingSort (descending) size=1,048,576 -> 1.766 ms
CountingSort (descending) size=2,097,152 -> 3.574 ms
CountingSort (descending) size=4,194,304 -> 6.590 ms
CountingSort (descending) size=8,388,608 -> 12.622 ms
CountingSort (descending) size=16,777,216 -> 25.044 ms
CountingSort (descending) size=33,554,432 -> 49.559 ms
CountingSort (descending) size=67,108,864 -> 99.619 ms
CountingSort (descending) size=134,217,728 -> 191.936 ms
CountingSort (descending) size=268,435,456 -> 389.207 ms
CountingSort (descending) size=536,870,912 -> 1447.424 ms
--- iteration 25 of 50 ---
CountingSort (random) size=1,024 -> 0.011 ms
CountingSort (random) size=2,048 -> 0.016 ms
CountingSort (random) size=4,096 -> 0.027 ms
CountingSort (random) size=8,192 -> 0.050 ms
CountingSort (random) size=16,384 -> 0.092 ms
CountingSort (random) size=32,768 -> 0.177 ms
CountingSort (random) size=65,536 -> 0.350 ms
CountingSort (random) size=131,072 -> 0.713 ms
CountingSort (random) size=262,144 -> 1.400 ms
CountingSort (random) size=524,288 -> 2.905 ms
CountingSort (random) size=1,048,576 -> 6.508 ms
CountingSort (random) size=2,097,152 -> 12.422 ms
CountingSort (random) size=4,194,304 -> 24.976 ms
CountingSort (random) size=8,388,608 -> 56.949 ms
CountingSort (random) size=16,777,216 -> 129.091 ms
CountingSort (random) size=33,554,432 -> 282.589 ms
CountingSort (random) size=67,108,864 -> 586.560 ms
CountingSort (random) size=134,217,728 -> 1197.528 ms
CountingSort (random) size=268,435,456 -> 2426.819 ms
CountingSort (random) size=536,870,912 -> 4919.439 ms
CountingSort (ascending) size=1,024 -> 0.007 ms
CountingSort (ascending) size=2,048 -> 0.006 ms
CountingSort (ascending) size=4,096 -> 0.009 ms
CountingSort (ascending) size=8,192 -> 0.013 ms
CountingSort (ascending) size=16,384 -> 0.025 ms
CountingSort (ascending) size=32,768 -> 0.043 ms
CountingSort (ascending) size=65,536 -> 0.091 ms
CountingSort (ascending) size=131,072 -> 0.165 ms
CountingSort (ascending) size=262,144 -> 0.329 ms
CountingSort (ascending) size=524,288 -> 0.656 ms
CountingSort (ascending) size=1,048,576 -> 1.709 ms
CountingSort (ascending) size=2,097,152 -> 3.372 ms
CountingSort (ascending) size=4,194,304 -> 5.698 ms
CountingSort (ascending) size=8,388,608 -> 11.363 ms
CountingSort (ascending) size=16,777,216 -> 22.447 ms
CountingSort (ascending) size=33,554,432 -> 44.486 ms
CountingSort (ascending) size=67,108,864 -> 88.653 ms
CountingSort (ascending) size=134,217,728 -> 171.775 ms
CountingSort (ascending) size=268,435,456 -> 360.330 ms
CountingSort (ascending) size=536,870,912 -> 701.838 ms
CountingSort (descending) size=1,024 -> 0.006 ms
CountingSort (descending) size=2,048 -> 0.005 ms
CountingSort (descending) size=4,096 -> 0.008 ms
CountingSort (descending) size=8,192 -> 0.014 ms
CountingSort (descending) size=16,384 -> 0.026 ms
CountingSort (descending) size=32,768 -> 0.049 ms
CountingSort (descending) size=65,536 -> 0.100 ms
CountingSort (descending) size=131,072 -> 0.195 ms
CountingSort (descending) size=262,144 -> 0.378 ms
CountingSort (descending) size=524,288 -> 0.763 ms
CountingSort (descending) size=1,048,576 -> 1.719 ms
CountingSort (descending) size=2,097,152 -> 3.229 ms
CountingSort (descending) size=4,194,304 -> 6.603 ms
CountingSort (descending) size=8,388,608 -> 12.674 ms
CountingSort (descending) size=16,777,216 -> 24.969 ms
CountingSort (descending) size=33,554,432 -> 56.108 ms
CountingSort (descending) size=67,108,864 -> 100.704 ms
CountingSort (descending) size=134,217,728 -> 198.108 ms
CountingSort (descending) size=268,435,456 -> 412.904 ms
CountingSort (descending) size=536,870,912 -> 807.816 ms
--- iteration 26 of 50 ---
CountingSort (random) size=1,024 -> 0.010 ms
CountingSort (random) size=2,048 -> 0.016 ms
CountingSort (random) size=4,096 -> 0.024 ms
CountingSort (random) size=8,192 -> 0.049 ms
CountingSort (random) size=16,384 -> 0.091 ms
CountingSort (random) size=32,768 -> 0.178 ms
CountingSort (random) size=65,536 -> 0.354 ms
CountingSort (random) size=131,072 -> 0.702 ms
CountingSort (random) size=262,144 -> 1.420 ms
CountingSort (random) size=524,288 -> 2.900 ms
CountingSort (random) size=1,048,576 -> 6.400 ms
CountingSort (random) size=2,097,152 -> 12.543 ms
CountingSort (random) size=4,194,304 -> 26.031 ms
CountingSort (random) size=8,388,608 -> 57.420 ms
CountingSort (random) size=16,777,216 -> 131.139 ms
CountingSort (random) size=33,554,432 -> 284.434 ms
CountingSort (random) size=67,108,864 -> 594.343 ms
CountingSort (random) size=134,217,728 -> 1236.397 ms
CountingSort (random) size=268,435,456 -> 2416.589 ms
CountingSort (random) size=536,870,912 -> 4992.782 ms
CountingSort (ascending) size=1,024 -> 0.006 ms
CountingSort (ascending) size=2,048 -> 0.006 ms
CountingSort (ascending) size=4,096 -> 0.009 ms
CountingSort (ascending) size=8,192 -> 0.015 ms
CountingSort (ascending) size=16,384 -> 0.025 ms
CountingSort (ascending) size=32,768 -> 0.048 ms
CountingSort (ascending) size=65,536 -> 0.090 ms
CountingSort (ascending) size=131,072 -> 0.189 ms
CountingSort (ascending) size=262,144 -> 0.323 ms
CountingSort (ascending) size=524,288 -> 0.661 ms
CountingSort (ascending) size=1,048,576 -> 1.523 ms
CountingSort (ascending) size=2,097,152 -> 3.005 ms
CountingSort (ascending) size=4,194,304 -> 5.977 ms
CountingSort (ascending) size=8,388,608 -> 12.068 ms
CountingSort (ascending) size=16,777,216 -> 22.276 ms
CountingSort (ascending) size=33,554,432 -> 43.403 ms
CountingSort (ascending) size=67,108,864 -> 89.104 ms
CountingSort (ascending) size=134,217,728 -> 173.240 ms
CountingSort (ascending) size=268,435,456 -> 350.084 ms
CountingSort (ascending) size=536,870,912 -> 705.089 ms
CountingSort (descending) size=1,024 -> 0.006 ms
CountingSort (descending) size=2,048 -> 0.007 ms
CountingSort (descending) size=4,096 -> 0.008 ms
CountingSort (descending) size=8,192 -> 0.015 ms
CountingSort (descending) size=16,384 -> 0.034 ms
CountingSort (descending) size=32,768 -> 0.051 ms
CountingSort (descending) size=65,536 -> 0.100 ms
CountingSort (descending) size=131,072 -> 0.196 ms
CountingSort (descending) size=262,144 -> 0.381 ms
CountingSort (descending) size=524,288 -> 0.786 ms
CountingSort (descending) size=1,048,576 -> 1.682 ms
CountingSort (descending) size=2,097,152 -> 3.316 ms
CountingSort (descending) size=4,194,304 -> 6.667 ms
CountingSort (descending) size=8,388,608 -> 12.664 ms
CountingSort (descending) size=16,777,216 -> 25.702 ms
CountingSort (descending) size=33,554,432 -> 49.774 ms
CountingSort (descending) size=67,108,864 -> 100.775 ms
CountingSort (descending) size=134,217,728 -> 195.464 ms
CountingSort (descending) size=268,435,456 -> 392.877 ms
CountingSort (descending) size=536,870,912 -> 1476.944 ms
--- iteration 27 of 50 ---
CountingSort (random) size=1,024 -> 0.011 ms
CountingSort (random) size=2,048 -> 0.015 ms
CountingSort (random) size=4,096 -> 0.027 ms
CountingSort (random) size=8,192 -> 0.046 ms
CountingSort (random) size=16,384 -> 0.092 ms
CountingSort (random) size=32,768 -> 0.175 ms
CountingSort (random) size=65,536 -> 0.370 ms
CountingSort (random) size=131,072 -> 0.697 ms
CountingSort (random) size=262,144 -> 1.410 ms
CountingSort (random) size=524,288 -> 2.830 ms
CountingSort (random) size=1,048,576 -> 6.586 ms
CountingSort (random) size=2,097,152 -> 12.797 ms
CountingSort (random) size=4,194,304 -> 25.188 ms
CountingSort (random) size=8,388,608 -> 56.314 ms
CountingSort (random) size=16,777,216 -> 128.764 ms
CountingSort (random) size=33,554,432 -> 280.429 ms
CountingSort (random) size=67,108,864 -> 598.449 ms
CountingSort (random) size=134,217,728 -> 1195.770 ms
CountingSort (random) size=268,435,456 -> 2436.097 ms
CountingSort (random) size=536,870,912 -> 4915.050 ms
CountingSort (ascending) size=1,024 -> 0.006 ms
CountingSort (ascending) size=2,048 -> 0.007 ms
CountingSort (ascending) size=4,096 -> 0.009 ms
CountingSort (ascending) size=8,192 -> 0.013 ms
CountingSort (ascending) size=16,384 -> 0.026 ms
CountingSort (ascending) size=32,768 -> 0.047 ms
CountingSort (ascending) size=65,536 -> 0.090 ms
CountingSort (ascending) size=131,072 -> 0.181 ms
CountingSort (ascending) size=262,144 -> 0.363 ms
CountingSort (ascending) size=524,288 -> 0.715 ms
CountingSort (ascending) size=1,048,576 -> 1.663 ms
CountingSort (ascending) size=2,097,152 -> 3.017 ms
CountingSort (ascending) size=4,194,304 -> 5.865 ms
CountingSort (ascending) size=8,388,608 -> 11.603 ms
CountingSort (ascending) size=16,777,216 -> 21.632 ms
CountingSort (ascending) size=33,554,432 -> 45.226 ms
CountingSort (ascending) size=67,108,864 -> 101.219 ms
CountingSort (ascending) size=134,217,728 -> 173.053 ms
CountingSort (ascending) size=268,435,456 -> 358.149 ms
CountingSort (ascending) size=536,870,912 -> 691.981 ms
CountingSort (descending) size=1,024 -> 0.006 ms
CountingSort (descending) size=2,048 -> 0.006 ms
CountingSort (descending) size=4,096 -> 0.009 ms
CountingSort (descending) size=8,192 -> 0.014 ms
CountingSort (descending) size=16,384 -> 0.028 ms
CountingSort (descending) size=32,768 -> 0.051 ms
CountingSort (descending) size=65,536 -> 0.098 ms
CountingSort (descending) size=131,072 -> 0.191 ms
CountingSort (descending) size=262,144 -> 0.377 ms
CountingSort (descending) size=524,288 -> 0.766 ms
CountingSort (descending) size=1,048,576 -> 1.726 ms
CountingSort (descending) size=2,097,152 -> 3.238 ms
CountingSort (descending) size=4,194,304 -> 6.607 ms
CountingSort (descending) size=8,388,608 -> 12.619 ms
CountingSort (descending) size=16,777,216 -> 25.122 ms
CountingSort (descending) size=33,554,432 -> 51.889 ms
CountingSort (descending) size=67,108,864 -> 98.861 ms
CountingSort (descending) size=134,217,728 -> 196.422 ms
CountingSort (descending) size=268,435,456 -> 392.616 ms
CountingSort (descending) size=536,870,912 -> 1408.988 ms
--- iteration 28 of 50 ---
CountingSort (random) size=1,024 -> 0.010 ms
CountingSort (random) size=2,048 -> 0.015 ms
CountingSort (random) size=4,096 -> 0.026 ms
CountingSort (random) size=8,192 -> 0.046 ms
CountingSort (random) size=16,384 -> 0.088 ms
CountingSort (random) size=32,768 -> 0.170 ms
CountingSort (random) size=65,536 -> 0.358 ms
CountingSort (random) size=131,072 -> 0.708 ms
CountingSort (random) size=262,144 -> 1.422 ms
CountingSort (random) size=524,288 -> 2.866 ms
CountingSort (random) size=1,048,576 -> 6.340 ms
CountingSort (random) size=2,097,152 -> 12.533 ms
CountingSort (random) size=4,194,304 -> 25.532 ms
CountingSort (random) size=8,388,608 -> 57.272 ms
CountingSort (random) size=16,777,216 -> 128.246 ms
CountingSort (random) size=33,554,432 -> 281.599 ms
CountingSort (random) size=67,108,864 -> 585.518 ms
CountingSort (random) size=134,217,728 -> 1198.219 ms
CountingSort (random) size=268,435,456 -> 2402.683 ms
CountingSort (random) size=536,870,912 -> 4876.994 ms
CountingSort (ascending) size=1,024 -> 0.006 ms
CountingSort (ascending) size=2,048 -> 0.007 ms
CountingSort (ascending) size=4,096 -> 0.010 ms
CountingSort (ascending) size=8,192 -> 0.014 ms
CountingSort (ascending) size=16,384 -> 0.025 ms
CountingSort (ascending) size=32,768 -> 0.046 ms
CountingSort (ascending) size=65,536 -> 0.092 ms
CountingSort (ascending) size=131,072 -> 0.175 ms
CountingSort (ascending) size=262,144 -> 0.339 ms
CountingSort (ascending) size=524,288 -> 0.717 ms
CountingSort (ascending) size=1,048,576 -> 1.655 ms
CountingSort (ascending) size=2,097,152 -> 3.321 ms
CountingSort (ascending) size=4,194,304 -> 5.863 ms
CountingSort (ascending) size=8,388,608 -> 12.040 ms
CountingSort (ascending) size=16,777,216 -> 23.055 ms
CountingSort (ascending) size=33,554,432 -> 45.240 ms
CountingSort (ascending) size=67,108,864 -> 95.288 ms
CountingSort (ascending) size=134,217,728 -> 180.028 ms
CountingSort (ascending) size=268,435,456 -> 359.494 ms
CountingSort (ascending) size=536,870,912 -> 719.786 ms
CountingSort (descending) size=1,024 -> 0.006 ms
CountingSort (descending) size=2,048 -> 0.007 ms
CountingSort (descending) size=4,096 -> 0.010 ms
CountingSort (descending) size=8,192 -> 0.016 ms
CountingSort (descending) size=16,384 -> 0.029 ms
CountingSort (descending) size=32,768 -> 0.055 ms
CountingSort (descending) size=65,536 -> 0.098 ms
CountingSort (descending) size=131,072 -> 0.196 ms
CountingSort (descending) size=262,144 -> 0.370 ms
CountingSort (descending) size=524,288 -> 0.790 ms
CountingSort (descending) size=1,048,576 -> 1.671 ms
CountingSort (descending) size=2,097,152 -> 3.319 ms
CountingSort (descending) size=4,194,304 -> 6.620 ms
CountingSort (descending) size=8,388,608 -> 13.113 ms
CountingSort (descending) size=16,777,216 -> 23.724 ms
CountingSort (descending) size=33,554,432 -> 52.586 ms
CountingSort (descending) size=67,108,864 -> 95.221 ms
CountingSort (descending) size=134,217,728 -> 200.817 ms
CountingSort (descending) size=268,435,456 -> 406.212 ms
CountingSort (descending) size=536,870,912 -> 822.885 ms
--- iteration 29 of 50 ---
CountingSort (random) size=1,024 -> 0.010 ms
CountingSort (random) size=2,048 -> 0.015 ms
CountingSort (random) size=4,096 -> 0.024 ms
CountingSort (random) size=8,192 -> 0.048 ms
CountingSort (random) size=16,384 -> 0.092 ms
CountingSort (random) size=32,768 -> 0.177 ms
CountingSort (random) size=65,536 -> 0.362 ms
CountingSort (random) size=131,072 -> 0.709 ms
CountingSort (random) size=262,144 -> 1.424 ms
CountingSort (random) size=524,288 -> 2.913 ms
CountingSort (random) size=1,048,576 -> 6.431 ms
CountingSort (random) size=2,097,152 -> 12.438 ms
CountingSort (random) size=4,194,304 -> 25.615 ms
CountingSort (random) size=8,388,608 -> 55.425 ms
CountingSort (random) size=16,777,216 -> 129.719 ms
CountingSort (random) size=33,554,432 -> 278.757 ms
CountingSort (random) size=67,108,864 -> 595.553 ms
CountingSort (random) size=134,217,728 -> 1233.469 ms
CountingSort (random) size=268,435,456 -> 2427.737 ms
CountingSort (random) size=536,870,912 -> 5007.087 ms
CountingSort (ascending) size=1,024 -> 0.006 ms
CountingSort (ascending) size=2,048 -> 0.007 ms
CountingSort (ascending) size=4,096 -> 0.011 ms
CountingSort (ascending) size=8,192 -> 0.013 ms
CountingSort (ascending) size=16,384 -> 0.024 ms
CountingSort (ascending) size=32,768 -> 0.043 ms
CountingSort (ascending) size=65,536 -> 0.084 ms
CountingSort (ascending) size=131,072 -> 0.163 ms
CountingSort (ascending) size=262,144 -> 0.329 ms
CountingSort (ascending) size=524,288 -> 0.657 ms
CountingSort (ascending) size=1,048,576 -> 1.564 ms
CountingSort (ascending) size=2,097,152 -> 2.834 ms
CountingSort (ascending) size=4,194,304 -> 5.604 ms
CountingSort (ascending) size=8,388,608 -> 11.335 ms
CountingSort (ascending) size=16,777,216 -> 21.635 ms
CountingSort (ascending) size=33,554,432 -> 44.160 ms
CountingSort (ascending) size=67,108,864 -> 90.012 ms
CountingSort (ascending) size=134,217,728 -> 173.102 ms
CountingSort (ascending) size=268,435,456 -> 350.639 ms
CountingSort (ascending) size=536,870,912 -> 730.177 ms
CountingSort (descending) size=1,024 -> 0.006 ms
CountingSort (descending) size=2,048 -> 0.006 ms
CountingSort (descending) size=4,096 -> 0.010 ms
CountingSort (descending) size=8,192 -> 0.015 ms
CountingSort (descending) size=16,384 -> 0.027 ms
CountingSort (descending) size=32,768 -> 0.052 ms
CountingSort (descending) size=65,536 -> 0.095 ms
CountingSort (descending) size=131,072 -> 0.192 ms
CountingSort (descending) size=262,144 -> 0.396 ms
CountingSort (descending) size=524,288 -> 0.787 ms
CountingSort (descending) size=1,048,576 -> 1.772 ms
CountingSort (descending) size=2,097,152 -> 3.550 ms
CountingSort (descending) size=4,194,304 -> 6.697 ms
CountingSort (descending) size=8,388,608 -> 12.736 ms
CountingSort (descending) size=16,777,216 -> 24.681 ms
CountingSort (descending) size=33,554,432 -> 50.900 ms
CountingSort (descending) size=67,108,864 -> 99.817 ms
CountingSort (descending) size=134,217,728 -> 200.149 ms
CountingSort (descending) size=268,435,456 -> 408.281 ms
CountingSort (descending) size=536,870,912 -> 786.831 ms
--- iteration 30 of 50 ---
CountingSort (random) size=1,024 -> 0.011 ms
CountingSort (random) size=2,048 -> 0.015 ms
CountingSort (random) size=4,096 -> 0.026 ms
CountingSort (random) size=8,192 -> 0.047 ms
CountingSort (random) size=16,384 -> 0.093 ms
CountingSort (random) size=32,768 -> 0.177 ms
CountingSort (random) size=65,536 -> 0.359 ms
CountingSort (random) size=131,072 -> 0.711 ms
CountingSort (random) size=262,144 -> 1.432 ms
CountingSort (random) size=524,288 -> 2.932 ms
CountingSort (random) size=1,048,576 -> 6.443 ms
CountingSort (random) size=2,097,152 -> 12.563 ms
CountingSort (random) size=4,194,304 -> 25.123 ms
CountingSort (random) size=8,388,608 -> 55.287 ms
CountingSort (random) size=16,777,216 -> 129.290 ms
CountingSort (random) size=33,554,432 -> 281.439 ms
CountingSort (random) size=67,108,864 -> 588.359 ms
CountingSort (random) size=134,217,728 -> 1194.865 ms
CountingSort (random) size=268,435,456 -> 2429.404 ms
CountingSort (random) size=536,870,912 -> 4918.856 ms
CountingSort (ascending) size=1,024 -> 0.006 ms
CountingSort (ascending) size=2,048 -> 0.006 ms
CountingSort (ascending) size=4,096 -> 0.009 ms
CountingSort (ascending) size=8,192 -> 0.013 ms
CountingSort (ascending) size=16,384 -> 0.026 ms
CountingSort (ascending) size=32,768 -> 0.044 ms
CountingSort (ascending) size=65,536 -> 0.094 ms
CountingSort (ascending) size=131,072 -> 0.179 ms
CountingSort (ascending) size=262,144 -> 0.359 ms
CountingSort (ascending) size=524,288 -> 0.677 ms
CountingSort (ascending) size=1,048,576 -> 1.642 ms
CountingSort (ascending) size=2,097,152 -> 3.309 ms
CountingSort (ascending) size=4,194,304 -> 6.003 ms
CountingSort (ascending) size=8,388,608 -> 11.707 ms
CountingSort (ascending) size=16,777,216 -> 22.337 ms
CountingSort (ascending) size=33,554,432 -> 44.246 ms
CountingSort (ascending) size=67,108,864 -> 92.250 ms
CountingSort (ascending) size=134,217,728 -> 180.964 ms
CountingSort (ascending) size=268,435,456 -> 354.423 ms
CountingSort (ascending) size=536,870,912 -> 734.110 ms
CountingSort (descending) size=1,024 -> 0.006 ms
CountingSort (descending) size=2,048 -> 0.006 ms
CountingSort (descending) size=4,096 -> 0.010 ms
CountingSort (descending) size=8,192 -> 0.014 ms
CountingSort (descending) size=16,384 -> 0.031 ms
CountingSort (descending) size=32,768 -> 0.050 ms
CountingSort (descending) size=65,536 -> 0.096 ms
CountingSort (descending) size=131,072 -> 0.199 ms
CountingSort (descending) size=262,144 -> 0.377 ms
CountingSort (descending) size=524,288 -> 0.754 ms
CountingSort (descending) size=1,048,576 -> 1.700 ms
CountingSort (descending) size=2,097,152 -> 3.218 ms
CountingSort (descending) size=4,194,304 -> 6.533 ms
CountingSort (descending) size=8,388,608 -> 12.528 ms
CountingSort (descending) size=16,777,216 -> 25.088 ms
CountingSort (descending) size=33,554,432 -> 49.537 ms
CountingSort (descending) size=67,108,864 -> 99.332 ms
CountingSort (descending) size=134,217,728 -> 196.840 ms
CountingSort (descending) size=268,435,456 -> 411.885 ms
CountingSort (descending) size=536,870,912 -> 800.234 ms
--- iteration 31 of 50 ---
CountingSort (random) size=1,024 -> 0.010 ms
CountingSort (random) size=2,048 -> 0.015 ms
CountingSort (random) size=4,096 -> 0.024 ms
CountingSort (random) size=8,192 -> 0.045 ms
CountingSort (random) size=16,384 -> 0.090 ms
CountingSort (random) size=32,768 -> 0.177 ms
CountingSort (random) size=65,536 -> 0.347 ms
CountingSort (random) size=131,072 -> 0.695 ms
CountingSort (random) size=262,144 -> 1.352 ms
CountingSort (random) size=524,288 -> 2.808 ms
CountingSort (random) size=1,048,576 -> 6.306 ms
CountingSort (random) size=2,097,152 -> 12.174 ms
CountingSort (random) size=4,194,304 -> 25.234 ms
CountingSort (random) size=8,388,608 -> 53.807 ms
CountingSort (random) size=16,777,216 -> 124.199 ms
CountingSort (random) size=33,554,432 -> 272.398 ms
CountingSort (random) size=67,108,864 -> 584.668 ms
CountingSort (random) size=134,217,728 -> 1198.458 ms
CountingSort (random) size=268,435,456 -> 2356.012 ms
CountingSort (random) size=536,870,912 -> 4861.183 ms
CountingSort (ascending) size=1,024 -> 0.005 ms
CountingSort (ascending) size=2,048 -> 0.006 ms
CountingSort (ascending) size=4,096 -> 0.009 ms
CountingSort (ascending) size=8,192 -> 0.012 ms
CountingSort (ascending) size=16,384 -> 0.027 ms
CountingSort (ascending) size=32,768 -> 0.045 ms
CountingSort (ascending) size=65,536 -> 0.089 ms
CountingSort (ascending) size=131,072 -> 0.164 ms
CountingSort (ascending) size=262,144 -> 0.359 ms
CountingSort (ascending) size=524,288 -> 0.711 ms
CountingSort (ascending) size=1,048,576 -> 1.580 ms
CountingSort (ascending) size=2,097,152 -> 3.220 ms
CountingSort (ascending) size=4,194,304 -> 5.290 ms
CountingSort (ascending) size=8,388,608 -> 11.663 ms
CountingSort (ascending) size=16,777,216 -> 20.983 ms
CountingSort (ascending) size=33,554,432 -> 43.430 ms
CountingSort (ascending) size=67,108,864 -> 87.373 ms
CountingSort (ascending) size=134,217,728 -> 175.080 ms
CountingSort (ascending) size=268,435,456 -> 347.991 ms
CountingSort (ascending) size=536,870,912 -> 692.535 ms
CountingSort (descending) size=1,024 -> 0.006 ms
CountingSort (descending) size=2,048 -> 0.007 ms
CountingSort (descending) size=4,096 -> 0.007 ms
CountingSort (descending) size=8,192 -> 0.014 ms
CountingSort (descending) size=16,384 -> 0.024 ms
CountingSort (descending) size=32,768 -> 0.048 ms
CountingSort (descending) size=65,536 -> 0.093 ms
CountingSort (descending) size=131,072 -> 0.185 ms
CountingSort (descending) size=262,144 -> 0.347 ms
CountingSort (descending) size=524,288 -> 0.667 ms
CountingSort (descending) size=1,048,576 -> 1.621 ms
CountingSort (descending) size=2,097,152 -> 3.316 ms
CountingSort (descending) size=4,194,304 -> 6.254 ms
CountingSort (descending) size=8,388,608 -> 12.363 ms
CountingSort (descending) size=16,777,216 -> 24.056 ms
CountingSort (descending) size=33,554,432 -> 46.161 ms
CountingSort (descending) size=67,108,864 -> 96.055 ms
CountingSort (descending) size=134,217,728 -> 191.071 ms
CountingSort (descending) size=268,435,456 -> 378.706 ms
CountingSort (descending) size=536,870,912 -> 1291.518 ms
--- iteration 32 of 50 ---
CountingSort (random) size=1,024 -> 0.011 ms
CountingSort (random) size=2,048 -> 0.013 ms
CountingSort (random) size=4,096 -> 0.026 ms
CountingSort (random) size=8,192 -> 0.046 ms
CountingSort (random) size=16,384 -> 0.087 ms
CountingSort (random) size=32,768 -> 0.173 ms
CountingSort (random) size=65,536 -> 0.343 ms
CountingSort (random) size=131,072 -> 0.667 ms
CountingSort (random) size=262,144 -> 1.303 ms
CountingSort (random) size=524,288 -> 2.703 ms
CountingSort (random) size=1,048,576 -> 6.209 ms
CountingSort (random) size=2,097,152 -> 11.981 ms
CountingSort (random) size=4,194,304 -> 23.878 ms
CountingSort (random) size=8,388,608 -> 53.248 ms
CountingSort (random) size=16,777,216 -> 122.137 ms
CountingSort (random) size=33,554,432 -> 269.735 ms
CountingSort (random) size=67,108,864 -> 567.558 ms
CountingSort (random) size=134,217,728 -> 1160.207 ms
CountingSort (random) size=268,435,456 -> 2360.356 ms
CountingSort (random) size=536,870,912 -> 4722.813 ms
CountingSort (ascending) size=1,024 -> 0.006 ms
CountingSort (ascending) size=2,048 -> 0.007 ms
CountingSort (ascending) size=4,096 -> 0.009 ms
CountingSort (ascending) size=8,192 -> 0.014 ms
CountingSort (ascending) size=16,384 -> 0.024 ms
CountingSort (ascending) size=32,768 -> 0.045 ms
CountingSort (ascending) size=65,536 -> 0.086 ms
CountingSort (ascending) size=131,072 -> 0.167 ms
CountingSort (ascending) size=262,144 -> 0.323 ms
CountingSort (ascending) size=524,288 -> 0.656 ms
CountingSort (ascending) size=1,048,576 -> 1.537 ms
CountingSort (ascending) size=2,097,152 -> 2.891 ms
CountingSort (ascending) size=4,194,304 -> 5.995 ms
CountingSort (ascending) size=8,388,608 -> 11.758 ms
CountingSort (ascending) size=16,777,216 -> 22.199 ms
CountingSort (ascending) size=33,554,432 -> 44.929 ms
CountingSort (ascending) size=67,108,864 -> 89.191 ms
CountingSort (ascending) size=134,217,728 -> 177.124 ms
CountingSort (ascending) size=268,435,456 -> 365.748 ms
CountingSort (ascending) size=536,870,912 -> 694.045 ms
CountingSort (descending) size=1,024 -> 0.007 ms
CountingSort (descending) size=2,048 -> 0.008 ms
CountingSort (descending) size=4,096 -> 0.009 ms
CountingSort (descending) size=8,192 -> 0.014 ms
CountingSort (descending) size=16,384 -> 0.038 ms
CountingSort (descending) size=32,768 -> 0.049 ms
CountingSort (descending) size=65,536 -> 0.105 ms
CountingSort (descending) size=131,072 -> 0.216 ms
CountingSort (descending) size=262,144 -> 0.363 ms
CountingSort (descending) size=524,288 -> 0.783 ms
CountingSort (descending) size=1,048,576 -> 1.794 ms
CountingSort (descending) size=2,097,152 -> 3.354 ms
CountingSort (descending) size=4,194,304 -> 5.708 ms
CountingSort (descending) size=8,388,608 -> 12.215 ms
CountingSort (descending) size=16,777,216 -> 22.844 ms
CountingSort (descending) size=33,554,432 -> 48.171 ms
CountingSort (descending) size=67,108,864 -> 96.331 ms
CountingSort (descending) size=134,217,728 -> 187.076 ms
CountingSort (descending) size=268,435,456 -> 387.390 ms
CountingSort (descending) size=536,870,912 -> 765.136 ms
--- iteration 33 of 50 ---
CountingSort (random) size=1,024 -> 0.012 ms
CountingSort (random) size=2,048 -> 0.017 ms
CountingSort (random) size=4,096 -> 0.023 ms
CountingSort (random) size=8,192 -> 0.045 ms
CountingSort (random) size=16,384 -> 0.093 ms
CountingSort (random) size=32,768 -> 0.172 ms
CountingSort (random) size=65,536 -> 0.349 ms
CountingSort (random) size=131,072 -> 0.671 ms
CountingSort (random) size=262,144 -> 1.324 ms
CountingSort (random) size=524,288 -> 2.722 ms
CountingSort (random) size=1,048,576 -> 6.269 ms
CountingSort (random) size=2,097,152 -> 11.870 ms
CountingSort (random) size=4,194,304 -> 24.744 ms
CountingSort (random) size=8,388,608 -> 53.941 ms
CountingSort (random) size=16,777,216 -> 124.530 ms
CountingSort (random) size=33,554,432 -> 270.452 ms
CountingSort (random) size=67,108,864 -> 561.327 ms
CountingSort (random) size=134,217,728 -> 1152.686 ms
CountingSort (random) size=268,435,456 -> 2392.178 ms
CountingSort (random) size=536,870,912 -> 4684.950 ms
CountingSort (ascending) size=1,024 -> 0.006 ms
CountingSort (ascending) size=2,048 -> 0.006 ms
CountingSort (ascending) size=4,096 -> 0.008 ms
CountingSort (ascending) size=8,192 -> 0.012 ms
CountingSort (ascending) size=16,384 -> 0.025 ms
CountingSort (ascending) size=32,768 -> 0.044 ms
CountingSort (ascending) size=65,536 -> 0.087 ms
CountingSort (ascending) size=131,072 -> 0.182 ms
CountingSort (ascending) size=262,144 -> 0.308 ms
CountingSort (ascending) size=524,288 -> 0.618 ms
CountingSort (ascending) size=1,048,576 -> 1.462 ms
CountingSort (ascending) size=2,097,152 -> 2.917 ms
CountingSort (ascending) size=4,194,304 -> 5.700 ms
CountingSort (ascending) size=8,388,608 -> 10.892 ms
CountingSort (ascending) size=16,777,216 -> 20.954 ms
CountingSort (ascending) size=33,554,432 -> 42.262 ms
CountingSort (ascending) size=67,108,864 -> 82.400 ms
CountingSort (ascending) size=134,217,728 -> 167.868 ms
CountingSort (ascending) size=268,435,456 -> 340.291 ms
CountingSort (ascending) size=536,870,912 -> 677.734 ms
CountingSort (descending) size=1,024 -> 0.007 ms
CountingSort (descending) size=2,048 -> 0.006 ms
CountingSort (descending) size=4,096 -> 0.009 ms
CountingSort (descending) size=8,192 -> 0.014 ms
CountingSort (descending) size=16,384 -> 0.026 ms
CountingSort (descending) size=32,768 -> 0.054 ms
CountingSort (descending) size=65,536 -> 0.095 ms
CountingSort (descending) size=131,072 -> 0.187 ms
CountingSort (descending) size=262,144 -> 0.334 ms
CountingSort (descending) size=524,288 -> 0.700 ms
CountingSort (descending) size=1,048,576 -> 1.517 ms
CountingSort (descending) size=2,097,152 -> 3.387 ms
CountingSort (descending) size=4,194,304 -> 6.293 ms
CountingSort (descending) size=8,388,608 -> 12.148 ms
CountingSort (descending) size=16,777,216 -> 23.860 ms
CountingSort (descending) size=33,554,432 -> 48.591 ms
CountingSort (descending) size=67,108,864 -> 92.787 ms
CountingSort (descending) size=134,217,728 -> 184.774 ms
CountingSort (descending) size=268,435,456 -> 370.490 ms
CountingSort (descending) size=536,870,912 -> 1239.842 ms
--- iteration 34 of 50 ---
CountingSort (random) size=1,024 -> 0.011 ms
CountingSort (random) size=2,048 -> 0.016 ms
CountingSort (random) size=4,096 -> 0.025 ms
CountingSort (random) size=8,192 -> 0.050 ms
CountingSort (random) size=16,384 -> 0.083 ms
CountingSort (random) size=32,768 -> 0.185 ms
CountingSort (random) size=65,536 -> 0.327 ms
CountingSort (random) size=131,072 -> 0.673 ms
CountingSort (random) size=262,144 -> 1.326 ms
CountingSort (random) size=524,288 -> 2.725 ms
CountingSort (random) size=1,048,576 -> 6.097 ms
CountingSort (random) size=2,097,152 -> 11.769 ms
CountingSort (random) size=4,194,304 -> 23.358 ms
CountingSort (random) size=8,388,608 -> 52.993 ms
CountingSort (random) size=16,777,216 -> 124.650 ms
CountingSort (random) size=33,554,432 -> 267.764 ms
CountingSort (random) size=67,108,864 -> 559.543 ms
CountingSort (random) size=134,217,728 -> 1144.681 ms
CountingSort (random) size=268,435,456 -> 2330.260 ms
CountingSort (random) size=536,870,912 -> 4708.414 ms
CountingSort (ascending) size=1,024 -> 0.005 ms
CountingSort (ascending) size=2,048 -> 0.006 ms
CountingSort (ascending) size=4,096 -> 0.012 ms
CountingSort (ascending) size=8,192 -> 0.014 ms
CountingSort (ascending) size=16,384 -> 0.030 ms
CountingSort (ascending) size=32,768 -> 0.042 ms
CountingSort (ascending) size=65,536 -> 0.080 ms
CountingSort (ascending) size=131,072 -> 0.165 ms
CountingSort (ascending) size=262,144 -> 0.331 ms
CountingSort (ascending) size=524,288 -> 0.666 ms
CountingSort (ascending) size=1,048,576 -> 1.516 ms
CountingSort (ascending) size=2,097,152 -> 3.024 ms
CountingSort (ascending) size=4,194,304 -> 5.708 ms
CountingSort (ascending) size=8,388,608 -> 11.615 ms
CountingSort (ascending) size=16,777,216 -> 20.759 ms
CountingSort (ascending) size=33,554,432 -> 42.365 ms
CountingSort (ascending) size=67,108,864 -> 85.487 ms
CountingSort (ascending) size=134,217,728 -> 168.977 ms
CountingSort (ascending) size=268,435,456 -> 335.333 ms
CountingSort (ascending) size=536,870,912 -> 674.368 ms
CountingSort (descending) size=1,024 -> 0.006 ms
CountingSort (descending) size=2,048 -> 0.006 ms
CountingSort (descending) size=4,096 -> 0.010 ms
CountingSort (descending) size=8,192 -> 0.014 ms
CountingSort (descending) size=16,384 -> 0.026 ms
CountingSort (descending) size=32,768 -> 0.044 ms
CountingSort (descending) size=65,536 -> 0.086 ms
CountingSort (descending) size=131,072 -> 0.182 ms
CountingSort (descending) size=262,144 -> 0.361 ms
CountingSort (descending) size=524,288 -> 0.705 ms
CountingSort (descending) size=1,048,576 -> 1.616 ms
CountingSort (descending) size=2,097,152 -> 3.331 ms
CountingSort (descending) size=4,194,304 -> 6.421 ms
CountingSort (descending) size=8,388,608 -> 12.549 ms
CountingSort (descending) size=16,777,216 -> 23.573 ms
CountingSort (descending) size=33,554,432 -> 47.573 ms
CountingSort (descending) size=67,108,864 -> 96.051 ms
CountingSort (descending) size=134,217,728 -> 186.166 ms
CountingSort (descending) size=268,435,456 -> 371.109 ms
CountingSort (descending) size=536,870,912 -> 1248.965 ms
--- iteration 35 of 50 ---
CountingSort (random) size=1,024 -> 0.011 ms
CountingSort (random) size=2,048 -> 0.014 ms
CountingSort (random) size=4,096 -> 0.024 ms
CountingSort (random) size=8,192 -> 0.045 ms
CountingSort (random) size=16,384 -> 0.093 ms
CountingSort (random) size=32,768 -> 0.165 ms
CountingSort (random) size=65,536 -> 0.332 ms
CountingSort (random) size=131,072 -> 0.665 ms
CountingSort (random) size=262,144 -> 1.358 ms
CountingSort (random) size=524,288 -> 2.639 ms
CountingSort (random) size=1,048,576 -> 6.237 ms
CountingSort (random) size=2,097,152 -> 11.633 ms
CountingSort (random) size=4,194,304 -> 23.455 ms
CountingSort (random) size=8,388,608 -> 53.101 ms
CountingSort (random) size=16,777,216 -> 121.487 ms
CountingSort (random) size=33,554,432 -> 267.073 ms
CountingSort (random) size=67,108,864 -> 562.139 ms
CountingSort (random) size=134,217,728 -> 1134.950 ms
CountingSort (random) size=268,435,456 -> 2322.071 ms
CountingSort (random) size=536,870,912 -> 4673.578 ms
CountingSort (ascending) size=1,024 -> 0.007 ms
CountingSort (ascending) size=2,048 -> 0.008 ms
CountingSort (ascending) size=4,096 -> 0.008 ms
CountingSort (ascending) size=8,192 -> 0.014 ms
CountingSort (ascending) size=16,384 -> 0.024 ms
CountingSort (ascending) size=32,768 -> 0.045 ms
CountingSort (ascending) size=65,536 -> 0.089 ms
CountingSort (ascending) size=131,072 -> 0.179 ms
CountingSort (ascending) size=262,144 -> 0.333 ms
CountingSort (ascending) size=524,288 -> 0.648 ms
CountingSort (ascending) size=1,048,576 -> 1.603 ms
CountingSort (ascending) size=2,097,152 -> 2.820 ms
CountingSort (ascending) size=4,194,304 -> 5.910 ms
CountingSort (ascending) size=8,388,608 -> 11.209 ms
CountingSort (ascending) size=16,777,216 -> 22.008 ms
CountingSort (ascending) size=33,554,432 -> 43.626 ms
CountingSort (ascending) size=67,108,864 -> 86.814 ms
CountingSort (ascending) size=134,217,728 -> 175.174 ms
CountingSort (ascending) size=268,435,456 -> 361.348 ms
CountingSort (ascending) size=536,870,912 -> 698.063 ms
CountingSort (descending) size=1,024 -> 0.006 ms
CountingSort (descending) size=2,048 -> 0.005 ms
CountingSort (descending) size=4,096 -> 0.009 ms
CountingSort (descending) size=8,192 -> 0.018 ms
CountingSort (descending) size=16,384 -> 0.023 ms
CountingSort (descending) size=32,768 -> 0.047 ms
CountingSort (descending) size=65,536 -> 0.085 ms
CountingSort (descending) size=131,072 -> 0.163 ms
CountingSort (descending) size=262,144 -> 0.364 ms
CountingSort (descending) size=524,288 -> 0.760 ms
CountingSort (descending) size=1,048,576 -> 1.647 ms
CountingSort (descending) size=2,097,152 -> 3.208 ms
CountingSort (descending) size=4,194,304 -> 5.889 ms
CountingSort (descending) size=8,388,608 -> 11.908 ms
CountingSort (descending) size=16,777,216 -> 22.286 ms
CountingSort (descending) size=33,554,432 -> 45.285 ms
CountingSort (descending) size=67,108,864 -> 95.287 ms
CountingSort (descending) size=134,217,728 -> 183.470 ms
CountingSort (descending) size=268,435,456 -> 373.743 ms
CountingSort (descending) size=536,870,912 -> 749.572 ms
--- iteration 36 of 50 ---
CountingSort (random) size=1,024 -> 0.010 ms
CountingSort (random) size=2,048 -> 0.016 ms
CountingSort (random) size=4,096 -> 0.026 ms
CountingSort (random) size=8,192 -> 0.045 ms
CountingSort (random) size=16,384 -> 0.088 ms
CountingSort (random) size=32,768 -> 0.168 ms
CountingSort (random) size=65,536 -> 0.341 ms
CountingSort (random) size=131,072 -> 0.664 ms
CountingSort (random) size=262,144 -> 1.361 ms
CountingSort (random) size=524,288 -> 2.772 ms
CountingSort (random) size=1,048,576 -> 5.879 ms
CountingSort (random) size=2,097,152 -> 12.093 ms
CountingSort (random) size=4,194,304 -> 23.928 ms
CountingSort (random) size=8,388,608 -> 53.030 ms
CountingSort (random) size=16,777,216 -> 121.455 ms
CountingSort (random) size=33,554,432 -> 268.688 ms
CountingSort (random) size=67,108,864 -> 559.504 ms
CountingSort (random) size=134,217,728 -> 1167.282 ms
CountingSort (random) size=268,435,456 -> 2317.216 ms
CountingSort (random) size=536,870,912 -> 4687.566 ms
CountingSort (ascending) size=1,024 -> 0.006 ms
CountingSort (ascending) size=2,048 -> 0.007 ms
CountingSort (ascending) size=4,096 -> 0.008 ms
CountingSort (ascending) size=8,192 -> 0.016 ms
CountingSort (ascending) size=16,384 -> 0.022 ms
CountingSort (ascending) size=32,768 -> 0.044 ms
CountingSort (ascending) size=65,536 -> 0.079 ms
CountingSort (ascending) size=131,072 -> 0.161 ms
CountingSort (ascending) size=262,144 -> 0.330 ms
CountingSort (ascending) size=524,288 -> 0.660 ms
CountingSort (ascending) size=1,048,576 -> 1.548 ms
CountingSort (ascending) size=2,097,152 -> 3.173 ms
CountingSort (ascending) size=4,194,304 -> 5.666 ms
CountingSort (ascending) size=8,388,608 -> 10.741 ms
CountingSort (ascending) size=16,777,216 -> 22.004 ms
CountingSort (ascending) size=33,554,432 -> 44.775 ms
CountingSort (ascending) size=67,108,864 -> 86.970 ms
CountingSort (ascending) size=134,217,728 -> 170.284 ms
CountingSort (ascending) size=268,435,456 -> 338.516 ms
CountingSort (ascending) size=536,870,912 -> 690.197 ms
CountingSort (descending) size=1,024 -> 0.007 ms
CountingSort (descending) size=2,048 -> 0.006 ms
CountingSort (descending) size=4,096 -> 0.007 ms
CountingSort (descending) size=8,192 -> 0.017 ms
CountingSort (descending) size=16,384 -> 0.025 ms
CountingSort (descending) size=32,768 -> 0.055 ms
CountingSort (descending) size=65,536 -> 0.096 ms
CountingSort (descending) size=131,072 -> 0.177 ms
CountingSort (descending) size=262,144 -> 0.363 ms
CountingSort (descending) size=524,288 -> 0.706 ms
CountingSort (descending) size=1,048,576 -> 1.616 ms
CountingSort (descending) size=2,097,152 -> 3.411 ms
CountingSort (descending) size=4,194,304 -> 6.364 ms
CountingSort (descending) size=8,388,608 -> 12.086 ms
CountingSort (descending) size=16,777,216 -> 23.624 ms
CountingSort (descending) size=33,554,432 -> 47.792 ms
CountingSort (descending) size=67,108,864 -> 94.680 ms
CountingSort (descending) size=134,217,728 -> 188.163 ms
CountingSort (descending) size=268,435,456 -> 377.295 ms
CountingSort (descending) size=536,870,912 -> 1251.892 ms
--- iteration 37 of 50 ---
CountingSort (random) size=1,024 -> 0.012 ms
CountingSort (random) size=2,048 -> 0.016 ms
CountingSort (random) size=4,096 -> 0.027 ms
CountingSort (random) size=8,192 -> 0.052 ms
CountingSort (random) size=16,384 -> 0.092 ms
CountingSort (random) size=32,768 -> 0.169 ms
CountingSort (random) size=65,536 -> 0.339 ms
CountingSort (random) size=131,072 -> 0.672 ms
CountingSort (random) size=262,144 -> 1.359 ms
CountingSort (random) size=524,288 -> 2.706 ms
CountingSort (random) size=1,048,576 -> 6.131 ms
CountingSort (random) size=2,097,152 -> 11.875 ms
CountingSort (random) size=4,194,304 -> 23.603 ms
CountingSort (random) size=8,388,608 -> 51.941 ms
CountingSort (random) size=16,777,216 -> 120.486 ms
CountingSort (random) size=33,554,432 -> 269.199 ms
CountingSort (random) size=67,108,864 -> 563.264 ms
CountingSort (random) size=134,217,728 -> 1147.730 ms
CountingSort (random) size=268,435,456 -> 2297.995 ms
CountingSort (random) size=536,870,912 -> 4656.167 ms
CountingSort (ascending) size=1,024 -> 0.006 ms
CountingSort (ascending) size=2,048 -> 0.005 ms
CountingSort (ascending) size=4,096 -> 0.011 ms
CountingSort (ascending) size=8,192 -> 0.014 ms
CountingSort (ascending) size=16,384 -> 0.029 ms
CountingSort (ascending) size=32,768 -> 0.046 ms
CountingSort (ascending) size=65,536 -> 0.086 ms
CountingSort (ascending) size=131,072 -> 0.182 ms
CountingSort (ascending) size=262,144 -> 0.324 ms
CountingSort (ascending) size=524,288 -> 0.675 ms
CountingSort (ascending) size=1,048,576 -> 1.577 ms
CountingSort (ascending) size=2,097,152 -> 2.880 ms
CountingSort (ascending) size=4,194,304 -> 5.561 ms
CountingSort (ascending) size=8,388,608 -> 11.249 ms
CountingSort (ascending) size=16,777,216 -> 21.326 ms
CountingSort (ascending) size=33,554,432 -> 41.805 ms
CountingSort (ascending) size=67,108,864 -> 86.292 ms
CountingSort (ascending) size=134,217,728 -> 173.385 ms
CountingSort (ascending) size=268,435,456 -> 352.985 ms
CountingSort (ascending) size=536,870,912 -> 709.331 ms
CountingSort (descending) size=1,024 -> 0.006 ms
CountingSort (descending) size=2,048 -> 0.007 ms
CountingSort (descending) size=4,096 -> 0.009 ms
CountingSort (descending) size=8,192 -> 0.014 ms
CountingSort (descending) size=16,384 -> 0.027 ms
CountingSort (descending) size=32,768 -> 0.049 ms
CountingSort (descending) size=65,536 -> 0.084 ms
CountingSort (descending) size=131,072 -> 0.164 ms
CountingSort (descending) size=262,144 -> 0.324 ms
CountingSort (descending) size=524,288 -> 0.699 ms
CountingSort (descending) size=1,048,576 -> 1.539 ms
CountingSort (descending) size=2,097,152 -> 3.168 ms
CountingSort (descending) size=4,194,304 -> 6.373 ms
CountingSort (descending) size=8,388,608 -> 12.334 ms
CountingSort (descending) size=16,777,216 -> 22.727 ms
CountingSort (descending) size=33,554,432 -> 44.496 ms
CountingSort (descending) size=67,108,864 -> 89.462 ms
CountingSort (descending) size=134,217,728 -> 179.456 ms
CountingSort (descending) size=268,435,456 -> 368.761 ms
CountingSort (descending) size=536,870,912 -> 714.378 ms
--- iteration 38 of 50 ---
CountingSort (random) size=1,024 -> 0.011 ms
CountingSort (random) size=2,048 -> 0.016 ms
CountingSort (random) size=4,096 -> 0.030 ms
CountingSort (random) size=8,192 -> 0.044 ms
CountingSort (random) size=16,384 -> 0.083 ms
CountingSort (random) size=32,768 -> 0.177 ms
CountingSort (random) size=65,536 -> 0.334 ms
CountingSort (random) size=131,072 -> 0.664 ms
CountingSort (random) size=262,144 -> 1.354 ms
CountingSort (random) size=524,288 -> 2.769 ms
CountingSort (random) size=1,048,576 -> 5.676 ms
CountingSort (random) size=2,097,152 -> 11.771 ms
CountingSort (random) size=4,194,304 -> 23.965 ms
CountingSort (random) size=8,388,608 -> 52.704 ms
CountingSort (random) size=16,777,216 -> 120.948 ms
CountingSort (random) size=33,554,432 -> 264.357 ms
CountingSort (random) size=67,108,864 -> 551.679 ms
CountingSort (random) size=134,217,728 -> 1164.962 ms
CountingSort (random) size=268,435,456 -> 2314.325 ms
CountingSort (random) size=536,870,912 -> 4678.102 ms
CountingSort (ascending) size=1,024 -> 0.006 ms
CountingSort (ascending) size=2,048 -> 0.005 ms
CountingSort (ascending) size=4,096 -> 0.011 ms
CountingSort (ascending) size=8,192 -> 0.015 ms
CountingSort (ascending) size=16,384 -> 0.024 ms
CountingSort (ascending) size=32,768 -> 0.045 ms
CountingSort (ascending) size=65,536 -> 0.087 ms
CountingSort (ascending) size=131,072 -> 0.169 ms
CountingSort (ascending) size=262,144 -> 0.333 ms
CountingSort (ascending) size=524,288 -> 0.668 ms
CountingSort (ascending) size=1,048,576 -> 1.543 ms
CountingSort (ascending) size=2,097,152 -> 2.752 ms
CountingSort (ascending) size=4,194,304 -> 5.705 ms
CountingSort (ascending) size=8,388,608 -> 11.566 ms
CountingSort (ascending) size=16,777,216 -> 22.764 ms
CountingSort (ascending) size=33,554,432 -> 42.720 ms
CountingSort (ascending) size=67,108,864 -> 88.790 ms
CountingSort (ascending) size=134,217,728 -> 171.216 ms
CountingSort (ascending) size=268,435,456 -> 342.322 ms
CountingSort (ascending) size=536,870,912 -> 686.293 ms
CountingSort (descending) size=1,024 -> 0.007 ms
CountingSort (descending) size=2,048 -> 0.005 ms
CountingSort (descending) size=4,096 -> 0.010 ms
CountingSort (descending) size=8,192 -> 0.014 ms
CountingSort (descending) size=16,384 -> 0.026 ms
CountingSort (descending) size=32,768 -> 0.047 ms
CountingSort (descending) size=65,536 -> 0.091 ms
CountingSort (descending) size=131,072 -> 0.176 ms
CountingSort (descending) size=262,144 -> 0.356 ms
CountingSort (descending) size=524,288 -> 0.714 ms
CountingSort (descending) size=1,048,576 -> 1.601 ms
CountingSort (descending) size=2,097,152 -> 3.327 ms
CountingSort (descending) size=4,194,304 -> 6.463 ms
CountingSort (descending) size=8,388,608 -> 12.117 ms
CountingSort (descending) size=16,777,216 -> 23.572 ms
CountingSort (descending) size=33,554,432 -> 45.997 ms
CountingSort (descending) size=67,108,864 -> 93.208 ms
CountingSort (descending) size=134,217,728 -> 183.254 ms
CountingSort (descending) size=268,435,456 -> 368.655 ms
CountingSort (descending) size=536,870,912 -> 1266.258 ms
--- iteration 39 of 50 ---
CountingSort (random) size=1,024 -> 0.010 ms
CountingSort (random) size=2,048 -> 0.017 ms
CountingSort (random) size=4,096 -> 0.024 ms
CountingSort (random) size=8,192 -> 0.052 ms
CountingSort (random) size=16,384 -> 0.094 ms
CountingSort (random) size=32,768 -> 0.168 ms
CountingSort (random) size=65,536 -> 0.330 ms
CountingSort (random) size=131,072 -> 0.662 ms
CountingSort (random) size=262,144 -> 1.338 ms
CountingSort (random) size=524,288 -> 2.642 ms
CountingSort (random) size=1,048,576 -> 6.134 ms
CountingSort (random) size=2,097,152 -> 11.872 ms
CountingSort (random) size=4,194,304 -> 23.544 ms
CountingSort (random) size=8,388,608 -> 52.388 ms
CountingSort (random) size=16,777,216 -> 121.365 ms
CountingSort (random) size=33,554,432 -> 266.946 ms
CountingSort (random) size=67,108,864 -> 561.734 ms
CountingSort (random) size=134,217,728 -> 1139.572 ms
CountingSort (random) size=268,435,456 -> 2319.670 ms
CountingSort (random) size=536,870,912 -> 4736.859 ms
CountingSort (ascending) size=1,024 -> 0.006 ms
CountingSort (ascending) size=2,048 -> 0.008 ms
CountingSort (ascending) size=4,096 -> 0.008 ms
CountingSort (ascending) size=8,192 -> 0.013 ms
CountingSort (ascending) size=16,384 -> 0.024 ms
CountingSort (ascending) size=32,768 -> 0.045 ms
CountingSort (ascending) size=65,536 -> 0.086 ms
CountingSort (ascending) size=131,072 -> 0.174 ms
CountingSort (ascending) size=262,144 -> 0.333 ms
CountingSort (ascending) size=524,288 -> 0.678 ms
CountingSort (ascending) size=1,048,576 -> 1.568 ms
CountingSort (ascending) size=2,097,152 -> 3.101 ms
CountingSort (ascending) size=4,194,304 -> 5.557 ms
CountingSort (ascending) size=8,388,608 -> 11.217 ms
CountingSort (ascending) size=16,777,216 -> 21.978 ms
CountingSort (ascending) size=33,554,432 -> 44.141 ms
CountingSort (ascending) size=67,108,864 -> 86.392 ms
CountingSort (ascending) size=134,217,728 -> 174.804 ms
CountingSort (ascending) size=268,435,456 -> 348.086 ms
CountingSort (ascending) size=536,870,912 -> 694.500 ms
CountingSort (descending) size=1,024 -> 0.006 ms
CountingSort (descending) size=2,048 -> 0.007 ms
CountingSort (descending) size=4,096 -> 0.009 ms
CountingSort (descending) size=8,192 -> 0.016 ms
CountingSort (descending) size=16,384 -> 0.024 ms
CountingSort (descending) size=32,768 -> 0.049 ms
CountingSort (descending) size=65,536 -> 0.090 ms
CountingSort (descending) size=131,072 -> 0.176 ms
CountingSort (descending) size=262,144 -> 0.322 ms
CountingSort (descending) size=524,288 -> 0.654 ms
CountingSort (descending) size=1,048,576 -> 1.664 ms
CountingSort (descending) size=2,097,152 -> 3.385 ms
CountingSort (descending) size=4,194,304 -> 6.364 ms
CountingSort (descending) size=8,388,608 -> 12.131 ms
CountingSort (descending) size=16,777,216 -> 23.623 ms
CountingSort (descending) size=33,554,432 -> 46.073 ms
CountingSort (descending) size=67,108,864 -> 91.809 ms
CountingSort (descending) size=134,217,728 -> 186.831 ms
CountingSort (descending) size=268,435,456 -> 374.624 ms
CountingSort (descending) size=536,870,912 -> 1253.246 ms
--- iteration 40 of 50 ---
CountingSort (random) size=1,024 -> 0.012 ms
CountingSort (random) size=2,048 -> 0.014 ms
CountingSort (random) size=4,096 -> 0.025 ms
CountingSort (random) size=8,192 -> 0.044 ms
CountingSort (random) size=16,384 -> 0.082 ms
CountingSort (random) size=32,768 -> 0.166 ms
CountingSort (random) size=65,536 -> 0.335 ms
CountingSort (random) size=131,072 -> 0.697 ms
CountingSort (random) size=262,144 -> 1.332 ms
CountingSort (random) size=524,288 -> 2.789 ms
CountingSort (random) size=1,048,576 -> 6.189 ms
CountingSort (random) size=2,097,152 -> 11.794 ms
CountingSort (random) size=4,194,304 -> 23.433 ms
CountingSort (random) size=8,388,608 -> 53.411 ms
CountingSort (random) size=16,777,216 -> 122.001 ms
CountingSort (random) size=33,554,432 -> 266.320 ms
CountingSort (random) size=67,108,864 -> 559.372 ms
CountingSort (random) size=134,217,728 -> 1135.388 ms
CountingSort (random) size=268,435,456 -> 2309.579 ms
CountingSort (random) size=536,870,912 -> 4647.388 ms
CountingSort (ascending) size=1,024 -> 0.007 ms
CountingSort (ascending) size=2,048 -> 0.007 ms
CountingSort (ascending) size=4,096 -> 0.011 ms
CountingSort (ascending) size=8,192 -> 0.015 ms
CountingSort (ascending) size=16,384 -> 0.029 ms
CountingSort (ascending) size=32,768 -> 0.051 ms
CountingSort (ascending) size=65,536 -> 0.086 ms
CountingSort (ascending) size=131,072 -> 0.153 ms
CountingSort (ascending) size=262,144 -> 0.325 ms
CountingSort (ascending) size=524,288 -> 0.664 ms
CountingSort (ascending) size=1,048,576 -> 1.577 ms
CountingSort (ascending) size=2,097,152 -> 2.903 ms
CountingSort (ascending) size=4,194,304 -> 5.850 ms
CountingSort (ascending) size=8,388,608 -> 11.064 ms
CountingSort (ascending) size=16,777,216 -> 21.862 ms
CountingSort (ascending) size=33,554,432 -> 44.025 ms
CountingSort (ascending) size=67,108,864 -> 83.190 ms
CountingSort (ascending) size=134,217,728 -> 170.000 ms
CountingSort (ascending) size=268,435,456 -> 344.258 ms
CountingSort (ascending) size=536,870,912 -> 676.627 ms
CountingSort (descending) size=1,024 -> 0.006 ms
CountingSort (descending) size=2,048 -> 0.007 ms
CountingSort (descending) size=4,096 -> 0.008 ms
CountingSort (descending) size=8,192 -> 0.016 ms
CountingSort (descending) size=16,384 -> 0.032 ms
CountingSort (descending) size=32,768 -> 0.048 ms
CountingSort (descending) size=65,536 -> 0.092 ms
CountingSort (descending) size=131,072 -> 0.180 ms
CountingSort (descending) size=262,144 -> 0.365 ms
CountingSort (descending) size=524,288 -> 0.745 ms
CountingSort (descending) size=1,048,576 -> 1.649 ms
CountingSort (descending) size=2,097,152 -> 3.361 ms
CountingSort (descending) size=4,194,304 -> 6.005 ms
CountingSort (descending) size=8,388,608 -> 12.194 ms
CountingSort (descending) size=16,777,216 -> 23.883 ms
CountingSort (descending) size=33,554,432 -> 47.803 ms
CountingSort (descending) size=67,108,864 -> 98.356 ms
CountingSort (descending) size=134,217,728 -> 188.787 ms
CountingSort (descending) size=268,435,456 -> 371.334 ms
CountingSort (descending) size=536,870,912 -> 753.637 ms
--- iteration 41 of 50 ---
CountingSort (random) size=1,024 -> 0.012 ms
CountingSort (random) size=2,048 -> 0.014 ms
CountingSort (random) size=4,096 -> 0.026 ms
CountingSort (random) size=8,192 -> 0.053 ms
CountingSort (random) size=16,384 -> 0.085 ms
CountingSort (random) size=32,768 -> 0.176 ms
CountingSort (random) size=65,536 -> 0.335 ms
CountingSort (random) size=131,072 -> 0.669 ms
CountingSort (random) size=262,144 -> 1.296 ms
CountingSort (random) size=524,288 -> 2.804 ms
CountingSort (random) size=1,048,576 -> 6.144 ms
CountingSort (random) size=2,097,152 -> 11.862 ms
CountingSort (random) size=4,194,304 -> 24.280 ms
CountingSort (random) size=8,388,608 -> 52.536 ms
CountingSort (random) size=16,777,216 -> 124.873 ms
CountingSort (random) size=33,554,432 -> 266.207 ms
CountingSort (random) size=67,108,864 -> 557.498 ms
CountingSort (random) size=134,217,728 -> 1135.098 ms
CountingSort (random) size=268,435,456 -> 2353.539 ms
CountingSort (random) size=536,870,912 -> 4663.493 ms
CountingSort (ascending) size=1,024 -> 0.007 ms
CountingSort (ascending) size=2,048 -> 0.006 ms
CountingSort (ascending) size=4,096 -> 0.008 ms
CountingSort (ascending) size=8,192 -> 0.012 ms
CountingSort (ascending) size=16,384 -> 0.029 ms
CountingSort (ascending) size=32,768 -> 0.048 ms
CountingSort (ascending) size=65,536 -> 0.092 ms
CountingSort (ascending) size=131,072 -> 0.164 ms
CountingSort (ascending) size=262,144 -> 0.334 ms
CountingSort (ascending) size=524,288 -> 0.623 ms
CountingSort (ascending) size=1,048,576 -> 1.593 ms
CountingSort (ascending) size=2,097,152 -> 3.151 ms
CountingSort (ascending) size=4,194,304 -> 5.949 ms
CountingSort (ascending) size=8,388,608 -> 11.831 ms
CountingSort (ascending) size=16,777,216 -> 22.307 ms
CountingSort (ascending) size=33,554,432 -> 45.051 ms
CountingSort (ascending) size=67,108,864 -> 85.322 ms
CountingSort (ascending) size=134,217,728 -> 169.561 ms
CountingSort (ascending) size=268,435,456 -> 341.878 ms
CountingSort (ascending) size=536,870,912 -> 687.937 ms
CountingSort (descending) size=1,024 -> 0.006 ms
CountingSort (descending) size=2,048 -> 0.007 ms
CountingSort (descending) size=4,096 -> 0.009 ms
CountingSort (descending) size=8,192 -> 0.014 ms
CountingSort (descending) size=16,384 -> 0.027 ms
CountingSort (descending) size=32,768 -> 0.049 ms
CountingSort (descending) size=65,536 -> 0.095 ms
CountingSort (descending) size=131,072 -> 0.191 ms
CountingSort (descending) size=262,144 -> 0.375 ms
CountingSort (descending) size=524,288 -> 0.745 ms
CountingSort (descending) size=1,048,576 -> 1.681 ms
CountingSort (descending) size=2,097,152 -> 3.228 ms
CountingSort (descending) size=4,194,304 -> 6.706 ms
CountingSort (descending) size=8,388,608 -> 12.554 ms
CountingSort (descending) size=16,777,216 -> 24.349 ms
CountingSort (descending) size=33,554,432 -> 48.611 ms
CountingSort (descending) size=67,108,864 -> 97.616 ms
CountingSort (descending) size=134,217,728 -> 193.485 ms
CountingSort (descending) size=268,435,456 -> 394.203 ms
CountingSort (descending) size=536,870,912 -> 755.503 ms
--- iteration 42 of 50 ---
CountingSort (random) size=1,024 -> 0.012 ms
CountingSort (random) size=2,048 -> 0.015 ms
CountingSort (random) size=4,096 -> 0.025 ms
CountingSort (random) size=8,192 -> 0.048 ms
CountingSort (random) size=16,384 -> 0.088 ms
CountingSort (random) size=32,768 -> 0.173 ms
CountingSort (random) size=65,536 -> 0.348 ms
CountingSort (random) size=131,072 -> 0.711 ms
CountingSort (random) size=262,144 -> 1.400 ms
CountingSort (random) size=524,288 -> 2.819 ms
CountingSort (random) size=1,048,576 -> 6.322 ms
CountingSort (random) size=2,097,152 -> 12.107 ms
CountingSort (random) size=4,194,304 -> 24.556 ms
CountingSort (random) size=8,388,608 -> 55.652 ms
CountingSort (random) size=16,777,216 -> 127.419 ms
CountingSort (random) size=33,554,432 -> 277.839 ms
CountingSort (random) size=67,108,864 -> 555.357 ms
CountingSort (random) size=134,217,728 -> 1138.049 ms
CountingSort (random) size=268,435,456 -> 2318.315 ms
CountingSort (random) size=536,870,912 -> 4665.365 ms
CountingSort (ascending) size=1,024 -> 0.006 ms
CountingSort (ascending) size=2,048 -> 0.006 ms
CountingSort (ascending) size=4,096 -> 0.008 ms
CountingSort (ascending) size=8,192 -> 0.015 ms
CountingSort (ascending) size=16,384 -> 0.024 ms
CountingSort (ascending) size=32,768 -> 0.049 ms
CountingSort (ascending) size=65,536 -> 0.089 ms
CountingSort (ascending) size=131,072 -> 0.167 ms
CountingSort (ascending) size=262,144 -> 0.326 ms
CountingSort (ascending) size=524,288 -> 0.652 ms
CountingSort (ascending) size=1,048,576 -> 1.599 ms
CountingSort (ascending) size=2,097,152 -> 2.844 ms
CountingSort (ascending) size=4,194,304 -> 5.909 ms
CountingSort (ascending) size=8,388,608 -> 11.312 ms
CountingSort (ascending) size=16,777,216 -> 22.563 ms
CountingSort (ascending) size=33,554,432 -> 41.866 ms
CountingSort (ascending) size=67,108,864 -> 86.279 ms
CountingSort (ascending) size=134,217,728 -> 172.500 ms
CountingSort (ascending) size=268,435,456 -> 346.154 ms
CountingSort (ascending) size=536,870,912 -> 697.703 ms
CountingSort (descending) size=1,024 -> 0.007 ms
CountingSort (descending) size=2,048 -> 0.006 ms
CountingSort (descending) size=4,096 -> 0.010 ms
CountingSort (descending) size=8,192 -> 0.016 ms
CountingSort (descending) size=16,384 -> 0.025 ms
CountingSort (descending) size=32,768 -> 0.048 ms
CountingSort (descending) size=65,536 -> 0.091 ms
CountingSort (descending) size=131,072 -> 0.176 ms
CountingSort (descending) size=262,144 -> 0.360 ms
CountingSort (descending) size=524,288 -> 0.718 ms
CountingSort (descending) size=1,048,576 -> 1.661 ms
CountingSort (descending) size=2,097,152 -> 3.362 ms
CountingSort (descending) size=4,194,304 -> 6.048 ms
CountingSort (descending) size=8,388,608 -> 12.102 ms
CountingSort (descending) size=16,777,216 -> 23.754 ms
CountingSort (descending) size=33,554,432 -> 48.268 ms
CountingSort (descending) size=67,108,864 -> 95.122 ms
CountingSort (descending) size=134,217,728 -> 189.676 ms
CountingSort (descending) size=268,435,456 -> 390.098 ms
CountingSort (descending) size=536,870,912 -> 763.918 ms
--- iteration 43 of 50 ---
CountingSort (random) size=1,024 -> 0.011 ms
CountingSort (random) size=2,048 -> 0.015 ms
CountingSort (random) size=4,096 -> 0.024 ms
CountingSort (random) size=8,192 -> 0.044 ms
CountingSort (random) size=16,384 -> 0.094 ms
CountingSort (random) size=32,768 -> 0.172 ms
CountingSort (random) size=65,536 -> 0.334 ms
CountingSort (random) size=131,072 -> 0.652 ms
CountingSort (random) size=262,144 -> 1.345 ms
CountingSort (random) size=524,288 -> 2.665 ms
CountingSort (random) size=1,048,576 -> 6.090 ms
CountingSort (random) size=2,097,152 -> 11.372 ms
CountingSort (random) size=4,194,304 -> 23.935 ms
CountingSort (random) size=8,388,608 -> 53.311 ms
CountingSort (random) size=16,777,216 -> 121.110 ms
CountingSort (random) size=33,554,432 -> 266.048 ms
CountingSort (random) size=67,108,864 -> 553.323 ms
CountingSort (random) size=134,217,728 -> 1137.611 ms
CountingSort (random) size=268,435,456 -> 2373.613 ms
CountingSort (random) size=536,870,912 -> 4666.964 ms
CountingSort (ascending) size=1,024 -> 0.007 ms
CountingSort (ascending) size=2,048 -> 0.007 ms
CountingSort (ascending) size=4,096 -> 0.008 ms
CountingSort (ascending) size=8,192 -> 0.014 ms
CountingSort (ascending) size=16,384 -> 0.028 ms
CountingSort (ascending) size=32,768 -> 0.045 ms
CountingSort (ascending) size=65,536 -> 0.083 ms
CountingSort (ascending) size=131,072 -> 0.164 ms
CountingSort (ascending) size=262,144 -> 0.323 ms
CountingSort (ascending) size=524,288 -> 0.657 ms
CountingSort (ascending) size=1,048,576 -> 1.532 ms
CountingSort (ascending) size=2,097,152 -> 3.085 ms
CountingSort (ascending) size=4,194,304 -> 5.845 ms
CountingSort (ascending) size=8,388,608 -> 10.960 ms
CountingSort (ascending) size=16,777,216 -> 21.936 ms
CountingSort (ascending) size=33,554,432 -> 43.681 ms
CountingSort (ascending) size=67,108,864 -> 86.457 ms
CountingSort (ascending) size=134,217,728 -> 171.485 ms
CountingSort (ascending) size=268,435,456 -> 347.062 ms
CountingSort (ascending) size=536,870,912 -> 683.881 ms
CountingSort (descending) size=1,024 -> 0.006 ms
CountingSort (descending) size=2,048 -> 0.006 ms
CountingSort (descending) size=4,096 -> 0.008 ms
CountingSort (descending) size=8,192 -> 0.018 ms
CountingSort (descending) size=16,384 -> 0.026 ms
CountingSort (descending) size=32,768 -> 0.043 ms
CountingSort (descending) size=65,536 -> 0.083 ms
CountingSort (descending) size=131,072 -> 0.177 ms
CountingSort (descending) size=262,144 -> 0.366 ms
CountingSort (descending) size=524,288 -> 0.644 ms
CountingSort (descending) size=1,048,576 -> 1.631 ms
CountingSort (descending) size=2,097,152 -> 3.125 ms
CountingSort (descending) size=4,194,304 -> 6.344 ms
CountingSort (descending) size=8,388,608 -> 11.319 ms
CountingSort (descending) size=16,777,216 -> 23.616 ms
CountingSort (descending) size=33,554,432 -> 44.141 ms
CountingSort (descending) size=67,108,864 -> 92.312 ms
CountingSort (descending) size=134,217,728 -> 185.030 ms
CountingSort (descending) size=268,435,456 -> 358.753 ms
CountingSort (descending) size=536,870,912 -> 1225.542 ms
--- iteration 44 of 50 ---
CountingSort (random) size=1,024 -> 0.010 ms
CountingSort (random) size=2,048 -> 0.014 ms
CountingSort (random) size=4,096 -> 0.030 ms
CountingSort (random) size=8,192 -> 0.045 ms
CountingSort (random) size=16,384 -> 0.085 ms
CountingSort (random) size=32,768 -> 0.164 ms
CountingSort (random) size=65,536 -> 0.329 ms
CountingSort (random) size=131,072 -> 0.697 ms
CountingSort (random) size=262,144 -> 1.396 ms
CountingSort (random) size=524,288 -> 2.679 ms
CountingSort (random) size=1,048,576 -> 6.142 ms
CountingSort (random) size=2,097,152 -> 11.908 ms
CountingSort (random) size=4,194,304 -> 23.245 ms
CountingSort (random) size=8,388,608 -> 52.993 ms
CountingSort (random) size=16,777,216 -> 121.780 ms
CountingSort (random) size=33,554,432 -> 271.891 ms
CountingSort (random) size=67,108,864 -> 560.594 ms
CountingSort (random) size=134,217,728 -> 1135.187 ms
CountingSort (random) size=268,435,456 -> 2322.760 ms
CountingSort (random) size=536,870,912 -> 4687.030 ms
CountingSort (ascending) size=1,024 -> 0.007 ms
CountingSort (ascending) size=2,048 -> 0.007 ms
CountingSort (ascending) size=4,096 -> 0.008 ms
CountingSort (ascending) size=8,192 -> 0.013 ms
CountingSort (ascending) size=16,384 -> 0.023 ms
CountingSort (ascending) size=32,768 -> 0.041 ms
CountingSort (ascending) size=65,536 -> 0.079 ms
CountingSort (ascending) size=131,072 -> 0.163 ms
CountingSort (ascending) size=262,144 -> 0.335 ms
CountingSort (ascending) size=524,288 -> 0.650 ms
CountingSort (ascending) size=1,048,576 -> 1.536 ms
CountingSort (ascending) size=2,097,152 -> 2.623 ms
CountingSort (ascending) size=4,194,304 -> 5.496 ms
CountingSort (ascending) size=8,388,608 -> 11.054 ms
CountingSort (ascending) size=16,777,216 -> 22.029 ms
CountingSort (ascending) size=33,554,432 -> 43.123 ms
CountingSort (ascending) size=67,108,864 -> 83.835 ms
CountingSort (ascending) size=134,217,728 -> 169.829 ms
CountingSort (ascending) size=268,435,456 -> 338.967 ms
CountingSort (ascending) size=536,870,912 -> 673.113 ms
CountingSort (descending) size=1,024 -> 0.006 ms
CountingSort (descending) size=2,048 -> 0.006 ms
CountingSort (descending) size=4,096 -> 0.009 ms
CountingSort (descending) size=8,192 -> 0.017 ms
CountingSort (descending) size=16,384 -> 0.031 ms
CountingSort (descending) size=32,768 -> 0.048 ms
CountingSort (descending) size=65,536 -> 0.096 ms
CountingSort (descending) size=131,072 -> 0.182 ms
CountingSort (descending) size=262,144 -> 0.357 ms
CountingSort (descending) size=524,288 -> 0.697 ms
CountingSort (descending) size=1,048,576 -> 1.694 ms
CountingSort (descending) size=2,097,152 -> 3.118 ms
CountingSort (descending) size=4,194,304 -> 6.122 ms
CountingSort (descending) size=8,388,608 -> 12.167 ms
CountingSort (descending) size=16,777,216 -> 23.902 ms
CountingSort (descending) size=33,554,432 -> 47.367 ms
CountingSort (descending) size=67,108,864 -> 96.750 ms
CountingSort (descending) size=134,217,728 -> 186.939 ms
CountingSort (descending) size=268,435,456 -> 378.998 ms
CountingSort (descending) size=536,870,912 -> 753.189 ms
--- iteration 45 of 50 ---
CountingSort (random) size=1,024 -> 0.012 ms
CountingSort (random) size=2,048 -> 0.016 ms
CountingSort (random) size=4,096 -> 0.030 ms
CountingSort (random) size=8,192 -> 0.045 ms
CountingSort (random) size=16,384 -> 0.107 ms
CountingSort (random) size=32,768 -> 0.166 ms
CountingSort (random) size=65,536 -> 0.332 ms
CountingSort (random) size=131,072 -> 0.684 ms
CountingSort (random) size=262,144 -> 1.386 ms
CountingSort (random) size=524,288 -> 2.748 ms
CountingSort (random) size=1,048,576 -> 5.714 ms
CountingSort (random) size=2,097,152 -> 11.971 ms
CountingSort (random) size=4,194,304 -> 24.074 ms
CountingSort (random) size=8,388,608 -> 53.421 ms
CountingSort (random) size=16,777,216 -> 122.431 ms
CountingSort (random) size=33,554,432 -> 269.413 ms
CountingSort (random) size=67,108,864 -> 560.804 ms
CountingSort (random) size=134,217,728 -> 1178.830 ms
CountingSort (random) size=268,435,456 -> 2326.550 ms
CountingSort (random) size=536,870,912 -> 4686.318 ms
CountingSort (ascending) size=1,024 -> 0.007 ms
CountingSort (ascending) size=2,048 -> 0.006 ms
CountingSort (ascending) size=4,096 -> 0.008 ms
CountingSort (ascending) size=8,192 -> 0.013 ms
CountingSort (ascending) size=16,384 -> 0.024 ms
CountingSort (ascending) size=32,768 -> 0.043 ms
CountingSort (ascending) size=65,536 -> 0.091 ms
CountingSort (ascending) size=131,072 -> 0.171 ms
CountingSort (ascending) size=262,144 -> 0.308 ms
CountingSort (ascending) size=524,288 -> 0.656 ms
CountingSort (ascending) size=1,048,576 -> 1.524 ms
CountingSort (ascending) size=2,097,152 -> 3.087 ms
CountingSort (ascending) size=4,194,304 -> 5.546 ms
CountingSort (ascending) size=8,388,608 -> 11.211 ms
CountingSort (ascending) size=16,777,216 -> 20.703 ms
CountingSort (ascending) size=33,554,432 -> 43.913 ms
CountingSort (ascending) size=67,108,864 -> 84.716 ms
CountingSort (ascending) size=134,217,728 -> 171.974 ms
CountingSort (ascending) size=268,435,456 -> 345.423 ms
CountingSort (ascending) size=536,870,912 -> 697.382 ms
CountingSort (descending) size=1,024 -> 0.007 ms
CountingSort (descending) size=2,048 -> 0.007 ms
CountingSort (descending) size=4,096 -> 0.009 ms
CountingSort (descending) size=8,192 -> 0.017 ms
CountingSort (descending) size=16,384 -> 0.028 ms
CountingSort (descending) size=32,768 -> 0.058 ms
CountingSort (descending) size=65,536 -> 0.098 ms
CountingSort (descending) size=131,072 -> 0.176 ms
CountingSort (descending) size=262,144 -> 0.330 ms
CountingSort (descending) size=524,288 -> 0.670 ms
CountingSort (descending) size=1,048,576 -> 1.524 ms
CountingSort (descending) size=2,097,152 -> 3.104 ms
CountingSort (descending) size=4,194,304 -> 6.320 ms
CountingSort (descending) size=8,388,608 -> 11.525 ms
CountingSort (descending) size=16,777,216 -> 23.657 ms
CountingSort (descending) size=33,554,432 -> 45.314 ms
CountingSort (descending) size=67,108,864 -> 91.268 ms
CountingSort (descending) size=134,217,728 -> 182.676 ms
CountingSort (descending) size=268,435,456 -> 359.145 ms
CountingSort (descending) size=536,870,912 -> 1248.186 ms
--- iteration 46 of 50 ---
CountingSort (random) size=1,024 -> 0.010 ms
CountingSort (random) size=2,048 -> 0.017 ms
CountingSort (random) size=4,096 -> 0.030 ms
CountingSort (random) size=8,192 -> 0.047 ms
CountingSort (random) size=16,384 -> 0.084 ms
CountingSort (random) size=32,768 -> 0.169 ms
CountingSort (random) size=65,536 -> 0.324 ms
CountingSort (random) size=131,072 -> 0.669 ms
CountingSort (random) size=262,144 -> 1.300 ms
CountingSort (random) size=524,288 -> 2.694 ms
CountingSort (random) size=1,048,576 -> 5.982 ms
CountingSort (random) size=2,097,152 -> 11.554 ms
CountingSort (random) size=4,194,304 -> 24.017 ms
CountingSort (random) size=8,388,608 -> 51.446 ms
CountingSort (random) size=16,777,216 -> 118.164 ms
CountingSort (random) size=33,554,432 -> 264.675 ms
CountingSort (random) size=67,108,864 -> 556.704 ms
CountingSort (random) size=134,217,728 -> 1138.109 ms
CountingSort (random) size=268,435,456 -> 2316.417 ms
CountingSort (random) size=536,870,912 -> 4688.465 ms
CountingSort (ascending) size=1,024 -> 0.006 ms
CountingSort (ascending) size=2,048 -> 0.006 ms
CountingSort (ascending) size=4,096 -> 0.008 ms
CountingSort (ascending) size=8,192 -> 0.017 ms
CountingSort (ascending) size=16,384 -> 0.024 ms
CountingSort (ascending) size=32,768 -> 0.045 ms
CountingSort (ascending) size=65,536 -> 0.085 ms
CountingSort (ascending) size=131,072 -> 0.160 ms
CountingSort (ascending) size=262,144 -> 0.316 ms
CountingSort (ascending) size=524,288 -> 0.609 ms
CountingSort (ascending) size=1,048,576 -> 1.551 ms
CountingSort (ascending) size=2,097,152 -> 2.970 ms
CountingSort (ascending) size=4,194,304 -> 5.235 ms
CountingSort (ascending) size=8,388,608 -> 11.225 ms
CountingSort (ascending) size=16,777,216 -> 22.069 ms
CountingSort (ascending) size=33,554,432 -> 41.719 ms
CountingSort (ascending) size=67,108,864 -> 85.470 ms
CountingSort (ascending) size=134,217,728 -> 173.049 ms
CountingSort (ascending) size=268,435,456 -> 345.695 ms
CountingSort (ascending) size=536,870,912 -> 696.060 ms
CountingSort (descending) size=1,024 -> 0.006 ms
CountingSort (descending) size=2,048 -> 0.006 ms
CountingSort (descending) size=4,096 -> 0.010 ms
CountingSort (descending) size=8,192 -> 0.014 ms
CountingSort (descending) size=16,384 -> 0.025 ms
CountingSort (descending) size=32,768 -> 0.048 ms
CountingSort (descending) size=65,536 -> 0.093 ms
CountingSort (descending) size=131,072 -> 0.189 ms
CountingSort (descending) size=262,144 -> 0.352 ms
CountingSort (descending) size=524,288 -> 0.710 ms
CountingSort (descending) size=1,048,576 -> 1.684 ms
CountingSort (descending) size=2,097,152 -> 3.320 ms
CountingSort (descending) size=4,194,304 -> 6.313 ms
CountingSort (descending) size=8,388,608 -> 12.117 ms
CountingSort (descending) size=16,777,216 -> 24.085 ms
CountingSort (descending) size=33,554,432 -> 47.508 ms
CountingSort (descending) size=67,108,864 -> 93.972 ms
CountingSort (descending) size=134,217,728 -> 188.289 ms
CountingSort (descending) size=268,435,456 -> 379.504 ms
CountingSort (descending) size=536,870,912 -> 1275.588 ms
--- iteration 47 of 50 ---
CountingSort (random) size=1,024 -> 0.011 ms
CountingSort (random) size=2,048 -> 0.019 ms
CountingSort (random) size=4,096 -> 0.029 ms
CountingSort (random) size=8,192 -> 0.047 ms
CountingSort (random) size=16,384 -> 0.085 ms
CountingSort (random) size=32,768 -> 0.162 ms
CountingSort (random) size=65,536 -> 0.339 ms
CountingSort (random) size=131,072 -> 0.655 ms
CountingSort (random) size=262,144 -> 1.342 ms
CountingSort (random) size=524,288 -> 2.709 ms
CountingSort (random) size=1,048,576 -> 6.028 ms
CountingSort (random) size=2,097,152 -> 11.602 ms
CountingSort (random) size=4,194,304 -> 22.651 ms
CountingSort (random) size=8,388,608 -> 52.334 ms
CountingSort (random) size=16,777,216 -> 120.596 ms
CountingSort (random) size=33,554,432 -> 263.815 ms
CountingSort (random) size=67,108,864 -> 555.804 ms
CountingSort (random) size=134,217,728 -> 1140.559 ms
CountingSort (random) size=268,435,456 -> 2313.023 ms
CountingSort (random) size=536,870,912 -> 4707.662 ms
CountingSort (ascending) size=1,024 -> 0.006 ms
CountingSort (ascending) size=2,048 -> 0.005 ms
CountingSort (ascending) size=4,096 -> 0.008 ms
CountingSort (ascending) size=8,192 -> 0.015 ms
CountingSort (ascending) size=16,384 -> 0.025 ms
CountingSort (ascending) size=32,768 -> 0.045 ms
CountingSort (ascending) size=65,536 -> 0.089 ms
CountingSort (ascending) size=131,072 -> 0.163 ms
CountingSort (ascending) size=262,144 -> 0.340 ms
CountingSort (ascending) size=524,288 -> 0.648 ms
CountingSort (ascending) size=1,048,576 -> 1.537 ms
CountingSort (ascending) size=2,097,152 -> 2.918 ms
CountingSort (ascending) size=4,194,304 -> 5.551 ms
CountingSort (ascending) size=8,388,608 -> 11.289 ms
CountingSort (ascending) size=16,777,216 -> 21.857 ms
CountingSort (ascending) size=33,554,432 -> 43.708 ms
CountingSort (ascending) size=67,108,864 -> 84.541 ms
CountingSort (ascending) size=134,217,728 -> 169.081 ms
CountingSort (ascending) size=268,435,456 -> 343.569 ms
CountingSort (ascending) size=536,870,912 -> 689.477 ms
CountingSort (descending) size=1,024 -> 0.006 ms
CountingSort (descending) size=2,048 -> 0.006 ms
CountingSort (descending) size=4,096 -> 0.010 ms
CountingSort (descending) size=8,192 -> 0.014 ms
CountingSort (descending) size=16,384 -> 0.031 ms
CountingSort (descending) size=32,768 -> 0.048 ms
CountingSort (descending) size=65,536 -> 0.091 ms
CountingSort (descending) size=131,072 -> 0.177 ms
CountingSort (descending) size=262,144 -> 0.356 ms
CountingSort (descending) size=524,288 -> 0.708 ms
CountingSort (descending) size=1,048,576 -> 1.607 ms
CountingSort (descending) size=2,097,152 -> 3.411 ms
CountingSort (descending) size=4,194,304 -> 6.187 ms
CountingSort (descending) size=8,388,608 -> 12.038 ms
CountingSort (descending) size=16,777,216 -> 23.337 ms
CountingSort (descending) size=33,554,432 -> 47.347 ms
CountingSort (descending) size=67,108,864 -> 96.178 ms
CountingSort (descending) size=134,217,728 -> 186.861 ms
CountingSort (descending) size=268,435,456 -> 376.641 ms
CountingSort (descending) size=536,870,912 -> 1241.656 ms
--- iteration 48 of 50 ---
CountingSort (random) size=1,024 -> 0.011 ms
CountingSort (random) size=2,048 -> 0.015 ms
CountingSort (random) size=4,096 -> 0.030 ms
CountingSort (random) size=8,192 -> 0.047 ms
CountingSort (random) size=16,384 -> 0.093 ms
CountingSort (random) size=32,768 -> 0.165 ms
CountingSort (random) size=65,536 -> 0.340 ms
CountingSort (random) size=131,072 -> 0.669 ms
CountingSort (random) size=262,144 -> 1.325 ms
CountingSort (random) size=524,288 -> 2.680 ms
CountingSort (random) size=1,048,576 -> 6.115 ms
CountingSort (random) size=2,097,152 -> 11.881 ms
CountingSort (random) size=4,194,304 -> 23.067 ms
CountingSort (random) size=8,388,608 -> 53.815 ms
CountingSort (random) size=16,777,216 -> 126.276 ms
CountingSort (random) size=33,554,432 -> 264.454 ms
CountingSort (random) size=67,108,864 -> 551.776 ms
CountingSort (random) size=134,217,728 -> 1134.733 ms
CountingSort (random) size=268,435,456 -> 2300.326 ms
CountingSort (random) size=536,870,912 -> 4643.064 ms
CountingSort (ascending) size=1,024 -> 0.006 ms
CountingSort (ascending) size=2,048 -> 0.005 ms
CountingSort (ascending) size=4,096 -> 0.008 ms
CountingSort (ascending) size=8,192 -> 0.014 ms
CountingSort (ascending) size=16,384 -> 0.023 ms
CountingSort (ascending) size=32,768 -> 0.053 ms
CountingSort (ascending) size=65,536 -> 0.088 ms
CountingSort (ascending) size=131,072 -> 0.164 ms
CountingSort (ascending) size=262,144 -> 0.335 ms
CountingSort (ascending) size=524,288 -> 0.647 ms
CountingSort (ascending) size=1,048,576 -> 1.606 ms
CountingSort (ascending) size=2,097,152 -> 2.909 ms
CountingSort (ascending) size=4,194,304 -> 5.854 ms
CountingSort (ascending) size=8,388,608 -> 11.355 ms
CountingSort (ascending) size=16,777,216 -> 21.810 ms
CountingSort (ascending) size=33,554,432 -> 43.164 ms
CountingSort (ascending) size=67,108,864 -> 87.923 ms
CountingSort (ascending) size=134,217,728 -> 174.624 ms
CountingSort (ascending) size=268,435,456 -> 353.374 ms
CountingSort (ascending) size=536,870,912 -> 700.710 ms
CountingSort (descending) size=1,024 -> 0.006 ms
CountingSort (descending) size=2,048 -> 0.006 ms
CountingSort (descending) size=4,096 -> 0.012 ms
CountingSort (descending) size=8,192 -> 0.014 ms
CountingSort (descending) size=16,384 -> 0.026 ms
CountingSort (descending) size=32,768 -> 0.047 ms
CountingSort (descending) size=65,536 -> 0.099 ms
CountingSort (descending) size=131,072 -> 0.198 ms
CountingSort (descending) size=262,144 -> 0.354 ms
CountingSort (descending) size=524,288 -> 0.698 ms
CountingSort (descending) size=1,048,576 -> 1.699 ms
CountingSort (descending) size=2,097,152 -> 3.410 ms
CountingSort (descending) size=4,194,304 -> 6.194 ms
CountingSort (descending) size=8,388,608 -> 12.455 ms
CountingSort (descending) size=16,777,216 -> 24.439 ms
CountingSort (descending) size=33,554,432 -> 45.868 ms
CountingSort (descending) size=67,108,864 -> 96.488 ms
CountingSort (descending) size=134,217,728 -> 187.890 ms
CountingSort (descending) size=268,435,456 -> 374.606 ms
CountingSort (descending) size=536,870,912 -> 740.064 ms
--- iteration 49 of 50 ---
CountingSort (random) size=1,024 -> 0.010 ms
CountingSort (random) size=2,048 -> 0.017 ms
CountingSort (random) size=4,096 -> 0.024 ms
CountingSort (random) size=8,192 -> 0.044 ms
CountingSort (random) size=16,384 -> 0.091 ms
CountingSort (random) size=32,768 -> 0.173 ms
CountingSort (random) size=65,536 -> 0.347 ms
CountingSort (random) size=131,072 -> 0.651 ms
CountingSort (random) size=262,144 -> 1.400 ms
CountingSort (random) size=524,288 -> 2.642 ms
CountingSort (random) size=1,048,576 -> 6.143 ms
CountingSort (random) size=2,097,152 -> 11.372 ms
CountingSort (random) size=4,194,304 -> 23.645 ms
CountingSort (random) size=8,388,608 -> 54.819 ms
CountingSort (random) size=16,777,216 -> 121.460 ms
CountingSort (random) size=33,554,432 -> 265.650 ms
CountingSort (random) size=67,108,864 -> 556.489 ms
CountingSort (random) size=134,217,728 -> 1129.123 ms
CountingSort (random) size=268,435,456 -> 2360.635 ms
CountingSort (random) size=536,870,912 -> 4656.955 ms
CountingSort (ascending) size=1,024 -> 0.006 ms
CountingSort (ascending) size=2,048 -> 0.006 ms
CountingSort (ascending) size=4,096 -> 0.008 ms
CountingSort (ascending) size=8,192 -> 0.016 ms
CountingSort (ascending) size=16,384 -> 0.028 ms
CountingSort (ascending) size=32,768 -> 0.043 ms
CountingSort (ascending) size=65,536 -> 0.084 ms
CountingSort (ascending) size=131,072 -> 0.168 ms
CountingSort (ascending) size=262,144 -> 0.334 ms
CountingSort (ascending) size=524,288 -> 0.670 ms
CountingSort (ascending) size=1,048,576 -> 1.535 ms
CountingSort (ascending) size=2,097,152 -> 3.154 ms
CountingSort (ascending) size=4,194,304 -> 5.842 ms
CountingSort (ascending) size=8,388,608 -> 10.923 ms
CountingSort (ascending) size=16,777,216 -> 21.916 ms
CountingSort (ascending) size=33,554,432 -> 43.854 ms
CountingSort (ascending) size=67,108,864 -> 86.150 ms
CountingSort (ascending) size=134,217,728 -> 173.398 ms
CountingSort (ascending) size=268,435,456 -> 352.269 ms
CountingSort (ascending) size=536,870,912 -> 694.059 ms
CountingSort (descending) size=1,024 -> 0.007 ms
CountingSort (descending) size=2,048 -> 0.007 ms
CountingSort (descending) size=4,096 -> 0.010 ms
CountingSort (descending) size=8,192 -> 0.014 ms
CountingSort (descending) size=16,384 -> 0.025 ms
CountingSort (descending) size=32,768 -> 0.048 ms
CountingSort (descending) size=65,536 -> 0.095 ms
CountingSort (descending) size=131,072 -> 0.177 ms
CountingSort (descending) size=262,144 -> 0.355 ms
CountingSort (descending) size=524,288 -> 0.708 ms
CountingSort (descending) size=1,048,576 -> 1.602 ms
CountingSort (descending) size=2,097,152 -> 3.316 ms
CountingSort (descending) size=4,194,304 -> 6.242 ms
CountingSort (descending) size=8,388,608 -> 12.106 ms
CountingSort (descending) size=16,777,216 -> 23.957 ms
CountingSort (descending) size=33,554,432 -> 47.381 ms
CountingSort (descending) size=67,108,864 -> 94.035 ms
CountingSort (descending) size=134,217,728 -> 191.985 ms
CountingSort (descending) size=268,435,456 -> 378.193 ms
CountingSort (descending) size=536,870,912 -> 1302.441 ms
--- iteration 50 of 50 ---
CountingSort (random) size=1,024 -> 0.010 ms
CountingSort (random) size=2,048 -> 0.013 ms
CountingSort (random) size=4,096 -> 0.026 ms
CountingSort (random) size=8,192 -> 0.051 ms
CountingSort (random) size=16,384 -> 0.089 ms
CountingSort (random) size=32,768 -> 0.165 ms
CountingSort (random) size=65,536 -> 0.337 ms
CountingSort (random) size=131,072 -> 0.654 ms
CountingSort (random) size=262,144 -> 1.340 ms
CountingSort (random) size=524,288 -> 2.716 ms
CountingSort (random) size=1,048,576 -> 6.054 ms
CountingSort (random) size=2,097,152 -> 11.504 ms
CountingSort (random) size=4,194,304 -> 23.562 ms
CountingSort (random) size=8,388,608 -> 52.286 ms
CountingSort (random) size=16,777,216 -> 122.137 ms
CountingSort (random) size=33,554,432 -> 267.635 ms
CountingSort (random) size=67,108,864 -> 557.428 ms
CountingSort (random) size=134,217,728 -> 1135.503 ms
CountingSort (random) size=268,435,456 -> 2303.766 ms
CountingSort (random) size=536,870,912 -> 4645.884 ms
CountingSort (ascending) size=1,024 -> 0.006 ms
CountingSort (ascending) size=2,048 -> 0.006 ms
CountingSort (ascending) size=4,096 -> 0.007 ms
CountingSort (ascending) size=8,192 -> 0.014 ms
CountingSort (ascending) size=16,384 -> 0.024 ms
CountingSort (ascending) size=32,768 -> 0.049 ms
CountingSort (ascending) size=65,536 -> 0.080 ms
CountingSort (ascending) size=131,072 -> 0.153 ms
CountingSort (ascending) size=262,144 -> 0.342 ms
CountingSort (ascending) size=524,288 -> 0.688 ms
CountingSort (ascending) size=1,048,576 -> 1.544 ms
CountingSort (ascending) size=2,097,152 -> 2.903 ms
CountingSort (ascending) size=4,194,304 -> 5.942 ms
CountingSort (ascending) size=8,388,608 -> 10.610 ms
CountingSort (ascending) size=16,777,216 -> 21.904 ms
CountingSort (ascending) size=33,554,432 -> 41.405 ms
CountingSort (ascending) size=67,108,864 -> 84.095 ms
CountingSort (ascending) size=134,217,728 -> 176.184 ms
CountingSort (ascending) size=268,435,456 -> 364.248 ms
CountingSort (ascending) size=536,870,912 -> 682.660 ms
CountingSort (descending) size=1,024 -> 0.007 ms
CountingSort (descending) size=2,048 -> 0.007 ms
CountingSort (descending) size=4,096 -> 0.011 ms
CountingSort (descending) size=8,192 -> 0.013 ms
CountingSort (descending) size=16,384 -> 0.028 ms
CountingSort (descending) size=32,768 -> 0.054 ms
CountingSort (descending) size=65,536 -> 0.092 ms
CountingSort (descending) size=131,072 -> 0.188 ms
CountingSort (descending) size=262,144 -> 0.362 ms
CountingSort (descending) size=524,288 -> 0.729 ms
CountingSort (descending) size=1,048,576 -> 1.540 ms
CountingSort (descending) size=2,097,152 -> 3.393 ms
CountingSort (descending) size=4,194,304 -> 6.052 ms
CountingSort (descending) size=8,388,608 -> 12.257 ms
CountingSort (descending) size=16,777,216 -> 24.120 ms
CountingSort (descending) size=33,554,432 -> 49.378 ms
CountingSort (descending) size=67,108,864 -> 95.192 ms
CountingSort (descending) size=134,217,728 -> 187.155 ms
CountingSort (descending) size=268,435,456 -> 371.130 ms
CountingSort (descending) size=536,870,912 -> 741.670 ms
