# algorithm	order	size	timeNs
CountingSort	random	1024	10084
CountingSort	random	2048	15250
CountingSort	random	4096	29208
CountingSort	random	8192	49542
CountingSort	random	16384	82791
CountingSort	random	32768	162625
CountingSort	random	65536	338583
CountingSort	random	131072	693583
CountingSort	random	262144	1316375
CountingSort	random	524288	2618541
CountingSort	random	1048576	5266208
CountingSort	random	2097152	12108292
CountingSort	random	4194304	24306958
CountingSort	random	8388608	53774542
CountingSort	random	16777216	123629666
CountingSort	random	33554432	267924167
CountingSort	random	67108864	556891458
CountingSort	random	134217728	1138702458
CountingSort	random	268435456	2303425583
CountingSort	random	536870912	4650621500
CountingSort	ascending	1024	6542
CountingSort	ascending	2048	9083
CountingSort	ascending	4096	12792
CountingSort	ascending	8192	17292
CountingSort	ascending	16384	28291
CountingSort	ascending	32768	52125
CountingSort	ascending	65536	86458
CountingSort	ascending	131072	171209
CountingSort	ascending	262144	337416
CountingSort	ascending	524288	664166
CountingSort	ascending	1048576	1431167
CountingSort	ascending	2097152	2640500
CountingSort	ascending	4194304	5304458
CountingSort	ascending	8388608	9937708
CountingSort	ascending	16777216	21577958
CountingSort	ascending	33554432	41934500
CountingSort	ascending	67108864	81719708
CountingSort	ascending	134217728	167677000
CountingSort	ascending	268435456	327820625
CountingSort	ascending	536870912	687643583
CountingSort	descending	1024	8750
CountingSort	descending	2048	9083
CountingSort	descending	4096	10833
CountingSort	descending	8192	16375
CountingSort	descending	16384	29750
CountingSort	descending	32768	54666
CountingSort	descending	65536	108208
CountingSort	descending	131072	187583
CountingSort	descending	262144	370209
CountingSort	descending	524288	715459
CountingSort	descending	1048576	1440375
CountingSort	descending	2097152	2968167
CountingSort	descending	4194304	5893208
CountingSort	descending	8388608	11552334
CountingSort	descending	16777216	23175875
CountingSort	descending	33554432	46803791
CountingSort	descending	67108864	93051125
CountingSort	descending	134217728	184237958
CountingSort	descending	268435456	372893958
CountingSort	descending	536870912	763109833
CountingSort	random	1024	12459
CountingSort	random	2048	19833
CountingSort	random	4096	30500
CountingSort	random	8192	51708
CountingSort	random	16384	89834
CountingSort	random	32768	183542
CountingSort	random	65536	329834
CountingSort	random	131072	668500
CountingSort	random	262144	1306833
CountingSort	random	524288	2735750
CountingSort	random	1048576	5530000
CountingSort	random	2097152	11115625
CountingSort	random	4194304	23160875
CountingSort	random	8388608	53630084
CountingSort	random	16777216	123197541
CountingSort	random	33554432	268858042
CountingSort	random	67108864	561336917
CountingSort	random	134217728	1144772125
CountingSort	random	268435456	2307671875
CountingSort	random	536870912	4615268042
CountingSort	ascending	1024	8167
CountingSort	ascending	2048	7375
CountingSort	ascending	4096	10292
CountingSort	ascending	8192	18459
CountingSort	ascending	16384	32875
CountingSort	ascending	32768	51791
CountingSort	ascending	65536	83167
CountingSort	ascending	131072	165834
CountingSort	ascending	262144	362583
CountingSort	ascending	524288	625375
CountingSort	ascending	1048576	1378292
CountingSort	ascending	2097152	2428792
CountingSort	ascending	4194304	5339042
CountingSort	ascending	8388608	10427917
CountingSort	ascending	16777216	19830042
CountingSort	ascending	33554432	43130417
CountingSort	ascending	67108864	83380125
CountingSort	ascending	134217728	166114208
CountingSort	ascending	268435456	346650584
CountingSort	ascending	536870912	762558375
CountingSort	descending	1024	6708
CountingSort	descending	2048	9708
CountingSort	descending	4096	10958
CountingSort	descending	8192	20042
CountingSort	descending	16384	33125
CountingSort	descending	32768	53583
CountingSort	descending	65536	93708
CountingSort	descending	131072	223334
CountingSort	descending	262144	351541
CountingSort	descending	524288	739750
CountingSort	descending	1048576	1408625
CountingSort	descending	2097152	2628334
CountingSort	descending	4194304	5814375
CountingSort	descending	8388608	11561916
CountingSort	descending	16777216	23391958
CountingSort	descending	33554432	43433625
CountingSort	descending	67108864	94226542
CountingSort	descending	134217728	188154334
CountingSort	descending	268435456	375680959
CountingSort	descending	536870912	696316834
CountingSort	random	1024	12708
CountingSort	random	2048	18125
CountingSort	random	4096	26625
CountingSort	random	8192	51916
CountingSort	random	16384	87417
CountingSort	random	32768	166750
CountingSort	random	65536	343208
CountingSort	random	131072	659417
CountingSort	random	262144	1377833
CountingSort	random	524288	2668334
CountingSort	random	1048576	5406042
CountingSort	random	2097152	10960959
CountingSort	random	4194304	22983458
CountingSort	random	8388608	52805666
CountingSort	random	16777216	122575166
CountingSort	random	33554432	266961000
CountingSort	random	67108864	555218750
CountingSort	random	134217728	1138878334
CountingSort	random	268435456	2311959666
CountingSort	random	536870912	4640626625
CountingSort	ascending	1024	7292
CountingSort	ascending	2048	8875
CountingSort	ascending	4096	11083
CountingSort	ascending	8192	18041
CountingSort	ascending	16384	28791
CountingSort	ascending	32768	55458
CountingSort	ascending	65536	94917
CountingSort	ascending	131072	157875
CountingSort	ascending	262144	341667
CountingSort	ascending	524288	660166
CountingSort	ascending	1048576	1249750
CountingSort	ascending	2097152	2519750
CountingSort	ascending	4194304	5406875
CountingSort	ascending	8388608	9930583
CountingSort	ascending	16777216	19576500
CountingSort	ascending	33554432	38270875
CountingSort	ascending	67108864	81396917
CountingSort	ascending	134217728	162907666
CountingSort	ascending	268435456	325925708
CountingSort	ascending	536870912	652846583
CountingSort	descending	1024	6584
CountingSort	descending	2048	8875
CountingSort	descending	4096	12750
CountingSort	descending	8192	17333
CountingSort	descending	16384	30250
CountingSort	descending	32768	54833
CountingSort	descending	65536	87625
CountingSort	descending	131072	224792
CountingSort	descending	262144	329708
CountingSort	descending	524288	684167
CountingSort	descending	1048576	1396167
CountingSort	descending	2097152	2641500
CountingSort	descending	4194304	5039250
CountingSort	descending	8388608	10127500
CountingSort	descending	16777216	21638417
CountingSort	descending	33554432	44742917
CountingSort	descending	67108864	91886958
CountingSort	descending	134217728	177168208
CountingSort	descending	268435456	362872083
CountingSort	descending	536870912	708841791
CountingSort	random	1024	12042
CountingSort	random	2048	18750
CountingSort	random	4096	28959
CountingSort	random	8192	44500
CountingSort	random	16384	90875
CountingSort	random	32768	177542
CountingSort	random	65536	342250
CountingSort	random	131072	671292
CountingSort	random	262144	1331000
CountingSort	random	524288	2644042
CountingSort	random	1048576	5410167
CountingSort	random	2097152	10828208
CountingSort	random	4194304	22669167
CountingSort	random	8388608	50095291
CountingSort	random	16777216	117770583
CountingSort	random	33554432	262431708
CountingSort	random	67108864	551407625
CountingSort	random	134217728	1127912875
CountingSort	random	268435456	2268973916
CountingSort	random	536870912	4577344208
CountingSort	ascending	1024	6458
CountingSort	ascending	2048	8417
CountingSort	ascending	4096	10541
CountingSort	ascending	8192	18458
CountingSort	ascending	16384	28250
CountingSort	ascending	32768	58041
CountingSort	ascending	65536	99250
CountingSort	ascending	131072	192416
CountingSort	ascending	262144	332542
CountingSort	ascending	524288	603709
CountingSort	ascending	1048576	1209667
CountingSort	ascending	2097152	2603041
CountingSort	ascending	4194304	4781875
CountingSort	ascending	8388608	10859958
CountingSort	ascending	16777216	20703875
CountingSort	ascending	33554432	42925584
CountingSort	ascending	67108864	81368875
CountingSort	ascending	134217728	162127875
CountingSort	ascending	268435456	321823625
CountingSort	ascending	536870912	648481084
CountingSort	descending	1024	5292
CountingSort	descending	2048	8833
CountingSort	descending	4096	10125
CountingSort	descending	8192	16291
CountingSort	descending	16384	31250
CountingSort	descending	32768	55833
CountingSort	descending	65536	96833
CountingSort	descending	131072	189709
CountingSort	descending	262144	351375
CountingSort	descending	524288	714333
CountingSort	descending	1048576	1368750
CountingSort	descending	2097152	2957917
CountingSort	descending	4194304	5964250
CountingSort	descending	8388608	11722709
CountingSort	descending	16777216	23164292
CountingSort	descending	33554432	46543208
CountingSort	descending	67108864	93400708
CountingSort	descending	134217728	187261666
CountingSort	descending	268435456	369778875
CountingSort	descending	536870912	721142708
CountingSort	random	1024	10791
CountingSort	random	2048	15375
CountingSort	random	4096	30792
CountingSort	random	8192	52166
CountingSort	random	16384	90291
CountingSort	random	32768	180833
CountingSort	random	65536	337334
CountingSort	random	131072	690333
CountingSort	random	262144	1352958
CountingSort	random	524288	2633625
CountingSort	random	1048576	5426042
CountingSort	random	2097152	10962875
CountingSort	random	4194304	22417292
CountingSort	random	8388608	50951375
CountingSort	random	16777216	119039291
CountingSort	random	33554432	261960083
CountingSort	random	67108864	549706250
CountingSort	random	134217728	1121847083
CountingSort	random	268435456	2273063750
CountingSort	random	536870912	4573195250
CountingSort	ascending	1024	6209
CountingSort	ascending	2048	8750
CountingSort	ascending	4096	10833
CountingSort	ascending	8192	17542
CountingSort	ascending	16384	30708
CountingSort	ascending	32768	51875
CountingSort	ascending	65536	89709
CountingSort	ascending	131072	172583
CountingSort	ascending	262144	339500
CountingSort	ascending	524288	658792
CountingSort	ascending	1048576	1301625
CountingSort	ascending	2097152	2674750
CountingSort	ascending	4194304	5520250
CountingSort	ascending	8388608	10279750
CountingSort	ascending	16777216	21855542
CountingSort	ascending	33554432	43120750
CountingSort	ascending	67108864	83765625
CountingSort	ascending	134217728	164594833
CountingSort	ascending	268435456	331667916
CountingSort	ascending	536870912	655289000
CountingSort	descending	1024	6416
CountingSort	descending	2048	8708
CountingSort	descending	4096	10125
CountingSort	descending	8192	17042
CountingSort	descending	16384	28250
CountingSort	descending	32768	53209
CountingSort	descending	65536	95708
CountingSort	descending	131072	174542
CountingSort	descending	262144	354958
CountingSort	descending	524288	721834
CountingSort	descending	1048576	1383292
CountingSort	descending	2097152	2916167
CountingSort	descending	4194304	5994292
CountingSort	descending	8388608	11362250
CountingSort	descending	16777216	23252708
CountingSort	descending	33554432	46815083
CountingSort	descending	67108864	93275458
CountingSort	descending	134217728	187629208
CountingSort	descending	268435456	360208000
CountingSort	descending	536870912	728733875
CountingSort	random	1024	9875
CountingSort	random	2048	16875
CountingSort	random	4096	27875
CountingSort	random	8192	51375
CountingSort	random	16384	90792
CountingSort	random	32768	174333
CountingSort	random	65536	332459
CountingSort	random	131072	717458
CountingSort	random	262144	1326584
CountingSort	random	524288	2748584
CountingSort	random	1048576	5403166
CountingSort	random	2097152	10897666
CountingSort	random	4194304	22466125
CountingSort	random	8388608	51229541
CountingSort	random	16777216	119112792
CountingSort	random	33554432	260963750
CountingSort	random	67108864	545547875
CountingSort	random	134217728	1123147416
CountingSort	random	268435456	2263056333
CountingSort	random	536870912	4571984791
CountingSort	ascending	1024	6750
CountingSort	ascending	2048	8125
CountingSort	ascending	4096	11541
CountingSort	ascending	8192	16625
CountingSort	ascending	16384	30750
CountingSort	ascending	32768	65917
CountingSort	ascending	65536	95042
CountingSort	ascending	131072	172209
CountingSort	ascending	262144	334083
CountingSort	ascending	524288	651875
CountingSort	ascending	1048576	1323541
CountingSort	ascending	2097152	2696000
CountingSort	ascending	4194304	5368625
CountingSort	ascending	8388608	10715875
CountingSort	ascending	16777216	21386833
CountingSort	ascending	33554432	42978792
CountingSort	ascending	67108864	85741791
CountingSort	ascending	134217728	171982500
CountingSort	ascending	268435456	346452458
CountingSort	ascending	536870912	695452542
CountingSort	descending	1024	6083
CountingSort	descending	2048	8541
CountingSort	descending	4096	10667
CountingSort	descending	8192	17375
CountingSort	descending	16384	30750
CountingSort	descending	32768	55792
CountingSort	descending	65536	97417
CountingSort	descending	131072	179916
CountingSort	descending	262144	370500
CountingSort	descending	524288	718083
CountingSort	descending	1048576	1433041
CountingSort	descending	2097152	2958958
CountingSort	descending	4194304	5898291
CountingSort	descending	8388608	11385292
CountingSort	descending	16777216	23468125
CountingSort	descending	33554432	46939916
CountingSort	descending	67108864	93773417
CountingSort	descending	134217728	188163000
CountingSort	descending	268435456	376374416
CountingSort	descending	536870912	749074875
CountingSort	random	1024	10750
CountingSort	random	2048	18584
CountingSort	random	4096	30375
CountingSort	random	8192	51958
CountingSort	random	16384	89416
CountingSort	random	32768	162625
CountingSort	random	65536	331041
CountingSort	random	131072	651084
CountingSort	random	262144	1282417
CountingSort	random	524288	2684417
CountingSort	random	1048576	5605458
CountingSort	random	2097152	11179292
CountingSort	random	4194304	22538625
CountingSort	random	8388608	50688167
CountingSort	random	16777216	118497042
CountingSort	random	33554432	261877084
CountingSort	random	67108864	548715750
CountingSort	random	134217728	1118825333
CountingSort	random	268435456	2271693042
CountingSort	random	536870912	4572328792
CountingSort	ascending	1024	6708
CountingSort	ascending	2048	7959
CountingSort	ascending	4096	11417
CountingSort	ascending	8192	16333
CountingSort	ascending	16384	29541
CountingSort	ascending	32768	59708
CountingSort	ascending	65536	93292
CountingSort	ascending	131072	174625
CountingSort	ascending	262144	332875
CountingSort	ascending	524288	666250
CountingSort	ascending	1048576	1322459
CountingSort	ascending	2097152	2740625
CountingSort	ascending	4194304	5432084
CountingSort	ascending	8388608	11031000
CountingSort	ascending	16777216	21909917
CountingSort	ascending	33554432	39851875
CountingSort	ascending	67108864	82070625
CountingSort	ascending	134217728	166399166
CountingSort	ascending	268435456	330503375
CountingSort	ascending	536870912	656053250
CountingSort	descending	1024	6083
CountingSort	descending	2048	8000
CountingSort	descending	4096	10709
CountingSort	descending	8192	17292
CountingSort	descending	16384	30000
CountingSort	descending	32768	56625
CountingSort	descending	65536	101792
CountingSort	descending	131072	187000
CountingSort	descending	262144	349583
CountingSort	descending	524288	715166
CountingSort	descending	1048576	1425875
CountingSort	descending	2097152	2938709
CountingSort	descending	4194304	5708000
CountingSort	descending	8388608	11768292
CountingSort	descending	16777216	23381959
CountingSort	descending	33554432	46015416
CountingSort	descending	67108864	91274083
CountingSort	descending	134217728	187140667
CountingSort	descending	268435456	376820750
CountingSort	descending	536870912	734133625
CountingSort	random	1024	11084
CountingSort	random	2048	18584
CountingSort	random	4096	29417
CountingSort	random	8192	49667
CountingSort	random	16384	95750
CountingSort	random	32768	168583
CountingSort	random	65536	326667
CountingSort	random	131072	651042
CountingSort	random	262144	1299084
CountingSort	random	524288	2631334
CountingSort	random	1048576	5432709
CountingSort	random	2097152	10896125
CountingSort	random	4194304	22504166
CountingSort	random	8388608	50608917
CountingSort	random	16777216	118320791
CountingSort	random	33554432	262435500
CountingSort	random	67108864	544048041
CountingSort	random	134217728	1117522458
CountingSort	random	268435456	2265251875
CountingSort	random	536870912	4575407417
CountingSort	ascending	1024	6250
CountingSort	ascending	2048	6584
CountingSort	ascending	4096	10791
CountingSort	ascending	8192	16458
CountingSort	ascending	16384	30208
CountingSort	ascending	32768	51917
CountingSort	ascending	65536	94416
CountingSort	ascending	131072	172625
CountingSort	ascending	262144	330167
CountingSort	ascending	524288	674375
CountingSort	ascending	1048576	1355334
CountingSort	ascending	2097152	2665209
CountingSort	ascending	4194304	5357542
CountingSort	ascending	8388608	10711458
CountingSort	ascending	16777216	21578542
CountingSort	ascending	33554432	42989625
CountingSort	ascending	67108864	85882916
CountingSort	ascending	134217728	172183667
CountingSort	ascending	268435456	344264458
CountingSort	ascending	536870912	694002459
CountingSort	descending	1024	5459
CountingSort	descending	2048	6625
CountingSort	descending	4096	10834
CountingSort	descending	8192	16833
CountingSort	descending	16384	40250
CountingSort	descending	32768	62333
CountingSort	descending	65536	91792
CountingSort	descending	131072	180208
CountingSort	descending	262144	333042
CountingSort	descending	524288	710584
CountingSort	descending	1048576	1430458
CountingSort	descending	2097152	2806375
CountingSort	descending	4194304	5808791
CountingSort	descending	8388608	11716334
CountingSort	descending	16777216	23310458
CountingSort	descending	33554432	46815750
CountingSort	descending	67108864	94432000
CountingSort	descending	134217728	188160250
CountingSort	descending	268435456	376452417
CountingSort	descending	536870912	751802709
CountingSort	random	1024	11000
CountingSort	random	2048	16375
CountingSort	random	4096	30333
CountingSort	random	8192	52875
CountingSort	random	16384	88500
CountingSort	random	32768	169167
CountingSort	random	65536	334125
CountingSort	random	131072	668416
CountingSort	random	262144	1342333
CountingSort	random	524288	2628083
CountingSort	random	1048576	5393917
CountingSort	random	2097152	10965958
CountingSort	random	4194304	23379917
CountingSort	random	8388608	50200125
CountingSort	random	16777216	121121875
CountingSort	random	33554432	263137708
CountingSort	random	67108864	551223042
CountingSort	random	134217728	1122547625
CountingSort	random	268435456	2269488750
CountingSort	random	536870912	4567617250
CountingSort	ascending	1024	7041
CountingSort	ascending	2048	8083
CountingSort	ascending	4096	11334
CountingSort	ascending	8192	17083
CountingSort	ascending	16384	30375
CountingSort	ascending	32768	49333
CountingSort	ascending	65536	95708
CountingSort	ascending	131072	173250
CountingSort	ascending	262144	331667
CountingSort	ascending	524288	666583
CountingSort	ascending	1048576	1333583
CountingSort	ascending	2097152	2552709
CountingSort	ascending	4194304	5517834
CountingSort	ascending	8388608	10867666
CountingSort	ascending	16777216	19572958
CountingSort	ascending	33554432	42556750
CountingSort	ascending	67108864	81924958
CountingSort	ascending	134217728	168138291
CountingSort	ascending	268435456	334779083
CountingSort	ascending	536870912	676064250
CountingSort	descending	1024	5500
CountingSort	descending	2048	7292
CountingSort	descending	4096	9541
CountingSort	descending	8192	16833
CountingSort	descending	16384	33500
CountingSort	descending	32768	59625
CountingSort	descending	65536	104416
CountingSort	descending	131072	172209
CountingSort	descending	262144	341708
CountingSort	descending	524288	721917
CountingSort	descending	1048576	1336666
CountingSort	descending	2097152	2765708
CountingSort	descending	4194304	5831833
CountingSort	descending	8388608	11322958
CountingSort	descending	16777216	23038666
CountingSort	descending	33554432	45377083
CountingSort	descending	67108864	92439708
CountingSort	descending	134217728	187056584
CountingSort	descending	268435456	375122500
CountingSort	descending	536870912	753513958
CountingSort	random	1024	10542
CountingSort	random	2048	17542
CountingSort	random	4096	29917
CountingSort	random	8192	43417
CountingSort	random	16384	97750
CountingSort	random	32768	172000
CountingSort	random	65536	348875
CountingSort	random	131072	666667
CountingSort	random	262144	1292459
CountingSort	random	524288	2711083
CountingSort	random	1048576	5416417
CountingSort	random	2097152	11016958
CountingSort	random	4194304	22636083
CountingSort	random	8388608	51078625
CountingSort	random	16777216	119052042
CountingSort	random	33554432	261042500
CountingSort	random	67108864	546845750
CountingSort	random	134217728	1118585166
CountingSort	random	268435456	2266134875
CountingSort	random	536870912	4577486125
CountingSort	ascending	1024	5875
CountingSort	ascending	2048	6709
CountingSort	ascending	4096	10583
CountingSort	ascending	8192	17125
CountingSort	ascending	16384	25834
CountingSort	ascending	32768	49125
CountingSort	ascending	65536	95667
CountingSort	ascending	131072	174542
CountingSort	ascending	262144	339125
CountingSort	ascending	524288	714792
CountingSort	ascending	1048576	1356875
CountingSort	ascending	2097152	2666542
CountingSort	ascending	4194304	5497541
CountingSort	ascending	8388608	10193708
CountingSort	ascending	16777216	19717000
CountingSort	ascending	33554432	43232625
CountingSort	ascending	67108864	86695125
CountingSort	ascending	134217728	169379416
CountingSort	ascending	268435456	343041833
CountingSort	ascending	536870912	674746792
CountingSort	descending	1024	6375
CountingSort	descending	2048	8542
CountingSort	descending	4096	10625
CountingSort	descending	8192	17750
CountingSort	descending	16384	27667
CountingSort	descending	32768	55042
CountingSort	descending	65536	105125
CountingSort	descending	131072	188000
CountingSort	descending	262144	362208
CountingSort	descending	524288	691709
CountingSort	descending	1048576	1222125
CountingSort	descending	2097152	2798958
CountingSort	descending	4194304	5639458
CountingSort	descending	8388608	11838625
CountingSort	descending	16777216	23503792
CountingSort	descending	33554432	46947250
CountingSort	descending	67108864	94093250
CountingSort	descending	134217728	175848750
CountingSort	descending	268435456	363518167
CountingSort	descending	536870912	725195083
CountingSort	random	1024	11875
CountingSort	random	2048	16959
CountingSort	random	4096	24667
CountingSort	random	8192	51416
CountingSort	random	16384	93125
CountingSort	random	32768	182208
CountingSort	random	65536	337709
CountingSort	random	131072	645458
CountingSort	random	262144	1340667
CountingSort	random	524288	2645292
CountingSort	random	1048576	5280208
CountingSort	random	2097152	10886000
CountingSort	random	4194304	23038083
CountingSort	random	8388608	50950625
CountingSort	random	16777216	116828542
CountingSort	random	33554432	260511791
CountingSort	random	67108864	547800875
CountingSort	random	134217728	1120418333
CountingSort	random	268435456	2262299166
CountingSort	random	536870912	4561645792
CountingSort	ascending	1024	6041
CountingSort	ascending	2048	6208
CountingSort	ascending	4096	10292
CountingSort	ascending	8192	17708
CountingSort	ascending	16384	30375
CountingSort	ascending	32768	52875
CountingSort	ascending	65536	80875
CountingSort	ascending	131072	177875
CountingSort	ascending	262144	332208
CountingSort	ascending	524288	669084
CountingSort	ascending	1048576	1321625
CountingSort	ascending	2097152	2716167
CountingSort	ascending	4194304	5421625
CountingSort	ascending	8388608	9793750
CountingSort	ascending	16777216	21714709
CountingSort	ascending	33554432	43229500
CountingSort	ascending	67108864	86686209
CountingSort	ascending	134217728	169115292
CountingSort	ascending	268435456	337704125
CountingSort	ascending	536870912	665108166
CountingSort	descending	1024	5541
CountingSort	descending	2048	8708
CountingSort	descending	4096	18250
CountingSort	descending	8192	18667
CountingSort	descending	16384	31917
CountingSort	descending	32768	54917
CountingSort	descending	65536	112834
CountingSort	descending	131072	181292
CountingSort	descending	262144	352125
CountingSort	descending	524288	701208
CountingSort	descending	1048576	1401167
CountingSort	descending	2097152	2906875
CountingSort	descending	4194304	5937334
CountingSort	descending	8388608	11754625
CountingSort	descending	16777216	23470792
CountingSort	descending	33554432	46391333
CountingSort	descending	67108864	91685291
CountingSort	descending	134217728	187193833
CountingSort	descending	268435456	375852667
CountingSort	descending	536870912	728297417
CountingSort	random	1024	10125
CountingSort	random	2048	16542
CountingSort	random	4096	25875
CountingSort	random	8192	42834
CountingSort	random	16384	90167
CountingSort	random	32768	168542
CountingSort	random	65536	337167
CountingSort	random	131072	670417
CountingSort	random	262144	1303125
CountingSort	random	524288	2633667
CountingSort	random	1048576	5438042
CountingSort	random	2097152	10847875
CountingSort	random	4194304	23445958
CountingSort	random	8388608	50659500
CountingSort	random	16777216	118966000
CountingSort	random	33554432	261982625
CountingSort	random	67108864	548070583
CountingSort	random	134217728	1114093917
CountingSort	random	268435456	2270174167
CountingSort	random	536870912	4579734500
CountingSort	ascending	1024	7167
CountingSort	ascending	2048	7250
CountingSort	ascending	4096	8833
CountingSort	ascending	8192	18125
CountingSort	ascending	16384	33333
CountingSort	ascending	32768	50250
CountingSort	ascending	65536	92541
CountingSort	ascending	131072	172750
CountingSort	ascending	262144	318667
CountingSort	ascending	524288	663250
CountingSort	ascending	1048576	1337292
CountingSort	ascending	2097152	2683917
CountingSort	ascending	4194304	5157541
CountingSort	ascending	8388608	10881250
CountingSort	ascending	16777216	21710750
CountingSort	ascending	33554432	40125167
CountingSort	ascending	67108864	86645125
CountingSort	ascending	134217728	170853458
CountingSort	ascending	268435456	337966208
CountingSort	ascending	536870912	679539166
CountingSort	descending	1024	6125
CountingSort	descending	2048	7375
CountingSort	descending	4096	9959
CountingSort	descending	8192	28375
CountingSort	descending	16384	32709
CountingSort	descending	32768	61833
CountingSort	descending	65536	96959
CountingSort	descending	131072	183667
CountingSort	descending	262144	359500
CountingSort	descending	524288	688875
CountingSort	descending	1048576	1357667
CountingSort	descending	2097152	2963250
CountingSort	descending	4194304	5612500
CountingSort	descending	8388608	11817250
CountingSort	descending	16777216	23507166
CountingSort	descending	33554432	46954542
CountingSort	descending	67108864	93893917
CountingSort	descending	134217728	188264708
CountingSort	descending	268435456	376724708
CountingSort	descending	536870912	764436375
CountingSort	random	1024	11458
CountingSort	random	2048	17709
CountingSort	random	4096	25583
CountingSort	random	8192	51458
CountingSort	random	16384	89750
CountingSort	random	32768	172125
CountingSort	random	65536	336250
CountingSort	random	131072	657459
CountingSort	random	262144	1312875
CountingSort	random	524288	2618333
CountingSort	random	1048576	5296667
CountingSort	random	2097152	11034291
CountingSort	random	4194304	22308291
CountingSort	random	8388608	49686500
CountingSort	random	16777216	116321750
CountingSort	random	33554432	259939250
CountingSort	random	67108864	551758583
CountingSort	random	134217728	1123541125
CountingSort	random	268435456	2266533250
CountingSort	random	536870912	4565150250
CountingSort	ascending	1024	6209
CountingSort	ascending	2048	7458
CountingSort	ascending	4096	12042
CountingSort	ascending	8192	16042
CountingSort	ascending	16384	24458
CountingSort	ascending	32768	51625
CountingSort	ascending	65536	77833
CountingSort	ascending	131072	158708
CountingSort	ascending	262144	293500
CountingSort	ascending	524288	611125
CountingSort	ascending	1048576	1196791
CountingSort	ascending	2097152	2712209
CountingSort	ascending	4194304	5456708
CountingSort	ascending	8388608	10756875
CountingSort	ascending	16777216	19970167
CountingSort	ascending	33554432	39930500
CountingSort	ascending	67108864	81992292
CountingSort	ascending	134217728	167523375
CountingSort	ascending	268435456	330988417
CountingSort	ascending	536870912	665406084
CountingSort	descending	1024	6750
CountingSort	descending	2048	7500
CountingSort	descending	4096	9875
CountingSort	descending	8192	17375
CountingSort	descending	16384	26667
CountingSort	descending	32768	49625
CountingSort	descending	65536	97625
CountingSort	descending	131072	181500
CountingSort	descending	262144	387417
CountingSort	descending	524288	781833
CountingSort	descending	1048576	1448166
CountingSort	descending	2097152	2901417
CountingSort	descending	4194304	5935250
CountingSort	descending	8388608	11571042
CountingSort	descending	16777216	23439958
CountingSort	descending	33554432	47139834
CountingSort	descending	67108864	94206834
CountingSort	descending	134217728	188667833
CountingSort	descending	268435456	372328750
CountingSort	descending	536870912	752251791
CountingSort	random	1024	11667
CountingSort	random	2048	17917
CountingSort	random	4096	24250
CountingSort	random	8192	44125
CountingSort	random	16384	89833
CountingSort	random	32768	166166
CountingSort	random	65536	342916
CountingSort	random	131072	719333
CountingSort	random	262144	1305208
CountingSort	random	524288	2668791
CountingSort	random	1048576	5433708
CountingSort	random	2097152	10987750
CountingSort	random	4194304	22502416
CountingSort	random	8388608	50855500
CountingSort	random	16777216	118959333
CountingSort	random	33554432	262496125
CountingSort	random	67108864	548027125
CountingSort	random	134217728	1116949625
CountingSort	random	268435456	2268669125
CountingSort	random	536870912	4572695667
CountingSort	ascending	1024	7167
CountingSort	ascending	2048	6500
CountingSort	ascending	4096	8750
CountingSort	ascending	8192	14459
CountingSort	ascending	16384	26916
CountingSort	ascending	32768	48041
CountingSort	ascending	65536	93042
CountingSort	ascending	131072	171750
CountingSort	ascending	262144	333584
CountingSort	ascending	524288	663958
CountingSort	ascending	1048576	1207583
CountingSort	ascending	2097152	2382292
CountingSort	ascending	4194304	5200166
CountingSort	ascending	8388608	9615834
CountingSort	ascending	16777216	21776167
CountingSort	ascending	33554432	40326125
CountingSort	ascending	67108864	83758459
CountingSort	ascending	134217728	162616792
CountingSort	ascending	268435456	323544875
CountingSort	ascending	536870912	645337000
CountingSort	descending	1024	6125
CountingSort	descending	2048	6500
CountingSort	descending	4096	8667
CountingSort	descending	8192	18750
CountingSort	descending	16384	26958
CountingSort	descending	32768	55666
CountingSort	descending	65536	91000
CountingSort	descending	131072	200000
CountingSort	descending	262144	345583
CountingSort	descending	524288	684417
CountingSort	descending	1048576	1400584
CountingSort	descending	2097152	2961125
CountingSort	descending	4194304	5755334
CountingSort	descending	8388608	11687834
CountingSort	descending	16777216	23437959
CountingSort	descending	33554432	47200583
CountingSort	descending	67108864	94675500
CountingSort	descending	134217728	188308333
CountingSort	descending	268435456	375944792
CountingSort	descending	536870912	757843500
CountingSort	random	1024	11750
CountingSort	random	2048	17334
CountingSort	random	4096	30000
CountingSort	random	8192	52333
CountingSort	random	16384	82334
CountingSort	random	32768	169834
CountingSort	random	65536	349667
CountingSort	random	131072	710792
CountingSort	random	262144	1303958
CountingSort	random	524288	2643209
CountingSort	random	1048576	5493084
CountingSort	random	2097152	11151416
CountingSort	random	4194304	22773625
CountingSort	random	8388608	50857792
CountingSort	random	16777216	118592875
CountingSort	random	33554432	259046000
CountingSort	random	67108864	544435333
CountingSort	random	134217728	1124829583
CountingSort	random	268435456	2268631166
CountingSort	random	536870912	4577366250
CountingSort	ascending	1024	5375
CountingSort	ascending	2048	6416
CountingSort	ascending	4096	10208
CountingSort	ascending	8192	15833
CountingSort	ascending	16384	30583
CountingSort	ascending	32768	54958
CountingSort	ascending	65536	92125
CountingSort	ascending	131072	180459
CountingSort	ascending	262144	331791
CountingSort	ascending	524288	669708
CountingSort	ascending	1048576	1316750
CountingSort	ascending	2097152	2667792
CountingSort	ascending	4194304	5381833
CountingSort	ascending	8388608	10760958
CountingSort	ascending	16777216	21600333
CountingSort	ascending	33554432	42880583
CountingSort	ascending	67108864	85781958
CountingSort	ascending	134217728	173439208
CountingSort	ascending	268435456	347294625
CountingSort	ascending	536870912	697881041
CountingSort	descending	1024	6708
CountingSort	descending	2048	7208
CountingSort	descending	4096	11667
CountingSort	descending	8192	16208
CountingSort	descending	16384	32792
CountingSort	descending	32768	55750
CountingSort	descending	65536	105084
CountingSort	descending	131072	172708
CountingSort	descending	262144	345500
CountingSort	descending	524288	687750
CountingSort	descending	1048576	1340292
CountingSort	descending	2097152	2833875
CountingSort	descending	4194304	5626542
CountingSort	descending	8388608	11787292
CountingSort	descending	16777216	23421416
CountingSort	descending	33554432	46629750
CountingSort	descending	67108864	93789333
CountingSort	descending	134217728	187840583
CountingSort	descending	268435456	375334042
CountingSort	descending	536870912	750096292
CountingSort	random	1024	9792
CountingSort	random	2048	18167
CountingSort	random	4096	29584
CountingSort	random	8192	44375
CountingSort	random	16384	88959
CountingSort	random	32768	166375
CountingSort	random	65536	330042
CountingSort	random	131072	654625
CountingSort	random	262144	1320917
CountingSort	random	524288	2638666
CountingSort	random	1048576	5507875
CountingSort	random	2097152	11085875
CountingSort	random	4194304	22487125
CountingSort	random	8388608	51469333
CountingSort	random	16777216	119148708
CountingSort	random	33554432	262709459
CountingSort	random	67108864	551909209
CountingSort	random	134217728	1119168417
CountingSort	random	268435456	2274206250
CountingSort	random	536870912	4578013875
CountingSort	ascending	1024	7167
CountingSort	ascending	2048	8500
CountingSort	ascending	4096	9792
CountingSort	ascending	8192	12417
CountingSort	ascending	16384	33750
CountingSort	ascending	32768	55417
CountingSort	ascending	65536	95542
CountingSort	ascending	131072	158417
CountingSort	ascending	262144	332667
CountingSort	ascending	524288	673875
CountingSort	ascending	1048576	1337292
CountingSort	ascending	2097152	2695625
CountingSort	ascending	4194304	5146208
CountingSort	ascending	8388608	10433208
CountingSort	ascending	16777216	21596291
CountingSort	ascending	33554432	42069458
CountingSort	ascending	67108864	81058334
CountingSort	ascending	134217728	163694834
CountingSort	ascending	268435456	327317625
CountingSort	ascending	536870912	650012333
CountingSort	descending	1024	6084
CountingSort	descending	2048	6958
CountingSort	descending	4096	10292
CountingSort	descending	8192	16166
CountingSort	descending	16384	31708
CountingSort	descending	32768	55292
CountingSort	descending	65536	98500
CountingSort	descending	131072	193916
CountingSort	descending	262144	346292
CountingSort	descending	524288	688083
CountingSort	descending	1048576	1323959
CountingSort	descending	2097152	2899334
CountingSort	descending	4194304	5674125
CountingSort	descending	8388608	11669708
CountingSort	descending	16777216	23610000
CountingSort	descending	33554432	45151750
CountingSort	descending	67108864	93227084
CountingSort	descending	134217728	186393166
CountingSort	descending	268435456	372918208
CountingSort	descending	536870912	752247834
CountingSort	random	1024	11625
CountingSort	random	2048	13916
CountingSort	random	4096	26875
CountingSort	random	8192	53542
CountingSort	random	16384	89459
CountingSort	random	32768	172625
CountingSort	random	65536	370750
CountingSort	random	131072	667417
CountingSort	random	262144	1397750
CountingSort	random	524288	2623000
CountingSort	random	1048576	5379375
CountingSort	random	2097152	11099250
CountingSort	random	4194304	23118542
CountingSort	random	8388608	51125042
CountingSort	random	16777216	118864875
CountingSort	random	33554432	261907209
CountingSort	random	67108864	544672458
CountingSort	random	134217728	1125510833
CountingSort	random	268435456	2305672583
CountingSort	random	536870912	4649812125
CountingSort	ascending	1024	5791
CountingSort	ascending	2048	7500
CountingSort	ascending	4096	9792
CountingSort	ascending	8192	17709
CountingSort	ascending	16384	39791
CountingSort	ascending	32768	54417
CountingSort	ascending	65536	95292
CountingSort	ascending	131072	173125
CountingSort	ascending	262144	343542
CountingSort	ascending	524288	723083
CountingSort	ascending	1048576	1317291
CountingSort	ascending	2097152	2727250
CountingSort	ascending	4194304	5454292
CountingSort	ascending	8388608	10930417
CountingSort	ascending	16777216	21729042
CountingSort	ascending	33554432	43421667
CountingSort	ascending	67108864	87169917
CountingSort	ascending	134217728	172029792
CountingSort	ascending	268435456	336548500
CountingSort	ascending	536870912	668209708
CountingSort	descending	1024	5375
CountingSort	descending	2048	8417
CountingSort	descending	4096	11375
CountingSort	descending	8192	17500
CountingSort	descending	16384	33708
CountingSort	descending	32768	58958
CountingSort	descending	65536	96375
CountingSort	descending	131072	178541
CountingSort	descending	262144	349208
CountingSort	descending	524288	726084
CountingSort	descending	1048576	1491750
CountingSort	descending	2097152	2786125
CountingSort	descending	4194304	6005083
CountingSort	descending	8388608	11860750
CountingSort	descending	16777216	23701458
CountingSort	descending	33554432	47297375
CountingSort	descending	67108864	94321584
CountingSort	descending	134217728	189178041
CountingSort	descending	268435456	379421334
CountingSort	descending	536870912	743362709
CountingSort	random	1024	10916
CountingSort	random	2048	17708
CountingSort	random	4096	30667
CountingSort	random	8192	51583
CountingSort	random	16384	88375
CountingSort	random	32768	169583
CountingSort	random	65536	325125
CountingSort	random	131072	642875
CountingSort	random	262144	1290750
CountingSort	random	524288	2677042
CountingSort	random	1048576	5396792
CountingSort	random	2097152	11123791
CountingSort	random	4194304	23542709
CountingSort	random	8388608	51559291
CountingSort	random	16777216	119531666
CountingSort	random	33554432	262860792
CountingSort	random	67108864	550154167
CountingSort	random	134217728	1126229000
CountingSort	random	268435456	2277321750
CountingSort	random	536870912	4567799208
CountingSort	ascending	1024	5834
CountingSort	ascending	2048	6500
CountingSort	ascending	4096	9625
CountingSort	ascending	8192	17583
CountingSort	ascending	16384	27334
CountingSort	ascending	32768	50750
CountingSort	ascending	65536	86833
CountingSort	ascending	131072	180208
CountingSort	ascending	262144	299166
CountingSort	ascending	524288	732125
CountingSort	ascending	1048576	1367333
CountingSort	ascending	2097152	2715458
CountingSort	ascending	4194304	5277125
CountingSort	ascending	8388608	9691167
CountingSort	ascending	16777216	20091833
CountingSort	ascending	33554432	40215292
CountingSort	ascending	67108864	81688875
CountingSort	ascending	134217728	161219541
CountingSort	ascending	268435456	324425416
CountingSort	ascending	536870912	646618959
CountingSort	descending	1024	5875
CountingSort	descending	2048	7458
CountingSort	descending	4096	11333
CountingSort	descending	8192	18791
CountingSort	descending	16384	32417
CountingSort	descending	32768	53417
CountingSort	descending	65536	100000
CountingSort	descending	131072	222625
CountingSort	descending	262144	363958
CountingSort	descending	524288	720833
CountingSort	descending	1048576	1445792
CountingSort	descending	2097152	2823459
CountingSort	descending	4194304	5808083
CountingSort	descending	8388608	11200709
CountingSort	descending	16777216	22517750
CountingSort	descending	33554432	46346292
CountingSort	descending	67108864	92933000
CountingSort	descending	134217728	185849875
CountingSort	descending	268435456	377516084
CountingSort	descending	536870912	756901292
CountingSort	random	1024	10666
CountingSort	random	2048	18000
CountingSort	random	4096	29375
CountingSort	random	8192	52500
CountingSort	random	16384	92334
CountingSort	random	32768	165833
CountingSort	random	65536	341375
CountingSort	random	131072	664833
CountingSort	random	262144	1382917
CountingSort	random	524288	2640000
CountingSort	random	1048576	5372417
CountingSort	random	2097152	10987416
CountingSort	random	4194304	22891833
CountingSort	random	8388608	50831791
CountingSort	random	16777216	118482709
CountingSort	random	33554432	262463875
CountingSort	random	67108864	544613125
CountingSort	random	134217728	1121380500
CountingSort	random	268435456	2268649958
CountingSort	random	536870912	4581788834
CountingSort	ascending	1024	6000
CountingSort	ascending	2048	7542
CountingSort	ascending	4096	11042
CountingSort	ascending	8192	15750
CountingSort	ascending	16384	29250
CountingSort	ascending	32768	53292
CountingSort	ascending	65536	88458
CountingSort	ascending	131072	166500
CountingSort	ascending	262144	339750
CountingSort	ascending	524288	655833
CountingSort	ascending	1048576	1338167
CountingSort	ascending	2097152	2694667
CountingSort	ascending	4194304	5341500
CountingSort	ascending	8388608	10860084
CountingSort	ascending	16777216	21436750
CountingSort	ascending	33554432	43125166
CountingSort	ascending	67108864	86273042
CountingSort	ascending	134217728	173192000
CountingSort	ascending	268435456	343531709
CountingSort	ascending	536870912	690922708
CountingSort	descending	1024	6041
CountingSort	descending	2048	6083
CountingSort	descending	4096	10875
CountingSort	descending	8192	17375
CountingSort	descending	16384	32250
CountingSort	descending	32768	49625
CountingSort	descending	65536	108042
CountingSort	descending	131072	184458
CountingSort	descending	262144	348166
CountingSort	descending	524288	698334
CountingSort	descending	1048576	1514041
CountingSort	descending	2097152	2692875
CountingSort	descending	4194304	5851375
CountingSort	descending	8388608	11882625
CountingSort	descending	16777216	23234542
CountingSort	descending	33554432	44453417
CountingSort	descending	67108864	92789291
CountingSort	descending	134217728	187248041
CountingSort	descending	268435456	377866417
CountingSort	descending	536870912	750556334
CountingSort	random	1024	11750
CountingSort	random	2048	18959
CountingSort	random	4096	30500
CountingSort	random	8192	51250
CountingSort	random	16384	100625
CountingSort	random	32768	169709
CountingSort	random	65536	331000
CountingSort	random	131072	676167
CountingSort	random	262144	1308500
CountingSort	random	524288	2689209
CountingSort	random	1048576	5354625
CountingSort	random	2097152	11048500
CountingSort	random	4194304	22606458
CountingSort	random	8388608	52015959
CountingSort	random	16777216	119950958
CountingSort	random	33554432	263714000
CountingSort	random	67108864	551274250
CountingSort	random	134217728	1125987416
CountingSort	random	268435456	2278842750
CountingSort	random	536870912	4580801458
CountingSort	ascending	1024	6083
CountingSort	ascending	2048	7791
CountingSort	ascending	4096	8792
CountingSort	ascending	8192	17042
CountingSort	ascending	16384	29000
CountingSort	ascending	32768	53083
CountingSort	ascending	65536	87833
CountingSort	ascending	131072	180250
CountingSort	ascending	262144	343500
CountingSort	ascending	524288	655250
CountingSort	ascending	1048576	1347042
CountingSort	ascending	2097152	2747667
CountingSort	ascending	4194304	5388667
CountingSort	ascending	8388608	10988584
CountingSort	ascending	16777216	21644916
CountingSort	ascending	33554432	43513125
CountingSort	ascending	67108864	87323708
CountingSort	ascending	134217728	173482792
CountingSort	ascending	268435456	337203875
CountingSort	ascending	536870912	672584708
CountingSort	descending	1024	5458
CountingSort	descending	2048	6333
CountingSort	descending	4096	11584
CountingSort	descending	8192	16166
CountingSort	descending	16384	28334
CountingSort	descending	32768	51125
CountingSort	descending	65536	91292
CountingSort	descending	131072	190625
CountingSort	descending	262144	335208
CountingSort	descending	524288	721833
CountingSort	descending	1048576	1350334
CountingSort	descending	2097152	2913667
CountingSort	descending	4194304	5442583
CountingSort	descending	8388608	11733791
CountingSort	descending	16777216	22555417
CountingSort	descending	33554432	44080791
CountingSort	descending	67108864	90041083
CountingSort	descending	134217728	179092250
CountingSort	descending	268435456	369480625
CountingSort	descending	536870912	729209083
CountingSort	random	1024	10834
CountingSort	random	2048	14917
CountingSort	random	4096	30667
CountingSort	random	8192	45291
CountingSort	random	16384	98458
CountingSort	random	32768	182125
CountingSort	random	65536	327625
CountingSort	random	131072	688500
CountingSort	random	262144	1306500
CountingSort	random	524288	2722208
CountingSort	random	1048576	5467292
CountingSort	random	2097152	11285833
CountingSort	random	4194304	23707916
CountingSort	random	8388608	52158708
CountingSort	random	16777216	119152084
CountingSort	random	33554432	262042833
CountingSort	random	67108864	547301417
CountingSort	random	134217728	1121276084
CountingSort	random	268435456	2269197083
CountingSort	random	536870912	4589145541
CountingSort	ascending	1024	6584
CountingSort	ascending	2048	7583
CountingSort	ascending	4096	11250
CountingSort	ascending	8192	14375
CountingSort	ascending	16384	28250
CountingSort	ascending	32768	49916
CountingSort	ascending	65536	89042
CountingSort	ascending	131072	180125
CountingSort	ascending	262144	340375
CountingSort	ascending	524288	668084
CountingSort	ascending	1048576	1337541
CountingSort	ascending	2097152	2743708
CountingSort	ascending	4194304	5484792
CountingSort	ascending	8388608	10541417
CountingSort	ascending	16777216	21732167
CountingSort	ascending	33554432	42515167
CountingSort	ascending	67108864	84354584
CountingSort	ascending	134217728	165878292
CountingSort	ascending	268435456	328495084
CountingSort	ascending	536870912	661063375
CountingSort	descending	1024	5875
CountingSort	descending	2048	6667
CountingSort	descending	4096	8583
CountingSort	descending	8192	17041
CountingSort	descending	16384	30917
CountingSort	descending	32768	50500
CountingSort	descending	65536	86958
CountingSort	descending	131072	169125
CountingSort	descending	262144	334500
CountingSort	descending	524288	649750
CountingSort	descending	1048576	1381167
CountingSort	descending	2097152	2587375
CountingSort	descending	4194304	5680125
CountingSort	descending	8388608	11904167
CountingSort	descending	16777216	20938208
CountingSort	descending	33554432	46596542
CountingSort	descending	67108864	88900958
CountingSort	descending	134217728	180102834
CountingSort	descending	268435456	354469042
CountingSort	descending	536870912	711754500
CountingSort	random	1024	11375
CountingSort	random	2048	16084
CountingSort	random	4096	28708
CountingSort	random	8192	49667
CountingSort	random	16384	81166
CountingSort	random	32768	170875
CountingSort	random	65536	344666
CountingSort	random	131072	646625
CountingSort	random	262144	1288500
CountingSort	random	524288	2669459
CountingSort	random	1048576	5586542
CountingSort	random	2097152	10958042
CountingSort	random	4194304	22404333
CountingSort	random	8388608	50374333
CountingSort	random	16777216	116725792
CountingSort	random	33554432	263263833
CountingSort	random	67108864	552552541
CountingSort	random	134217728	1129727125
CountingSort	random	268435456	2281188916
CountingSort	random	536870912	4593867833
CountingSort	ascending	1024	7500
CountingSort	ascending	2048	7958
CountingSort	ascending	4096	10416
CountingSort	ascending	8192	16417
CountingSort	ascending	16384	33125
CountingSort	ascending	32768	51833
CountingSort	ascending	65536	88209
CountingSort	ascending	131072	175208
CountingSort	ascending	262144	347791
CountingSort	ascending	524288	720000
CountingSort	ascending	1048576	1306084
CountingSort	ascending	2097152	2557542
CountingSort	ascending	4194304	5352708
CountingSort	ascending	8388608	11190959
CountingSort	ascending	16777216	20967458
CountingSort	ascending	33554432	43814041
CountingSort	ascending	67108864	84449708
CountingSort	ascending	134217728	167199625
CountingSort	ascending	268435456	333992084
CountingSort	ascending	536870912	655898750
CountingSort	descending	1024	5916
CountingSort	descending	2048	7959
CountingSort	descending	4096	11959
CountingSort	descending	8192	17584
CountingSort	descending	16384	30167
CountingSort	descending	32768	56375
CountingSort	descending	65536	95041
CountingSort	descending	131072	181042
CountingSort	descending	262144	351875
CountingSort	descending	524288	746709
CountingSort	descending	1048576	1472292
CountingSort	descending	2097152	2904084
CountingSort	descending	4194304	5690292
CountingSort	descending	8388608	11280792
CountingSort	descending	16777216	23562333
CountingSort	descending	33554432	47560125
CountingSort	descending	67108864	94355958
CountingSort	descending	134217728	185463375
CountingSort	descending	268435456	372382333
CountingSort	descending	536870912	749087166
CountingSort	random	1024	11750
CountingSort	random	2048	15125
CountingSort	random	4096	30917
CountingSort	random	8192	47209
CountingSort	random	16384	89625
CountingSort	random	32768	164666
CountingSort	random	65536	327291
CountingSort	random	131072	661958
CountingSort	random	262144	1295625
CountingSort	random	524288	2615334
CountingSort	random	1048576	5367042
CountingSort	random	2097152	11192584
CountingSort	random	4194304	22820583
CountingSort	random	8388608	51177292
CountingSort	random	16777216	118484833
CountingSort	random	33554432	262170250
CountingSort	random	67108864	549063333
CountingSort	random	134217728	1116625084
CountingSort	random	268435456	2274106333
CountingSort	random	536870912	4590404750
CountingSort	ascending	1024	5750
CountingSort	ascending	2048	7292
CountingSort	ascending	4096	9875
CountingSort	ascending	8192	16959
CountingSort	ascending	16384	31500
CountingSort	ascending	32768	50958
CountingSort	ascending	65536	92875
CountingSort	ascending	131072	172166
CountingSort	ascending	262144	332042
CountingSort	ascending	524288	651750
CountingSort	ascending	1048576	1343208
CountingSort	ascending	2097152	2694042
CountingSort	ascending	4194304	5348500
CountingSort	ascending	8388608	10799042
CountingSort	ascending	16777216	20047417
CountingSort	ascending	33554432	40533541
CountingSort	ascending	67108864	86491292
CountingSort	ascending	134217728	171447583
CountingSort	ascending	268435456	340512708
CountingSort	ascending	536870912	685678250
CountingSort	descending	1024	5708
CountingSort	descending	2048	7209
CountingSort	descending	4096	10250
CountingSort	descending	8192	17250
CountingSort	descending	16384	28375
CountingSort	descending	32768	53666
CountingSort	descending	65536	94791
CountingSort	descending	131072	179875
CountingSort	descending	262144	342334
CountingSort	descending	524288	703750
CountingSort	descending	1048576	1388416
CountingSort	descending	2097152	2872583
CountingSort	descending	4194304	5771917
CountingSort	descending	8388608	11766083
CountingSort	descending	16777216	22951625
CountingSort	descending	33554432	46958375
CountingSort	descending	67108864	92461209
CountingSort	descending	134217728	188448416
CountingSort	descending	268435456	377857416
CountingSort	descending	536870912	755484292
CountingSort	random	1024	11333
CountingSort	random	2048	18375
CountingSort	random	4096	28792
CountingSort	random	8192	52167
CountingSort	random	16384	93083
CountingSort	random	32768	168791
CountingSort	random	65536	326041
CountingSort	random	131072	644250
CountingSort	random	262144	1290458
CountingSort	random	524288	2629917
CountingSort	random	1048576	5654042
CountingSort	random	2097152	11157792
CountingSort	random	4194304	22718042
CountingSort	random	8388608	50193042
CountingSort	random	16777216	118108084
CountingSort	random	33554432	261075291
CountingSort	random	67108864	555182458
CountingSort	random	134217728	1133224000
CountingSort	random	268435456	2275547084
CountingSort	random	536870912	4588148000
CountingSort	ascending	1024	6500
CountingSort	ascending	2048	7125
CountingSort	ascending	4096	9541
CountingSort	ascending	8192	17000
CountingSort	ascending	16384	29750
CountingSort	ascending	32768	54000
CountingSort	ascending	65536	88125
CountingSort	ascending	131072	171584
CountingSort	ascending	262144	337959
CountingSort	ascending	524288	674791
CountingSort	ascending	1048576	1308417
CountingSort	ascending	2097152	2660959
CountingSort	ascending	4194304	5414458
CountingSort	ascending	8388608	10449958
CountingSort	ascending	16777216	21732750
CountingSort	ascending	33554432	39459084
CountingSort	ascending	67108864	87481709
CountingSort	ascending	134217728	173913750
CountingSort	ascending	268435456	339492750
CountingSort	ascending	536870912	687389334
CountingSort	descending	1024	5625
CountingSort	descending	2048	7250
CountingSort	descending	4096	11292
CountingSort	descending	8192	18084
CountingSort	descending	16384	32458
CountingSort	descending	32768	54250
CountingSort	descending	65536	96125
CountingSort	descending	131072	186084
CountingSort	descending	262144	351375
CountingSort	descending	524288	753708
CountingSort	descending	1048576	1436666
CountingSort	descending	2097152	3089791
CountingSort	descending	4194304	6129250
CountingSort	descending	8388608	11926083
CountingSort	descending	16777216	24653333
CountingSort	descending	33554432	47874875
CountingSort	descending	67108864	95721041
CountingSort	descending	134217728	191329500
CountingSort	descending	268435456	384862750
CountingSort	descending	536870912	771983375
CountingSort	random	1024	12292
CountingSort	random	2048	15250
CountingSort	random	4096	25708
CountingSort	random	8192	49917
CountingSort	random	16384	86208
CountingSort	random	32768	173500
CountingSort	random	65536	359542
CountingSort	random	131072	705834
CountingSort	random	262144	1287667
CountingSort	random	524288	2681292
CountingSort	random	1048576	5464125
CountingSort	random	2097152	11432792
CountingSort	random	4194304	23677708
CountingSort	random	8388608	53440208
CountingSort	random	16777216	123412417
CountingSort	random	33554432	270468416
CountingSort	random	67108864	564912667
CountingSort	random	134217728	1149591541
CountingSort	random	268435456	2322629250
CountingSort	random	536870912	4677754500
CountingSort	ascending	1024	7041
CountingSort	ascending	2048	7208
CountingSort	ascending	4096	8875
CountingSort	ascending	8192	17709
CountingSort	ascending	16384	28916
CountingSort	ascending	32768	43333
CountingSort	ascending	65536	94000
CountingSort	ascending	131072	161208
CountingSort	ascending	262144	326917
CountingSort	ascending	524288	670333
CountingSort	ascending	1048576	1375458
CountingSort	ascending	2097152	2764750
CountingSort	ascending	4194304	5484666
CountingSort	ascending	8388608	11129459
CountingSort	ascending	16777216	22114291
CountingSort	ascending	33554432	41273167
CountingSort	ascending	67108864	83582292
CountingSort	ascending	134217728	174762917
CountingSort	ascending	268435456	345081208
CountingSort	ascending	536870912	686044792
CountingSort	descending	1024	5875
CountingSort	descending	2048	7625
CountingSort	descending	4096	11250
CountingSort	descending	8192	17875
CountingSort	descending	16384	26667
CountingSort	descending	32768	56416
CountingSort	descending	65536	99500
CountingSort	descending	131072	180708
CountingSort	descending	262144	346250
CountingSort	descending	524288	718459
CountingSort	descending	1048576	1551916
CountingSort	descending	2097152	2995750
CountingSort	descending	4194304	5862167
CountingSort	descending	8388608	12137459
CountingSort	descending	16777216	23409417
CountingSort	descending	33554432	47963583
CountingSort	descending	67108864	94954916
CountingSort	descending	134217728	188140250
CountingSort	descending	268435456	380081583
CountingSort	descending	536870912	762037708
CountingSort	random	1024	11625
CountingSort	random	2048	16625
CountingSort	random	4096	29333
CountingSort	random	8192	46250
CountingSort	random	16384	88667
CountingSort	random	32768	164458
CountingSort	random	65536	349584
CountingSort	random	131072	646375
CountingSort	random	262144	1319584
CountingSort	random	524288	2731209
CountingSort	random	1048576	5619042
CountingSort	random	2097152	11336292
CountingSort	random	4194304	22830917
CountingSort	random	8388608	50962167
CountingSort	random	16777216	120921625
CountingSort	random	33554432	269947417
CountingSort	random	67108864	562036209
CountingSort	random	134217728	1151190375
CountingSort	random	268435456	2309304250
CountingSort	random	536870912	4669299917
CountingSort	ascending	1024	6833
CountingSort	ascending	2048	8500
CountingSort	ascending	4096	11166
CountingSort	ascending	8192	17083
CountingSort	ascending	16384	23667
CountingSort	ascending	32768	52583
CountingSort	ascending	65536	92833
CountingSort	ascending	131072	169125
CountingSort	ascending	262144	320334
CountingSort	ascending	524288	656708
CountingSort	ascending	1048576	1339750
CountingSort	ascending	2097152	2831583
CountingSort	ascending	4194304	5514375
CountingSort	ascending	8388608	10370541
CountingSort	ascending	16777216	22313209
CountingSort	ascending	33554432	42439166
CountingSort	ascending	67108864	84611833
CountingSort	ascending	134217728	164145166
CountingSort	ascending	268435456	328913333
CountingSort	ascending	536870912	656254000
CountingSort	descending	1024	6792
CountingSort	descending	2048	5458
CountingSort	descending	4096	10917
CountingSort	descending	8192	17959
CountingSort	descending	16384	27417
CountingSort	descending	32768	53167
CountingSort	descending	65536	97708
CountingSort	descending	131072	193417
CountingSort	descending	262144	360500
CountingSort	descending	524288	743750
CountingSort	descending	1048576	1445375
CountingSort	descending	2097152	2929625
CountingSort	descending	4194304	5978125
CountingSort	descending	8388608	12024875
CountingSort	descending	16777216	23838042
CountingSort	descending	33554432	47873791
CountingSort	descending	67108864	95449667
CountingSort	descending	134217728	189656834
CountingSort	descending	268435456	377596625
CountingSort	descending	536870912	761430583
CountingSort	random	1024	12000
CountingSort	random	2048	17041
CountingSort	random	4096	29625
CountingSort	random	8192	52750
CountingSort	random	16384	88458
CountingSort	random	32768	160500
CountingSort	random	65536	343375
CountingSort	random	131072	656166
CountingSort	random	262144	1284583
CountingSort	random	524288	2630375
CountingSort	random	1048576	5416375
CountingSort	random	2097152	11383667
CountingSort	random	4194304	23317042
CountingSort	random	8388608	53069584
CountingSort	random	16777216	122380250
CountingSort	random	33554432	267860292
CountingSort	random	67108864	559164791
CountingSort	random	134217728	1146267958
CountingSort	random	268435456	2323361292
CountingSort	random	536870912	4662997459
CountingSort	ascending	1024	6458
CountingSort	ascending	2048	6084
CountingSort	ascending	4096	12542
CountingSort	ascending	8192	14833
CountingSort	ascending	16384	25041
CountingSort	ascending	32768	51708
CountingSort	ascending	65536	84667
CountingSort	ascending	131072	181708
CountingSort	ascending	262144	324208
CountingSort	ascending	524288	685750
CountingSort	ascending	1048576	1327167
CountingSort	ascending	2097152	2729750
CountingSort	ascending	4194304	5622708
CountingSort	ascending	8388608	10876833
CountingSort	ascending	16777216	21941292
CountingSort	ascending	33554432	44295458
CountingSort	ascending	67108864	88735958
CountingSort	ascending	134217728	177606000
CountingSort	ascending	268435456	353058917
CountingSort	ascending	536870912	711475708
CountingSort	descending	1024	6500
CountingSort	descending	2048	7042
CountingSort	descending	4096	10709
CountingSort	descending	8192	15041
CountingSort	descending	16384	32583
CountingSort	descending	32768	49625
CountingSort	descending	65536	96542
CountingSort	descending	131072	188291
CountingSort	descending	262144	387542
CountingSort	descending	524288	706875
CountingSort	descending	1048576	1460250
CountingSort	descending	2097152	2935292
CountingSort	descending	4194304	6067667
CountingSort	descending	8388608	11928250
CountingSort	descending	16777216	23864250
CountingSort	descending	33554432	47718375
CountingSort	descending	67108864	95185458
CountingSort	descending	134217728	187808375
CountingSort	descending	268435456	378973042
CountingSort	descending	536870912	763163625
CountingSort	random	1024	11750
CountingSort	random	2048	18166
CountingSort	random	4096	29292
CountingSort	random	8192	46916
CountingSort	random	16384	86541
CountingSort	random	32768	166709
CountingSort	random	65536	349708
CountingSort	random	131072	710417
CountingSort	random	262144	1313792
CountingSort	random	524288	2754125
CountingSort	random	1048576	5675125
CountingSort	random	2097152	11348584
CountingSort	random	4194304	23120042
CountingSort	random	8388608	51273125
CountingSort	random	16777216	123413208
CountingSort	random	33554432	267382958
CountingSort	random	67108864	563375292
CountingSort	random	134217728	1148354917
CountingSort	random	268435456	2318470166
CountingSort	random	536870912	4617234333
CountingSort	ascending	1024	5291
CountingSort	ascending	2048	7000
CountingSort	ascending	4096	9625
CountingSort	ascending	8192	17750
CountingSort	ascending	16384	38791
CountingSort	ascending	32768	45959
CountingSort	ascending	65536	90958
CountingSort	ascending	131072	164208
CountingSort	ascending	262144	342834
CountingSort	ascending	524288	652750
CountingSort	ascending	1048576	1364542
CountingSort	ascending	2097152	2665000
CountingSort	ascending	4194304	5373083
CountingSort	ascending	8388608	9904167
CountingSort	ascending	16777216	21735000
CountingSort	ascending	33554432	43320500
CountingSort	ascending	67108864	89263958
CountingSort	ascending	134217728	169087250
CountingSort	ascending	268435456	340994958
CountingSort	ascending	536870912	685741792
CountingSort	descending	1024	6750
CountingSort	descending	2048	8125
CountingSort	descending	4096	9875
CountingSort	descending	8192	17666
CountingSort	descending	16384	31375
CountingSort	descending	32768	54708
CountingSort	descending	65536	101166
CountingSort	descending	131072	159916
CountingSort	descending	262144	352166
CountingSort	descending	524288	744958
CountingSort	descending	1048576	1238667
CountingSort	descending	2097152	2831208
CountingSort	descending	4194304	5127167
CountingSort	descending	8388608	11737959
CountingSort	descending	16777216	24342750
CountingSort	descending	33554432	46028500
CountingSort	descending	67108864	85118917
CountingSort	descending	134217728	174001292
CountingSort	descending	268435456	336525917
CountingSort	descending	536870912	682105708
CountingSort	random	1024	12291
CountingSort	random	2048	15375
CountingSort	random	4096	26083
CountingSort	random	8192	45959
CountingSort	random	16384	86250
CountingSort	random	32768	168083
CountingSort	random	65536	333375
CountingSort	random	131072	649917
CountingSort	random	262144	1281375
CountingSort	random	524288	2637667
CountingSort	random	1048576	5429542
CountingSort	random	2097152	11011625
CountingSort	random	4194304	23065333
CountingSort	random	8388608	52043375
CountingSort	random	16777216	120633167
CountingSort	random	33554432	263456416
CountingSort	random	67108864	554349209
CountingSort	random	134217728	1132892166
CountingSort	random	268435456	2295503709
CountingSort	random	536870912	4639390083
CountingSort	ascending	1024	5750
CountingSort	ascending	2048	5750
CountingSort	ascending	4096	10125
CountingSort	ascending	8192	15042
CountingSort	ascending	16384	26083
CountingSort	ascending	32768	46584
CountingSort	ascending	65536	91583
CountingSort	ascending	131072	177667
CountingSort	ascending	262144	331084
CountingSort	ascending	524288	683333
CountingSort	ascending	1048576	1425000
CountingSort	ascending	2097152	2678250
CountingSort	ascending	4194304	5464833
CountingSort	ascending	8388608	10877375
CountingSort	ascending	16777216	21829791
CountingSort	ascending	33554432	44564708
CountingSort	ascending	67108864	88405125
CountingSort	ascending	134217728	177578167
CountingSort	ascending	268435456	354419583
CountingSort	ascending	536870912	732767750
CountingSort	descending	1024	6167
CountingSort	descending	2048	7083
CountingSort	descending	4096	10709
CountingSort	descending	8192	16458
CountingSort	descending	16384	30916
CountingSort	descending	32768	49625
CountingSort	descending	65536	93917
CountingSort	descending	131072	189583
CountingSort	descending	262144	359709
CountingSort	descending	524288	716250
CountingSort	descending	1048576	1482500
CountingSort	descending	2097152	3048625
CountingSort	descending	4194304	5919500
CountingSort	descending	8388608	11914125
CountingSort	descending	16777216	23322208
CountingSort	descending	33554432	46848083
CountingSort	descending	67108864	94939375
CountingSort	descending	134217728	189617709
CountingSort	descending	268435456	378967958
CountingSort	descending	536870912	742987750
CountingSort	random	1024	10250
CountingSort	random	2048	16291
CountingSort	random	4096	31334
CountingSort	random	8192	50708
CountingSort	random	16384	91958
CountingSort	random	32768	170792
CountingSort	random	65536	335167
CountingSort	random	131072	659666
CountingSort	random	262144	1328167
CountingSort	random	524288	2613750
CountingSort	random	1048576	5436125
CountingSort	random	2097152	10941000
CountingSort	random	4194304	22335458
CountingSort	random	8388608	49381667
CountingSort	random	16777216	121872750
CountingSort	random	33554432	263151708
CountingSort	random	67108864	558585500
CountingSort	random	134217728	1129418708
CountingSort	random	268435456	2285833791
CountingSort	random	536870912	4641212084
CountingSort	ascending	1024	7000
CountingSort	ascending	2048	7584
CountingSort	ascending	4096	12208
CountingSort	ascending	8192	15917
CountingSort	ascending	16384	30250
CountingSort	ascending	32768	52125
CountingSort	ascending	65536	91750
CountingSort	ascending	131072	171416
CountingSort	ascending	262144	320333
CountingSort	ascending	524288	661458
CountingSort	ascending	1048576	1284458
CountingSort	ascending	2097152	2711250
CountingSort	ascending	4194304	5615500
CountingSort	ascending	8388608	10250417
CountingSort	ascending	16777216	22377208
CountingSort	ascending	33554432	42530834
CountingSort	ascending	67108864	82563958
CountingSort	ascending	134217728	166664334
CountingSort	ascending	268435456	327851709
CountingSort	ascending	536870912	656613292
CountingSort	descending	1024	6750
CountingSort	descending	2048	7916
CountingSort	descending	4096	9042
CountingSort	descending	8192	15584
CountingSort	descending	16384	29250
CountingSort	descending	32768	48792
CountingSort	descending	65536	86333
CountingSort	descending	131072	182417
CountingSort	descending	262144	318541
CountingSort	descending	524288	702084
CountingSort	descending	1048576	1485250
CountingSort	descending	2097152	2528667
CountingSort	descending	4194304	5635917
CountingSort	descending	8388608	11626250
CountingSort	descending	16777216	23551375
CountingSort	descending	33554432	45675208
CountingSort	descending	67108864	88524583
CountingSort	descending	134217728	185179416
CountingSort	descending	268435456	362982208
CountingSort	descending	536870912	718418166
CountingSort	random	1024	10084
CountingSort	random	2048	17458
CountingSort	random	4096	30166
CountingSort	random	8192	46458
CountingSort	random	16384	87458
CountingSort	random	32768	171792
CountingSort	random	65536	333083
CountingSort	random	131072	688208
CountingSort	random	262144	1386167
CountingSort	random	524288	2653667
CountingSort	random	1048576	5346208
CountingSort	random	2097152	11365666
CountingSort	random	4194304	22554458
CountingSort	random	8388608	50666125
CountingSort	random	16777216	121586416
CountingSort	random	33554432	265718333
CountingSort	random	67108864	549522625
CountingSort	random	134217728	1129590792
CountingSort	random	268435456	2310098583
CountingSort	random	536870912	4620313958
CountingSort	ascending	1024	6750
CountingSort	ascending	2048	7458
CountingSort	ascending	4096	10375
CountingSort	ascending	8192	13875
CountingSort	ascending	16384	29625
CountingSort	ascending	32768	45083
CountingSort	ascending	65536	101500
CountingSort	ascending	131072	176000
CountingSort	ascending	262144	350916
CountingSort	ascending	524288	678583
CountingSort	ascending	1048576	1408792
CountingSort	ascending	2097152	2844833
CountingSort	ascending	4194304	5450500
CountingSort	ascending	8388608	11162417
CountingSort	ascending	16777216	22149166
CountingSort	ascending	33554432	44383417
CountingSort	ascending	67108864	85908000
CountingSort	ascending	134217728	172156208
CountingSort	ascending	268435456	339349625
CountingSort	ascending	536870912	674968291
CountingSort	descending	1024	7250
CountingSort	descending	2048	7666
CountingSort	descending	4096	10708
CountingSort	descending	8192	18125
CountingSort	descending	16384	26667
CountingSort	descending	32768	54875
CountingSort	descending	65536	101333
CountingSort	descending	131072	196666
CountingSort	descending	262144	364583
CountingSort	descending	524288	765167
CountingSort	descending	1048576	1554375
CountingSort	descending	2097152	3039583
CountingSort	descending	4194304	5952500
CountingSort	descending	8388608	11750250
CountingSort	descending	16777216	24494833
CountingSort	descending	33554432	47242500
CountingSort	descending	67108864	94610834
CountingSort	descending	134217728	188762875
CountingSort	descending	268435456	384302583
CountingSort	descending	536870912	765480584
CountingSort	random	1024	11250
CountingSort	random	2048	17500
CountingSort	random	4096	28083
CountingSort	random	8192	51542
CountingSort	random	16384	84291
CountingSort	random	32768	166916
CountingSort	random	65536	334958
CountingSort	random	131072	651709
CountingSort	random	262144	1321334
CountingSort	random	524288	2790708
CountingSort	random	1048576	5532167
CountingSort	random	2097152	11373792
CountingSort	random	4194304	23724209
CountingSort	random	8388608	52192833
CountingSort	random	16777216	120418708
CountingSort	random	33554432	267994375
CountingSort	random	67108864	559608416
CountingSort	random	134217728	1131022667
CountingSort	random	268435456	2297464959
CountingSort	random	536870912	4623132958
CountingSort	ascending	1024	6291
CountingSort	ascending	2048	7500
CountingSort	ascending	4096	10000
CountingSort	ascending	8192	15041
CountingSort	ascending	16384	29875
CountingSort	ascending	32768	46166
CountingSort	ascending	65536	93708
CountingSort	ascending	131072	172583
CountingSort	ascending	262144	334375
CountingSort	ascending	524288	660209
CountingSort	ascending	1048576	1343917
CountingSort	ascending	2097152	2756125
CountingSort	ascending	4194304	5137958
CountingSort	ascending	8388608	10755958
CountingSort	ascending	16777216	21440042
CountingSort	ascending	33554432	41614375
CountingSort	ascending	67108864	86546292
CountingSort	ascending	134217728	171141292
CountingSort	ascending	268435456	340889667
CountingSort	ascending	536870912	690489542
CountingSort	descending	1024	7250
CountingSort	descending	2048	6875
CountingSort	descending	4096	10625
CountingSort	descending	8192	18500
CountingSort	descending	16384	31625
CountingSort	descending	32768	56375
CountingSort	descending	65536	94334
CountingSort	descending	131072	185250
CountingSort	descending	262144	352167
CountingSort	descending	524288	712167
CountingSort	descending	1048576	1425750
CountingSort	descending	2097152	2932458
CountingSort	descending	4194304	5913584
CountingSort	descending	8388608	11770334
CountingSort	descending	16777216	23352166
CountingSort	descending	33554432	46237292
CountingSort	descending	67108864	95365334
CountingSort	descending	134217728	188895125
CountingSort	descending	268435456	382761083
CountingSort	descending	536870912	762337834
CountingSort	random	1024	10209
CountingSort	random	2048	16375
CountingSort	random	4096	30875
CountingSort	random	8192	52583
CountingSort	random	16384	88209
CountingSort	random	32768	171833
CountingSort	random	65536	324959
CountingSort	random	131072	650125
CountingSort	random	262144	1288084
CountingSort	random	524288	2591542
CountingSort	random	1048576	5324625
CountingSort	random	2097152	10919458
CountingSort	random	4194304	22516750
CountingSort	random	8388608	52192333
CountingSort	random	16777216	121276834
CountingSort	random	33554432	263174167
CountingSort	random	67108864	551516708
CountingSort	random	134217728	1133085875
CountingSort	random	268435456	2290862500
CountingSort	random	536870912	4614275750
CountingSort	ascending	1024	5833
CountingSort	ascending	2048	6792
CountingSort	ascending	4096	9500
CountingSort	ascending	8192	16750
CountingSort	ascending	16384	30625
CountingSort	ascending	32768	52458
CountingSort	ascending	65536	89791
CountingSort	ascending	131072	170000
CountingSort	ascending	262144	350042
CountingSort	ascending	524288	651750
CountingSort	ascending	1048576	1355625
CountingSort	ascending	2097152	2823750
CountingSort	ascending	4194304	5448959
CountingSort	ascending	8388608	11163417
CountingSort	ascending	16777216	22136500
CountingSort	ascending	33554432	39881375
CountingSort	ascending	67108864	82817250
CountingSort	ascending	134217728	171731708
CountingSort	ascending	268435456	340969583
CountingSort	ascending	536870912	687586584
CountingSort	descending	1024	5875
CountingSort	descending	2048	7583
CountingSort	descending	4096	10334
CountingSort	descending	8192	16708
CountingSort	descending	16384	32417
CountingSort	descending	32768	54417
CountingSort	descending	65536	85792
CountingSort	descending	131072	177125
CountingSort	descending	262144	358208
CountingSort	descending	524288	705750
CountingSort	descending	1048576	1460291
CountingSort	descending	2097152	2840000
CountingSort	descending	4194304	5775834
CountingSort	descending	8388608	11779708
CountingSort	descending	16777216	23248500
CountingSort	descending	33554432	49007375
CountingSort	descending	67108864	95002333
CountingSort	descending	134217728	190296584
CountingSort	descending	268435456	378569291
CountingSort	descending	536870912	757698541
CountingSort	random	1024	11750
CountingSort	random	2048	17292
CountingSort	random	4096	30541
CountingSort	random	8192	44584
CountingSort	random	16384	90750
CountingSort	random	32768	169250
CountingSort	random	65536	329708
CountingSort	random	131072	645750
CountingSort	random	262144	1278333
CountingSort	random	524288	2607917
CountingSort	random	1048576	5309750
CountingSort	random	2097152	10886792
CountingSort	random	4194304	22785125
CountingSort	random	8388608	49383750
CountingSort	random	16777216	118993292
CountingSort	random	33554432	265492166
CountingSort	random	67108864	552100375
CountingSort	random	134217728	1144438667
CountingSort	random	268435456	2298856958
CountingSort	random	536870912	4641366750
CountingSort	ascending	1024	6416
CountingSort	ascending	2048	8583
CountingSort	ascending	4096	9709
CountingSort	ascending	8192	14333
CountingSort	ascending	16384	30417
CountingSort	ascending	32768	58208
CountingSort	ascending	65536	92792
CountingSort	ascending	131072	172416
CountingSort	ascending	262144	331250
CountingSort	ascending	524288	710833
CountingSort	ascending	1048576	1326125
CountingSort	ascending	2097152	2789375
CountingSort	ascending	4194304	5438500
CountingSort	ascending	8388608	10946458
CountingSort	ascending	16777216	21755792
CountingSort	ascending	33554432	40991958
CountingSort	ascending	67108864	87811166
CountingSort	ascending	134217728	171131583
CountingSort	ascending	268435456	344256792
CountingSort	ascending	536870912	699027875
CountingSort	descending	1024	7042
CountingSort	descending	2048	6500
CountingSort	descending	4096	9208
CountingSort	descending	8192	17750
CountingSort	descending	16384	31500
CountingSort	descending	32768	54625
CountingSort	descending	65536	93750
CountingSort	descending	131072	179542
CountingSort	descending	262144	378125
CountingSort	descending	524288	733166
CountingSort	descending	1048576	1490958
CountingSort	descending	2097152	2986917
CountingSort	descending	4194304	6128750
CountingSort	descending	8388608	12176542
CountingSort	descending	16777216	23473958
CountingSort	descending	33554432	47735542
CountingSort	descending	67108864	95045541
CountingSort	descending	134217728	188464250
CountingSort	descending	268435456	378090625
CountingSort	descending	536870912	761112208
CountingSort	random	1024	10500
CountingSort	random	2048	15834
CountingSort	random	4096	28750
CountingSort	random	8192	51042
CountingSort	random	16384	88917
CountingSort	random	32768	174125
CountingSort	random	65536	322208
CountingSort	random	131072	645084
CountingSort	random	262144	1332667
CountingSort	random	524288	2619083
CountingSort	random	1048576	5364500
CountingSort	random	2097152	10775042
CountingSort	random	4194304	22250458
CountingSort	random	8388608	52283167
CountingSort	random	16777216	118932958
CountingSort	random	33554432	264124791
CountingSort	random	67108864	550696500
CountingSort	random	134217728	1123879792
CountingSort	random	268435456	2280404500
CountingSort	random	536870912	4623210709
CountingSort	ascending	1024	6834
CountingSort	ascending	2048	8000
CountingSort	ascending	4096	8334
CountingSort	ascending	8192	13125
CountingSort	ascending	16384	30125
CountingSort	ascending	32768	49166
CountingSort	ascending	65536	87791
CountingSort	ascending	131072	166708
CountingSort	ascending	262144	317167
CountingSort	ascending	524288	658000
CountingSort	ascending	1048576	1263333
CountingSort	ascending	2097152	2382542
CountingSort	ascending	4194304	5370916
CountingSort	ascending	8388608	9797958
CountingSort	ascending	16777216	21466833
CountingSort	ascending	33554432	38260959
CountingSort	ascending	67108864	81310292
CountingSort	ascending	134217728	165662166
CountingSort	ascending	268435456	320707041
CountingSort	ascending	536870912	647190833
CountingSort	descending	1024	7416
CountingSort	descending	2048	8500
CountingSort	descending	4096	9250
CountingSort	descending	8192	18250
CountingSort	descending	16384	26375
CountingSort	descending	32768	54375
CountingSort	descending	65536	97708
CountingSort	descending	131072	191125
CountingSort	descending	262144	349042
CountingSort	descending	524288	715833
CountingSort	descending	1048576	1550333
CountingSort	descending	2097152	2821334
CountingSort	descending	4194304	5923667
CountingSort	descending	8388608	11826750
CountingSort	descending	16777216	23367709
CountingSort	descending	33554432	46801125
CountingSort	descending	67108864	95767875
CountingSort	descending	134217728	191778208
CountingSort	descending	268435456	377432375
CountingSort	descending	536870912	762352333
CountingSort	random	1024	9375
CountingSort	random	2048	14625
CountingSort	random	4096	25833
CountingSort	random	8192	44458
CountingSort	random	16384	91541
CountingSort	random	32768	171292
CountingSort	random	65536	343750
CountingSort	random	131072	691709
CountingSort	random	262144	1412042
CountingSort	random	524288	2747209
CountingSort	random	1048576	5524750
CountingSort	random	2097152	11197625
CountingSort	random	4194304	23760750
CountingSort	random	8388608	51968708
CountingSort	random	16777216	120488875
CountingSort	random	33554432	265284042
CountingSort	random	67108864	555494000
CountingSort	random	134217728	1133242833
CountingSort	random	268435456	2285562000
CountingSort	random	536870912	4619403917
CountingSort	ascending	1024	6500
CountingSort	ascending	2048	7334
CountingSort	ascending	4096	10875
CountingSort	ascending	8192	17833
CountingSort	ascending	16384	31375
CountingSort	ascending	32768	52042
CountingSort	ascending	65536	94666
CountingSort	ascending	131072	175083
CountingSort	ascending	262144	332541
CountingSort	ascending	524288	694333
CountingSort	ascending	1048576	1318334
CountingSort	ascending	2097152	2663208
CountingSort	ascending	4194304	5333291
CountingSort	ascending	8388608	10798083
CountingSort	ascending	16777216	21816833
CountingSort	ascending	33554432	44770334
CountingSort	ascending	67108864	85195334
CountingSort	ascending	134217728	171444834
CountingSort	ascending	268435456	344909125
CountingSort	ascending	536870912	681708167
CountingSort	descending	1024	6167
CountingSort	descending	2048	8125
CountingSort	descending	4096	11459
CountingSort	descending	8192	17875
CountingSort	descending	16384	26083
CountingSort	descending	32768	47250
CountingSort	descending	65536	98959
CountingSort	descending	131072	186125
CountingSort	descending	262144	354333
CountingSort	descending	524288	705416
CountingSort	descending	1048576	1413917
CountingSort	descending	2097152	2900875
CountingSort	descending	4194304	5849208
CountingSort	descending	8388608	11614417
CountingSort	descending	16777216	23606042
CountingSort	descending	33554432	47586583
CountingSort	descending	67108864	93181125
CountingSort	descending	134217728	188693250
CountingSort	descending	268435456	378988917
CountingSort	descending	536870912	764421167
CountingSort	random	1024	8708
CountingSort	random	2048	15291
CountingSort	random	4096	29667
CountingSort	random	8192	51500
CountingSort	random	16384	87625
CountingSort	random	32768	173042
CountingSort	random	65536	353542
CountingSort	random	131072	647916
CountingSort	random	262144	1380875
CountingSort	random	524288	2626208
CountingSort	random	1048576	5614875
CountingSort	random	2097152	11340375
CountingSort	random	4194304	23248542
CountingSort	random	8388608	50725000
CountingSort	random	16777216	121971541
CountingSort	random	33554432	265606042
CountingSort	random	67108864	550171042
CountingSort	random	134217728	1130019292
CountingSort	random	268435456	2283745333
CountingSort	random	536870912	4600794083
CountingSort	ascending	1024	6750
CountingSort	ascending	2048	6500
CountingSort	ascending	4096	10708
CountingSort	ascending	8192	16208
CountingSort	ascending	16384	30000
CountingSort	ascending	32768	52125
CountingSort	ascending	65536	91959
CountingSort	ascending	131072	173209
CountingSort	ascending	262144	339292
CountingSort	ascending	524288	653292
CountingSort	ascending	1048576	1202500
CountingSort	ascending	2097152	2657542
CountingSort	ascending	4194304	5159000
CountingSort	ascending	8388608	10692084
CountingSort	ascending	16777216	21417625
CountingSort	ascending	33554432	42723833
CountingSort	ascending	67108864	83899875
CountingSort	ascending	134217728	168612250
CountingSort	ascending	268435456	342525000
CountingSort	ascending	536870912	658583792
CountingSort	descending	1024	6167
CountingSort	descending	2048	7000
CountingSort	descending	4096	11375
CountingSort	descending	8192	15667
CountingSort	descending	16384	32709
CountingSort	descending	32768	53416
CountingSort	descending	65536	99042
CountingSort	descending	131072	186333
CountingSort	descending	262144	389791
CountingSort	descending	524288	762458
CountingSort	descending	1048576	1449375
CountingSort	descending	2097152	3023292
CountingSort	descending	4194304	5885875
CountingSort	descending	8388608	10630208
CountingSort	descending	16777216	24267125
CountingSort	descending	33554432	46877583
CountingSort	descending	67108864	92380167
CountingSort	descending	134217728	183363375
CountingSort	descending	268435456	356870792
CountingSort	descending	536870912	725073375
CountingSort	random	1024	11292
CountingSort	random	2048	16917
CountingSort	random	4096	24625
CountingSort	random	8192	53625
CountingSort	random	16384	92208
CountingSort	random	32768	166542
CountingSort	random	65536	345625
CountingSort	random	131072	635917
CountingSort	random	262144	1418125
CountingSort	random	524288	2762250
CountingSort	random	1048576	5445125
CountingSort	random	2097152	11447667
CountingSort	random	4194304	22847000
CountingSort	random	8388608	49364708
CountingSort	random	16777216	119504750
CountingSort	random	33554432	265988916
CountingSort	random	67108864	553432084
CountingSort	random	134217728	1126890542
CountingSort	random	268435456	2294620125
CountingSort	random	536870912	4606041000
CountingSort	ascending	1024	6042
CountingSort	ascending	2048	7500
CountingSort	ascending	4096	10417
CountingSort	ascending	8192	17667
CountingSort	ascending	16384	24917
CountingSort	ascending	32768	53417
CountingSort	ascending	65536	89292
CountingSort	ascending	131072	179250
CountingSort	ascending	262144	344167
CountingSort	ascending	524288	671333
CountingSort	ascending	1048576	1406333
CountingSort	ascending	2097152	2851959
CountingSort	ascending	4194304	5571167
CountingSort	ascending	8388608	11083000
CountingSort	ascending	16777216	22017459
CountingSort	ascending	33554432	43484375
CountingSort	ascending	67108864	87400042
CountingSort	ascending	134217728	176780917
CountingSort	ascending	268435456	348857792
CountingSort	ascending	536870912	696419584
CountingSort	descending	1024	6625
CountingSort	descending	2048	7709
CountingSort	descending	4096	9875
CountingSort	descending	8192	16625
CountingSort	descending	16384	26000
CountingSort	descending	32768	54333
CountingSort	descending	65536	98916
CountingSort	descending	131072	183666
CountingSort	descending	262144	356500
CountingSort	descending	524288	743166
CountingSort	descending	1048576	1511375
CountingSort	descending	2097152	2998583
CountingSort	descending	4194304	5889458
CountingSort	descending	8388608	12136667
CountingSort	descending	16777216	23631750
CountingSort	descending	33554432	46471584
CountingSort	descending	67108864	93370875
CountingSort	descending	134217728	191108459
CountingSort	descending	268435456	378769791
CountingSort	descending	536870912	767356292
CountingSort	random	1024	9292
CountingSort	random	2048	14875
CountingSort	random	4096	24750
CountingSort	random	8192	46000
CountingSort	random	16384	87750
CountingSort	random	32768	168416
CountingSort	random	65536	348916
CountingSort	random	131072	699792
CountingSort	random	262144	1408917
CountingSort	random	524288	2799792
CountingSort	random	1048576	5428583
CountingSort	random	2097152	11679666
CountingSort	random	4194304	22492458
CountingSort	random	8388608	50753917
CountingSort	random	16777216	122346167
CountingSort	random	33554432	265171208
CountingSort	random	67108864	559639583
CountingSort	random	134217728	1138421750
CountingSort	random	268435456	2306583500
CountingSort	random	536870912	4615792291
CountingSort	ascending	1024	6792
CountingSort	ascending	2048	5708
CountingSort	ascending	4096	11375
CountingSort	ascending	8192	14458
CountingSort	ascending	16384	24791
CountingSort	ascending	32768	53167
CountingSort	ascending	65536	92084
CountingSort	ascending	131072	165833
CountingSort	ascending	262144	332042
CountingSort	ascending	524288	704875
CountingSort	ascending	1048576	1306500
CountingSort	ascending	2097152	2468917
CountingSort	ascending	4194304	5409542
CountingSort	ascending	8388608	10909209
CountingSort	ascending	16777216	21857500
CountingSort	ascending	33554432	40077959
CountingSort	ascending	67108864	82777083
CountingSort	ascending	134217728	171277000
CountingSort	ascending	268435456	343147667
CountingSort	ascending	536870912	676498500
CountingSort	descending	1024	7000
CountingSort	descending	2048	7667
CountingSort	descending	4096	11167
CountingSort	descending	8192	18667
CountingSort	descending	16384	31959
CountingSort	descending	32768	48541
CountingSort	descending	65536	92750
CountingSort	descending	131072	183959
CountingSort	descending	262144	332708
CountingSort	descending	524288	686125
CountingSort	descending	1048576	1416042
CountingSort	descending	2097152	2730500
CountingSort	descending	4194304	5898875
CountingSort	descending	8388608	12042875
CountingSort	descending	16777216	24360542
CountingSort	descending	33554432	47037500
CountingSort	descending	67108864	94069625
CountingSort	descending	134217728	186795500
CountingSort	descending	268435456	370155334
CountingSort	descending	536870912	738080541
CountingSort	random	1024	11834
CountingSort	random	2048	16208
CountingSort	random	4096	31167
CountingSort	random	8192	51167
CountingSort	random	16384	83583
CountingSort	random	32768	171417
CountingSort	random	65536	351666
CountingSort	random	131072	651834
CountingSort	random	262144	1282666
CountingSort	random	524288	2577000
CountingSort	random	1048576	5282625
CountingSort	random	2097152	10889875
CountingSort	random	4194304	22105500
CountingSort	random	8388608	49570083
CountingSort	random	16777216	119532875
CountingSort	random	33554432	264637792
CountingSort	random	67108864	554506750
CountingSort	random	134217728	1132959792
CountingSort	random	268435456	2293961250
CountingSort	random	536870912	4627162708
CountingSort	ascending	1024	6291
CountingSort	ascending	2048	6667
CountingSort	ascending	4096	11292
CountingSort	ascending	8192	16791
CountingSort	ascending	16384	29667
CountingSort	ascending	32768	49750
CountingSort	ascending	65536	85292
CountingSort	ascending	131072	153458
CountingSort	ascending	262144	305958
CountingSort	ascending	524288	612167
CountingSort	ascending	1048576	1262250
CountingSort	ascending	2097152	2824375
CountingSort	ascending	4194304	5358333
CountingSort	ascending	8388608	10831584
CountingSort	ascending	16777216	19906083
CountingSort	ascending	33554432	41846208
CountingSort	ascending	67108864	86149500
CountingSort	ascending	134217728	162770959
CountingSort	ascending	268435456	331111541
CountingSort	ascending	536870912	667739792
CountingSort	descending	1024	5709
CountingSort	descending	2048	7500
CountingSort	descending	4096	11708
CountingSort	descending	8192	14833
CountingSort	descending	16384	27459
CountingSort	descending	32768	53958
CountingSort	descending	65536	99583
CountingSort	descending	131072	178250
CountingSort	descending	262144	345459
CountingSort	descending	524288	708125
CountingSort	descending	1048576	1412833
CountingSort	descending	2097152	2656708
CountingSort	descending	4194304	5815834
CountingSort	descending	8388608	11817875
CountingSort	descending	16777216	23248625
CountingSort	descending	33554432	46460375
CountingSort	descending	67108864	93089709
CountingSort	descending	134217728	187367375
CountingSort	descending	268435456	383459791
CountingSort	descending	536870912	761742625
CountingSort	random	1024	11542
CountingSort	random	2048	16542
CountingSort	random	4096	32208
CountingSort	random	8192	47292
CountingSort	random	16384	88500
CountingSort	random	32768	174500
CountingSort	random	65536	348125
CountingSort	random	131072	666459
CountingSort	random	262144	1394792
CountingSort	random	524288	2651250
CountingSort	random	1048576	5654917
CountingSort	random	2097152	11139083
CountingSort	random	4194304	23122375
CountingSort	random	8388608	52183375
CountingSort	random	16777216	121250291
CountingSort	random	33554432	265352333
CountingSort	random	67108864	556547792
CountingSort	random	134217728	1136181125
CountingSort	random	268435456	2304772000
CountingSort	random	536870912	4644492334
CountingSort	ascending	1024	6583
CountingSort	ascending	2048	7416
CountingSort	ascending	4096	9208
CountingSort	ascending	8192	18250
CountingSort	ascending	16384	28458
CountingSort	ascending	32768	48250
CountingSort	ascending	65536	83000
CountingSort	ascending	131072	158792
CountingSort	ascending	262144	333417
CountingSort	ascending	524288	574167
CountingSort	ascending	1048576	1307125
CountingSort	ascending	2097152	2359542
CountingSort	ascending	4194304	5156959
CountingSort	ascending	8388608	9673375
CountingSort	ascending	16777216	19175417
CountingSort	ascending	33554432	42431042
CountingSort	ascending	67108864	80460958
CountingSort	ascending	134217728	159736750
CountingSort	ascending	268435456	323418917
CountingSort	ascending	536870912	657893625
CountingSort	descending	1024	6750
CountingSort	descending	2048	7583
CountingSort	descending	4096	11750
CountingSort	descending	8192	17208
CountingSort	descending	16384	32792
CountingSort	descending	32768	53667
CountingSort	descending	65536	100792
CountingSort	descending	131072	192084
CountingSort	descending	262144	382333
CountingSort	descending	524288	758625
CountingSort	descending	1048576	1428250
CountingSort	descending	2097152	2847375
CountingSort	descending	4194304	5797750
CountingSort	descending	8388608	11815542
CountingSort	descending	16777216	23398750
CountingSort	descending	33554432	46967417
CountingSort	descending	67108864	96076333
CountingSort	descending	134217728	187559125
CountingSort	descending	268435456	377090167
CountingSort	descending	536870912	761535750
CountingSort	random	1024	11916
CountingSort	random	2048	17584
CountingSort	random	4096	30375
CountingSort	random	8192	49792
CountingSort	random	16384	92167
CountingSort	random	32768	174791
CountingSort	random	65536	329084
CountingSort	random	131072	649459
CountingSort	random	262144	1295416
CountingSort	random	524288	2689708
CountingSort	random	1048576	5508833
CountingSort	random	2097152	11148042
CountingSort	random	4194304	23512250
CountingSort	random	8388608	50813792
CountingSort	random	16777216	118066292
CountingSort	random	33554432	265905584
CountingSort	random	67108864	554872083
CountingSort	random	134217728	1137829458
CountingSort	random	268435456	2303178709
CountingSort	random	536870912	4623307583
CountingSort	ascending	1024	5791
CountingSort	ascending	2048	6750
CountingSort	ascending	4096	10833
CountingSort	ascending	8192	13958
CountingSort	ascending	16384	25250
CountingSort	ascending	32768	54500
CountingSort	ascending	65536	91166
CountingSort	ascending	131072	175542
CountingSort	ascending	262144	333125
CountingSort	ascending	524288	725125
CountingSort	ascending	1048576	1462084
CountingSort	ascending	2097152	2666125
CountingSort	ascending	4194304	5420000
CountingSort	ascending	8388608	10743625
CountingSort	ascending	16777216	21459041
CountingSort	ascending	33554432	44055083
CountingSort	ascending	67108864	87681041
CountingSort	ascending	134217728	173242042
CountingSort	ascending	268435456	335600583
CountingSort	ascending	536870912	680815750
CountingSort	descending	1024	6875
CountingSort	descending	2048	7792
CountingSort	descending	4096	10000
CountingSort	descending	8192	18958
CountingSort	descending	16384	26125
CountingSort	descending	32768	52333
CountingSort	descending	65536	95125
CountingSort	descending	131072	207333
CountingSort	descending	262144	358959
CountingSort	descending	524288	744708
CountingSort	descending	1048576	1457334
CountingSort	descending	2097152	3029500
CountingSort	descending	4194304	5669208
CountingSort	descending	8388608	12059292
CountingSort	descending	16777216	24356250
CountingSort	descending	33554432	48282334
CountingSort	descending	67108864	93516334
CountingSort	descending	134217728	191514583
CountingSort	descending	268435456	380254125
CountingSort	descending	536870912	772040542
CountingSort	random	1024	9459
CountingSort	random	2048	15250
CountingSort	random	4096	29209
CountingSort	random	8192	51416
CountingSort	random	16384	95292
CountingSort	random	32768	164625
CountingSort	random	65536	347417
CountingSort	random	131072	709375
CountingSort	random	262144	1296208
CountingSort	random	524288	2609375
CountingSort	random	1048576	5699709
CountingSort	random	2097152	11076292
CountingSort	random	4194304	23037042
CountingSort	random	8388608	52277959
CountingSort	random	16777216	122041125
CountingSort	random	33554432	268319417
CountingSort	random	67108864	554410625
CountingSort	random	134217728	1129757542
CountingSort	random	268435456	2296592333
CountingSort	random	536870912	4634118125
CountingSort	ascending	1024	6000
CountingSort	ascending	2048	6375
CountingSort	ascending	4096	8750
CountingSort	ascending	8192	14958
CountingSort	ascending	16384	25291
CountingSort	ascending	32768	49958
CountingSort	ascending	65536	81917
CountingSort	ascending	131072	156666
CountingSort	ascending	262144	326250
CountingSort	ascending	524288	602125
CountingSort	ascending	1048576	1206208
CountingSort	ascending	2097152	2684708
CountingSort	ascending	4194304	5408834
CountingSort	ascending	8388608	10799084
CountingSort	ascending	16777216	20098791
CountingSort	ascending	33554432	40699125
CountingSort	ascending	67108864	85834917
CountingSort	ascending	134217728	166810083
CountingSort	ascending	268435456	337592916
CountingSort	ascending	536870912	680854125
CountingSort	descending	1024	5416
CountingSort	descending	2048	7542
CountingSort	descending	4096	9500
CountingSort	descending	8192	19125
CountingSort	descending	16384	37375
CountingSort	descending	32768	53500
CountingSort	descending	65536	94167
CountingSort	descending	131072	192250
CountingSort	descending	262144	346209
CountingSort	descending	524288	674958
CountingSort	descending	1048576	1425208
CountingSort	descending	2097152	2913708
CountingSort	descending	4194304	6086000
CountingSort	descending	8388608	11982125
CountingSort	descending	16777216	24340167
CountingSort	descending	33554432	47615958
CountingSort	descending	67108864	95249250
CountingSort	descending	134217728	191000375
CountingSort	descending	268435456	379130875
CountingSort	descending	536870912	762292084
CountingSort	random	1024	10417
CountingSort	random	2048	15250
CountingSort	random	4096	25417
CountingSort	random	8192	44833
CountingSort	random	16384	86500
CountingSort	random	32768	174416
CountingSort	random	65536	357000
CountingSort	random	131072	706625
CountingSort	random	262144	1282042
CountingSort	random	524288	2689458
CountingSort	random	1048576	5531000
CountingSort	random	2097152	11480500
CountingSort	random	4194304	22604708
CountingSort	random	8388608	52639916
CountingSort	random	16777216	121015708
CountingSort	random	33554432	265086917
CountingSort	random	67108864	558730333
CountingSort	random	134217728	1146915625
CountingSort	random	268435456	2307814375
CountingSort	random	536870912	4637517375
CountingSort	ascending	1024	6750
CountingSort	ascending	2048	6792
CountingSort	ascending	4096	10041
CountingSort	ascending	8192	13500
CountingSort	ascending	16384	32375
CountingSort	ascending	32768	52334
CountingSort	ascending	65536	110583
CountingSort	ascending	131072	158083
CountingSort	ascending	262144	330459
CountingSort	ascending	524288	641875
CountingSort	ascending	1048576	1313458
CountingSort	ascending	2097152	2732333
CountingSort	ascending	4194304	5400708
CountingSort	ascending	8388608	10862042
CountingSort	ascending	16777216	21712417
CountingSort	ascending	33554432	40657625
CountingSort	ascending	67108864	84970083
CountingSort	ascending	134217728	171389375
CountingSort	ascending	268435456	332307250
CountingSort	ascending	536870912	664745334
CountingSort	descending	1024	6833
CountingSort	descending	2048	7125
CountingSort	descending	4096	9292
CountingSort	descending	8192	14666
CountingSort	descending	16384	26584
CountingSort	descending	32768	51417
CountingSort	descending	65536	97375
CountingSort	descending	131072	197875
CountingSort	descending	262144	362167
CountingSort	descending	524288	712083
CountingSort	descending	1048576	1388541
CountingSort	descending	2097152	3105625
CountingSort	descending	4194304	5902375
CountingSort	descending	8388608	11720750
CountingSort	descending	16777216	23388833
CountingSort	descending	33554432	46683292
CountingSort	descending	67108864	95895333
CountingSort	descending	134217728	188017292
CountingSort	descending	268435456	381296917
CountingSort	descending	536870912	757039500
CountingSort	random	1024	10959
CountingSort	random	2048	17500
CountingSort	random	4096	26042
CountingSort	random	8192	50500
CountingSort	random	16384	91500
CountingSort	random	32768	164208
CountingSort	random	65536	331042
CountingSort	random	131072	641500
CountingSort	random	262144	1282375
CountingSort	random	524288	2719208
CountingSort	random	1048576	5334000
CountingSort	random	2097152	10837958
CountingSort	random	4194304	22181875
CountingSort	random	8388608	51383208
CountingSort	random	16777216	117494917
CountingSort	random	33554432	262101292
CountingSort	random	67108864	549132417
CountingSort	random	134217728	1125101208
CountingSort	random	268435456	2275472541
CountingSort	random	536870912	4621865791
CountingSort	ascending	1024	6583
CountingSort	ascending	2048	7792
CountingSort	ascending	4096	9667
CountingSort	ascending	8192	17167
CountingSort	ascending	16384	29375
CountingSort	ascending	32768	53500
CountingSort	ascending	65536	88667
CountingSort	ascending	131072	185875
CountingSort	ascending	262144	370459
CountingSort	ascending	524288	654000
CountingSort	ascending	1048576	1320917
CountingSort	ascending	2097152	2821291
CountingSort	ascending	4194304	5388375
CountingSort	ascending	8388608	10740417
CountingSort	ascending	16777216	21436542
CountingSort	ascending	33554432	42914209
CountingSort	ascending	67108864	87802167
CountingSort	ascending	134217728	173658834
CountingSort	ascending	268435456	349804833
CountingSort	ascending	536870912	695260666
CountingSort	descending	1024	6125
CountingSort	descending	2048	6083
CountingSort	descending	4096	8583
CountingSort	descending	8192	15292
CountingSort	descending	16384	26292
CountingSort	descending	32768	50459
CountingSort	descending	65536	96375
CountingSort	descending	131072	187333
CountingSort	descending	262144	353459
CountingSort	descending	524288	733292
CountingSort	descending	1048576	1445667
CountingSort	descending	2097152	2863375
CountingSort	descending	4194304	5885250
CountingSort	descending	8388608	11822292
CountingSort	descending	16777216	23415916
CountingSort	descending	33554432	46992292
CountingSort	descending	67108864	93281375
CountingSort	descending	134217728	191973833
CountingSort	descending	268435456	382511833
CountingSort	descending	536870912	757974041
CountingSort	random	1024	9333
CountingSort	random	2048	17208
CountingSort	random	4096	24458
CountingSort	random	8192	44792
CountingSort	random	16384	87291
CountingSort	random	32768	171542
CountingSort	random	65536	349625
CountingSort	random	131072	652375
CountingSort	random	262144	1278000
CountingSort	random	524288	2809500
CountingSort	random	1048576	5665167
CountingSort	random	2097152	11482833
CountingSort	random	4194304	23214708
CountingSort	random	8388608	51941542
CountingSort	random	16777216	117083458
CountingSort	random	33554432	269158209
CountingSort	random	67108864	555053625
CountingSort	random	134217728	1134841791
CountingSort	random	268435456	2297960833
CountingSort	random	536870912	4643274083
CountingSort	ascending	1024	5500
CountingSort	ascending	2048	5041
CountingSort	ascending	4096	9708
CountingSort	ascending	8192	18584
CountingSort	ascending	16384	24875
CountingSort	ascending	32768	52792
CountingSort	ascending	65536	99625
CountingSort	ascending	131072	177833
CountingSort	ascending	262144	360500
CountingSort	ascending	524288	711250
CountingSort	ascending	1048576	1427542
CountingSort	ascending	2097152	2690416
CountingSort	ascending	4194304	5385667
CountingSort	ascending	8388608	10928375
CountingSort	ascending	16777216	21510458
CountingSort	ascending	33554432	43150500
CountingSort	ascending	67108864	87328417
CountingSort	ascending	134217728	173451250
CountingSort	ascending	268435456	346500417
CountingSort	ascending	536870912	699838750
CountingSort	descending	1024	5500
CountingSort	descending	2048	8667
CountingSort	descending	4096	11250
CountingSort	descending	8192	18833
CountingSort	descending	16384	26500
CountingSort	descending	32768	49333
CountingSort	descending	65536	98583
CountingSort	descending	131072	178375
CountingSort	descending	262144	355166
CountingSort	descending	524288	720958
CountingSort	descending	1048576	1417208
CountingSort	descending	2097152	2796750
CountingSort	descending	4194304	5755833
CountingSort	descending	8388608	11857000
CountingSort	descending	16777216	23611875
CountingSort	descending	33554432	48186625
CountingSort	descending	67108864	93288041
CountingSort	descending	134217728	188839916
CountingSort	descending	268435456	373740292
CountingSort	descending	536870912	744823292
CountingSort	random	1024	11166
CountingSort	random	2048	17042
CountingSort	random	4096	29750
CountingSort	random	8192	53750
CountingSort	random	16384	90250
CountingSort	random	32768	158416
CountingSort	random	65536	340375
CountingSort	random	131072	649584
CountingSort	random	262144	1297916
CountingSort	random	524288	2615917
CountingSort	random	1048576	5304625
CountingSort	random	2097152	10981208
CountingSort	random	4194304	22790209
CountingSort	random	8388608	52262375
CountingSort	random	16777216	118854916
CountingSort	random	33554432	263295667
CountingSort	random	67108864	551946375
CountingSort	random	134217728	1126499625
CountingSort	random	268435456	2285787584
CountingSort	random	536870912	4616534750
CountingSort	ascending	1024	6500
CountingSort	ascending	2048	6917
CountingSort	ascending	4096	10667
CountingSort	ascending	8192	16209
CountingSort	ascending	16384	31125
CountingSort	ascending	32768	51500
CountingSort	ascending	65536	90792
CountingSort	ascending	131072	173583
CountingSort	ascending	262144	350333
CountingSort	ascending	524288	652875
CountingSort	ascending	1048576	1319250
CountingSort	ascending	2097152	2651542
CountingSort	ascending	4194304	5332417
CountingSort	ascending	8388608	9888542
CountingSort	ascending	16777216	21385208
CountingSort	ascending	33554432	39739209
CountingSort	ascending	67108864	81115416
CountingSort	ascending	134217728	169251042
CountingSort	ascending	268435456	342367167
CountingSort	ascending	536870912	662506042
CountingSort	descending	1024	6625
CountingSort	descending	2048	7833
CountingSort	descending	4096	9334
CountingSort	descending	8192	15292
CountingSort	descending	16384	26000
CountingSort	descending	32768	56083
CountingSort	descending	65536	95917
CountingSort	descending	131072	185209
CountingSort	descending	262144	363750
CountingSort	descending	524288	710542
CountingSort	descending	1048576	1494125
CountingSort	descending	2097152	3044792
CountingSort	descending	4194304	6005500
CountingSort	descending	8388608	12154625
CountingSort	descending	16777216	23822542
CountingSort	descending	33554432	47793084
CountingSort	descending	67108864	95554042
CountingSort	descending	134217728	190736250
CountingSort	descending	268435456	379398750
CountingSort	descending	536870912	766387334
CountingSort	random	1024	8708
CountingSort	random	2048	17833
CountingSort	random	4096	31875
CountingSort	random	8192	52417
CountingSort	random	16384	81667
CountingSort	random	32768	173459
CountingSort	random	65536	348583
CountingSort	random	131072	646250
CountingSort	random	262144	1281958
CountingSort	random	524288	2639792
CountingSort	random	1048576	5323791
CountingSort	random	2097152	10787708
CountingSort	random	4194304	22348208
CountingSort	random	8388608	50579916
CountingSort	random	16777216	120438833
CountingSort	random	33554432	265234917
CountingSort	random	67108864	557353583
CountingSort	random	134217728	1138740959
CountingSort	random	268435456	2289624667
CountingSort	random	536870912	4601125042
CountingSort	ascending	1024	6417
CountingSort	ascending	2048	6750
CountingSort	ascending	4096	10291
CountingSort	ascending	8192	17750
CountingSort	ascending	16384	28958
CountingSort	ascending	32768	51250
CountingSort	ascending	65536	97542
CountingSort	ascending	131072	159292
CountingSort	ascending	262144	299209
CountingSort	ascending	524288	707959
CountingSort	ascending	1048576	1413416
CountingSort	ascending	2097152	2526916
CountingSort	ascending	4194304	5132125
CountingSort	ascending	8388608	10299167
CountingSort	ascending	16777216	21681459
CountingSort	ascending	33554432	43442250
CountingSort	ascending	67108864	81389333
CountingSort	ascending	134217728	169172459
CountingSort	ascending	268435456	336230250
CountingSort	ascending	536870912	676962458
CountingSort	descending	1024	5708
CountingSort	descending	2048	7375
CountingSort	descending	4096	10625
CountingSort	descending	8192	15750
CountingSort	descending	16384	33083
CountingSort	descending	32768	49333
CountingSort	descending	65536	95916
CountingSort	descending	131072	185959
CountingSort	descending	262144	353750
CountingSort	descending	524288	705416
CountingSort	descending	1048576	1422000
CountingSort	descending	2097152	2887459
CountingSort	descending	4194304	5924541
CountingSort	descending	8388608	11719709
CountingSort	descending	16777216	23304417
CountingSort	descending	33554432	46669417
CountingSort	descending	67108864	93488375
CountingSort	descending	134217728	191581708
CountingSort	descending	268435456	380834750
CountingSort	descending	536870912	759878500
CountingSort	random	1024	11375
CountingSort	random	2048	17666
CountingSort	random	4096	30125
CountingSort	random	8192	43000
CountingSort	random	16384	91042
CountingSort	random	32768	177125
CountingSort	random	65536	331459
CountingSort	random	131072	643750
CountingSort	random	262144	1298708
CountingSort	random	524288	2598917
CountingSort	random	1048576	5652666
CountingSort	random	2097152	11041292
CountingSort	random	4194304	23323792
CountingSort	random	8388608	52834417
CountingSort	random	16777216	118565250
CountingSort	random	33554432	264420375
CountingSort	random	67108864	548285875
CountingSort	random	134217728	1132128583
CountingSort	random	268435456	2291164000
CountingSort	random	536870912	4597866833
CountingSort	ascending	1024	6000
CountingSort	ascending	2048	7417
CountingSort	ascending	4096	9833
CountingSort	ascending	8192	16334
CountingSort	ascending	16384	27667
CountingSort	ascending	32768	42417
CountingSort	ascending	65536	86333
CountingSort	ascending	131072	157291
CountingSort	ascending	262144	333834
CountingSort	ascending	524288	598500
CountingSort	ascending	1048576	1196458
CountingSort	ascending	2097152	2446709
CountingSort	ascending	4194304	4959416
CountingSort	ascending	8388608	10074375
CountingSort	ascending	16777216	21566125
CountingSort	ascending	33554432	40335125
CountingSort	ascending	67108864	82656667
CountingSort	ascending	134217728	160257708
CountingSort	ascending	268435456	318212250
CountingSort	ascending	536870912	645293750
CountingSort	descending	1024	5833
CountingSort	descending	2048	6333
CountingSort	descending	4096	12083
CountingSort	descending	8192	18583
CountingSort	descending	16384	32792
CountingSort	descending	32768	51250
CountingSort	descending	65536	94708
CountingSort	descending	131072	187208
CountingSort	descending	262144	354167
CountingSort	descending	524288	733958
CountingSort	descending	1048576	1429375
CountingSort	descending	2097152	2920750
CountingSort	descending	4194304	5695666
CountingSort	descending	8388608	11639209
CountingSort	descending	16777216	23452291
CountingSort	descending	33554432	47883250
CountingSort	descending	67108864	94512500
CountingSort	descending	134217728	189274333
CountingSort	descending	268435456	377513833
CountingSort	descending	536870912	760710208
CountingSort	random	1024	10041
CountingSort	random	2048	16958
CountingSort	random	4096	24291
CountingSort	random	8192	51125
CountingSort	random	16384	90042
CountingSort	random	32768	170375
CountingSort	random	65536	361917
CountingSort	random	131072	664750
CountingSort	random	262144	1378458
CountingSort	random	524288	2693125
CountingSort	random	1048576	5685875
CountingSort	random	2097152	10898000
CountingSort	random	4194304	23056542
CountingSort	random	8388608	49600792
CountingSort	random	16777216	118279750
CountingSort	random	33554432	262091667
CountingSort	random	67108864	553574166
CountingSort	random	134217728	1131632083
CountingSort	random	268435456	2272914083
CountingSort	random	536870912	4612120583
CountingSort	ascending	1024	6541
CountingSort	ascending	2048	8125
CountingSort	ascending	4096	9959
CountingSort	ascending	8192	16875
CountingSort	ascending	16384	24875
CountingSort	ascending	32768	53208
CountingSort	ascending	65536	90500
CountingSort	ascending	131072	165959
CountingSort	ascending	262144	375083
CountingSort	ascending	524288	652459
CountingSort	ascending	1048576	1401958
CountingSort	ascending	2097152	2540958
CountingSort	ascending	4194304	5399042
CountingSort	ascending	8388608	10902459
CountingSort	ascending	16777216	21973292
CountingSort	ascending	33554432	41178584
CountingSort	ascending	67108864	86868792
CountingSort	ascending	134217728	170586541
CountingSort	ascending	268435456	341582792
CountingSort	ascending	536870912	681723209
CountingSort	descending	1024	6708
CountingSort	descending	2048	6250
CountingSort	descending	4096	9792
CountingSort	descending	8192	14833
CountingSort	descending	16384	31667
CountingSort	descending	32768	50583
CountingSort	descending	65536	98042
CountingSort	descending	131072	187000
CountingSort	descending	262144	358750
CountingSort	descending	524288	682167
CountingSort	descending	1048576	1429167
CountingSort	descending	2097152	2904083
CountingSort	descending	4194304	5853541
CountingSort	descending	8388608	12113375
CountingSort	descending	16777216	23216083
CountingSort	descending	33554432	46492250
CountingSort	descending	67108864	92239084
CountingSort	descending	134217728	188918250
CountingSort	descending	268435456	374124792
CountingSort	descending	536870912	761700166
