profile=heapsort iterations=10 algorithms=4
--- warm up 1 of 2 ---
[0.233s] Heapsort (random) size=1,024 -> 0.194 ms
[0.239s] Heapsort (random) size=2,048 -> 0.217 ms
[0.244s] Heapsort (random) size=4,096 -> 0.314 ms
[0.249s] Heapsort (random) size=8,192 -> 0.596 ms
[0.255s] Heapsort (random) size=16,384 -> 1.196 ms
[0.263s] Heapsort (random) size=32,768 -> 2.521 ms
[0.273s] Heapsort (random) size=65,536 -> 4.503 ms
[0.286s] Heapsort (random) size=131,072 -> 8.173 ms
[0.308s] Heapsort (random) size=262,144 -> 17.059 ms
[0.351s] Heapsort (random) size=524,288 -> 37.508 ms
[0.439s] Heapsort (random) size=1,048,576 -> 81.370 ms
[0.618s] Heapsort (random) size=2,097,152 -> 171.452 ms
[0.994s] Heapsort (random) size=4,194,304 -> 366.458 ms
[1.000s] Heapsort (ascending) size=1,024 -> 0.048 ms
[1.005s] Heapsort (ascending) size=2,048 -> 0.080 ms
[1.010s] Heapsort (ascending) size=4,096 -> 0.153 ms
[1.015s] Heapsort (ascending) size=8,192 -> 0.274 ms
[1.020s] Heapsort (ascending) size=16,384 -> 0.534 ms
[1.026s] Heapsort (ascending) size=32,768 -> 1.081 ms
[1.033s] Heapsort (ascending) size=65,536 -> 2.117 ms
[1.042s] Heapsort (ascending) size=131,072 -> 4.285 ms
[1.056s] Heapsort (ascending) size=262,144 -> 8.797 ms
[1.079s] Heapsort (ascending) size=524,288 -> 18.089 ms
[1.121s] Heapsort (ascending) size=1,048,576 -> 37.289 ms
[1.203s] Heapsort (ascending) size=2,097,152 -> 76.523 ms
[1.369s] Heapsort (ascending) size=4,194,304 -> 158.009 ms
[1.375s] Heapsort (descending) size=1,024 -> 0.040 ms
[1.380s] Heapsort (descending) size=2,048 -> 0.063 ms
[1.384s] Heapsort (descending) size=4,096 -> 0.141 ms
[1.389s] Heapsort (descending) size=8,192 -> 0.280 ms
[1.394s] Heapsort (descending) size=16,384 -> 0.579 ms
[1.400s] Heapsort (descending) size=32,768 -> 1.149 ms
[1.407s] Heapsort (descending) size=65,536 -> 2.284 ms
[1.417s] Heapsort (descending) size=131,072 -> 4.717 ms
[1.431s] Heapsort (descending) size=262,144 -> 9.501 ms
[1.456s] Heapsort (descending) size=524,288 -> 19.493 ms
[1.501s] Heapsort (descending) size=1,048,576 -> 40.384 ms
[1.589s] Heapsort (descending) size=2,097,152 -> 82.322 ms
[1.768s] Heapsort (descending) size=4,194,304 -> 170.056 ms
[1.773s] BottomUpHeapsort (random) size=1,024 -> 0.286 ms
[1.778s] BottomUpHeapsort (random) size=2,048 -> 0.259 ms
[1.783s] BottomUpHeapsort (random) size=4,096 -> 0.446 ms
[1.789s] BottomUpHeapsort (random) size=8,192 -> 0.853 ms
[1.796s] BottomUpHeapsort (random) size=16,384 -> 1.966 ms
[1.803s] BottomUpHeapsort (random) size=32,768 -> 2.793 ms
[1.812s] BottomUpHeapsort (random) size=65,536 -> 3.948 ms
[1.825s] BottomUpHeapsort (random) size=131,072 -> 8.508 ms
[1.849s] BottomUpHeapsort (random) size=262,144 -> 18.914 ms
[1.897s] BottomUpHeapsort (random) size=524,288 -> 41.772 ms
[1.997s] BottomUpHeapsort (random) size=1,048,576 -> 94.259 ms
[2.220s] BottomUpHeapsort (random) size=2,097,152 -> 215.991 ms
[2.742s] BottomUpHeapsort (random) size=4,194,304 -> 513.695 ms
[2.748s] BottomUpHeapsort (ascending) size=1,024 -> 0.048 ms
[2.753s] BottomUpHeapsort (ascending) size=2,048 -> 0.089 ms
[2.757s] BottomUpHeapsort (ascending) size=4,096 -> 0.180 ms
[2.762s] BottomUpHeapsort (ascending) size=8,192 -> 0.382 ms
[2.767s] BottomUpHeapsort (ascending) size=16,384 -> 0.829 ms
[2.774s] BottomUpHeapsort (ascending) size=32,768 -> 1.760 ms
[2.782s] BottomUpHeapsort (ascending) size=65,536 -> 3.673 ms
[2.794s] BottomUpHeapsort (ascending) size=131,072 -> 7.811 ms
[2.816s] BottomUpHeapsort (ascending) size=262,144 -> 16.869 ms
[2.856s] BottomUpHeapsort (ascending) size=524,288 -> 35.562 ms
[2.936s] BottomUpHeapsort (ascending) size=1,048,576 -> 74.202 ms
[3.097s] BottomUpHeapsort (ascending) size=2,097,152 -> 155.497 ms
[3.432s] BottomUpHeapsort (ascending) size=4,194,304 -> 326.938 ms
[3.438s] BottomUpHeapsort (descending) size=1,024 -> 0.041 ms
[3.443s] BottomUpHeapsort (descending) size=2,048 -> 0.096 ms
[3.447s] BottomUpHeapsort (descending) size=4,096 -> 0.179 ms
[3.452s] BottomUpHeapsort (descending) size=8,192 -> 0.374 ms
[3.458s] BottomUpHeapsort (descending) size=16,384 -> 0.798 ms
[3.464s] BottomUpHeapsort (descending) size=32,768 -> 1.713 ms
[3.472s] BottomUpHeapsort (descending) size=65,536 -> 3.664 ms
[3.484s] BottomUpHeapsort (descending) size=131,072 -> 7.774 ms
[3.505s] BottomUpHeapsort (descending) size=262,144 -> 16.446 ms
[3.545s] BottomUpHeapsort (descending) size=524,288 -> 34.876 ms
[3.629s] BottomUpHeapsort (descending) size=1,048,576 -> 78.983 ms
[3.798s] BottomUpHeapsort (descending) size=2,097,152 -> 162.430 ms
[4.151s] BottomUpHeapsort (descending) size=4,194,304 -> 343.230 ms
[4.157s] HeapsortSlowComparisons (random) size=1,024 -> 0.333 ms
[4.162s] HeapsortSlowComparisons (random) size=2,048 -> 0.267 ms
[4.167s] HeapsortSlowComparisons (random) size=4,096 -> 0.476 ms
[4.173s] HeapsortSlowComparisons (random) size=8,192 -> 0.937 ms
[4.178s] HeapsortSlowComparisons (random) size=16,384 -> 0.895 ms
[4.185s] HeapsortSlowComparisons (random) size=32,768 -> 1.841 ms
[4.194s] HeapsortSlowComparisons (random) size=65,536 -> 4.098 ms
[4.207s] HeapsortSlowComparisons (random) size=131,072 -> 8.435 ms
[4.230s] HeapsortSlowComparisons (random) size=262,144 -> 17.854 ms
[4.274s] HeapsortSlowComparisons (random) size=524,288 -> 38.369 ms
[4.361s] HeapsortSlowComparisons (random) size=1,048,576 -> 81.689 ms
[4.543s] HeapsortSlowComparisons (random) size=2,097,152 -> 175.066 ms
[4.937s] HeapsortSlowComparisons (random) size=4,194,304 -> 385.736 ms
[4.943s] BottomUpHeapsortSlowComparisons (random) size=1,024 -> 0.485 ms
[4.949s] BottomUpHeapsortSlowComparisons (random) size=2,048 -> 0.661 ms
[4.954s] BottomUpHeapsortSlowComparisons (random) size=4,096 -> 0.333 ms
[4.960s] BottomUpHeapsortSlowComparisons (random) size=8,192 -> 0.436 ms
[4.965s] BottomUpHeapsortSlowComparisons (random) size=16,384 -> 0.878 ms
[4.972s] BottomUpHeapsortSlowComparisons (random) size=32,768 -> 1.858 ms
[4.981s] BottomUpHeapsortSlowComparisons (random) size=65,536 -> 4.023 ms
[4.994s] BottomUpHeapsortSlowComparisons (random) size=131,072 -> 8.761 ms
[5.018s] BottomUpHeapsortSlowComparisons (random) size=262,144 -> 19.309 ms
[5.066s] BottomUpHeapsortSlowComparisons (random) size=524,288 -> 42.937 ms
[5.169s] BottomUpHeapsortSlowComparisons (random) size=1,048,576 -> 96.874 ms
[5.400s] BottomUpHeapsortSlowComparisons (random) size=2,097,152 -> 224.017 ms
[5.964s] BottomUpHeapsortSlowComparisons (random) size=4,194,304 -> 555.145 ms
--- warm up 2 of 2 ---
[5.970s] Heapsort (random) size=1,024 -> 0.052 ms
[5.975s] Heapsort (random) size=2,048 -> 0.100 ms
[5.980s] Heapsort (random) size=4,096 -> 0.205 ms
[5.985s] Heapsort (random) size=8,192 -> 0.413 ms
[5.990s] Heapsort (random) size=16,384 -> 0.860 ms
[5.997s] Heapsort (random) size=32,768 -> 1.828 ms
[6.005s] Heapsort (random) size=65,536 -> 3.906 ms
[6.018s] Heapsort (random) size=131,072 -> 8.211 ms
[6.040s] Heapsort (random) size=262,144 -> 17.630 ms
[6.083s] Heapsort (random) size=524,288 -> 37.774 ms
[6.169s] Heapsort (random) size=1,048,576 -> 80.457 ms
[6.349s] Heapsort (random) size=2,097,152 -> 173.310 ms
[6.735s] Heapsort (random) size=4,194,304 -> 376.566 ms
[6.740s] Heapsort (ascending) size=1,024 -> 0.041 ms
[6.745s] Heapsort (ascending) size=2,048 -> 0.071 ms
[6.750s] Heapsort (ascending) size=4,096 -> 0.136 ms
[6.755s] Heapsort (ascending) size=8,192 -> 0.257 ms
[6.760s] Heapsort (ascending) size=16,384 -> 0.534 ms
[6.766s] Heapsort (ascending) size=32,768 -> 1.085 ms
[6.773s] Heapsort (ascending) size=65,536 -> 2.206 ms
[6.782s] Heapsort (ascending) size=131,072 -> 4.432 ms
[6.796s] Heapsort (ascending) size=262,144 -> 9.225 ms
[6.820s] Heapsort (ascending) size=524,288 -> 18.978 ms
[6.864s] Heapsort (ascending) size=1,048,576 -> 38.784 ms
[6.951s] Heapsort (ascending) size=2,097,152 -> 80.742 ms
[7.125s] Heapsort (ascending) size=4,194,304 -> 166.248 ms
[7.130s] Heapsort (descending) size=1,024 -> 0.041 ms
[7.135s] Heapsort (descending) size=2,048 -> 0.071 ms
[7.140s] Heapsort (descending) size=4,096 -> 0.150 ms
[7.145s] Heapsort (descending) size=8,192 -> 0.281 ms
[7.150s] Heapsort (descending) size=16,384 -> 0.568 ms
[7.156s] Heapsort (descending) size=32,768 -> 1.174 ms
[7.163s] Heapsort (descending) size=65,536 -> 2.388 ms
[7.172s] Heapsort (descending) size=131,072 -> 4.868 ms
[7.187s] Heapsort (descending) size=262,144 -> 10.052 ms
[7.212s] Heapsort (descending) size=524,288 -> 20.363 ms
[7.259s] Heapsort (descending) size=1,048,576 -> 41.669 ms
[7.350s] Heapsort (descending) size=2,097,152 -> 85.587 ms
[7.535s] Heapsort (descending) size=4,194,304 -> 177.067 ms
[7.541s] BottomUpHeapsort (random) size=1,024 -> 0.049 ms
[7.546s] BottomUpHeapsort (random) size=2,048 -> 0.095 ms
[7.551s] BottomUpHeapsort (random) size=4,096 -> 0.195 ms
[7.556s] BottomUpHeapsort (random) size=8,192 -> 0.402 ms
[7.561s] BottomUpHeapsort (random) size=16,384 -> 0.854 ms
[7.568s] BottomUpHeapsort (random) size=32,768 -> 1.835 ms
[7.577s] BottomUpHeapsort (random) size=65,536 -> 4.097 ms
[7.591s] BottomUpHeapsort (random) size=131,072 -> 8.629 ms
[7.615s] BottomUpHeapsort (random) size=262,144 -> 19.046 ms
[7.662s] BottomUpHeapsort (random) size=524,288 -> 42.479 ms
[7.765s] BottomUpHeapsort (random) size=1,048,576 -> 97.306 ms
[8.015s] BottomUpHeapsort (random) size=2,097,152 -> 242.748 ms
[8.548s] BottomUpHeapsort (random) size=4,194,304 -> 523.671 ms
[8.554s] BottomUpHeapsort (ascending) size=1,024 -> 0.048 ms
[8.559s] BottomUpHeapsort (ascending) size=2,048 -> 0.083 ms
[8.563s] BottomUpHeapsort (ascending) size=4,096 -> 0.178 ms
[8.568s] BottomUpHeapsort (ascending) size=8,192 -> 0.391 ms
[8.574s] BottomUpHeapsort (ascending) size=16,384 -> 0.834 ms
[8.580s] BottomUpHeapsort (ascending) size=32,768 -> 1.771 ms
[8.589s] BottomUpHeapsort (ascending) size=65,536 -> 3.743 ms
[8.601s] BottomUpHeapsort (ascending) size=131,072 -> 7.933 ms
[8.623s] BottomUpHeapsort (ascending) size=262,144 -> 16.920 ms
[8.664s] BottomUpHeapsort (ascending) size=524,288 -> 35.803 ms
[8.744s] BottomUpHeapsort (ascending) size=1,048,576 -> 75.373 ms
[8.908s] BottomUpHeapsort (ascending) size=2,097,152 -> 158.181 ms
[9.249s] BottomUpHeapsort (ascending) size=4,194,304 -> 333.051 ms
[9.254s] BottomUpHeapsort (descending) size=1,024 -> 0.047 ms
[9.259s] BottomUpHeapsort (descending) size=2,048 -> 0.088 ms
[9.264s] BottomUpHeapsort (descending) size=4,096 -> 0.194 ms
[9.269s] BottomUpHeapsort (descending) size=8,192 -> 0.377 ms
[9.274s] BottomUpHeapsort (descending) size=16,384 -> 0.814 ms
[9.281s] BottomUpHeapsort (descending) size=32,768 -> 1.729 ms
[9.289s] BottomUpHeapsort (descending) size=65,536 -> 3.674 ms
[9.302s] BottomUpHeapsort (descending) size=131,072 -> 7.843 ms
[9.323s] BottomUpHeapsort (descending) size=262,144 -> 16.588 ms
[9.363s] BottomUpHeapsort (descending) size=524,288 -> 35.191 ms
[9.442s] BottomUpHeapsort (descending) size=1,048,576 -> 74.483 ms
[9.605s] BottomUpHeapsort (descending) size=2,097,152 -> 157.029 ms
[9.943s] BottomUpHeapsort (descending) size=4,194,304 -> 329.717 ms
[9.948s] HeapsortSlowComparisons (random) size=1,024 -> 0.052 ms
[9.953s] HeapsortSlowComparisons (random) size=2,048 -> 0.097 ms
[9.957s] HeapsortSlowComparisons (random) size=4,096 -> 0.204 ms
[9.962s] HeapsortSlowComparisons (random) size=8,192 -> 0.426 ms
[9.968s] HeapsortSlowComparisons (random) size=16,384 -> 0.880 ms
[9.974s] HeapsortSlowComparisons (random) size=32,768 -> 1.869 ms
[9.983s] HeapsortSlowComparisons (random) size=65,536 -> 3.943 ms
[9.996s] HeapsortSlowComparisons (random) size=131,072 -> 8.428 ms
[10.019s] HeapsortSlowComparisons (random) size=262,144 -> 17.828 ms
[10.062s] HeapsortSlowComparisons (random) size=524,288 -> 38.225 ms
[10.150s] HeapsortSlowComparisons (random) size=1,048,576 -> 82.011 ms
[10.333s] HeapsortSlowComparisons (random) size=2,097,152 -> 176.671 ms
[10.722s] HeapsortSlowComparisons (random) size=4,194,304 -> 379.904 ms
[10.728s] BottomUpHeapsortSlowComparisons (random) size=1,024 -> 0.051 ms
[10.733s] BottomUpHeapsortSlowComparisons (random) size=2,048 -> 0.096 ms
[10.737s] BottomUpHeapsortSlowComparisons (random) size=4,096 -> 0.199 ms
[10.742s] BottomUpHeapsortSlowComparisons (random) size=8,192 -> 0.435 ms
[10.748s] BottomUpHeapsortSlowComparisons (random) size=16,384 -> 0.867 ms
[10.754s] BottomUpHeapsortSlowComparisons (random) size=32,768 -> 1.857 ms
[10.763s] BottomUpHeapsortSlowComparisons (random) size=65,536 -> 4.018 ms
[10.777s] BottomUpHeapsortSlowComparisons (random) size=131,072 -> 8.766 ms
[10.801s] BottomUpHeapsortSlowComparisons (random) size=262,144 -> 19.246 ms
[10.849s] BottomUpHeapsortSlowComparisons (random) size=524,288 -> 42.914 ms
[10.952s] BottomUpHeapsortSlowComparisons (random) size=1,048,576 -> 97.858 ms
[11.181s] BottomUpHeapsortSlowComparisons (random) size=2,097,152 -> 221.672 ms
[11.698s] BottomUpHeapsortSlowComparisons (random) size=4,194,304 -> 508.009 ms
--- iteration 1 of 10 ---
[11.704s] Heapsort (random) size=1,024 -> 0.052 ms
[11.708s] Heapsort (random) size=2,048 -> 0.097 ms
[11.713s] Heapsort (random) size=4,096 -> 0.199 ms
[11.718s] Heapsort (random) size=8,192 -> 0.410 ms
[11.724s] Heapsort (random) size=16,384 -> 0.875 ms
[11.730s] Heapsort (random) size=32,768 -> 1.821 ms
[11.739s] Heapsort (random) size=65,536 -> 3.898 ms
[11.752s] Heapsort (random) size=131,072 -> 8.334 ms
[11.775s] Heapsort (random) size=262,144 -> 17.571 ms
[11.817s] Heapsort (random) size=524,288 -> 37.549 ms
[11.904s] Heapsort (random) size=1,048,576 -> 81.256 ms
[12.083s] Heapsort (random) size=2,097,152 -> 172.514 ms
[12.464s] Heapsort (random) size=4,194,304 -> 372.250 ms
[13.347s] Heapsort (random) size=8,388,608 -> 869.173 ms
[15.560s] Heapsort (random) size=16,777,216 -> 2191.713 ms
[21.041s] Heapsort (random) size=33,554,432 -> 5446.759 ms
[33.859s] Heapsort (random) size=67,108,864 -> 12757.603 ms
[33.862s] Heapsort (ascending) size=1,024 -> 0.040 ms
[33.865s] Heapsort (ascending) size=2,048 -> 0.073 ms
[33.868s] Heapsort (ascending) size=4,096 -> 0.132 ms
[33.871s] Heapsort (ascending) size=8,192 -> 0.278 ms
[33.874s] Heapsort (ascending) size=16,384 -> 0.524 ms
[33.877s] Heapsort (ascending) size=32,768 -> 1.087 ms
[33.882s] Heapsort (ascending) size=65,536 -> 2.213 ms
[33.889s] Heapsort (ascending) size=131,072 -> 4.479 ms
[33.901s] Heapsort (ascending) size=262,144 -> 9.270 ms
[33.923s] Heapsort (ascending) size=524,288 -> 19.225 ms
[33.965s] Heapsort (ascending) size=1,048,576 -> 38.644 ms
[34.049s] Heapsort (ascending) size=2,097,152 -> 80.468 ms
[34.218s] Heapsort (ascending) size=4,194,304 -> 165.092 ms
[34.564s] Heapsort (ascending) size=8,388,608 -> 340.816 ms
[35.271s] Heapsort (ascending) size=16,777,216 -> 699.783 ms
[36.718s] Heapsort (ascending) size=33,554,432 -> 1434.948 ms
[39.695s] Heapsort (ascending) size=67,108,864 -> 2955.974 ms
[45.802s] Heapsort (ascending) size=134,217,728 -> 6048.675 ms
[58.255s] Heapsort (ascending) size=268,435,456 -> 12340.009 ms
[58.258s] Heapsort (descending) size=1,024 -> 0.040 ms
[58.261s] Heapsort (descending) size=2,048 -> 0.075 ms
[58.264s] Heapsort (descending) size=4,096 -> 0.150 ms
[58.268s] Heapsort (descending) size=8,192 -> 0.300 ms
[58.271s] Heapsort (descending) size=16,384 -> 0.598 ms
[58.276s] Heapsort (descending) size=32,768 -> 1.213 ms
[58.281s] Heapsort (descending) size=65,536 -> 2.397 ms
[58.288s] Heapsort (descending) size=131,072 -> 4.847 ms
[58.301s] Heapsort (descending) size=262,144 -> 10.030 ms
[58.325s] Heapsort (descending) size=524,288 -> 20.506 ms
[58.370s] Heapsort (descending) size=1,048,576 -> 41.845 ms
[58.459s] Heapsort (descending) size=2,097,152 -> 85.684 ms
[58.639s] Heapsort (descending) size=4,194,304 -> 176.565 ms
[59.008s] Heapsort (descending) size=8,388,608 -> 362.756 ms
[59.782s] Heapsort (descending) size=16,777,216 -> 767.354 ms
[61.329s] Heapsort (descending) size=33,554,432 -> 1534.899 ms
[64.487s] Heapsort (descending) size=67,108,864 -> 3138.613 ms
[70.940s] Heapsort (descending) size=134,217,728 -> 6415.815 ms
[84.201s] Heapsort (descending) size=268,435,456 -> 13188.845 ms
[84.204s] BottomUpHeapsort (random) size=1,024 -> 0.051 ms
[84.207s] BottomUpHeapsort (random) size=2,048 -> 0.097 ms
[84.213s] BottomUpHeapsort (random) size=4,096 -> 0.202 ms
[84.216s] BottomUpHeapsort (random) size=8,192 -> 0.411 ms
[84.220s] BottomUpHeapsort (random) size=16,384 -> 0.865 ms
[84.225s] BottomUpHeapsort (random) size=32,768 -> 1.832 ms
[84.232s] BottomUpHeapsort (random) size=65,536 -> 3.960 ms
[84.243s] BottomUpHeapsort (random) size=131,072 -> 8.619 ms
[84.265s] BottomUpHeapsort (random) size=262,144 -> 18.902 ms
[84.311s] BottomUpHeapsort (random) size=524,288 -> 42.295 ms
[84.410s] BottomUpHeapsort (random) size=1,048,576 -> 95.815 ms
[84.632s] BottomUpHeapsort (random) size=2,097,152 -> 218.129 ms
[85.146s] BottomUpHeapsort (random) size=4,194,304 -> 507.522 ms
[86.469s] BottomUpHeapsort (random) size=8,388,608 -> 1313.993 ms
[90.240s] BottomUpHeapsort (random) size=16,777,216 -> 3756.144 ms
[101.179s] BottomUpHeapsort (random) size=33,554,432 -> 10912.105 ms
[132.939s] BottomUpHeapsort (random) size=67,108,864 -> 31709.505 ms
[132.942s] BottomUpHeapsort (ascending) size=1,024 -> 0.041 ms
[132.945s] BottomUpHeapsort (ascending) size=2,048 -> 0.092 ms
[132.948s] BottomUpHeapsort (ascending) size=4,096 -> 0.187 ms
[132.951s] BottomUpHeapsort (ascending) size=8,192 -> 0.397 ms
[132.955s] BottomUpHeapsort (ascending) size=16,384 -> 0.831 ms
[132.959s] BottomUpHeapsort (ascending) size=32,768 -> 1.770 ms
[132.966s] BottomUpHeapsort (ascending) size=65,536 -> 3.937 ms
[132.977s] BottomUpHeapsort (ascending) size=131,072 -> 8.469 ms
[132.998s] BottomUpHeapsort (ascending) size=262,144 -> 18.154 ms
[133.039s] BottomUpHeapsort (ascending) size=524,288 -> 37.474 ms
[133.121s] BottomUpHeapsort (ascending) size=1,048,576 -> 78.717 ms
[133.286s] BottomUpHeapsort (ascending) size=2,097,152 -> 161.318 ms
[133.628s] BottomUpHeapsort (ascending) size=4,194,304 -> 337.994 ms
[134.341s] BottomUpHeapsort (ascending) size=8,388,608 -> 707.474 ms
[135.832s] BottomUpHeapsort (ascending) size=16,777,216 -> 1483.537 ms
[138.931s] BottomUpHeapsort (ascending) size=33,554,432 -> 3086.172 ms
[145.409s] BottomUpHeapsort (ascending) size=67,108,864 -> 6457.767 ms
[158.812s] BottomUpHeapsort (ascending) size=134,217,728 -> 13365.885 ms
[186.589s] BottomUpHeapsort (ascending) size=268,435,456 -> 27700.487 ms
[186.592s] BottomUpHeapsort (descending) size=1,024 -> 0.041 ms
[186.595s] BottomUpHeapsort (descending) size=2,048 -> 0.090 ms
[186.598s] BottomUpHeapsort (descending) size=4,096 -> 0.183 ms
[186.601s] BottomUpHeapsort (descending) size=8,192 -> 0.375 ms
[186.605s] BottomUpHeapsort (descending) size=16,384 -> 0.805 ms
[186.609s] BottomUpHeapsort (descending) size=32,768 -> 1.718 ms
[186.616s] BottomUpHeapsort (descending) size=65,536 -> 3.714 ms
[186.627s] BottomUpHeapsort (descending) size=131,072 -> 8.364 ms
[186.647s] BottomUpHeapsort (descending) size=262,144 -> 17.403 ms
[186.686s] BottomUpHeapsort (descending) size=524,288 -> 36.067 ms
[186.765s] BottomUpHeapsort (descending) size=1,048,576 -> 76.730 ms
[186.932s] BottomUpHeapsort (descending) size=2,097,152 -> 163.692 ms
[187.273s] BottomUpHeapsort (descending) size=4,194,304 -> 336.678 ms
[187.982s] BottomUpHeapsort (descending) size=8,388,608 -> 703.661 ms
[189.486s] BottomUpHeapsort (descending) size=16,777,216 -> 1496.663 ms
[192.607s] BottomUpHeapsort (descending) size=33,554,432 -> 3109.288 ms
[199.143s] BottomUpHeapsort (descending) size=67,108,864 -> 6516.147 ms
[212.781s] BottomUpHeapsort (descending) size=134,217,728 -> 13600.618 ms
[241.354s] BottomUpHeapsort (descending) size=268,435,456 -> 28498.478 ms
[241.357s] HeapsortSlowComparisons (random) size=1,024 -> 0.053 ms
[241.360s] HeapsortSlowComparisons (random) size=2,048 -> 0.100 ms
[241.363s] HeapsortSlowComparisons (random) size=4,096 -> 0.202 ms
[241.367s] HeapsortSlowComparisons (random) size=8,192 -> 0.456 ms
[241.370s] HeapsortSlowComparisons (random) size=16,384 -> 0.877 ms
[241.375s] HeapsortSlowComparisons (random) size=32,768 -> 2.003 ms
[241.382s] HeapsortSlowComparisons (random) size=65,536 -> 4.098 ms
[241.393s] HeapsortSlowComparisons (random) size=131,072 -> 8.790 ms
[241.415s] HeapsortSlowComparisons (random) size=262,144 -> 18.352 ms
[241.458s] HeapsortSlowComparisons (random) size=524,288 -> 40.248 ms
[241.547s] HeapsortSlowComparisons (random) size=1,048,576 -> 84.950 ms
[241.729s] HeapsortSlowComparisons (random) size=2,097,152 -> 177.552 ms
[242.133s] HeapsortSlowComparisons (random) size=4,194,304 -> 397.871 ms
[243.058s] HeapsortSlowComparisons (random) size=8,388,608 -> 915.654 ms
[243.061s] BottomUpHeapsortSlowComparisons (random) size=1,024 -> 0.045 ms
[243.064s] BottomUpHeapsortSlowComparisons (random) size=2,048 -> 0.096 ms
[243.067s] BottomUpHeapsortSlowComparisons (random) size=4,096 -> 0.208 ms
[243.070s] BottomUpHeapsortSlowComparisons (random) size=8,192 -> 0.441 ms
[243.074s] BottomUpHeapsortSlowComparisons (random) size=16,384 -> 0.951 ms
[243.079s] BottomUpHeapsortSlowComparisons (random) size=32,768 -> 2.024 ms
[243.086s] BottomUpHeapsortSlowComparisons (random) size=65,536 -> 4.342 ms
[243.098s] BottomUpHeapsortSlowComparisons (random) size=131,072 -> 9.412 ms
[243.121s] BottomUpHeapsortSlowComparisons (random) size=262,144 -> 20.097 ms
[243.167s] BottomUpHeapsortSlowComparisons (random) size=524,288 -> 43.226 ms
[243.268s] BottomUpHeapsortSlowComparisons (random) size=1,048,576 -> 96.606 ms
[243.500s] BottomUpHeapsortSlowComparisons (random) size=2,097,152 -> 227.855 ms
[244.028s] BottomUpHeapsortSlowComparisons (random) size=4,194,304 -> 522.569 ms
[245.404s] BottomUpHeapsortSlowComparisons (random) size=8,388,608 -> 1365.768 ms
--- iteration 2 of 10 ---
[245.407s] Heapsort (random) size=1,024 -> 0.051 ms
[245.409s] Heapsort (random) size=2,048 -> 0.098 ms
[245.412s] Heapsort (random) size=4,096 -> 0.205 ms
[245.415s] Heapsort (random) size=8,192 -> 0.424 ms
[245.419s] Heapsort (random) size=16,384 -> 0.876 ms
[245.424s] Heapsort (random) size=32,768 -> 1.869 ms
[245.431s] Heapsort (random) size=65,536 -> 4.138 ms
[245.442s] Heapsort (random) size=131,072 -> 8.496 ms
[245.464s] Heapsort (random) size=262,144 -> 18.770 ms
[245.506s] Heapsort (random) size=524,288 -> 38.867 ms
[245.590s] Heapsort (random) size=1,048,576 -> 80.317 ms
[245.772s] Heapsort (random) size=2,097,152 -> 178.348 ms
[246.173s] Heapsort (random) size=4,194,304 -> 394.601 ms
[247.095s] Heapsort (random) size=8,388,608 -> 911.614 ms
[249.423s] Heapsort (random) size=16,777,216 -> 2313.655 ms
[255.206s] Heapsort (random) size=33,554,432 -> 5755.232 ms
[268.380s] Heapsort (random) size=67,108,864 -> 13121.364 ms
[268.383s] Heapsort (ascending) size=1,024 -> 0.033 ms
[268.385s] Heapsort (ascending) size=2,048 -> 0.072 ms
[268.388s] Heapsort (ascending) size=4,096 -> 0.127 ms
[268.391s] Heapsort (ascending) size=8,192 -> 0.263 ms
[268.394s] Heapsort (ascending) size=16,384 -> 0.542 ms
[268.398s] Heapsort (ascending) size=32,768 -> 1.082 ms
[268.403s] Heapsort (ascending) size=65,536 -> 2.235 ms
[268.410s] Heapsort (ascending) size=131,072 -> 4.457 ms
[268.422s] Heapsort (ascending) size=262,144 -> 9.343 ms
[268.444s] Heapsort (ascending) size=524,288 -> 19.247 ms
[268.488s] Heapsort (ascending) size=1,048,576 -> 40.777 ms
[268.575s] Heapsort (ascending) size=2,097,152 -> 83.160 ms
[268.750s] Heapsort (ascending) size=4,194,304 -> 171.230 ms
[269.102s] Heapsort (ascending) size=8,388,608 -> 346.840 ms
[269.831s] Heapsort (ascending) size=16,777,216 -> 721.146 ms
[271.304s] Heapsort (ascending) size=33,554,432 -> 1460.981 ms
[274.354s] Heapsort (ascending) size=67,108,864 -> 3030.495 ms
[280.580s] Heapsort (ascending) size=134,217,728 -> 6189.720 ms
[293.262s] Heapsort (ascending) size=268,435,456 -> 12608.576 ms
[293.265s] Heapsort (descending) size=1,024 -> 0.033 ms
[293.268s] Heapsort (descending) size=2,048 -> 0.071 ms
[293.271s] Heapsort (descending) size=4,096 -> 0.149 ms
[293.274s] Heapsort (descending) size=8,192 -> 0.294 ms
[293.278s] Heapsort (descending) size=16,384 -> 0.573 ms
[293.282s] Heapsort (descending) size=32,768 -> 1.273 ms
[293.287s] Heapsort (descending) size=65,536 -> 2.423 ms
[293.294s] Heapsort (descending) size=131,072 -> 4.853 ms
[293.307s] Heapsort (descending) size=262,144 -> 10.222 ms
[293.331s] Heapsort (descending) size=524,288 -> 21.145 ms
[293.377s] Heapsort (descending) size=1,048,576 -> 42.795 ms
[293.470s] Heapsort (descending) size=2,097,152 -> 89.625 ms
[293.652s] Heapsort (descending) size=4,194,304 -> 177.794 ms
[294.022s] Heapsort (descending) size=8,388,608 -> 364.788 ms
[294.796s] Heapsort (descending) size=16,777,216 -> 766.374 ms
[296.376s] Heapsort (descending) size=33,554,432 -> 1568.269 ms
[299.621s] Heapsort (descending) size=67,108,864 -> 3224.569 ms
[306.256s] Heapsort (descending) size=134,217,728 -> 6596.503 ms
[319.860s] Heapsort (descending) size=268,435,456 -> 13532.010 ms
[319.864s] BottomUpHeapsort (random) size=1,024 -> 0.549 ms
[319.868s] BottomUpHeapsort (random) size=2,048 -> 0.562 ms
[319.872s] BottomUpHeapsort (random) size=4,096 -> 1.163 ms
[319.875s] BottomUpHeapsort (random) size=8,192 -> 0.469 ms
[319.878s] BottomUpHeapsort (random) size=16,384 -> 0.863 ms
[319.883s] BottomUpHeapsort (random) size=32,768 -> 1.860 ms
[319.890s] BottomUpHeapsort (random) size=65,536 -> 4.026 ms
[319.901s] BottomUpHeapsort (random) size=131,072 -> 8.891 ms
[319.925s] BottomUpHeapsort (random) size=262,144 -> 20.506 ms
[319.972s] BottomUpHeapsort (random) size=524,288 -> 43.776 ms
[320.072s] BottomUpHeapsort (random) size=1,048,576 -> 97.425 ms
[320.308s] BottomUpHeapsort (random) size=2,097,152 -> 231.442 ms
[320.869s] BottomUpHeapsort (random) size=4,194,304 -> 554.777 ms
[322.323s] BottomUpHeapsort (random) size=8,388,608 -> 1444.838 ms
[326.476s] BottomUpHeapsort (random) size=16,777,216 -> 4137.931 ms
[338.315s] BottomUpHeapsort (random) size=33,554,432 -> 11811.523 ms
[370.957s] BottomUpHeapsort (random) size=67,108,864 -> 32589.478 ms
[370.960s] BottomUpHeapsort (ascending) size=1,024 -> 0.042 ms
[370.963s] BottomUpHeapsort (ascending) size=2,048 -> 0.093 ms
[370.966s] BottomUpHeapsort (ascending) size=4,096 -> 0.185 ms
[370.969s] BottomUpHeapsort (ascending) size=8,192 -> 0.413 ms
[370.973s] BottomUpHeapsort (ascending) size=16,384 -> 0.828 ms
[370.977s] BottomUpHeapsort (ascending) size=32,768 -> 1.929 ms
[370.984s] BottomUpHeapsort (ascending) size=65,536 -> 3.778 ms
[370.994s] BottomUpHeapsort (ascending) size=131,072 -> 7.951 ms
[371.015s] BottomUpHeapsort (ascending) size=262,144 -> 17.491 ms
[371.054s] BottomUpHeapsort (ascending) size=524,288 -> 36.799 ms
[371.135s] BottomUpHeapsort (ascending) size=1,048,576 -> 78.054 ms
[371.303s] BottomUpHeapsort (ascending) size=2,097,152 -> 163.919 ms
[371.648s] BottomUpHeapsort (ascending) size=4,194,304 -> 341.509 ms
[372.361s] BottomUpHeapsort (ascending) size=8,388,608 -> 707.376 ms
[373.846s] BottomUpHeapsort (ascending) size=16,777,216 -> 1477.168 ms
[376.939s] BottomUpHeapsort (ascending) size=33,554,432 -> 3081.624 ms
[383.373s] BottomUpHeapsort (ascending) size=67,108,864 -> 6414.286 ms
[396.724s] BottomUpHeapsort (ascending) size=134,217,728 -> 13313.860 ms
[424.128s] BottomUpHeapsort (ascending) size=268,435,456 -> 27330.174 ms
[424.132s] BottomUpHeapsort (descending) size=1,024 -> 0.048 ms
[424.135s] BottomUpHeapsort (descending) size=2,048 -> 0.090 ms
[424.137s] BottomUpHeapsort (descending) size=4,096 -> 0.187 ms
[424.141s] BottomUpHeapsort (descending) size=8,192 -> 0.390 ms
[424.144s] BottomUpHeapsort (descending) size=16,384 -> 0.814 ms
[424.149s] BottomUpHeapsort (descending) size=32,768 -> 1.758 ms
[424.155s] BottomUpHeapsort (descending) size=65,536 -> 3.800 ms
[424.166s] BottomUpHeapsort (descending) size=131,072 -> 7.876 ms
[424.185s] BottomUpHeapsort (descending) size=262,144 -> 16.574 ms
[424.223s] BottomUpHeapsort (descending) size=524,288 -> 35.232 ms
[424.300s] BottomUpHeapsort (descending) size=1,048,576 -> 74.274 ms
[424.461s] BottomUpHeapsort (descending) size=2,097,152 -> 156.885 ms
[424.794s] BottomUpHeapsort (descending) size=4,194,304 -> 329.076 ms
[425.491s] BottomUpHeapsort (descending) size=8,388,608 -> 691.975 ms
[426.959s] BottomUpHeapsort (descending) size=16,777,216 -> 1460.731 ms
[430.025s] BottomUpHeapsort (descending) size=33,554,432 -> 3055.196 ms
[436.439s] BottomUpHeapsort (descending) size=67,108,864 -> 6393.830 ms
[449.828s] BottomUpHeapsort (descending) size=134,217,728 -> 13352.501 ms
[477.829s] BottomUpHeapsort (descending) size=268,435,456 -> 27929.682 ms
[477.833s] HeapsortSlowComparisons (random) size=1,024 -> 0.692 ms
[477.836s] HeapsortSlowComparisons (random) size=2,048 -> 0.162 ms
[477.839s] HeapsortSlowComparisons (random) size=4,096 -> 0.212 ms
[477.843s] HeapsortSlowComparisons (random) size=8,192 -> 0.434 ms
[477.846s] HeapsortSlowComparisons (random) size=16,384 -> 0.924 ms
[477.851s] HeapsortSlowComparisons (random) size=32,768 -> 1.873 ms
[477.858s] HeapsortSlowComparisons (random) size=65,536 -> 4.020 ms
[477.869s] HeapsortSlowComparisons (random) size=131,072 -> 8.281 ms
[477.890s] HeapsortSlowComparisons (random) size=262,144 -> 17.784 ms
[477.931s] HeapsortSlowComparisons (random) size=524,288 -> 37.879 ms
[478.016s] HeapsortSlowComparisons (random) size=1,048,576 -> 82.139 ms
[478.195s] HeapsortSlowComparisons (random) size=2,097,152 -> 174.379 ms
[478.583s] HeapsortSlowComparisons (random) size=4,194,304 -> 381.373 ms
[479.467s] HeapsortSlowComparisons (random) size=8,388,608 -> 874.699 ms
[479.470s] BottomUpHeapsortSlowComparisons (random) size=1,024 -> 0.050 ms
[479.473s] BottomUpHeapsortSlowComparisons (random) size=2,048 -> 0.096 ms
[479.476s] BottomUpHeapsortSlowComparisons (random) size=4,096 -> 0.198 ms
[479.479s] BottomUpHeapsortSlowComparisons (random) size=8,192 -> 0.406 ms
[479.482s] BottomUpHeapsortSlowComparisons (random) size=16,384 -> 0.854 ms
[479.487s] BottomUpHeapsortSlowComparisons (random) size=32,768 -> 1.823 ms
[479.493s] BottomUpHeapsortSlowComparisons (random) size=65,536 -> 3.970 ms
[479.505s] BottomUpHeapsortSlowComparisons (random) size=131,072 -> 8.628 ms
[479.527s] BottomUpHeapsortSlowComparisons (random) size=262,144 -> 18.965 ms
[479.572s] BottomUpHeapsortSlowComparisons (random) size=524,288 -> 42.336 ms
[479.671s] BottomUpHeapsortSlowComparisons (random) size=1,048,576 -> 96.085 ms
[479.896s] BottomUpHeapsortSlowComparisons (random) size=2,097,152 -> 220.420 ms
[480.411s] BottomUpHeapsortSlowComparisons (random) size=4,194,304 -> 508.729 ms
[481.714s] BottomUpHeapsortSlowComparisons (random) size=8,388,608 -> 1294.716 ms
--- iteration 3 of 10 ---
[481.718s] Heapsort (random) size=1,024 -> 0.278 ms
[481.720s] Heapsort (random) size=2,048 -> 0.151 ms
[481.723s] Heapsort (random) size=4,096 -> 0.189 ms
[481.726s] Heapsort (random) size=8,192 -> 0.407 ms
[481.730s] Heapsort (random) size=16,384 -> 0.854 ms
[481.734s] Heapsort (random) size=32,768 -> 1.830 ms
[481.741s] Heapsort (random) size=65,536 -> 3.909 ms
[481.752s] Heapsort (random) size=131,072 -> 8.256 ms
[481.772s] Heapsort (random) size=262,144 -> 17.564 ms
[481.813s] Heapsort (random) size=524,288 -> 37.671 ms
[481.897s] Heapsort (random) size=1,048,576 -> 80.551 ms
[482.074s] Heapsort (random) size=2,097,152 -> 172.619 ms
[482.458s] Heapsort (random) size=4,194,304 -> 377.615 ms
[483.336s] Heapsort (random) size=8,388,608 -> 869.422 ms
[485.585s] Heapsort (random) size=16,777,216 -> 2233.410 ms
[491.070s] Heapsort (random) size=33,554,432 -> 5457.577 ms
[503.789s] Heapsort (random) size=67,108,864 -> 12667.759 ms
[503.792s] Heapsort (ascending) size=1,024 -> 0.035 ms
[503.795s] Heapsort (ascending) size=2,048 -> 0.068 ms
[503.798s] Heapsort (ascending) size=4,096 -> 0.136 ms
[503.801s] Heapsort (ascending) size=8,192 -> 0.268 ms
[503.804s] Heapsort (ascending) size=16,384 -> 0.527 ms
[503.808s] Heapsort (ascending) size=32,768 -> 1.062 ms
[503.812s] Heapsort (ascending) size=65,536 -> 2.148 ms
[503.820s] Heapsort (ascending) size=131,072 -> 4.400 ms
[503.832s] Heapsort (ascending) size=262,144 -> 9.189 ms
[503.853s] Heapsort (ascending) size=524,288 -> 18.808 ms
[503.895s] Heapsort (ascending) size=1,048,576 -> 38.674 ms
[503.978s] Heapsort (ascending) size=2,097,152 -> 80.339 ms
[504.148s] Heapsort (ascending) size=4,194,304 -> 165.753 ms
[504.495s] Heapsort (ascending) size=8,388,608 -> 342.027 ms
[505.203s] Heapsort (ascending) size=16,777,216 -> 700.142 ms
[506.649s] Heapsort (ascending) size=33,554,432 -> 1434.373 ms
[509.647s] Heapsort (ascending) size=67,108,864 -> 2978.556 ms
[515.753s] Heapsort (ascending) size=134,217,728 -> 6068.304 ms
[528.235s] Heapsort (ascending) size=268,435,456 -> 12410.314 ms
[528.238s] Heapsort (descending) size=1,024 -> 0.040 ms
[528.241s] Heapsort (descending) size=2,048 -> 0.074 ms
[528.244s] Heapsort (descending) size=4,096 -> 0.143 ms
[528.247s] Heapsort (descending) size=8,192 -> 0.276 ms
[528.250s] Heapsort (descending) size=16,384 -> 0.561 ms
[528.254s] Heapsort (descending) size=32,768 -> 1.216 ms
[528.259s] Heapsort (descending) size=65,536 -> 2.374 ms
[528.266s] Heapsort (descending) size=131,072 -> 4.834 ms
[528.279s] Heapsort (descending) size=262,144 -> 9.967 ms
[528.302s] Heapsort (descending) size=524,288 -> 20.226 ms
[528.347s] Heapsort (descending) size=1,048,576 -> 41.880 ms
[528.436s] Heapsort (descending) size=2,097,152 -> 85.486 ms
[528.617s] Heapsort (descending) size=4,194,304 -> 176.905 ms
[528.986s] Heapsort (descending) size=8,388,608 -> 364.304 ms
[529.743s] Heapsort (descending) size=16,777,216 -> 749.526 ms
[531.291s] Heapsort (descending) size=33,554,432 -> 1536.089 ms
[534.460s] Heapsort (descending) size=67,108,864 -> 3149.191 ms
[540.940s] Heapsort (descending) size=134,217,728 -> 6443.924 ms
[554.304s] Heapsort (descending) size=268,435,456 -> 13291.370 ms
[554.307s] BottomUpHeapsort (random) size=1,024 -> 0.050 ms
[554.310s] BottomUpHeapsort (random) size=2,048 -> 0.098 ms
[554.312s] BottomUpHeapsort (random) size=4,096 -> 0.199 ms
[554.316s] BottomUpHeapsort (random) size=8,192 -> 0.416 ms
[554.319s] BottomUpHeapsort (random) size=16,384 -> 0.860 ms
[554.324s] BottomUpHeapsort (random) size=32,768 -> 1.839 ms
[554.330s] BottomUpHeapsort (random) size=65,536 -> 3.972 ms
[554.342s] BottomUpHeapsort (random) size=131,072 -> 8.624 ms
[554.364s] BottomUpHeapsort (random) size=262,144 -> 18.950 ms
[554.409s] BottomUpHeapsort (random) size=524,288 -> 42.265 ms
[554.509s] BottomUpHeapsort (random) size=1,048,576 -> 96.065 ms
[554.731s] BottomUpHeapsort (random) size=2,097,152 -> 218.061 ms
[555.254s] BottomUpHeapsort (random) size=4,194,304 -> 517.419 ms
[556.551s] BottomUpHeapsort (random) size=8,388,608 -> 1287.586 ms
[560.323s] BottomUpHeapsort (random) size=16,777,216 -> 3757.167 ms
[571.138s] BottomUpHeapsort (random) size=33,554,432 -> 10788.758 ms
[600.805s] BottomUpHeapsort (random) size=67,108,864 -> 29616.080 ms
[600.808s] BottomUpHeapsort (ascending) size=1,024 -> 0.040 ms
[600.811s] BottomUpHeapsort (ascending) size=2,048 -> 0.092 ms
[600.814s] BottomUpHeapsort (ascending) size=4,096 -> 0.184 ms
[600.817s] BottomUpHeapsort (ascending) size=8,192 -> 0.382 ms
[600.820s] BottomUpHeapsort (ascending) size=16,384 -> 0.829 ms
[600.825s] BottomUpHeapsort (ascending) size=32,768 -> 1.775 ms
[600.831s] BottomUpHeapsort (ascending) size=65,536 -> 3.745 ms
[600.842s] BottomUpHeapsort (ascending) size=131,072 -> 7.987 ms
[600.862s] BottomUpHeapsort (ascending) size=262,144 -> 16.949 ms
[600.900s] BottomUpHeapsort (ascending) size=524,288 -> 35.787 ms
[600.978s] BottomUpHeapsort (ascending) size=1,048,576 -> 75.361 ms
[601.140s] BottomUpHeapsort (ascending) size=2,097,152 -> 157.856 ms
[601.476s] BottomUpHeapsort (ascending) size=4,194,304 -> 331.814 ms
[602.176s] BottomUpHeapsort (ascending) size=8,388,608 -> 694.203 ms
[603.634s] BottomUpHeapsort (ascending) size=16,777,216 -> 1449.834 ms
[606.662s] BottomUpHeapsort (ascending) size=33,554,432 -> 3015.094 ms
[612.964s] BottomUpHeapsort (ascending) size=67,108,864 -> 6281.793 ms
[626.099s] BottomUpHeapsort (ascending) size=134,217,728 -> 13098.234 ms
[653.321s] BottomUpHeapsort (ascending) size=268,435,456 -> 27148.930 ms
[653.324s] BottomUpHeapsort (descending) size=1,024 -> 0.039 ms
[653.327s] BottomUpHeapsort (descending) size=2,048 -> 0.090 ms
[653.330s] BottomUpHeapsort (descending) size=4,096 -> 0.181 ms
[653.333s] BottomUpHeapsort (descending) size=8,192 -> 0.379 ms
[653.336s] BottomUpHeapsort (descending) size=16,384 -> 0.809 ms
[653.341s] BottomUpHeapsort (descending) size=32,768 -> 1.722 ms
[653.347s] BottomUpHeapsort (descending) size=65,536 -> 3.680 ms
[653.357s] BottomUpHeapsort (descending) size=131,072 -> 7.847 ms
[653.377s] BottomUpHeapsort (descending) size=262,144 -> 16.605 ms
[653.415s] BottomUpHeapsort (descending) size=524,288 -> 35.162 ms
[653.492s] BottomUpHeapsort (descending) size=1,048,576 -> 74.674 ms
[653.653s] BottomUpHeapsort (descending) size=2,097,152 -> 156.951 ms
[653.987s] BottomUpHeapsort (descending) size=4,194,304 -> 329.544 ms
[654.686s] BottomUpHeapsort (descending) size=8,388,608 -> 694.039 ms
[656.155s] BottomUpHeapsort (descending) size=16,777,216 -> 1461.547 ms
[659.223s] BottomUpHeapsort (descending) size=33,554,432 -> 3057.106 ms
[665.672s] BottomUpHeapsort (descending) size=67,108,864 -> 6429.386 ms
[679.042s] BottomUpHeapsort (descending) size=134,217,728 -> 13333.694 ms
[706.991s] BottomUpHeapsort (descending) size=268,435,456 -> 27876.879 ms
[706.994s] HeapsortSlowComparisons (random) size=1,024 -> 0.045 ms
[706.997s] HeapsortSlowComparisons (random) size=2,048 -> 0.099 ms
[707.000s] HeapsortSlowComparisons (random) size=4,096 -> 0.197 ms
[707.003s] HeapsortSlowComparisons (random) size=8,192 -> 0.420 ms
[707.007s] HeapsortSlowComparisons (random) size=16,384 -> 0.859 ms
[707.011s] HeapsortSlowComparisons (random) size=32,768 -> 1.819 ms
[707.018s] HeapsortSlowComparisons (random) size=65,536 -> 3.884 ms
[707.029s] HeapsortSlowComparisons (random) size=131,072 -> 8.297 ms
[707.050s] HeapsortSlowComparisons (random) size=262,144 -> 17.756 ms
[707.090s] HeapsortSlowComparisons (random) size=524,288 -> 37.754 ms
[707.175s] HeapsortSlowComparisons (random) size=1,048,576 -> 81.481 ms
[707.354s] HeapsortSlowComparisons (random) size=2,097,152 -> 174.432 ms
[707.739s] HeapsortSlowComparisons (random) size=4,194,304 -> 379.018 ms
[708.626s] HeapsortSlowComparisons (random) size=8,388,608 -> 876.927 ms
[708.629s] BottomUpHeapsortSlowComparisons (random) size=1,024 -> 0.051 ms
[708.631s] BottomUpHeapsortSlowComparisons (random) size=2,048 -> 0.096 ms
[708.634s] BottomUpHeapsortSlowComparisons (random) size=4,096 -> 0.193 ms
[708.637s] BottomUpHeapsortSlowComparisons (random) size=8,192 -> 0.405 ms
[708.641s] BottomUpHeapsortSlowComparisons (random) size=16,384 -> 0.864 ms
[708.645s] BottomUpHeapsortSlowComparisons (random) size=32,768 -> 1.827 ms
[708.652s] BottomUpHeapsortSlowComparisons (random) size=65,536 -> 3.956 ms
[708.663s] BottomUpHeapsortSlowComparisons (random) size=131,072 -> 8.608 ms
[708.685s] BottomUpHeapsortSlowComparisons (random) size=262,144 -> 18.973 ms
[708.730s] BottomUpHeapsortSlowComparisons (random) size=524,288 -> 42.389 ms
[708.830s] BottomUpHeapsortSlowComparisons (random) size=1,048,576 -> 95.998 ms
[709.053s] BottomUpHeapsortSlowComparisons (random) size=2,097,152 -> 218.587 ms
[709.578s] BottomUpHeapsortSlowComparisons (random) size=4,194,304 -> 519.224 ms
[710.881s] BottomUpHeapsortSlowComparisons (random) size=8,388,608 -> 1293.973 ms
--- iteration 4 of 10 ---
[710.884s] Heapsort (random) size=1,024 -> 0.051 ms
[710.886s] Heapsort (random) size=2,048 -> 0.098 ms
[710.889s] Heapsort (random) size=4,096 -> 0.198 ms
[710.892s] Heapsort (random) size=8,192 -> 0.406 ms
[710.896s] Heapsort (random) size=16,384 -> 0.855 ms
[710.900s] Heapsort (random) size=32,768 -> 1.807 ms
[710.907s] Heapsort (random) size=65,536 -> 3.885 ms
[710.918s] Heapsort (random) size=131,072 -> 8.240 ms
[710.938s] Heapsort (random) size=262,144 -> 17.518 ms
[710.979s] Heapsort (random) size=524,288 -> 37.485 ms
[711.063s] Heapsort (random) size=1,048,576 -> 80.512 ms
[711.241s] Heapsort (random) size=2,097,152 -> 174.288 ms
[711.629s] Heapsort (random) size=4,194,304 -> 381.107 ms
[712.509s] Heapsort (random) size=8,388,608 -> 871.529 ms
[714.757s] Heapsort (random) size=16,777,216 -> 2232.755 ms
[720.247s] Heapsort (random) size=33,554,432 -> 5461.544 ms
[732.975s] Heapsort (random) size=67,108,864 -> 12677.392 ms
[732.979s] Heapsort (ascending) size=1,024 -> 0.040 ms
[732.981s] Heapsort (ascending) size=2,048 -> 0.069 ms
[732.984s] Heapsort (ascending) size=4,096 -> 0.133 ms
[732.987s] Heapsort (ascending) size=8,192 -> 0.282 ms
[732.990s] Heapsort (ascending) size=16,384 -> 0.523 ms
[732.994s] Heapsort (ascending) size=32,768 -> 1.077 ms
[732.999s] Heapsort (ascending) size=65,536 -> 2.181 ms
[733.006s] Heapsort (ascending) size=131,072 -> 4.409 ms
[733.018s] Heapsort (ascending) size=262,144 -> 9.170 ms
[733.040s] Heapsort (ascending) size=524,288 -> 18.955 ms
[733.081s] Heapsort (ascending) size=1,048,576 -> 38.430 ms
[733.164s] Heapsort (ascending) size=2,097,152 -> 79.888 ms
[733.333s] Heapsort (ascending) size=4,194,304 -> 165.120 ms
[733.680s] Heapsort (ascending) size=8,388,608 -> 341.134 ms
[734.387s] Heapsort (ascending) size=16,777,216 -> 698.915 ms
[735.830s] Heapsort (ascending) size=33,554,432 -> 1431.855 ms
[738.804s] Heapsort (ascending) size=67,108,864 -> 2954.263 ms
[744.893s] Heapsort (ascending) size=134,217,728 -> 6050.587 ms
[757.371s] Heapsort (ascending) size=268,435,456 -> 12403.954 ms
[757.374s] Heapsort (descending) size=1,024 -> 0.040 ms
[757.377s] Heapsort (descending) size=2,048 -> 0.067 ms
[757.380s] Heapsort (descending) size=4,096 -> 0.140 ms
[757.383s] Heapsort (descending) size=8,192 -> 0.279 ms
[757.386s] Heapsort (descending) size=16,384 -> 0.567 ms
[757.390s] Heapsort (descending) size=32,768 -> 1.165 ms
[757.395s] Heapsort (descending) size=65,536 -> 2.349 ms
[757.403s] Heapsort (descending) size=131,072 -> 4.865 ms
[757.416s] Heapsort (descending) size=262,144 -> 9.895 ms
[757.439s] Heapsort (descending) size=524,288 -> 20.308 ms
[757.484s] Heapsort (descending) size=1,048,576 -> 41.609 ms
[757.573s] Heapsort (descending) size=2,097,152 -> 85.610 ms
[757.753s] Heapsort (descending) size=4,194,304 -> 176.721 ms
[758.121s] Heapsort (descending) size=8,388,608 -> 363.018 ms
[758.878s] Heapsort (descending) size=16,777,216 -> 748.564 ms
[760.421s] Heapsort (descending) size=33,554,432 -> 1531.545 ms
[763.590s] Heapsort (descending) size=67,108,864 -> 3149.080 ms
[770.139s] Heapsort (descending) size=134,217,728 -> 6511.636 ms
[783.511s] Heapsort (descending) size=268,435,456 -> 13298.767 ms
[783.514s] BottomUpHeapsort (random) size=1,024 -> 0.043 ms
[783.517s] BottomUpHeapsort (random) size=2,048 -> 0.097 ms
[783.520s] BottomUpHeapsort (random) size=4,096 -> 0.196 ms
[783.523s] BottomUpHeapsort (random) size=8,192 -> 0.405 ms
[783.526s] BottomUpHeapsort (random) size=16,384 -> 0.863 ms
[783.531s] BottomUpHeapsort (random) size=32,768 -> 1.833 ms
[783.538s] BottomUpHeapsort (random) size=65,536 -> 3.983 ms
[783.549s] BottomUpHeapsort (random) size=131,072 -> 8.648 ms
[783.571s] BottomUpHeapsort (random) size=262,144 -> 18.983 ms
[783.617s] BottomUpHeapsort (random) size=524,288 -> 42.399 ms
[783.716s] BottomUpHeapsort (random) size=1,048,576 -> 96.008 ms
[783.939s] BottomUpHeapsort (random) size=2,097,152 -> 218.243 ms
[784.458s] BottomUpHeapsort (random) size=4,194,304 -> 513.774 ms
[785.824s] BottomUpHeapsort (random) size=8,388,608 -> 1356.791 ms
[789.900s] BottomUpHeapsort (random) size=16,777,216 -> 4060.732 ms
[801.606s] BottomUpHeapsort (random) size=33,554,432 -> 11679.135 ms
[833.367s] BottomUpHeapsort (random) size=67,108,864 -> 31710.888 ms
[833.370s] BottomUpHeapsort (ascending) size=1,024 -> 0.040 ms
[833.373s] BottomUpHeapsort (ascending) size=2,048 -> 0.091 ms
[833.376s] BottomUpHeapsort (ascending) size=4,096 -> 0.195 ms
[833.379s] BottomUpHeapsort (ascending) size=8,192 -> 0.388 ms
[833.383s] BottomUpHeapsort (ascending) size=16,384 -> 0.830 ms
[833.387s] BottomUpHeapsort (ascending) size=32,768 -> 1.785 ms
[833.394s] BottomUpHeapsort (ascending) size=65,536 -> 3.772 ms
[833.404s] BottomUpHeapsort (ascending) size=131,072 -> 7.979 ms
[833.424s] BottomUpHeapsort (ascending) size=262,144 -> 17.006 ms
[833.463s] BottomUpHeapsort (ascending) size=524,288 -> 36.004 ms
[833.542s] BottomUpHeapsort (ascending) size=1,048,576 -> 75.473 ms
[833.703s] BottomUpHeapsort (ascending) size=2,097,152 -> 158.015 ms
[834.039s] BottomUpHeapsort (ascending) size=4,194,304 -> 331.583 ms
[834.742s] BottomUpHeapsort (ascending) size=8,388,608 -> 696.354 ms
[836.200s] BottomUpHeapsort (ascending) size=16,777,216 -> 1450.316 ms
[839.232s] BottomUpHeapsort (ascending) size=33,554,432 -> 3018.551 ms
[845.548s] BottomUpHeapsort (ascending) size=67,108,864 -> 6295.867 ms
[858.698s] BottomUpHeapsort (ascending) size=134,217,728 -> 13113.093 ms
[885.941s] BottomUpHeapsort (ascending) size=268,435,456 -> 27170.752 ms
[885.944s] BottomUpHeapsort (descending) size=1,024 -> 0.040 ms
[885.947s] BottomUpHeapsort (descending) size=2,048 -> 0.109 ms
[885.950s] BottomUpHeapsort (descending) size=4,096 -> 0.183 ms
[885.953s] BottomUpHeapsort (descending) size=8,192 -> 0.381 ms
[885.957s] BottomUpHeapsort (descending) size=16,384 -> 0.808 ms
[885.961s] BottomUpHeapsort (descending) size=32,768 -> 1.726 ms
[885.967s] BottomUpHeapsort (descending) size=65,536 -> 3.689 ms
[885.978s] BottomUpHeapsort (descending) size=131,072 -> 7.831 ms
[885.998s] BottomUpHeapsort (descending) size=262,144 -> 16.573 ms
[886.036s] BottomUpHeapsort (descending) size=524,288 -> 35.212 ms
[886.113s] BottomUpHeapsort (descending) size=1,048,576 -> 74.551 ms
[886.274s] BottomUpHeapsort (descending) size=2,097,152 -> 157.594 ms
[886.609s] BottomUpHeapsort (descending) size=4,194,304 -> 330.144 ms
[887.310s] BottomUpHeapsort (descending) size=8,388,608 -> 696.382 ms
[888.784s] BottomUpHeapsort (descending) size=16,777,216 -> 1466.320 ms
[891.857s] BottomUpHeapsort (descending) size=33,554,432 -> 3061.809 ms
[898.282s] BottomUpHeapsort (descending) size=67,108,864 -> 6405.012 ms
[911.738s] BottomUpHeapsort (descending) size=134,217,728 -> 13420.123 ms
[939.754s] BottomUpHeapsort (descending) size=268,435,456 -> 27943.535 ms
[939.757s] HeapsortSlowComparisons (random) size=1,024 -> 0.052 ms
[939.760s] HeapsortSlowComparisons (random) size=2,048 -> 0.098 ms
[939.763s] HeapsortSlowComparisons (random) size=4,096 -> 0.195 ms
[939.766s] HeapsortSlowComparisons (random) size=8,192 -> 0.409 ms
[939.770s] HeapsortSlowComparisons (random) size=16,384 -> 0.875 ms
[939.774s] HeapsortSlowComparisons (random) size=32,768 -> 1.847 ms
[939.781s] HeapsortSlowComparisons (random) size=65,536 -> 3.919 ms
[939.792s] HeapsortSlowComparisons (random) size=131,072 -> 8.228 ms
[939.812s] HeapsortSlowComparisons (random) size=262,144 -> 17.607 ms
[939.853s] HeapsortSlowComparisons (random) size=524,288 -> 37.770 ms
[939.938s] HeapsortSlowComparisons (random) size=1,048,576 -> 80.902 ms
[940.115s] HeapsortSlowComparisons (random) size=2,097,152 -> 173.538 ms
[940.505s] HeapsortSlowComparisons (random) size=4,194,304 -> 383.521 ms
[941.409s] HeapsortSlowComparisons (random) size=8,388,608 -> 894.814 ms
[941.412s] BottomUpHeapsortSlowComparisons (random) size=1,024 -> 0.049 ms
[941.415s] BottomUpHeapsortSlowComparisons (random) size=2,048 -> 0.098 ms
[941.418s] BottomUpHeapsortSlowComparisons (random) size=4,096 -> 0.193 ms
[941.421s] BottomUpHeapsortSlowComparisons (random) size=8,192 -> 0.409 ms
[941.425s] BottomUpHeapsortSlowComparisons (random) size=16,384 -> 0.872 ms
[941.429s] BottomUpHeapsortSlowComparisons (random) size=32,768 -> 1.825 ms
[941.436s] BottomUpHeapsortSlowComparisons (random) size=65,536 -> 3.944 ms
[941.447s] BottomUpHeapsortSlowComparisons (random) size=131,072 -> 8.621 ms
[941.469s] BottomUpHeapsortSlowComparisons (random) size=262,144 -> 19.006 ms
[941.515s] BottomUpHeapsortSlowComparisons (random) size=524,288 -> 42.543 ms
[941.615s] BottomUpHeapsortSlowComparisons (random) size=1,048,576 -> 96.417 ms
[941.839s] BottomUpHeapsortSlowComparisons (random) size=2,097,152 -> 219.933 ms
[942.357s] BottomUpHeapsortSlowComparisons (random) size=4,194,304 -> 512.117 ms
[943.794s] BottomUpHeapsortSlowComparisons (random) size=8,388,608 -> 1427.732 ms
--- iteration 5 of 10 ---
[943.797s] Heapsort (random) size=1,024 -> 0.050 ms
[943.800s] Heapsort (random) size=2,048 -> 0.097 ms
[943.802s] Heapsort (random) size=4,096 -> 0.196 ms
[943.806s] Heapsort (random) size=8,192 -> 0.404 ms
[943.809s] Heapsort (random) size=16,384 -> 0.857 ms
[943.814s] Heapsort (random) size=32,768 -> 1.812 ms
[943.820s] Heapsort (random) size=65,536 -> 3.838 ms
[943.831s] Heapsort (random) size=131,072 -> 8.279 ms
[943.852s] Heapsort (random) size=262,144 -> 17.411 ms
[943.892s] Heapsort (random) size=524,288 -> 37.550 ms
[943.976s] Heapsort (random) size=1,048,576 -> 80.545 ms
[944.154s] Heapsort (random) size=2,097,152 -> 173.570 ms
[944.565s] Heapsort (random) size=4,194,304 -> 403.961 ms
[945.476s] Heapsort (random) size=8,388,608 -> 901.980 ms
[947.791s] Heapsort (random) size=16,777,216 -> 2300.077 ms
[953.488s] Heapsort (random) size=33,554,432 -> 5669.964 ms
[966.550s] Heapsort (random) size=67,108,864 -> 13010.101 ms
[966.553s] Heapsort (ascending) size=1,024 -> 0.033 ms
[966.556s] Heapsort (ascending) size=2,048 -> 0.073 ms
[966.559s] Heapsort (ascending) size=4,096 -> 0.135 ms
[966.562s] Heapsort (ascending) size=8,192 -> 0.263 ms
[966.565s] Heapsort (ascending) size=16,384 -> 0.520 ms
[966.569s] Heapsort (ascending) size=32,768 -> 1.048 ms
[966.574s] Heapsort (ascending) size=65,536 -> 2.163 ms
[966.581s] Heapsort (ascending) size=131,072 -> 4.402 ms
[966.593s] Heapsort (ascending) size=262,144 -> 9.196 ms
[966.614s] Heapsort (ascending) size=524,288 -> 18.926 ms
[966.656s] Heapsort (ascending) size=1,048,576 -> 38.850 ms
[966.740s] Heapsort (ascending) size=2,097,152 -> 80.332 ms
[966.909s] Heapsort (ascending) size=4,194,304 -> 164.973 ms
[967.257s] Heapsort (ascending) size=8,388,608 -> 342.469 ms
[967.967s] Heapsort (ascending) size=16,777,216 -> 702.041 ms
[969.414s] Heapsort (ascending) size=33,554,432 -> 1435.679 ms
[972.399s] Heapsort (ascending) size=67,108,864 -> 2965.368 ms
[978.553s] Heapsort (ascending) size=134,217,728 -> 6116.877 ms
[991.041s] Heapsort (ascending) size=268,435,456 -> 12415.924 ms
[991.045s] Heapsort (descending) size=1,024 -> 0.041 ms
[991.047s] Heapsort (descending) size=2,048 -> 0.073 ms
[991.050s] Heapsort (descending) size=4,096 -> 0.136 ms
[991.053s] Heapsort (descending) size=8,192 -> 0.285 ms
[991.056s] Heapsort (descending) size=16,384 -> 0.570 ms
[991.060s] Heapsort (descending) size=32,768 -> 1.164 ms
[991.065s] Heapsort (descending) size=65,536 -> 2.377 ms
[991.073s] Heapsort (descending) size=131,072 -> 4.824 ms
[991.086s] Heapsort (descending) size=262,144 -> 9.928 ms
[991.109s] Heapsort (descending) size=524,288 -> 20.381 ms
[991.154s] Heapsort (descending) size=1,048,576 -> 41.972 ms
[991.244s] Heapsort (descending) size=2,097,152 -> 86.421 ms
[991.426s] Heapsort (descending) size=4,194,304 -> 178.344 ms
[991.797s] Heapsort (descending) size=8,388,608 -> 365.698 ms
[992.555s] Heapsort (descending) size=16,777,216 -> 750.887 ms
[994.103s] Heapsort (descending) size=33,554,432 -> 1536.595 ms
[997.282s] Heapsort (descending) size=67,108,864 -> 3158.783 ms
[1003.786s] Heapsort (descending) size=134,217,728 -> 6467.346 ms
[1017.167s] Heapsort (descending) size=268,435,456 -> 13308.376 ms
[1017.170s] BottomUpHeapsort (random) size=1,024 -> 0.050 ms
[1017.173s] BottomUpHeapsort (random) size=2,048 -> 0.097 ms
[1017.176s] BottomUpHeapsort (random) size=4,096 -> 0.189 ms
[1017.179s] BottomUpHeapsort (random) size=8,192 -> 0.411 ms
[1017.183s] BottomUpHeapsort (random) size=16,384 -> 0.863 ms
[1017.187s] BottomUpHeapsort (random) size=32,768 -> 1.879 ms
[1017.194s] BottomUpHeapsort (random) size=65,536 -> 3.983 ms
[1017.205s] BottomUpHeapsort (random) size=131,072 -> 8.625 ms
[1017.227s] BottomUpHeapsort (random) size=262,144 -> 18.973 ms
[1017.273s] BottomUpHeapsort (random) size=524,288 -> 42.243 ms
[1017.372s] BottomUpHeapsort (random) size=1,048,576 -> 95.933 ms
[1017.595s] BottomUpHeapsort (random) size=2,097,152 -> 218.831 ms
[1018.128s] BottomUpHeapsort (random) size=4,194,304 -> 526.819 ms
[1019.519s] BottomUpHeapsort (random) size=8,388,608 -> 1381.993 ms
[1023.563s] BottomUpHeapsort (random) size=16,777,216 -> 4029.574 ms
[1035.194s] BottomUpHeapsort (random) size=33,554,432 -> 11603.452 ms
[1067.016s] BottomUpHeapsort (random) size=67,108,864 -> 31772.366 ms
[1067.019s] BottomUpHeapsort (ascending) size=1,024 -> 0.041 ms
[1067.022s] BottomUpHeapsort (ascending) size=2,048 -> 0.102 ms
[1067.025s] BottomUpHeapsort (ascending) size=4,096 -> 0.185 ms
[1067.029s] BottomUpHeapsort (ascending) size=8,192 -> 0.388 ms
[1067.032s] BottomUpHeapsort (ascending) size=16,384 -> 0.829 ms
[1067.036s] BottomUpHeapsort (ascending) size=32,768 -> 1.776 ms
[1067.043s] BottomUpHeapsort (ascending) size=65,536 -> 3.752 ms
[1067.054s] BottomUpHeapsort (ascending) size=131,072 -> 7.971 ms
[1067.073s] BottomUpHeapsort (ascending) size=262,144 -> 16.962 ms
[1067.112s] BottomUpHeapsort (ascending) size=524,288 -> 35.913 ms
[1067.190s] BottomUpHeapsort (ascending) size=1,048,576 -> 75.315 ms
[1067.352s] BottomUpHeapsort (ascending) size=2,097,152 -> 157.949 ms
[1067.687s] BottomUpHeapsort (ascending) size=4,194,304 -> 331.411 ms
[1068.388s] BottomUpHeapsort (ascending) size=8,388,608 -> 695.175 ms
[1069.847s] BottomUpHeapsort (ascending) size=16,777,216 -> 1450.493 ms
[1072.882s] BottomUpHeapsort (ascending) size=33,554,432 -> 3022.988 ms
[1079.209s] BottomUpHeapsort (ascending) size=67,108,864 -> 6306.933 ms
[1092.345s] BottomUpHeapsort (ascending) size=134,217,728 -> 13098.819 ms
[1119.599s] BottomUpHeapsort (ascending) size=268,435,456 -> 27181.501 ms
[1119.602s] BottomUpHeapsort (descending) size=1,024 -> 0.046 ms
[1119.605s] BottomUpHeapsort (descending) size=2,048 -> 0.091 ms
[1119.608s] BottomUpHeapsort (descending) size=4,096 -> 0.182 ms
[1119.611s] BottomUpHeapsort (descending) size=8,192 -> 0.377 ms
[1119.614s] BottomUpHeapsort (descending) size=16,384 -> 0.811 ms
[1119.619s] BottomUpHeapsort (descending) size=32,768 -> 1.726 ms
[1119.625s] BottomUpHeapsort (descending) size=65,536 -> 3.676 ms
[1119.636s] BottomUpHeapsort (descending) size=131,072 -> 7.835 ms
[1119.655s] BottomUpHeapsort (descending) size=262,144 -> 16.620 ms
[1119.693s] BottomUpHeapsort (descending) size=524,288 -> 35.262 ms
[1119.771s] BottomUpHeapsort (descending) size=1,048,576 -> 74.372 ms
[1119.931s] BottomUpHeapsort (descending) size=2,097,152 -> 157.213 ms
[1120.266s] BottomUpHeapsort (descending) size=4,194,304 -> 330.729 ms
[1120.967s] BottomUpHeapsort (descending) size=8,388,608 -> 696.280 ms
[1122.439s] BottomUpHeapsort (descending) size=16,777,216 -> 1464.113 ms
[1125.514s] BottomUpHeapsort (descending) size=33,554,432 -> 3064.202 ms
[1131.941s] BottomUpHeapsort (descending) size=67,108,864 -> 6406.993 ms
[1145.380s] BottomUpHeapsort (descending) size=134,217,728 -> 13402.737 ms
[1173.429s] BottomUpHeapsort (descending) size=268,435,456 -> 27976.322 ms
[1173.432s] HeapsortSlowComparisons (random) size=1,024 -> 0.046 ms
[1173.435s] HeapsortSlowComparisons (random) size=2,048 -> 0.099 ms
[1173.438s] HeapsortSlowComparisons (random) size=4,096 -> 0.198 ms
[1173.441s] HeapsortSlowComparisons (random) size=8,192 -> 0.409 ms
[1173.444s] HeapsortSlowComparisons (random) size=16,384 -> 0.861 ms
[1173.449s] HeapsortSlowComparisons (random) size=32,768 -> 1.844 ms
[1173.455s] HeapsortSlowComparisons (random) size=65,536 -> 3.942 ms
[1173.466s] HeapsortSlowComparisons (random) size=131,072 -> 8.210 ms
[1173.487s] HeapsortSlowComparisons (random) size=262,144 -> 17.594 ms
[1173.528s] HeapsortSlowComparisons (random) size=524,288 -> 38.070 ms
[1173.617s] HeapsortSlowComparisons (random) size=1,048,576 -> 84.601 ms
[1173.808s] HeapsortSlowComparisons (random) size=2,097,152 -> 186.336 ms
[1174.207s] HeapsortSlowComparisons (random) size=4,194,304 -> 392.948 ms
[1175.114s] HeapsortSlowComparisons (random) size=8,388,608 -> 898.502 ms
[1175.118s] BottomUpHeapsortSlowComparisons (random) size=1,024 -> 0.050 ms
[1175.120s] BottomUpHeapsortSlowComparisons (random) size=2,048 -> 0.090 ms
[1175.123s] BottomUpHeapsortSlowComparisons (random) size=4,096 -> 0.208 ms
[1175.126s] BottomUpHeapsortSlowComparisons (random) size=8,192 -> 0.413 ms
[1175.130s] BottomUpHeapsortSlowComparisons (random) size=16,384 -> 0.870 ms
[1175.134s] BottomUpHeapsortSlowComparisons (random) size=32,768 -> 1.825 ms
[1175.141s] BottomUpHeapsortSlowComparisons (random) size=65,536 -> 3.949 ms
[1175.152s] BottomUpHeapsortSlowComparisons (random) size=131,072 -> 8.700 ms
[1175.174s] BottomUpHeapsortSlowComparisons (random) size=262,144 -> 19.109 ms
[1175.220s] BottomUpHeapsortSlowComparisons (random) size=524,288 -> 42.435 ms
[1175.320s] BottomUpHeapsortSlowComparisons (random) size=1,048,576 -> 96.743 ms
[1175.543s] BottomUpHeapsortSlowComparisons (random) size=2,097,152 -> 218.507 ms
[1176.061s] BottomUpHeapsortSlowComparisons (random) size=4,194,304 -> 511.623 ms
[1177.432s] BottomUpHeapsortSlowComparisons (random) size=8,388,608 -> 1362.029 ms
--- iteration 6 of 10 ---
[1177.435s] Heapsort (random) size=1,024 -> 0.051 ms
[1177.438s] Heapsort (random) size=2,048 -> 0.099 ms
[1177.440s] Heapsort (random) size=4,096 -> 0.198 ms
[1177.444s] Heapsort (random) size=8,192 -> 0.412 ms
[1177.447s] Heapsort (random) size=16,384 -> 0.887 ms
[1177.452s] Heapsort (random) size=32,768 -> 1.811 ms
[1177.458s] Heapsort (random) size=65,536 -> 3.829 ms
[1177.469s] Heapsort (random) size=131,072 -> 8.228 ms
[1177.490s] Heapsort (random) size=262,144 -> 17.579 ms
[1177.530s] Heapsort (random) size=524,288 -> 37.486 ms
[1177.614s] Heapsort (random) size=1,048,576 -> 80.585 ms
[1177.791s] Heapsort (random) size=2,097,152 -> 172.486 ms
[1178.181s] Heapsort (random) size=4,194,304 -> 383.918 ms
[1179.083s] Heapsort (random) size=8,388,608 -> 892.740 ms
[1181.399s] Heapsort (random) size=16,777,216 -> 2300.649 ms
[1187.079s] Heapsort (random) size=33,554,432 -> 5654.149 ms
[1200.124s] Heapsort (random) size=67,108,864 -> 12994.111 ms
[1200.128s] Heapsort (ascending) size=1,024 -> 0.034 ms
[1200.131s] Heapsort (ascending) size=2,048 -> 0.071 ms
[1200.134s] Heapsort (ascending) size=4,096 -> 0.126 ms
[1200.136s] Heapsort (ascending) size=8,192 -> 0.263 ms
[1200.140s] Heapsort (ascending) size=16,384 -> 0.533 ms
[1200.143s] Heapsort (ascending) size=32,768 -> 1.060 ms
[1200.148s] Heapsort (ascending) size=65,536 -> 2.158 ms
[1200.155s] Heapsort (ascending) size=131,072 -> 4.415 ms
[1200.167s] Heapsort (ascending) size=262,144 -> 9.210 ms
[1200.189s] Heapsort (ascending) size=524,288 -> 18.994 ms
[1200.231s] Heapsort (ascending) size=1,048,576 -> 38.533 ms
[1200.314s] Heapsort (ascending) size=2,097,152 -> 79.907 ms
[1200.483s] Heapsort (ascending) size=4,194,304 -> 164.910 ms
[1200.829s] Heapsort (ascending) size=8,388,608 -> 340.377 ms
[1201.534s] Heapsort (ascending) size=16,777,216 -> 697.797 ms
[1202.979s] Heapsort (ascending) size=33,554,432 -> 1433.033 ms
[1205.973s] Heapsort (ascending) size=67,108,864 -> 2974.391 ms
[1212.086s] Heapsort (ascending) size=134,217,728 -> 6075.657 ms
[1224.475s] Heapsort (ascending) size=268,435,456 -> 12317.764 ms
[1224.479s] Heapsort (descending) size=1,024 -> 0.034 ms
[1224.481s] Heapsort (descending) size=2,048 -> 0.072 ms
[1224.484s] Heapsort (descending) size=4,096 -> 0.140 ms
[1224.487s] Heapsort (descending) size=8,192 -> 0.278 ms
[1224.490s] Heapsort (descending) size=16,384 -> 0.568 ms
[1224.494s] Heapsort (descending) size=32,768 -> 1.184 ms
[1224.499s] Heapsort (descending) size=65,536 -> 2.405 ms
[1224.507s] Heapsort (descending) size=131,072 -> 4.826 ms
[1224.520s] Heapsort (descending) size=262,144 -> 9.870 ms
[1224.543s] Heapsort (descending) size=524,288 -> 20.423 ms
[1224.588s] Heapsort (descending) size=1,048,576 -> 41.938 ms
[1224.677s] Heapsort (descending) size=2,097,152 -> 85.781 ms
[1224.858s] Heapsort (descending) size=4,194,304 -> 176.840 ms
[1225.227s] Heapsort (descending) size=8,388,608 -> 363.957 ms
[1225.984s] Heapsort (descending) size=16,777,216 -> 750.186 ms
[1227.534s] Heapsort (descending) size=33,554,432 -> 1538.530 ms
[1230.713s] Heapsort (descending) size=67,108,864 -> 3158.776 ms
[1237.214s] Heapsort (descending) size=134,217,728 -> 6464.562 ms
[1250.604s] Heapsort (descending) size=268,435,456 -> 13317.329 ms
[1250.607s] BottomUpHeapsort (random) size=1,024 -> 0.050 ms
[1250.610s] BottomUpHeapsort (random) size=2,048 -> 0.096 ms
[1250.613s] BottomUpHeapsort (random) size=4,096 -> 0.200 ms
[1250.616s] BottomUpHeapsort (random) size=8,192 -> 0.411 ms
[1250.620s] BottomUpHeapsort (random) size=16,384 -> 0.874 ms
[1250.624s] BottomUpHeapsort (random) size=32,768 -> 1.857 ms
[1250.631s] BottomUpHeapsort (random) size=65,536 -> 3.961 ms
[1250.642s] BottomUpHeapsort (random) size=131,072 -> 8.652 ms
[1250.664s] BottomUpHeapsort (random) size=262,144 -> 18.949 ms
[1250.710s] BottomUpHeapsort (random) size=524,288 -> 42.246 ms
[1250.810s] BottomUpHeapsort (random) size=1,048,576 -> 96.456 ms
[1251.032s] BottomUpHeapsort (random) size=2,097,152 -> 218.407 ms
[1251.557s] BottomUpHeapsort (random) size=4,194,304 -> 519.190 ms
[1252.916s] BottomUpHeapsort (random) size=8,388,608 -> 1349.938 ms
[1256.967s] BottomUpHeapsort (random) size=16,777,216 -> 4035.739 ms
[1268.612s] BottomUpHeapsort (random) size=33,554,432 -> 11618.168 ms
[1300.205s] BottomUpHeapsort (random) size=67,108,864 -> 31542.896 ms
[1300.209s] BottomUpHeapsort (ascending) size=1,024 -> 0.040 ms
[1300.212s] BottomUpHeapsort (ascending) size=2,048 -> 0.090 ms
[1300.214s] BottomUpHeapsort (ascending) size=4,096 -> 0.193 ms
[1300.218s] BottomUpHeapsort (ascending) size=8,192 -> 0.390 ms
[1300.221s] BottomUpHeapsort (ascending) size=16,384 -> 0.831 ms
[1300.226s] BottomUpHeapsort (ascending) size=32,768 -> 1.815 ms
[1300.232s] BottomUpHeapsort (ascending) size=65,536 -> 3.757 ms
[1300.243s] BottomUpHeapsort (ascending) size=131,072 -> 7.990 ms
[1300.263s] BottomUpHeapsort (ascending) size=262,144 -> 16.940 ms
[1300.301s] BottomUpHeapsort (ascending) size=524,288 -> 35.964 ms
[1300.380s] BottomUpHeapsort (ascending) size=1,048,576 -> 75.470 ms
[1300.542s] BottomUpHeapsort (ascending) size=2,097,152 -> 158.312 ms
[1300.877s] BottomUpHeapsort (ascending) size=4,194,304 -> 331.732 ms
[1301.577s] BottomUpHeapsort (ascending) size=8,388,608 -> 694.734 ms
[1303.036s] BottomUpHeapsort (ascending) size=16,777,216 -> 1451.385 ms
[1306.086s] BottomUpHeapsort (ascending) size=33,554,432 -> 3038.965 ms
[1312.405s] BottomUpHeapsort (ascending) size=67,108,864 -> 6298.486 ms
[1325.556s] BottomUpHeapsort (ascending) size=134,217,728 -> 13113.475 ms
[1352.808s] BottomUpHeapsort (ascending) size=268,435,456 -> 27178.509 ms
[1352.811s] BottomUpHeapsort (descending) size=1,024 -> 0.048 ms
[1352.814s] BottomUpHeapsort (descending) size=2,048 -> 0.089 ms
[1352.817s] BottomUpHeapsort (descending) size=4,096 -> 0.181 ms
[1352.820s] BottomUpHeapsort (descending) size=8,192 -> 0.385 ms
[1352.823s] BottomUpHeapsort (descending) size=16,384 -> 0.811 ms
[1352.827s] BottomUpHeapsort (descending) size=32,768 -> 1.727 ms
[1352.834s] BottomUpHeapsort (descending) size=65,536 -> 3.674 ms
[1352.845s] BottomUpHeapsort (descending) size=131,072 -> 7.951 ms
[1352.864s] BottomUpHeapsort (descending) size=262,144 -> 16.623 ms
[1352.902s] BottomUpHeapsort (descending) size=524,288 -> 35.229 ms
[1352.980s] BottomUpHeapsort (descending) size=1,048,576 -> 74.502 ms
[1353.140s] BottomUpHeapsort (descending) size=2,097,152 -> 156.937 ms
[1353.477s] BottomUpHeapsort (descending) size=4,194,304 -> 333.196 ms
[1354.180s] BottomUpHeapsort (descending) size=8,388,608 -> 697.311 ms
[1355.660s] BottomUpHeapsort (descending) size=16,777,216 -> 1472.636 ms
[1358.738s] BottomUpHeapsort (descending) size=33,554,432 -> 3066.543 ms
[1365.155s] BottomUpHeapsort (descending) size=67,108,864 -> 6397.354 ms
[1378.573s] BottomUpHeapsort (descending) size=134,217,728 -> 13382.087 ms
[1406.586s] BottomUpHeapsort (descending) size=268,435,456 -> 27940.071 ms
[1406.589s] HeapsortSlowComparisons (random) size=1,024 -> 0.053 ms
[1406.592s] HeapsortSlowComparisons (random) size=2,048 -> 0.099 ms
[1406.595s] HeapsortSlowComparisons (random) size=4,096 -> 0.198 ms
[1406.598s] HeapsortSlowComparisons (random) size=8,192 -> 0.409 ms
[1406.601s] HeapsortSlowComparisons (random) size=16,384 -> 0.875 ms
[1406.606s] HeapsortSlowComparisons (random) size=32,768 -> 1.819 ms
[1406.613s] HeapsortSlowComparisons (random) size=65,536 -> 3.942 ms
[1406.624s] HeapsortSlowComparisons (random) size=131,072 -> 8.255 ms
[1406.645s] HeapsortSlowComparisons (random) size=262,144 -> 17.748 ms
[1406.686s] HeapsortSlowComparisons (random) size=524,288 -> 37.853 ms
[1406.770s] HeapsortSlowComparisons (random) size=1,048,576 -> 81.249 ms
[1406.948s] HeapsortSlowComparisons (random) size=2,097,152 -> 173.336 ms
[1407.336s] HeapsortSlowComparisons (random) size=4,194,304 -> 382.168 ms
[1408.247s] HeapsortSlowComparisons (random) size=8,388,608 -> 901.243 ms
[1408.250s] BottomUpHeapsortSlowComparisons (random) size=1,024 -> 0.051 ms
[1408.253s] BottomUpHeapsortSlowComparisons (random) size=2,048 -> 0.093 ms
[1408.256s] BottomUpHeapsortSlowComparisons (random) size=4,096 -> 0.192 ms
[1408.259s] BottomUpHeapsortSlowComparisons (random) size=8,192 -> 0.410 ms
[1408.262s] BottomUpHeapsortSlowComparisons (random) size=16,384 -> 0.866 ms
[1408.267s] BottomUpHeapsortSlowComparisons (random) size=32,768 -> 1.829 ms
[1408.273s] BottomUpHeapsortSlowComparisons (random) size=65,536 -> 3.949 ms
[1408.285s] BottomUpHeapsortSlowComparisons (random) size=131,072 -> 8.618 ms
[1408.306s] BottomUpHeapsortSlowComparisons (random) size=262,144 -> 18.989 ms
[1408.352s] BottomUpHeapsortSlowComparisons (random) size=524,288 -> 42.431 ms
[1408.452s] BottomUpHeapsortSlowComparisons (random) size=1,048,576 -> 96.644 ms
[1408.677s] BottomUpHeapsortSlowComparisons (random) size=2,097,152 -> 220.759 ms
[1409.198s] BottomUpHeapsortSlowComparisons (random) size=4,194,304 -> 515.278 ms
[1410.570s] BottomUpHeapsortSlowComparisons (random) size=8,388,608 -> 1362.379 ms
--- iteration 7 of 10 ---
[1410.573s] Heapsort (random) size=1,024 -> 0.051 ms
[1410.575s] Heapsort (random) size=2,048 -> 0.112 ms
[1410.578s] Heapsort (random) size=4,096 -> 0.192 ms
[1410.581s] Heapsort (random) size=8,192 -> 0.409 ms
[1410.585s] Heapsort (random) size=16,384 -> 0.859 ms
[1410.589s] Heapsort (random) size=32,768 -> 1.815 ms
[1410.596s] Heapsort (random) size=65,536 -> 3.921 ms
[1410.607s] Heapsort (random) size=131,072 -> 8.225 ms
[1410.628s] Heapsort (random) size=262,144 -> 17.608 ms
[1410.668s] Heapsort (random) size=524,288 -> 37.578 ms
[1410.752s] Heapsort (random) size=1,048,576 -> 80.414 ms
[1410.929s] Heapsort (random) size=2,097,152 -> 172.486 ms
[1411.315s] Heapsort (random) size=4,194,304 -> 380.577 ms
[1412.215s] Heapsort (random) size=8,388,608 -> 890.691 ms
[1414.526s] Heapsort (random) size=16,777,216 -> 2295.385 ms
[1420.214s] Heapsort (random) size=33,554,432 -> 5661.004 ms
[1433.266s] Heapsort (random) size=67,108,864 -> 13000.846 ms
[1433.269s] Heapsort (ascending) size=1,024 -> 0.033 ms
[1433.272s] Heapsort (ascending) size=2,048 -> 0.063 ms
[1433.275s] Heapsort (ascending) size=4,096 -> 0.126 ms
[1433.278s] Heapsort (ascending) size=8,192 -> 0.260 ms
[1433.281s] Heapsort (ascending) size=16,384 -> 0.515 ms
[1433.285s] Heapsort (ascending) size=32,768 -> 1.052 ms
[1433.289s] Heapsort (ascending) size=65,536 -> 2.151 ms
[1433.297s] Heapsort (ascending) size=131,072 -> 4.461 ms
[1433.309s] Heapsort (ascending) size=262,144 -> 9.160 ms
[1433.330s] Heapsort (ascending) size=524,288 -> 18.800 ms
[1433.372s] Heapsort (ascending) size=1,048,576 -> 38.793 ms
[1433.455s] Heapsort (ascending) size=2,097,152 -> 80.258 ms
[1433.625s] Heapsort (ascending) size=4,194,304 -> 165.408 ms
[1433.972s] Heapsort (ascending) size=8,388,608 -> 341.658 ms
[1434.697s] Heapsort (ascending) size=16,777,216 -> 718.086 ms
[1436.160s] Heapsort (ascending) size=33,554,432 -> 1451.689 ms
[1439.140s] Heapsort (ascending) size=67,108,864 -> 2959.148 ms
[1445.241s] Heapsort (ascending) size=134,217,728 -> 6064.766 ms
[1457.624s] Heapsort (ascending) size=268,435,456 -> 12309.831 ms
[1457.628s] Heapsort (descending) size=1,024 -> 0.040 ms
[1457.630s] Heapsort (descending) size=2,048 -> 0.073 ms
[1457.633s] Heapsort (descending) size=4,096 -> 0.151 ms
[1457.636s] Heapsort (descending) size=8,192 -> 0.283 ms
[1457.639s] Heapsort (descending) size=16,384 -> 0.579 ms
[1457.643s] Heapsort (descending) size=32,768 -> 1.152 ms
[1457.648s] Heapsort (descending) size=65,536 -> 2.390 ms
[1457.656s] Heapsort (descending) size=131,072 -> 4.813 ms
[1457.669s] Heapsort (descending) size=262,144 -> 10.058 ms
[1457.692s] Heapsort (descending) size=524,288 -> 20.377 ms
[1457.737s] Heapsort (descending) size=1,048,576 -> 41.810 ms
[1457.826s] Heapsort (descending) size=2,097,152 -> 85.675 ms
[1458.007s] Heapsort (descending) size=4,194,304 -> 176.867 ms
[1458.375s] Heapsort (descending) size=8,388,608 -> 363.138 ms
[1459.132s] Heapsort (descending) size=16,777,216 -> 749.466 ms
[1460.677s] Heapsort (descending) size=33,554,432 -> 1533.581 ms
[1463.849s] Heapsort (descending) size=67,108,864 -> 3153.019 ms
[1470.374s] Heapsort (descending) size=134,217,728 -> 6488.026 ms
[1483.754s] Heapsort (descending) size=268,435,456 -> 13307.878 ms
[1483.757s] BottomUpHeapsort (random) size=1,024 -> 0.044 ms
[1483.760s] BottomUpHeapsort (random) size=2,048 -> 0.097 ms
[1483.763s] BottomUpHeapsort (random) size=4,096 -> 0.198 ms
[1483.766s] BottomUpHeapsort (random) size=8,192 -> 0.406 ms
[1483.770s] BottomUpHeapsort (random) size=16,384 -> 0.862 ms
[1483.774s] BottomUpHeapsort (random) size=32,768 -> 1.845 ms
[1483.781s] BottomUpHeapsort (random) size=65,536 -> 3.956 ms
[1483.792s] BottomUpHeapsort (random) size=131,072 -> 8.626 ms
[1483.814s] BottomUpHeapsort (random) size=262,144 -> 18.965 ms
[1483.860s] BottomUpHeapsort (random) size=524,288 -> 42.413 ms
[1483.959s] BottomUpHeapsort (random) size=1,048,576 -> 95.913 ms
[1484.182s] BottomUpHeapsort (random) size=2,097,152 -> 218.325 ms
[1484.699s] BottomUpHeapsort (random) size=4,194,304 -> 510.893 ms
[1486.052s] BottomUpHeapsort (random) size=8,388,608 -> 1344.732 ms
[1490.079s] BottomUpHeapsort (random) size=16,777,216 -> 4011.351 ms
[1501.778s] BottomUpHeapsort (random) size=33,554,432 -> 11672.666 ms
[1533.327s] BottomUpHeapsort (random) size=67,108,864 -> 31498.187 ms
[1533.330s] BottomUpHeapsort (ascending) size=1,024 -> 0.047 ms
[1533.333s] BottomUpHeapsort (ascending) size=2,048 -> 0.090 ms
[1533.336s] BottomUpHeapsort (ascending) size=4,096 -> 0.184 ms
[1533.339s] BottomUpHeapsort (ascending) size=8,192 -> 0.387 ms
[1533.342s] BottomUpHeapsort (ascending) size=16,384 -> 0.825 ms
[1533.346s] BottomUpHeapsort (ascending) size=32,768 -> 1.774 ms
[1533.353s] BottomUpHeapsort (ascending) size=65,536 -> 3.744 ms
[1533.364s] BottomUpHeapsort (ascending) size=131,072 -> 8.000 ms
[1533.383s] BottomUpHeapsort (ascending) size=262,144 -> 16.894 ms
[1533.422s] BottomUpHeapsort (ascending) size=524,288 -> 35.792 ms
[1533.500s] BottomUpHeapsort (ascending) size=1,048,576 -> 75.168 ms
[1533.661s] BottomUpHeapsort (ascending) size=2,097,152 -> 157.891 ms
[1533.996s] BottomUpHeapsort (ascending) size=4,194,304 -> 331.259 ms
[1534.705s] BottomUpHeapsort (ascending) size=8,388,608 -> 702.979 ms
[1536.164s] BottomUpHeapsort (ascending) size=16,777,216 -> 1451.858 ms
[1539.198s] BottomUpHeapsort (ascending) size=33,554,432 -> 3021.193 ms
[1545.514s] BottomUpHeapsort (ascending) size=67,108,864 -> 6294.640 ms
[1558.635s] BottomUpHeapsort (ascending) size=134,217,728 -> 13084.014 ms
[1585.891s] BottomUpHeapsort (ascending) size=268,435,456 -> 27184.306 ms
[1585.894s] BottomUpHeapsort (descending) size=1,024 -> 0.040 ms
[1585.897s] BottomUpHeapsort (descending) size=2,048 -> 0.091 ms
[1585.900s] BottomUpHeapsort (descending) size=4,096 -> 0.187 ms
[1585.903s] BottomUpHeapsort (descending) size=8,192 -> 0.385 ms
[1585.907s] BottomUpHeapsort (descending) size=16,384 -> 0.807 ms
[1585.911s] BottomUpHeapsort (descending) size=32,768 -> 1.721 ms
[1585.917s] BottomUpHeapsort (descending) size=65,536 -> 3.677 ms
[1585.928s] BottomUpHeapsort (descending) size=131,072 -> 7.839 ms
[1585.947s] BottomUpHeapsort (descending) size=262,144 -> 16.603 ms
[1585.985s] BottomUpHeapsort (descending) size=524,288 -> 35.221 ms
[1586.063s] BottomUpHeapsort (descending) size=1,048,576 -> 74.505 ms
[1586.223s] BottomUpHeapsort (descending) size=2,097,152 -> 157.026 ms
[1586.557s] BottomUpHeapsort (descending) size=4,194,304 -> 329.822 ms
[1587.257s] BottomUpHeapsort (descending) size=8,388,608 -> 695.090 ms
[1588.730s] BottomUpHeapsort (descending) size=16,777,216 -> 1464.921 ms
[1591.798s] BottomUpHeapsort (descending) size=33,554,432 -> 3056.378 ms
[1598.230s] BottomUpHeapsort (descending) size=67,108,864 -> 6412.571 ms
[1611.659s] BottomUpHeapsort (descending) size=134,217,728 -> 13392.154 ms
[1639.670s] BottomUpHeapsort (descending) size=268,435,456 -> 27937.265 ms
[1639.673s] HeapsortSlowComparisons (random) size=1,024 -> 0.050 ms
[1639.676s] HeapsortSlowComparisons (random) size=2,048 -> 0.101 ms
[1639.679s] HeapsortSlowComparisons (random) size=4,096 -> 0.199 ms
[1639.682s] HeapsortSlowComparisons (random) size=8,192 -> 0.416 ms
[1639.685s] HeapsortSlowComparisons (random) size=16,384 -> 0.881 ms
[1639.690s] HeapsortSlowComparisons (random) size=32,768 -> 1.826 ms
[1639.697s] HeapsortSlowComparisons (random) size=65,536 -> 3.926 ms
[1639.708s] HeapsortSlowComparisons (random) size=131,072 -> 8.245 ms
[1639.728s] HeapsortSlowComparisons (random) size=262,144 -> 17.651 ms
[1639.769s] HeapsortSlowComparisons (random) size=524,288 -> 37.790 ms
[1639.854s] HeapsortSlowComparisons (random) size=1,048,576 -> 81.156 ms
[1640.033s] HeapsortSlowComparisons (random) size=2,097,152 -> 174.482 ms
[1640.422s] HeapsortSlowComparisons (random) size=4,194,304 -> 383.303 ms
[1641.334s] HeapsortSlowComparisons (random) size=8,388,608 -> 903.094 ms
[1641.337s] BottomUpHeapsortSlowComparisons (random) size=1,024 -> 0.049 ms
[1641.340s] BottomUpHeapsortSlowComparisons (random) size=2,048 -> 0.096 ms
[1641.343s] BottomUpHeapsortSlowComparisons (random) size=4,096 -> 0.200 ms
[1641.346s] BottomUpHeapsortSlowComparisons (random) size=8,192 -> 0.410 ms
[1641.350s] BottomUpHeapsortSlowComparisons (random) size=16,384 -> 0.871 ms
[1641.354s] BottomUpHeapsortSlowComparisons (random) size=32,768 -> 1.830 ms
[1641.361s] BottomUpHeapsortSlowComparisons (random) size=65,536 -> 3.982 ms
[1641.372s] BottomUpHeapsortSlowComparisons (random) size=131,072 -> 8.610 ms
[1641.394s] BottomUpHeapsortSlowComparisons (random) size=262,144 -> 18.959 ms
[1641.440s] BottomUpHeapsortSlowComparisons (random) size=524,288 -> 42.366 ms
[1641.539s] BottomUpHeapsortSlowComparisons (random) size=1,048,576 -> 96.011 ms
[1641.762s] BottomUpHeapsortSlowComparisons (random) size=2,097,152 -> 218.416 ms
[1642.294s] BottomUpHeapsortSlowComparisons (random) size=4,194,304 -> 526.059 ms
[1643.662s] BottomUpHeapsortSlowComparisons (random) size=8,388,608 -> 1359.688 ms
--- iteration 8 of 10 ---
[1643.665s] Heapsort (random) size=1,024 -> 0.051 ms
[1643.668s] Heapsort (random) size=2,048 -> 0.099 ms
[1643.671s] Heapsort (random) size=4,096 -> 0.198 ms
[1643.674s] Heapsort (random) size=8,192 -> 0.404 ms
[1643.678s] Heapsort (random) size=16,384 -> 0.888 ms
[1643.682s] Heapsort (random) size=32,768 -> 1.799 ms
[1643.689s] Heapsort (random) size=65,536 -> 3.847 ms
[1643.700s] Heapsort (random) size=131,072 -> 8.228 ms
[1643.720s] Heapsort (random) size=262,144 -> 17.592 ms
[1643.761s] Heapsort (random) size=524,288 -> 37.577 ms
[1643.845s] Heapsort (random) size=1,048,576 -> 80.545 ms
[1644.022s] Heapsort (random) size=2,097,152 -> 173.119 ms
[1644.410s] Heapsort (random) size=4,194,304 -> 381.763 ms
[1645.315s] Heapsort (random) size=8,388,608 -> 896.092 ms
[1647.635s] Heapsort (random) size=16,777,216 -> 2304.380 ms
[1653.328s] Heapsort (random) size=33,554,432 -> 5665.898 ms
[1666.432s] Heapsort (random) size=67,108,864 -> 13053.390 ms
[1666.435s] Heapsort (ascending) size=1,024 -> 0.036 ms
[1666.438s] Heapsort (ascending) size=2,048 -> 0.071 ms
[1666.441s] Heapsort (ascending) size=4,096 -> 0.133 ms
[1666.444s] Heapsort (ascending) size=8,192 -> 0.268 ms
[1666.447s] Heapsort (ascending) size=16,384 -> 0.523 ms
[1666.451s] Heapsort (ascending) size=32,768 -> 1.046 ms
[1666.456s] Heapsort (ascending) size=65,536 -> 2.166 ms
[1666.463s] Heapsort (ascending) size=131,072 -> 4.422 ms
[1666.475s] Heapsort (ascending) size=262,144 -> 9.445 ms
[1666.498s] Heapsort (ascending) size=524,288 -> 19.782 ms
[1666.541s] Heapsort (ascending) size=1,048,576 -> 40.263 ms
[1666.625s] Heapsort (ascending) size=2,097,152 -> 80.131 ms
[1666.794s] Heapsort (ascending) size=4,194,304 -> 165.017 ms
[1667.140s] Heapsort (ascending) size=8,388,608 -> 341.049 ms
[1667.846s] Heapsort (ascending) size=16,777,216 -> 698.855 ms
[1669.290s] Heapsort (ascending) size=33,554,432 -> 1431.687 ms
[1672.265s] Heapsort (ascending) size=67,108,864 -> 2954.988 ms
[1678.367s] Heapsort (ascending) size=134,217,728 -> 6064.915 ms
[1690.757s] Heapsort (ascending) size=268,435,456 -> 12318.222 ms
[1690.760s] Heapsort (descending) size=1,024 -> 0.041 ms
[1690.763s] Heapsort (descending) size=2,048 -> 0.071 ms
[1690.765s] Heapsort (descending) size=4,096 -> 0.136 ms
[1690.768s] Heapsort (descending) size=8,192 -> 0.274 ms
[1690.772s] Heapsort (descending) size=16,384 -> 0.570 ms
[1690.775s] Heapsort (descending) size=32,768 -> 1.183 ms
[1690.780s] Heapsort (descending) size=65,536 -> 2.365 ms
[1690.788s] Heapsort (descending) size=131,072 -> 4.829 ms
[1690.801s] Heapsort (descending) size=262,144 -> 9.968 ms
[1690.824s] Heapsort (descending) size=524,288 -> 20.270 ms
[1690.869s] Heapsort (descending) size=1,048,576 -> 41.957 ms
[1690.958s] Heapsort (descending) size=2,097,152 -> 85.770 ms
[1691.140s] Heapsort (descending) size=4,194,304 -> 177.595 ms
[1691.508s] Heapsort (descending) size=8,388,608 -> 363.451 ms
[1692.265s] Heapsort (descending) size=16,777,216 -> 749.960 ms
[1693.815s] Heapsort (descending) size=33,554,432 -> 1538.309 ms
[1697.003s] Heapsort (descending) size=67,108,864 -> 3168.455 ms
[1703.508s] Heapsort (descending) size=134,217,728 -> 6467.547 ms
[1716.867s] Heapsort (descending) size=268,435,456 -> 13287.203 ms
[1716.870s] BottomUpHeapsort (random) size=1,024 -> 0.043 ms
[1716.873s] BottomUpHeapsort (random) size=2,048 -> 0.097 ms
[1716.876s] BottomUpHeapsort (random) size=4,096 -> 0.200 ms
[1716.879s] BottomUpHeapsort (random) size=8,192 -> 0.411 ms
[1716.883s] BottomUpHeapsort (random) size=16,384 -> 0.857 ms
[1716.887s] BottomUpHeapsort (random) size=32,768 -> 1.832 ms
[1716.894s] BottomUpHeapsort (random) size=65,536 -> 3.976 ms
[1716.905s] BottomUpHeapsort (random) size=131,072 -> 8.621 ms
[1716.927s] BottomUpHeapsort (random) size=262,144 -> 18.935 ms
[1716.973s] BottomUpHeapsort (random) size=524,288 -> 42.380 ms
[1717.072s] BottomUpHeapsort (random) size=1,048,576 -> 96.070 ms
[1717.296s] BottomUpHeapsort (random) size=2,097,152 -> 219.536 ms
[1717.813s] BottomUpHeapsort (random) size=4,194,304 -> 511.401 ms
[1719.169s] BottomUpHeapsort (random) size=8,388,608 -> 1346.641 ms
[1723.201s] BottomUpHeapsort (random) size=16,777,216 -> 4017.360 ms
[1734.942s] BottomUpHeapsort (random) size=33,554,432 -> 11713.711 ms
[1766.553s] BottomUpHeapsort (random) size=67,108,864 -> 31559.891 ms
[1766.556s] BottomUpHeapsort (ascending) size=1,024 -> 0.041 ms
[1766.559s] BottomUpHeapsort (ascending) size=2,048 -> 0.092 ms
[1766.561s] BottomUpHeapsort (ascending) size=4,096 -> 0.180 ms
[1766.564s] BottomUpHeapsort (ascending) size=8,192 -> 0.394 ms
[1766.568s] BottomUpHeapsort (ascending) size=16,384 -> 0.831 ms
[1766.572s] BottomUpHeapsort (ascending) size=32,768 -> 1.783 ms
[1766.579s] BottomUpHeapsort (ascending) size=65,536 -> 3.750 ms
[1766.589s] BottomUpHeapsort (ascending) size=131,072 -> 7.936 ms
[1766.609s] BottomUpHeapsort (ascending) size=262,144 -> 16.992 ms
[1766.648s] BottomUpHeapsort (ascending) size=524,288 -> 35.788 ms
[1766.726s] BottomUpHeapsort (ascending) size=1,048,576 -> 75.271 ms
[1766.887s] BottomUpHeapsort (ascending) size=2,097,152 -> 157.710 ms
[1767.223s] BottomUpHeapsort (ascending) size=4,194,304 -> 331.461 ms
[1767.923s] BottomUpHeapsort (ascending) size=8,388,608 -> 694.611 ms
[1769.383s] BottomUpHeapsort (ascending) size=16,777,216 -> 1452.824 ms
[1772.413s] BottomUpHeapsort (ascending) size=33,554,432 -> 3018.051 ms
[1778.725s] BottomUpHeapsort (ascending) size=67,108,864 -> 6292.525 ms
[1791.854s] BottomUpHeapsort (ascending) size=134,217,728 -> 13092.513 ms
[1819.117s] BottomUpHeapsort (ascending) size=268,435,456 -> 27189.142 ms
[1819.120s] BottomUpHeapsort (descending) size=1,024 -> 0.040 ms
[1819.123s] BottomUpHeapsort (descending) size=2,048 -> 0.089 ms
[1819.126s] BottomUpHeapsort (descending) size=4,096 -> 0.182 ms
[1819.129s] BottomUpHeapsort (descending) size=8,192 -> 0.379 ms
[1819.132s] BottomUpHeapsort (descending) size=16,384 -> 0.801 ms
[1819.136s] BottomUpHeapsort (descending) size=32,768 -> 1.725 ms
[1819.143s] BottomUpHeapsort (descending) size=65,536 -> 3.670 ms
[1819.153s] BottomUpHeapsort (descending) size=131,072 -> 7.935 ms
[1819.173s] BottomUpHeapsort (descending) size=262,144 -> 16.638 ms
[1819.211s] BottomUpHeapsort (descending) size=524,288 -> 35.267 ms
[1819.289s] BottomUpHeapsort (descending) size=1,048,576 -> 74.629 ms
[1819.449s] BottomUpHeapsort (descending) size=2,097,152 -> 157.097 ms
[1819.783s] BottomUpHeapsort (descending) size=4,194,304 -> 330.171 ms
[1820.485s] BottomUpHeapsort (descending) size=8,388,608 -> 696.064 ms
[1821.958s] BottomUpHeapsort (descending) size=16,777,216 -> 1466.139 ms
[1825.026s] BottomUpHeapsort (descending) size=33,554,432 -> 3056.094 ms
[1831.463s] BottomUpHeapsort (descending) size=67,108,864 -> 6417.116 ms
[1844.866s] BottomUpHeapsort (descending) size=134,217,728 -> 13367.471 ms
[1872.878s] BottomUpHeapsort (descending) size=268,435,456 -> 27939.982 ms
[1872.881s] HeapsortSlowComparisons (random) size=1,024 -> 0.051 ms
[1872.884s] HeapsortSlowComparisons (random) size=2,048 -> 0.098 ms
[1872.887s] HeapsortSlowComparisons (random) size=4,096 -> 0.197 ms
[1872.890s] HeapsortSlowComparisons (random) size=8,192 -> 0.431 ms
[1872.893s] HeapsortSlowComparisons (random) size=16,384 -> 0.870 ms
[1872.898s] HeapsortSlowComparisons (random) size=32,768 -> 1.875 ms
[1872.905s] HeapsortSlowComparisons (random) size=65,536 -> 3.869 ms
[1872.916s] HeapsortSlowComparisons (random) size=131,072 -> 8.285 ms
[1872.936s] HeapsortSlowComparisons (random) size=262,144 -> 17.782 ms
[1872.977s] HeapsortSlowComparisons (random) size=524,288 -> 37.900 ms
[1873.062s] HeapsortSlowComparisons (random) size=1,048,576 -> 81.178 ms
[1873.240s] HeapsortSlowComparisons (random) size=2,097,152 -> 174.116 ms
[1873.632s] HeapsortSlowComparisons (random) size=4,194,304 -> 385.917 ms
[1874.540s] HeapsortSlowComparisons (random) size=8,388,608 -> 899.017 ms
[1874.544s] BottomUpHeapsortSlowComparisons (random) size=1,024 -> 0.051 ms
[1874.546s] BottomUpHeapsortSlowComparisons (random) size=2,048 -> 0.097 ms
[1874.549s] BottomUpHeapsortSlowComparisons (random) size=4,096 -> 0.196 ms
[1874.552s] BottomUpHeapsortSlowComparisons (random) size=8,192 -> 0.410 ms
[1874.556s] BottomUpHeapsortSlowComparisons (random) size=16,384 -> 0.854 ms
[1874.560s] BottomUpHeapsortSlowComparisons (random) size=32,768 -> 1.861 ms
[1874.567s] BottomUpHeapsortSlowComparisons (random) size=65,536 -> 3.963 ms
[1874.579s] BottomUpHeapsortSlowComparisons (random) size=131,072 -> 8.642 ms
[1874.600s] BottomUpHeapsortSlowComparisons (random) size=262,144 -> 19.029 ms
[1874.646s] BottomUpHeapsortSlowComparisons (random) size=524,288 -> 42.355 ms
[1874.745s] BottomUpHeapsortSlowComparisons (random) size=1,048,576 -> 95.934 ms
[1874.968s] BottomUpHeapsortSlowComparisons (random) size=2,097,152 -> 218.433 ms
[1875.495s] BottomUpHeapsortSlowComparisons (random) size=4,194,304 -> 521.157 ms
[1876.865s] BottomUpHeapsortSlowComparisons (random) size=8,388,608 -> 1361.364 ms
--- iteration 9 of 10 ---
[1876.868s] Heapsort (random) size=1,024 -> 0.051 ms
[1876.871s] Heapsort (random) size=2,048 -> 0.090 ms
[1876.874s] Heapsort (random) size=4,096 -> 0.199 ms
[1876.877s] Heapsort (random) size=8,192 -> 0.404 ms
[1876.880s] Heapsort (random) size=16,384 -> 0.856 ms
[1876.885s] Heapsort (random) size=32,768 -> 1.826 ms
[1876.892s] Heapsort (random) size=65,536 -> 3.933 ms
[1876.903s] Heapsort (random) size=131,072 -> 8.242 ms
[1876.923s] Heapsort (random) size=262,144 -> 17.504 ms
[1876.964s] Heapsort (random) size=524,288 -> 37.557 ms
[1877.048s] Heapsort (random) size=1,048,576 -> 80.594 ms
[1877.224s] Heapsort (random) size=2,097,152 -> 172.289 ms
[1877.614s] Heapsort (random) size=4,194,304 -> 383.827 ms
[1878.517s] Heapsort (random) size=8,388,608 -> 893.597 ms
[1880.842s] Heapsort (random) size=16,777,216 -> 2310.260 ms
[1886.536s] Heapsort (random) size=33,554,432 -> 5667.570 ms
[1899.609s] Heapsort (random) size=67,108,864 -> 13022.254 ms
[1899.612s] Heapsort (ascending) size=1,024 -> 0.040 ms
[1899.615s] Heapsort (ascending) size=2,048 -> 0.072 ms
[1899.618s] Heapsort (ascending) size=4,096 -> 0.138 ms
[1899.621s] Heapsort (ascending) size=8,192 -> 0.259 ms
[1899.624s] Heapsort (ascending) size=16,384 -> 0.524 ms
[1899.628s] Heapsort (ascending) size=32,768 -> 1.072 ms
[1899.633s] Heapsort (ascending) size=65,536 -> 2.148 ms
[1899.640s] Heapsort (ascending) size=131,072 -> 4.404 ms
[1899.652s] Heapsort (ascending) size=262,144 -> 9.188 ms
[1899.673s] Heapsort (ascending) size=524,288 -> 18.852 ms
[1899.715s] Heapsort (ascending) size=1,048,576 -> 39.213 ms
[1899.799s] Heapsort (ascending) size=2,097,152 -> 80.494 ms
[1899.970s] Heapsort (ascending) size=4,194,304 -> 166.624 ms
[1900.319s] Heapsort (ascending) size=8,388,608 -> 344.468 ms
[1901.030s] Heapsort (ascending) size=16,777,216 -> 702.816 ms
[1902.482s] Heapsort (ascending) size=33,554,432 -> 1440.876 ms
[1905.481s] Heapsort (ascending) size=67,108,864 -> 2978.455 ms
[1911.617s] Heapsort (ascending) size=134,217,728 -> 6099.190 ms
[1924.011s] Heapsort (ascending) size=268,435,456 -> 12322.009 ms
[1924.014s] Heapsort (descending) size=1,024 -> 0.034 ms
[1924.017s] Heapsort (descending) size=2,048 -> 0.073 ms
[1924.019s] Heapsort (descending) size=4,096 -> 0.133 ms
[1924.022s] Heapsort (descending) size=8,192 -> 0.281 ms
[1924.026s] Heapsort (descending) size=16,384 -> 0.559 ms
[1924.029s] Heapsort (descending) size=32,768 -> 1.154 ms
[1924.035s] Heapsort (descending) size=65,536 -> 2.353 ms
[1924.042s] Heapsort (descending) size=131,072 -> 4.852 ms
[1924.055s] Heapsort (descending) size=262,144 -> 9.823 ms
[1924.078s] Heapsort (descending) size=524,288 -> 20.565 ms
[1924.123s] Heapsort (descending) size=1,048,576 -> 41.612 ms
[1924.211s] Heapsort (descending) size=2,097,152 -> 85.391 ms
[1924.392s] Heapsort (descending) size=4,194,304 -> 177.027 ms
[1924.762s] Heapsort (descending) size=8,388,608 -> 364.009 ms
[1925.519s] Heapsort (descending) size=16,777,216 -> 750.200 ms
[1927.081s] Heapsort (descending) size=33,554,432 -> 1550.475 ms
[1930.271s] Heapsort (descending) size=67,108,864 -> 3170.152 ms
[1936.755s] Heapsort (descending) size=134,217,728 -> 6447.253 ms
[1950.097s] Heapsort (descending) size=268,435,456 -> 13268.843 ms
[1950.100s] BottomUpHeapsort (random) size=1,024 -> 0.047 ms
[1950.103s] BottomUpHeapsort (random) size=2,048 -> 0.097 ms
[1950.105s] BottomUpHeapsort (random) size=4,096 -> 0.189 ms
[1950.108s] BottomUpHeapsort (random) size=8,192 -> 0.404 ms
[1950.112s] BottomUpHeapsort (random) size=16,384 -> 0.861 ms
[1950.117s] BottomUpHeapsort (random) size=32,768 -> 1.834 ms
[1950.123s] BottomUpHeapsort (random) size=65,536 -> 3.960 ms
[1950.135s] BottomUpHeapsort (random) size=131,072 -> 8.629 ms
[1950.157s] BottomUpHeapsort (random) size=262,144 -> 18.952 ms
[1950.202s] BottomUpHeapsort (random) size=524,288 -> 42.293 ms
[1950.301s] BottomUpHeapsort (random) size=1,048,576 -> 95.771 ms
[1950.526s] BottomUpHeapsort (random) size=2,097,152 -> 220.587 ms
[1951.046s] BottomUpHeapsort (random) size=4,194,304 -> 514.371 ms
[1952.399s] BottomUpHeapsort (random) size=8,388,608 -> 1343.530 ms
[1956.427s] BottomUpHeapsort (random) size=16,777,216 -> 4013.098 ms
[1968.102s] BottomUpHeapsort (random) size=33,554,432 -> 11649.083 ms
[1999.619s] BottomUpHeapsort (random) size=67,108,864 -> 31466.366 ms
[1999.622s] BottomUpHeapsort (ascending) size=1,024 -> 0.047 ms
[1999.625s] BottomUpHeapsort (ascending) size=2,048 -> 0.093 ms
[1999.628s] BottomUpHeapsort (ascending) size=4,096 -> 0.186 ms
[1999.631s] BottomUpHeapsort (ascending) size=8,192 -> 0.388 ms
[1999.635s] BottomUpHeapsort (ascending) size=16,384 -> 0.824 ms
[1999.639s] BottomUpHeapsort (ascending) size=32,768 -> 1.780 ms
[1999.645s] BottomUpHeapsort (ascending) size=65,536 -> 3.735 ms
[1999.656s] BottomUpHeapsort (ascending) size=131,072 -> 7.941 ms
[1999.676s] BottomUpHeapsort (ascending) size=262,144 -> 16.933 ms
[1999.714s] BottomUpHeapsort (ascending) size=524,288 -> 35.882 ms
[1999.793s] BottomUpHeapsort (ascending) size=1,048,576 -> 75.356 ms
[1999.954s] BottomUpHeapsort (ascending) size=2,097,152 -> 158.079 ms
[2000.290s] BottomUpHeapsort (ascending) size=4,194,304 -> 331.563 ms
[2000.989s] BottomUpHeapsort (ascending) size=8,388,608 -> 694.157 ms
[2002.445s] BottomUpHeapsort (ascending) size=16,777,216 -> 1448.825 ms
[2005.480s] BottomUpHeapsort (ascending) size=33,554,432 -> 3022.570 ms
[2011.786s] BottomUpHeapsort (ascending) size=67,108,864 -> 6285.087 ms
[2024.918s] BottomUpHeapsort (ascending) size=134,217,728 -> 13096.104 ms
[2052.150s] BottomUpHeapsort (ascending) size=268,435,456 -> 27159.107 ms
[2052.153s] BottomUpHeapsort (descending) size=1,024 -> 0.046 ms
[2052.156s] BottomUpHeapsort (descending) size=2,048 -> 0.090 ms
[2052.158s] BottomUpHeapsort (descending) size=4,096 -> 0.176 ms
[2052.162s] BottomUpHeapsort (descending) size=8,192 -> 0.377 ms
[2052.165s] BottomUpHeapsort (descending) size=16,384 -> 0.799 ms
[2052.170s] BottomUpHeapsort (descending) size=32,768 -> 1.726 ms
[2052.176s] BottomUpHeapsort (descending) size=65,536 -> 3.768 ms
[2052.186s] BottomUpHeapsort (descending) size=131,072 -> 7.805 ms
[2052.206s] BottomUpHeapsort (descending) size=262,144 -> 16.771 ms
[2052.244s] BottomUpHeapsort (descending) size=524,288 -> 35.233 ms
[2052.322s] BottomUpHeapsort (descending) size=1,048,576 -> 74.758 ms
[2052.482s] BottomUpHeapsort (descending) size=2,097,152 -> 157.034 ms
[2052.817s] BottomUpHeapsort (descending) size=4,194,304 -> 330.176 ms
[2053.518s] BottomUpHeapsort (descending) size=8,388,608 -> 695.692 ms
[2054.990s] BottomUpHeapsort (descending) size=16,777,216 -> 1464.978 ms
[2058.069s] BottomUpHeapsort (descending) size=33,554,432 -> 3067.964 ms
[2064.498s] BottomUpHeapsort (descending) size=67,108,864 -> 6409.415 ms
[2077.906s] BottomUpHeapsort (descending) size=134,217,728 -> 13371.096 ms
[2105.903s] BottomUpHeapsort (descending) size=268,435,456 -> 27925.157 ms
[2105.906s] HeapsortSlowComparisons (random) size=1,024 -> 0.051 ms
[2105.909s] HeapsortSlowComparisons (random) size=2,048 -> 0.106 ms
[2105.912s] HeapsortSlowComparisons (random) size=4,096 -> 0.200 ms
[2105.915s] HeapsortSlowComparisons (random) size=8,192 -> 0.410 ms
[2105.918s] HeapsortSlowComparisons (random) size=16,384 -> 0.869 ms
[2105.923s] HeapsortSlowComparisons (random) size=32,768 -> 1.870 ms
[2105.930s] HeapsortSlowComparisons (random) size=65,536 -> 3.869 ms
[2105.941s] HeapsortSlowComparisons (random) size=131,072 -> 8.247 ms
[2105.961s] HeapsortSlowComparisons (random) size=262,144 -> 17.813 ms
[2106.002s] HeapsortSlowComparisons (random) size=524,288 -> 37.934 ms
[2106.087s] HeapsortSlowComparisons (random) size=1,048,576 -> 80.994 ms
[2106.265s] HeapsortSlowComparisons (random) size=2,097,152 -> 173.897 ms
[2106.656s] HeapsortSlowComparisons (random) size=4,194,304 -> 384.705 ms
[2107.562s] HeapsortSlowComparisons (random) size=8,388,608 -> 896.525 ms
[2107.565s] BottomUpHeapsortSlowComparisons (random) size=1,024 -> 0.050 ms
[2107.567s] BottomUpHeapsortSlowComparisons (random) size=2,048 -> 0.098 ms
[2107.570s] BottomUpHeapsortSlowComparisons (random) size=4,096 -> 0.189 ms
[2107.573s] BottomUpHeapsortSlowComparisons (random) size=8,192 -> 0.402 ms
[2107.577s] BottomUpHeapsortSlowComparisons (random) size=16,384 -> 0.860 ms
[2107.581s] BottomUpHeapsortSlowComparisons (random) size=32,768 -> 1.839 ms
[2107.588s] BottomUpHeapsortSlowComparisons (random) size=65,536 -> 3.954 ms
[2107.600s] BottomUpHeapsortSlowComparisons (random) size=131,072 -> 8.659 ms
[2107.621s] BottomUpHeapsortSlowComparisons (random) size=262,144 -> 18.982 ms
[2107.667s] BottomUpHeapsortSlowComparisons (random) size=524,288 -> 42.388 ms
[2107.767s] BottomUpHeapsortSlowComparisons (random) size=1,048,576 -> 96.511 ms
[2107.992s] BottomUpHeapsortSlowComparisons (random) size=2,097,152 -> 220.597 ms
[2108.512s] BottomUpHeapsortSlowComparisons (random) size=4,194,304 -> 514.835 ms
[2109.878s] BottomUpHeapsortSlowComparisons (random) size=8,388,608 -> 1356.242 ms
--- iteration 10 of 10 ---
[2109.881s] Heapsort (random) size=1,024 -> 0.051 ms
[2109.883s] Heapsort (random) size=2,048 -> 0.099 ms
[2109.886s] Heapsort (random) size=4,096 -> 0.189 ms
[2109.889s] Heapsort (random) size=8,192 -> 0.398 ms
[2109.893s] Heapsort (random) size=16,384 -> 0.849 ms
[2109.897s] Heapsort (random) size=32,768 -> 1.798 ms
[2109.904s] Heapsort (random) size=65,536 -> 3.866 ms
[2109.915s] Heapsort (random) size=131,072 -> 8.143 ms
[2109.935s] Heapsort (random) size=262,144 -> 17.569 ms
[2109.976s] Heapsort (random) size=524,288 -> 37.659 ms
[2110.060s] Heapsort (random) size=1,048,576 -> 80.514 ms
[2110.237s] Heapsort (random) size=2,097,152 -> 172.581 ms
[2110.623s] Heapsort (random) size=4,194,304 -> 379.899 ms
[2111.527s] Heapsort (random) size=8,388,608 -> 894.874 ms
[2113.839s] Heapsort (random) size=16,777,216 -> 2296.818 ms
[2119.662s] Heapsort (random) size=33,554,432 -> 5796.472 ms
[2132.754s] Heapsort (random) size=67,108,864 -> 13040.715 ms
[2132.757s] Heapsort (ascending) size=1,024 -> 0.038 ms
[2132.760s] Heapsort (ascending) size=2,048 -> 0.072 ms
[2132.763s] Heapsort (ascending) size=4,096 -> 0.129 ms
[2132.766s] Heapsort (ascending) size=8,192 -> 0.264 ms
[2132.769s] Heapsort (ascending) size=16,384 -> 0.540 ms
[2132.773s] Heapsort (ascending) size=32,768 -> 1.076 ms
[2132.778s] Heapsort (ascending) size=65,536 -> 2.158 ms
[2132.785s] Heapsort (ascending) size=131,072 -> 4.381 ms
[2132.797s] Heapsort (ascending) size=262,144 -> 9.226 ms
[2132.818s] Heapsort (ascending) size=524,288 -> 19.056 ms
[2132.860s] Heapsort (ascending) size=1,048,576 -> 38.818 ms
[2132.944s] Heapsort (ascending) size=2,097,152 -> 80.073 ms
[2133.115s] Heapsort (ascending) size=4,194,304 -> 166.788 ms
[2133.461s] Heapsort (ascending) size=8,388,608 -> 341.325 ms
[2134.168s] Heapsort (ascending) size=16,777,216 -> 699.178 ms
[2135.611s] Heapsort (ascending) size=33,554,432 -> 1431.371 ms
[2138.589s] Heapsort (ascending) size=67,108,864 -> 2958.930 ms
[2144.679s] Heapsort (ascending) size=134,217,728 -> 6052.949 ms
[2157.133s] Heapsort (ascending) size=268,435,456 -> 12382.210 ms
[2157.136s] Heapsort (descending) size=1,024 -> 0.040 ms
[2157.139s] Heapsort (descending) size=2,048 -> 0.074 ms
[2157.142s] Heapsort (descending) size=4,096 -> 0.143 ms
[2157.144s] Heapsort (descending) size=8,192 -> 0.288 ms
[2157.148s] Heapsort (descending) size=16,384 -> 0.564 ms
[2157.152s] Heapsort (descending) size=32,768 -> 1.162 ms
[2157.157s] Heapsort (descending) size=65,536 -> 2.409 ms
[2157.164s] Heapsort (descending) size=131,072 -> 4.784 ms
[2157.177s] Heapsort (descending) size=262,144 -> 9.903 ms
[2157.200s] Heapsort (descending) size=524,288 -> 20.370 ms
[2157.245s] Heapsort (descending) size=1,048,576 -> 41.929 ms
[2157.334s] Heapsort (descending) size=2,097,152 -> 85.660 ms
[2157.515s] Heapsort (descending) size=4,194,304 -> 177.056 ms
[2157.886s] Heapsort (descending) size=8,388,608 -> 366.429 ms
[2158.647s] Heapsort (descending) size=16,777,216 -> 753.733 ms
[2160.202s] Heapsort (descending) size=33,554,432 -> 1542.905 ms
[2163.386s] Heapsort (descending) size=67,108,864 -> 3164.372 ms
[2169.886s] Heapsort (descending) size=134,217,728 -> 6463.977 ms
[2183.296s] Heapsort (descending) size=268,435,456 -> 13336.830 ms
[2183.299s] BottomUpHeapsort (random) size=1,024 -> 0.049 ms
[2183.302s] BottomUpHeapsort (random) size=2,048 -> 0.096 ms
[2183.305s] BottomUpHeapsort (random) size=4,096 -> 0.220 ms
[2183.308s] BottomUpHeapsort (random) size=8,192 -> 0.408 ms
[2183.312s] BottomUpHeapsort (random) size=16,384 -> 0.858 ms
[2183.316s] BottomUpHeapsort (random) size=32,768 -> 1.846 ms
[2183.323s] BottomUpHeapsort (random) size=65,536 -> 3.946 ms
[2183.334s] BottomUpHeapsort (random) size=131,072 -> 8.679 ms
[2183.356s] BottomUpHeapsort (random) size=262,144 -> 19.018 ms
[2183.402s] BottomUpHeapsort (random) size=524,288 -> 42.415 ms
[2183.501s] BottomUpHeapsort (random) size=1,048,576 -> 96.060 ms
[2183.724s] BottomUpHeapsort (random) size=2,097,152 -> 218.596 ms
[2184.252s] BottomUpHeapsort (random) size=4,194,304 -> 521.705 ms
[2185.611s] BottomUpHeapsort (random) size=8,388,608 -> 1349.821 ms
[2189.690s] BottomUpHeapsort (random) size=16,777,216 -> 4064.421 ms
[2201.371s] BottomUpHeapsort (random) size=33,554,432 -> 11652.514 ms
[2233.116s] BottomUpHeapsort (random) size=67,108,864 -> 31694.744 ms
[2233.119s] BottomUpHeapsort (ascending) size=1,024 -> 0.041 ms
[2233.122s] BottomUpHeapsort (ascending) size=2,048 -> 0.091 ms
[2233.125s] BottomUpHeapsort (ascending) size=4,096 -> 0.186 ms
[2233.128s] BottomUpHeapsort (ascending) size=8,192 -> 0.386 ms
[2233.131s] BottomUpHeapsort (ascending) size=16,384 -> 0.829 ms
[2233.136s] BottomUpHeapsort (ascending) size=32,768 -> 1.769 ms
[2233.142s] BottomUpHeapsort (ascending) size=65,536 -> 3.756 ms
[2233.153s] BottomUpHeapsort (ascending) size=131,072 -> 7.969 ms
[2233.173s] BottomUpHeapsort (ascending) size=262,144 -> 17.132 ms
[2233.211s] BottomUpHeapsort (ascending) size=524,288 -> 35.791 ms
[2233.290s] BottomUpHeapsort (ascending) size=1,048,576 -> 75.443 ms
[2233.451s] BottomUpHeapsort (ascending) size=2,097,152 -> 158.164 ms
[2233.787s] BottomUpHeapsort (ascending) size=4,194,304 -> 331.630 ms
[2234.486s] BottomUpHeapsort (ascending) size=8,388,608 -> 693.655 ms
[2235.943s] BottomUpHeapsort (ascending) size=16,777,216 -> 1449.845 ms
[2238.972s] BottomUpHeapsort (ascending) size=33,554,432 -> 3017.494 ms
[2245.285s] BottomUpHeapsort (ascending) size=67,108,864 -> 6291.976 ms
[2258.431s] BottomUpHeapsort (ascending) size=134,217,728 -> 13108.777 ms
[2285.592s] BottomUpHeapsort (ascending) size=268,435,456 -> 27088.855 ms
[2285.595s] BottomUpHeapsort (descending) size=1,024 -> 0.040 ms
[2285.598s] BottomUpHeapsort (descending) size=2,048 -> 0.082 ms
[2285.601s] BottomUpHeapsort (descending) size=4,096 -> 0.175 ms
[2285.604s] BottomUpHeapsort (descending) size=8,192 -> 0.382 ms
[2285.607s] BottomUpHeapsort (descending) size=16,384 -> 0.805 ms
[2285.611s] BottomUpHeapsort (descending) size=32,768 -> 1.720 ms
[2285.618s] BottomUpHeapsort (descending) size=65,536 -> 3.674 ms
[2285.628s] BottomUpHeapsort (descending) size=131,072 -> 7.795 ms
[2285.647s] BottomUpHeapsort (descending) size=262,144 -> 16.562 ms
[2285.685s] BottomUpHeapsort (descending) size=524,288 -> 35.183 ms
[2285.763s] BottomUpHeapsort (descending) size=1,048,576 -> 74.324 ms
[2285.923s] BottomUpHeapsort (descending) size=2,097,152 -> 156.708 ms
[2286.256s] BottomUpHeapsort (descending) size=4,194,304 -> 329.146 ms
[2286.963s] BottomUpHeapsort (descending) size=8,388,608 -> 702.035 ms
[2288.438s] BottomUpHeapsort (descending) size=16,777,216 -> 1467.512 ms
[2291.504s] BottomUpHeapsort (descending) size=33,554,432 -> 3054.530 ms
[2297.906s] BottomUpHeapsort (descending) size=67,108,864 -> 6381.948 ms
[2311.272s] BottomUpHeapsort (descending) size=134,217,728 -> 13330.498 ms
[2339.192s] BottomUpHeapsort (descending) size=268,435,456 -> 27846.962 ms
[2339.195s] HeapsortSlowComparisons (random) size=1,024 -> 0.046 ms
[2339.198s] HeapsortSlowComparisons (random) size=2,048 -> 0.098 ms
[2339.201s] HeapsortSlowComparisons (random) size=4,096 -> 0.202 ms
[2339.204s] HeapsortSlowComparisons (random) size=8,192 -> 0.408 ms
[2339.208s] HeapsortSlowComparisons (random) size=16,384 -> 0.865 ms
[2339.212s] HeapsortSlowComparisons (random) size=32,768 -> 1.907 ms
[2339.219s] HeapsortSlowComparisons (random) size=65,536 -> 3.884 ms
[2339.230s] HeapsortSlowComparisons (random) size=131,072 -> 8.285 ms
[2339.250s] HeapsortSlowComparisons (random) size=262,144 -> 17.630 ms
[2339.291s] HeapsortSlowComparisons (random) size=524,288 -> 37.758 ms
[2339.375s] HeapsortSlowComparisons (random) size=1,048,576 -> 80.905 ms
[2339.554s] HeapsortSlowComparisons (random) size=2,097,152 -> 173.844 ms
[2339.941s] HeapsortSlowComparisons (random) size=4,194,304 -> 381.790 ms
[2340.861s] HeapsortSlowComparisons (random) size=8,388,608 -> 910.740 ms
[2340.864s] BottomUpHeapsortSlowComparisons (random) size=1,024 -> 0.051 ms
[2340.867s] BottomUpHeapsortSlowComparisons (random) size=2,048 -> 0.089 ms
[2340.870s] BottomUpHeapsortSlowComparisons (random) size=4,096 -> 0.197 ms
[2340.873s] BottomUpHeapsortSlowComparisons (random) size=8,192 -> 0.403 ms
[2340.876s] BottomUpHeapsortSlowComparisons (random) size=16,384 -> 0.858 ms
[2340.881s] BottomUpHeapsortSlowComparisons (random) size=32,768 -> 1.824 ms
[2340.887s] BottomUpHeapsortSlowComparisons (random) size=65,536 -> 3.935 ms
[2340.899s] BottomUpHeapsortSlowComparisons (random) size=131,072 -> 8.621 ms
[2340.920s] BottomUpHeapsortSlowComparisons (random) size=262,144 -> 18.962 ms
[2340.966s] BottomUpHeapsortSlowComparisons (random) size=524,288 -> 42.324 ms
[2341.065s] BottomUpHeapsortSlowComparisons (random) size=1,048,576 -> 95.887 ms
[2341.290s] BottomUpHeapsortSlowComparisons (random) size=2,097,152 -> 220.731 ms
[2341.808s] BottomUpHeapsortSlowComparisons (random) size=4,194,304 -> 512.649 ms
[2343.185s] BottomUpHeapsortSlowComparisons (random) size=8,388,608 -> 1367.519 ms
