[0.003s] CardTable entry size: 512
[0.003s] Using G1
[0.004s] Version: 27+35-2325 (release)
[0.004s] CPUs: 18 total, 18 available
[0.004s] Memory: 65536M
[0.004s] Large Page Support: Disabled
[0.004s] NUMA Support: Disabled
[0.004s] Compressed Oops: Enabled (Non-zero disjoint base)
[0.004s] Heap Region Size: 32M
[0.004s] Heap Min Capacity: 32M
[0.004s] Heap Initial Capacity: 32M
[0.004s] Heap Max Capacity: 16G
[0.004s] Pre-touch: Disabled
[0.004s] Parallel Workers: 14
[0.004s] Concurrent Workers: 4
[0.004s] Concurrent Refinement Workers: 14
[0.004s] Periodic GC: Disabled
[0.005s] CDS archive(s) mapped at: [0x000007fe00000000-0x000007fe00dbc000-0x000007fe00dbc000), size 14401536, SharedBaseAddress: 0x000007fe00000000, ArchiveRelocationMode: 1.
[0.005s] Compressed class space mapped at: 0x000007fe01000000-0x000007fe41000000, reserved size: 1073741824
[0.005s] UseCompactObjectHeaders 1
[0.005s] Narrow klass pointer bits 22, Max shift 10
[0.005s] Narrow klass base: 0x000007fe00000000, Narrow klass shift: 10
[0.005s] Encoding Range: [0x000007fe00000000 - 0x000007ff00000000), (4294967296 bytes)
[0.005s] Klass Range:    [0x000007fe00000000 - 0x000007fe41000000), (1090519040 bytes)
[0.005s] Klass ID Range:  [1 - 1064960) (1064959)
[0.005s] Protection zone: [0x000007fe00000000 - 0x000007fe00004000), (16384 bytes)
[0.225s] GC(0) Pause Young (Normal) (G1 Evacuation Pause)
[0.225s] GC(0) Using 2 workers of 14 for evacuation
[0.228s] GC(0)   Pre Evacuate Collection Set: 0.02ms
[0.228s] GC(0)   Merge Heap Roots: 0.01ms
[0.228s] GC(0)   Evacuate Collection Set: 2.06ms
[0.228s] GC(0)   Post Evacuate Collection Set: 0.32ms
[0.228s] GC(0)   Other: 0.06ms
[0.228s] GC(0) Eden regions: 1->0(1)
[0.228s] GC(0) Survivor regions: 0->1(1)
[0.228s] GC(0) Old regions: 0->0
[0.228s] GC(0) Humongous regions: 0->0
[0.228s] GC(0) Metaspace: 10926K(11136K)->10926K(11136K) NonClass: 8809K(8960K)->8809K(8960K) Class: 2116K(2176K)->2116K(2176K)
[0.228s] GC(0) Pause Young (Normal) (G1 Evacuation Pause) 32M->3M(64M) 2.537ms
[0.228s] GC(0) User=0.00s Sys=0.00s Real=0.00s
[0.232s] GC(1) Pause Full (System.gc())
[0.232s] GC(1) Using 1 workers of 14 for full compaction
[0.232s] GC(1) Phase 1: Mark live objects
[0.235s] GC(1) Phase 1: Mark live objects 2.891ms
[0.235s] GC(1) Phase 2: Prepare compaction
[0.235s] GC(1) Phase 2: Prepare compaction 0.527ms
[0.235s] GC(1) Phase 3: Adjust pointers
[0.237s] GC(1) Phase 3: Adjust pointers 1.675ms
[0.237s] GC(1) Phase 4: Compact heap
[0.238s] GC(1) Phase 4: Compact heap 0.717ms
[0.238s] GC(1) Phase 5: Reset Metadata
[0.238s] GC(1) Phase 5: Reset Metadata 0.065ms
[0.238s] GC(1) Eden regions: 1->0(1)
[0.238s] GC(1) Survivor regions: 1->0(1)
[0.238s] GC(1) Old regions: 0->1
[0.238s] GC(1) Humongous regions: 0->0
[0.238s] GC(1) Metaspace: 11026K(11264K)->11026K(11264K) NonClass: 8893K(9024K)->8893K(9024K) Class: 2133K(2240K)->2133K(2240K)
[0.238s] GC(1) Pause Full (System.gc()) 4M->3M(64M) 6.268ms
[0.238s] GC(1) User=0.01s Sys=0.00s Real=0.00s
[0.243s] GC(2) Pause Full (System.gc())
[0.243s] GC(2) Using 1 workers of 14 for full compaction
[0.243s] GC(2) Phase 1: Mark live objects
[0.245s] GC(2) Phase 1: Mark live objects 2.430ms
[0.245s] GC(2) Phase 2: Prepare compaction
[0.246s] GC(2) Phase 2: Prepare compaction 0.545ms
[0.246s] GC(2) Phase 3: Adjust pointers
[0.247s] GC(2) Phase 3: Adjust pointers 1.539ms
[0.247s] GC(2) Phase 4: Compact heap
[0.248s] GC(2) Phase 4: Compact heap 0.703ms
[0.248s] GC(2) Phase 5: Reset Metadata
[0.248s] GC(2) Phase 5: Reset Metadata 0.038ms
[0.248s] GC(2) Eden regions: 1->0(1)
[0.248s] GC(2) Survivor regions: 0->0(1)
[0.248s] GC(2) Old regions: 1->1
[0.248s] GC(2) Humongous regions: 0->0
[0.248s] GC(2) Metaspace: 11266K(11520K)->11266K(11520K) NonClass: 9077K(9216K)->9077K(9216K) Class: 2189K(2304K)->2189K(2304K)
[0.248s] GC(2) Pause Full (System.gc()) 4M->3M(64M) 5.524ms
[0.248s] GC(2) User=0.01s Sys=0.00s Real=0.00s
[0.249s] GC(3) Pause Full (System.gc())
[0.249s] GC(3) Using 1 workers of 14 for full compaction
[0.249s] GC(3) Phase 1: Mark live objects
[0.251s] GC(3) Phase 1: Mark live objects 2.076ms
[0.251s] GC(3) Phase 2: Prepare compaction
[0.251s] GC(3) Phase 2: Prepare compaction 0.452ms
[0.251s] GC(3) Phase 3: Adjust pointers
[0.253s] GC(3) Phase 3: Adjust pointers 1.421ms
[0.253s] GC(3) Phase 4: Compact heap
[0.253s] GC(3) Phase 4: Compact heap 0.461ms
[0.253s] GC(3) Phase 5: Reset Metadata
[0.253s] GC(3) Phase 5: Reset Metadata 0.037ms
[0.254s] GC(3) Eden regions: 1->0(1)
[0.254s] GC(3) Survivor regions: 0->0(1)
[0.254s] GC(3) Old regions: 1->1
[0.254s] GC(3) Humongous regions: 0->0
[0.254s] GC(3) Metaspace: 11266K(11520K)->11266K(11520K) NonClass: 9077K(9216K)->9077K(9216K) Class: 2189K(2304K)->2189K(2304K)
[0.254s] GC(3) Pause Full (System.gc()) 3M->3M(64M) 4.708ms
[0.254s] GC(3) User=0.00s Sys=0.00s Real=0.01s
[0.254s] GC(4) Pause Full (System.gc())
[0.254s] GC(4) Using 1 workers of 14 for full compaction
[0.254s] GC(4) Phase 1: Mark live objects
[0.256s] GC(4) Phase 1: Mark live objects 2.064ms
[0.256s] GC(4) Phase 2: Prepare compaction
[0.257s] GC(4) Phase 2: Prepare compaction 0.456ms
[0.257s] GC(4) Phase 3: Adjust pointers
[0.258s] GC(4) Phase 3: Adjust pointers 1.496ms
[0.258s] GC(4) Phase 4: Compact heap
[0.259s] GC(4) Phase 4: Compact heap 0.428ms
[0.259s] GC(4) Phase 5: Reset Metadata
[0.259s] GC(4) Phase 5: Reset Metadata 0.035ms
[0.259s] GC(4) Eden regions: 1->0(1)
[0.259s] GC(4) Survivor regions: 0->0(1)
[0.259s] GC(4) Old regions: 1->1
[0.259s] GC(4) Humongous regions: 0->0
[0.259s] GC(4) Metaspace: 11266K(11520K)->11266K(11520K) NonClass: 9077K(9216K)->9077K(9216K) Class: 2189K(2304K)->2189K(2304K)
[0.259s] GC(4) Pause Full (System.gc()) 3M->3M(64M) 4.715ms
[0.259s] GC(4) User=0.00s Sys=0.00s Real=0.01s
[0.260s] GC(5) Pause Full (System.gc())
[0.260s] GC(5) Using 1 workers of 14 for full compaction
[0.260s] GC(5) Phase 1: Mark live objects
[0.262s] GC(5) Phase 1: Mark live objects 2.106ms
[0.262s] GC(5) Phase 2: Prepare compaction
[0.263s] GC(5) Phase 2: Prepare compaction 0.473ms
[0.263s] GC(5) Phase 3: Adjust pointers
[0.264s] GC(5) Phase 3: Adjust pointers 1.433ms
[0.264s] GC(5) Phase 4: Compact heap
[0.265s] GC(5) Phase 4: Compact heap 0.425ms
[0.265s] GC(5) Phase 5: Reset Metadata
[0.265s] GC(5) Phase 5: Reset Metadata 0.035ms
[0.265s] GC(5) Eden regions: 1->0(1)
[0.265s] GC(5) Survivor regions: 0->0(1)
[0.265s] GC(5) Old regions: 1->1
[0.265s] GC(5) Humongous regions: 0->0
[0.265s] GC(5) Metaspace: 11266K(11520K)->11266K(11520K) NonClass: 9077K(9216K)->9077K(9216K) Class: 2189K(2304K)->2189K(2304K)
[0.265s] GC(5) Pause Full (System.gc()) 3M->3M(64M) 4.697ms
[0.265s] GC(5) User=0.01s Sys=0.00s Real=0.00s
[0.267s] GC(6) Pause Full (System.gc())
[0.267s] GC(6) Using 1 workers of 14 for full compaction
[0.267s] GC(6) Phase 1: Mark live objects
[0.269s] GC(6) Phase 1: Mark live objects 1.964ms
[0.269s] GC(6) Phase 2: Prepare compaction
[0.269s] GC(6) Phase 2: Prepare compaction 0.463ms
[0.269s] GC(6) Phase 3: Adjust pointers
[0.271s] GC(6) Phase 3: Adjust pointers 1.545ms
[0.271s] GC(6) Phase 4: Compact heap
[0.271s] GC(6) Phase 4: Compact heap 0.435ms
[0.271s] GC(6) Phase 5: Reset Metadata
[0.271s] GC(6) Phase 5: Reset Metadata 0.044ms
[0.271s] GC(6) Eden regions: 1->0(1)
[0.271s] GC(6) Survivor regions: 0->0(1)
[0.271s] GC(6) Old regions: 1->1
[0.271s] GC(6) Humongous regions: 0->0
[0.271s] GC(6) Metaspace: 11268K(11520K)->11268K(11520K) NonClass: 9078K(9216K)->9078K(9216K) Class: 2189K(2304K)->2189K(2304K)
[0.271s] GC(6) Pause Full (System.gc()) 3M->3M(64M) 4.688ms
[0.271s] GC(6) User=0.00s Sys=0.00s Real=0.01s
[0.273s] GC(7) Pause Full (System.gc())
[0.273s] GC(7) Using 1 workers of 14 for full compaction
[0.273s] GC(7) Phase 1: Mark live objects
[0.275s] GC(7) Phase 1: Mark live objects 2.068ms
[0.275s] GC(7) Phase 2: Prepare compaction
[0.275s] GC(7) Phase 2: Prepare compaction 0.446ms
[0.275s] GC(7) Phase 3: Adjust pointers
[0.277s] GC(7) Phase 3: Adjust pointers 1.381ms
[0.277s] GC(7) Phase 4: Compact heap
[0.277s] GC(7) Phase 4: Compact heap 0.428ms
[0.277s] GC(7) Phase 5: Reset Metadata
[0.277s] GC(7) Phase 5: Reset Metadata 0.050ms
[0.277s] GC(7) Eden regions: 1->0(1)
[0.277s] GC(7) Survivor regions: 0->0(1)
[0.277s] GC(7) Old regions: 1->1
[0.277s] GC(7) Humongous regions: 0->0
[0.277s] GC(7) Metaspace: 11268K(11520K)->11268K(11520K) NonClass: 9078K(9216K)->9078K(9216K) Class: 2189K(2304K)->2189K(2304K)
[0.277s] GC(7) Pause Full (System.gc()) 4M->3M(64M) 4.604ms
[0.277s] GC(7) User=0.00s Sys=0.00s Real=0.00s
[0.279s] GC(8) Pause Full (System.gc())
[0.279s] GC(8) Using 1 workers of 14 for full compaction
[0.279s] GC(8) Phase 1: Mark live objects
[0.281s] GC(8) Phase 1: Mark live objects 2.087ms
[0.281s] GC(8) Phase 2: Prepare compaction
[0.282s] GC(8) Phase 2: Prepare compaction 0.463ms
[0.282s] GC(8) Phase 3: Adjust pointers
[0.283s] GC(8) Phase 3: Adjust pointers 1.489ms
[0.283s] GC(8) Phase 4: Compact heap
[0.284s] GC(8) Phase 4: Compact heap 0.438ms
[0.284s] GC(8) Phase 5: Reset Metadata
[0.284s] GC(8) Phase 5: Reset Metadata 0.045ms
[0.284s] GC(8) Eden regions: 1->0(1)
[0.284s] GC(8) Survivor regions: 0->0(1)
[0.284s] GC(8) Old regions: 1->1
[0.284s] GC(8) Humongous regions: 0->0
[0.284s] GC(8) Metaspace: 11268K(11520K)->11268K(11520K) NonClass: 9078K(9216K)->9078K(9216K) Class: 2189K(2304K)->2189K(2304K)
[0.284s] GC(8) Pause Full (System.gc()) 4M->3M(64M) 4.762ms
[0.284s] GC(8) User=0.01s Sys=0.00s Real=0.00s
[0.286s] GC(9) Pause Full (System.gc())
[0.286s] GC(9) Using 1 workers of 14 for full compaction
[0.286s] GC(9) Phase 1: Mark live objects
[0.288s] GC(9) Phase 1: Mark live objects 2.227ms
[0.288s] GC(9) Phase 2: Prepare compaction
[0.289s] GC(9) Phase 2: Prepare compaction 0.466ms
[0.289s] GC(9) Phase 3: Adjust pointers
[0.290s] GC(9) Phase 3: Adjust pointers 1.420ms
[0.290s] GC(9) Phase 4: Compact heap
[0.291s] GC(9) Phase 4: Compact heap 0.442ms
[0.291s] GC(9) Phase 5: Reset Metadata
[0.291s] GC(9) Phase 5: Reset Metadata 0.038ms
[0.291s] GC(9) Eden regions: 1->0(1)
[0.291s] GC(9) Survivor regions: 0->0(1)
[0.291s] GC(9) Old regions: 1->1
[0.291s] GC(9) Humongous regions: 0->0
[0.291s] GC(9) Metaspace: 11268K(11520K)->11268K(11520K) NonClass: 9078K(9216K)->9078K(9216K) Class: 2189K(2304K)->2189K(2304K)
[0.291s] GC(9) Pause Full (System.gc()) 6M->4M(64M) 4.835ms
[0.291s] GC(9) User=0.01s Sys=0.00s Real=0.01s
[0.293s] GC(10) Pause Full (System.gc())
[0.293s] GC(10) Using 1 workers of 14 for full compaction
[0.294s] GC(10) Phase 1: Mark live objects
[0.296s] GC(10) Phase 1: Mark live objects 2.273ms
[0.296s] GC(10) Phase 2: Prepare compaction
[0.296s] GC(10) Phase 2: Prepare compaction 0.491ms
[0.296s] GC(10) Phase 3: Adjust pointers
[0.298s] GC(10) Phase 3: Adjust pointers 1.450ms
[0.298s] GC(10) Phase 4: Compact heap
[0.298s] GC(10) Phase 4: Compact heap 0.514ms
[0.298s] GC(10) Phase 5: Reset Metadata
[0.298s] GC(10) Phase 5: Reset Metadata 0.042ms
[0.298s] GC(10) Eden regions: 1->0(1)
[0.298s] GC(10) Survivor regions: 0->0(1)
[0.298s] GC(10) Old regions: 1->1
[0.298s] GC(10) Humongous regions: 0->0
[0.298s] GC(10) Metaspace: 11268K(11520K)->11268K(11520K) NonClass: 9079K(9216K)->9079K(9216K) Class: 2189K(2304K)->2189K(2304K)
[0.298s] GC(10) Pause Full (System.gc()) 9M->5M(64M) 5.010ms
[0.298s] GC(10) User=0.00s Sys=0.00s Real=0.00s
[0.303s] GC(11) Pause Full (System.gc())
[0.303s] GC(11) Using 1 workers of 14 for full compaction
[0.303s] GC(11) Phase 1: Mark live objects
[0.306s] GC(11) Phase 1: Mark live objects 2.397ms
[0.306s] GC(11) Phase 2: Prepare compaction
[0.306s] GC(11) Phase 2: Prepare compaction 0.471ms
[0.306s] GC(11) Phase 3: Adjust pointers
[0.307s] GC(11) Phase 3: Adjust pointers 1.389ms
[0.307s] GC(11) Phase 4: Compact heap
[0.308s] GC(11) Phase 4: Compact heap 0.511ms
[0.308s] GC(11) Phase 5: Reset Metadata
[0.308s] GC(11) Phase 5: Reset Metadata 0.035ms
[0.308s] GC(11) Eden regions: 1->0(1)
[0.308s] GC(11) Survivor regions: 0->0(1)
[0.308s] GC(11) Old regions: 1->1
[0.308s] GC(11) Humongous regions: 0->0
[0.308s] GC(11) Metaspace: 11268K(11520K)->11268K(11520K) NonClass: 9079K(9216K)->9079K(9216K) Class: 2189K(2304K)->2189K(2304K)
[0.308s] GC(11) Pause Full (System.gc()) 15M->7M(64M) 5.109ms
[0.308s] GC(11) User=0.00s Sys=0.00s Real=0.00s
[0.318s] GC(12) Pause Full (System.gc())
[0.318s] GC(12) Using 1 workers of 14 for full compaction
[0.318s] GC(12) Phase 1: Mark live objects
[0.320s] GC(12) Phase 1: Mark live objects 2.697ms
[0.320s] GC(12) Phase 2: Prepare compaction
[0.321s] GC(12) Phase 2: Prepare compaction 0.528ms
[0.321s] GC(12) Phase 3: Adjust pointers
[0.322s] GC(12) Phase 3: Adjust pointers 1.584ms
[0.322s] GC(12) Phase 4: Compact heap
[0.323s] GC(12) Phase 4: Compact heap 0.764ms
[0.323s] GC(12) Phase 5: Reset Metadata
[0.323s] GC(12) Phase 5: Reset Metadata 0.039ms
[0.323s] GC(12) Eden regions: 1->0(1)
[0.323s] GC(12) Survivor regions: 0->0(1)
[0.323s] GC(12) Old regions: 1->1
[0.323s] GC(12) Humongous regions: 0->0
[0.323s] GC(12) Metaspace: 11269K(11520K)->11269K(11520K) NonClass: 9079K(9216K)->9079K(9216K) Class: 2189K(2304K)->2189K(2304K)
[0.323s] GC(12) Pause Full (System.gc()) 27M->11M(64M) 5.958ms
[0.323s] GC(12) User=0.01s Sys=0.00s Real=0.01s
[0.338s] GC(13) Pause Young (Concurrent Start) (G1 Humongous Allocation)
[0.338s] GC(13) Using 2 workers of 14 for evacuation
[0.338s] GC(13)   Pre Evacuate Collection Set: 0.05ms
[0.338s] GC(13)   Merge Heap Roots: 0.01ms
[0.338s] GC(13)   Evacuate Collection Set: 0.07ms
[0.338s] GC(13)   Post Evacuate Collection Set: 0.09ms
[0.338s] GC(13)   Other: 0.04ms
[0.338s] GC(13) Eden regions: 1->0(1)
[0.338s] GC(13) Survivor regions: 0->0(1)
[0.338s] GC(13) Old regions: 1->1
[0.338s] GC(13) Humongous regions: 0->0
[0.338s] GC(13) Metaspace: 11269K(11520K)->11269K(11520K) NonClass: 9079K(9216K)->9079K(9216K) Class: 2189K(2304K)->2189K(2304K)
[0.338s] GC(13) Pause Young (Concurrent Start) (G1 Humongous Allocation) 35M->11M(64M) 0.299ms
[0.338s] GC(13) User=0.00s Sys=0.00s Real=0.00s
[0.338s] GC(14) Concurrent Mark Cycle
[0.338s] GC(14) Concurrent Scan Root Regions
[0.338s] GC(14) Concurrent Scan Root Regions 0.006ms
[0.338s] GC(14) Concurrent Mark
[0.338s] GC(14) Concurrent Mark From Roots
[0.338s] GC(14) Concurrent Mark Using 4 of 4 Workers
[0.340s] GC(14) Concurrent Mark From Roots 1.820ms
[0.340s] GC(14) Concurrent Preclean
[0.340s] GC(14) Concurrent Preclean 0.010ms
[0.340s] GC(14) Pause Remark
[0.341s] GC(14) Pause Remark 43M->43M(64M) 0.687ms
[0.341s] GC(14) User=0.00s Sys=0.00s Real=0.00s
[0.341s] GC(14) Concurrent Mark 2.594ms
[0.341s] GC(14) Concurrent Rebuild Remembered Sets and Scrub Regions
[0.342s] GC(14) Concurrent Rebuild Remembered Sets and Scrub Regions 0.914ms
[0.342s] GC(15) Pause Full (System.gc())
[0.342s] GC(15) Using 1 workers of 14 for full compaction
[0.342s] GC(15) Phase 1: Mark live objects
[0.344s] GC(15) Phase 1: Mark live objects 1.951ms
[0.344s] GC(15) Phase 2: Prepare compaction
[0.344s] GC(15) Phase 2: Prepare compaction 0.461ms
[0.344s] GC(15) Phase 3: Adjust pointers
[0.346s] GC(15) Phase 3: Adjust pointers 1.584ms
[0.346s] GC(15) Phase 4: Compact heap
[0.346s] GC(15) Phase 4: Compact heap 0.438ms
[0.346s] GC(15) Phase 5: Reset Metadata
[0.346s] GC(15) Phase 5: Reset Metadata 0.043ms
[0.347s] GC(15) Eden regions: 0->0(1)
[0.347s] GC(15) Survivor regions: 0->0(1)
[0.347s] GC(15) Old regions: 1->1
[0.347s] GC(15) Humongous regions: 1->1
[0.347s] GC(15) Metaspace: 11269K(11520K)->11269K(11520K) NonClass: 9079K(9216K)->9079K(9216K) Class: 2189K(2304K)->2189K(2304K)
[0.347s] GC(15) Pause Full (System.gc()) 43M->35M(64M) 4.743ms
[0.347s] GC(15) User=0.01s Sys=0.00s Real=0.00s
[0.347s] GC(14) Concurrent Mark Abort
[0.347s] GC(14) Concurrent Mark Cycle 8.322ms
[0.348s] GC(16) Pause Young (Normal) (G1 Evacuation Pause)
[0.348s] GC(16) Using 2 workers of 14 for evacuation
[0.348s] GC(16) Humongous region 1 (object size 16777232 @ 0x0000007004000000) remset 0 code roots 0 marked 0 pinned count 0 reclaim candidate 0 type tA
[0.348s] GC(16)   Pre Evacuate Collection Set: 0.02ms
[0.348s] GC(16)   Merge Heap Roots: 0.01ms
[0.348s] GC(16)   Evacuate Collection Set: 0.03ms
[0.348s] GC(16)   Post Evacuate Collection Set: 0.08ms
[0.348s] GC(16)   Other: 0.03ms
[0.348s] GC(16) Eden regions: 0->0(1)
[0.348s] GC(16) Survivor regions: 0->0(1)
[0.348s] GC(16) Old regions: 1->1
[0.348s] GC(16) Humongous regions: 1->1
[0.348s] GC(16) Metaspace: 11269K(11520K)->11269K(11520K) NonClass: 9079K(9216K)->9079K(9216K) Class: 2189K(2304K)->2189K(2304K)
[0.348s] GC(16) Pause Young (Normal) (G1 Evacuation Pause) 35M->35M(64M) 0.219ms
[0.348s] GC(16) User=0.00s Sys=0.00s Real=0.00s
[0.362s] GC(17) Pause Young (Concurrent Start) (G1 Evacuation Pause)
[0.362s] GC(17) Using 2 workers of 14 for evacuation
[0.362s] GC(17) Humongous region 1 (object size 16777232 @ 0x0000007004000000) remset 0 code roots 0 marked 0 pinned count 0 reclaim candidate 0 type tA
[0.363s] GC(17)   Pre Evacuate Collection Set: 0.05ms
[0.364s] GC(17)   Merge Heap Roots: 0.01ms
[0.364s] GC(17)   Evacuate Collection Set: 1.00ms
[0.364s] GC(17)   Post Evacuate Collection Set: 0.09ms
[0.364s] GC(17)   Other: 0.06ms
[0.364s] GC(17) Eden regions: 1->0(1)
[0.364s] GC(17) Survivor regions: 0->1(1)
[0.364s] GC(17) Old regions: 1->1
[0.364s] GC(17) Humongous regions: 1->1
[0.364s] GC(17) Metaspace: 11269K(11520K)->11269K(11520K) NonClass: 9079K(9216K)->9079K(9216K) Class: 2189K(2304K)->2189K(2304K)
[0.364s] GC(17) Pause Young (Concurrent Start) (G1 Evacuation Pause) 67M->51M(128M) 1.298ms
[0.364s] GC(17) User=0.00s Sys=0.00s Real=0.00s
[0.364s] GC(18) Concurrent Mark Cycle
[0.364s] GC(18) Concurrent Scan Root Regions
[0.364s] GC(18) Concurrent Scan Root Regions 0.060ms
[0.364s] GC(18) Concurrent Mark
[0.364s] GC(18) Concurrent Mark From Roots
[0.364s] GC(18) Concurrent Mark Using 4 of 4 Workers
[0.365s] GC(18) Concurrent Mark From Roots 1.689ms
[0.365s] GC(18) Concurrent Preclean
[0.365s] GC(18) Concurrent Preclean 0.010ms
[0.365s] GC(18) Pause Remark
[0.366s] GC(18) Pause Remark 51M->51M(128M) 0.694ms
[0.366s] GC(18) User=0.00s Sys=0.00s Real=0.00s
[0.366s] GC(18) Concurrent Mark 2.486ms
[0.366s] GC(18) Concurrent Rebuild Remembered Sets and Scrub Regions
[0.367s] GC(18) Concurrent Rebuild Remembered Sets and Scrub Regions 0.873ms
[0.367s] GC(18) Pause Cleanup
[0.367s] GC(18) Pause Cleanup 51M->51M(128M) 0.022ms
[0.367s] GC(18) User=0.00s Sys=0.00s Real=0.00s
[0.367s] GC(18) Concurrent Clear Claimed Marks
[0.367s] GC(18) Concurrent Clear Claimed Marks 0.008ms
[0.367s] GC(18) Concurrent Cleanup for Next Mark
[0.367s] GC(18) Concurrent Cleanup for Next Mark 0.084ms
[0.367s] GC(18) Concurrent Mark Cycle 3.642ms
[0.379s] GC(19) Pause Full (System.gc())
[0.379s] GC(19) Using 1 workers of 14 for full compaction
[0.379s] GC(19) Phase 1: Mark live objects
[0.382s] GC(19) Phase 1: Mark live objects 2.511ms
[0.382s] GC(19) Phase 2: Prepare compaction
[0.382s] GC(19) Phase 2: Prepare compaction 0.553ms
[0.382s] GC(19) Phase 3: Adjust pointers
[0.384s] GC(19) Phase 3: Adjust pointers 1.594ms
[0.384s] GC(19) Phase 4: Compact heap
[0.385s] GC(19) Phase 4: Compact heap 0.661ms
[0.385s] GC(19) Phase 5: Reset Metadata
[0.385s] GC(19) Phase 5: Reset Metadata 0.043ms
[0.385s] GC(19) Eden regions: 1->0(1)
[0.385s] GC(19) Survivor regions: 1->0(1)
[0.385s] GC(19) Old regions: 1->1
[0.385s] GC(19) Humongous regions: 1->0
[0.385s] GC(19) Metaspace: 11269K(11520K)->11269K(11520K) NonClass: 9079K(9216K)->9079K(9216K) Class: 2189K(2304K)->2189K(2304K)
[0.385s] GC(19) Pause Full (System.gc()) 67M->3M(128M) 5.672ms
[0.385s] GC(19) User=0.01s Sys=0.00s Real=0.00s
[0.385s] GC(20) Pause Full (System.gc())
[0.385s] GC(20) Using 1 workers of 14 for full compaction
[0.385s] GC(20) Phase 1: Mark live objects
[0.387s] GC(20) Phase 1: Mark live objects 2.116ms
[0.387s] GC(20) Phase 2: Prepare compaction
[0.388s] GC(20) Phase 2: Prepare compaction 0.475ms
[0.388s] GC(20) Phase 3: Adjust pointers
[0.389s] GC(20) Phase 3: Adjust pointers 1.419ms
[0.389s] GC(20) Phase 4: Compact heap
[0.390s] GC(20) Phase 4: Compact heap 0.452ms
[0.390s] GC(20) Phase 5: Reset Metadata
[0.390s] GC(20) Phase 5: Reset Metadata 0.042ms
[0.390s] GC(20) Eden regions: 1->0(1)
[0.390s] GC(20) Survivor regions: 0->0(1)
[0.390s] GC(20) Old regions: 1->1
[0.390s] GC(20) Humongous regions: 0->0
[0.390s] GC(20) Metaspace: 11269K(11520K)->11269K(11520K) NonClass: 9079K(9216K)->9079K(9216K) Class: 2189K(2304K)->2189K(2304K)
[0.390s] GC(20) Pause Full (System.gc()) 4M->3M(128M) 4.742ms
[0.390s] GC(20) User=0.00s Sys=0.01s Real=0.01s
[0.390s] GC(21) Pause Full (System.gc())
[0.390s] GC(21) Using 1 workers of 14 for full compaction
[0.390s] GC(21) Phase 1: Mark live objects
[0.392s] GC(21) Phase 1: Mark live objects 1.978ms
[0.392s] GC(21) Phase 2: Prepare compaction
[0.393s] GC(21) Phase 2: Prepare compaction 0.455ms
[0.393s] GC(21) Phase 3: Adjust pointers
[0.394s] GC(21) Phase 3: Adjust pointers 1.421ms
[0.394s] GC(21) Phase 4: Compact heap
[0.395s] GC(21) Phase 4: Compact heap 0.425ms
[0.395s] GC(21) Phase 5: Reset Metadata
[0.395s] GC(21) Phase 5: Reset Metadata 0.043ms
[0.395s] GC(21) Eden regions: 1->0(1)
[0.395s] GC(21) Survivor regions: 0->0(1)
[0.395s] GC(21) Old regions: 1->1
[0.395s] GC(21) Humongous regions: 0->0
[0.395s] GC(21) Metaspace: 11269K(11520K)->11269K(11520K) NonClass: 9079K(9216K)->9079K(9216K) Class: 2189K(2304K)->2189K(2304K)
[0.395s] GC(21) Pause Full (System.gc()) 3M->3M(128M) 4.562ms
[0.395s] GC(21) User=0.01s Sys=0.00s Real=0.00s
[0.395s] GC(22) Pause Full (System.gc())
[0.395s] GC(22) Using 1 workers of 14 for full compaction
[0.395s] GC(22) Phase 1: Mark live objects
[0.397s] GC(22) Phase 1: Mark live objects 1.988ms
[0.397s] GC(22) Phase 2: Prepare compaction
[0.398s] GC(22) Phase 2: Prepare compaction 0.451ms
[0.398s] GC(22) Phase 3: Adjust pointers
[0.399s] GC(22) Phase 3: Adjust pointers 1.456ms
[0.399s] GC(22) Phase 4: Compact heap
[0.400s] GC(22) Phase 4: Compact heap 0.437ms
[0.400s] GC(22) Phase 5: Reset Metadata
[0.400s] GC(22) Phase 5: Reset Metadata 0.041ms
[0.400s] GC(22) Eden regions: 1->0(1)
[0.400s] GC(22) Survivor regions: 0->0(1)
[0.400s] GC(22) Old regions: 1->1
[0.400s] GC(22) Humongous regions: 0->0
[0.400s] GC(22) Metaspace: 11270K(11520K)->11270K(11520K) NonClass: 9080K(9216K)->9080K(9216K) Class: 2189K(2304K)->2189K(2304K)
[0.400s] GC(22) Pause Full (System.gc()) 3M->3M(128M) 4.604ms
[0.400s] GC(22) User=0.00s Sys=0.00s Real=0.01s
[0.400s] GC(23) Pause Full (System.gc())
[0.400s] GC(23) Using 1 workers of 14 for full compaction
[0.400s] GC(23) Phase 1: Mark live objects
[0.402s] GC(23) Phase 1: Mark live objects 1.928ms
[0.402s] GC(23) Phase 2: Prepare compaction
[0.403s] GC(23) Phase 2: Prepare compaction 0.450ms
[0.403s] GC(23) Phase 3: Adjust pointers
[0.404s] GC(23) Phase 3: Adjust pointers 1.522ms
[0.404s] GC(23) Phase 4: Compact heap
[0.405s] GC(23) Phase 4: Compact heap 0.425ms
[0.405s] GC(23) Phase 5: Reset Metadata
[0.405s] GC(23) Phase 5: Reset Metadata 0.038ms
[0.405s] GC(23) Eden regions: 1->0(1)
[0.405s] GC(23) Survivor regions: 0->0(1)
[0.405s] GC(23) Old regions: 1->1
[0.405s] GC(23) Humongous regions: 0->0
[0.405s] GC(23) Metaspace: 11271K(11520K)->11271K(11520K) NonClass: 9082K(9216K)->9082K(9216K) Class: 2189K(2304K)->2189K(2304K)
[0.405s] GC(23) Pause Full (System.gc()) 3M->3M(128M) 4.612ms
[0.405s] GC(23) User=0.01s Sys=0.00s Real=0.00s
[0.405s] GC(24) Pause Full (System.gc())
[0.405s] GC(24) Using 1 workers of 14 for full compaction
[0.405s] GC(24) Phase 1: Mark live objects
[0.407s] GC(24) Phase 1: Mark live objects 1.949ms
[0.407s] GC(24) Phase 2: Prepare compaction
[0.408s] GC(24) Phase 2: Prepare compaction 0.483ms
[0.408s] GC(24) Phase 3: Adjust pointers
[0.409s] GC(24) Phase 3: Adjust pointers 1.400ms
[0.409s] GC(24) Phase 4: Compact heap
[0.409s] GC(24) Phase 4: Compact heap 0.425ms
[0.409s] GC(24) Phase 5: Reset Metadata
[0.410s] GC(24) Phase 5: Reset Metadata 0.038ms
[0.410s] GC(24) Eden regions: 1->0(1)
[0.410s] GC(24) Survivor regions: 0->0(1)
[0.410s] GC(24) Old regions: 1->1
[0.410s] GC(24) Humongous regions: 0->0
[0.410s] GC(24) Metaspace: 11271K(11520K)->11271K(11520K) NonClass: 9082K(9216K)->9082K(9216K) Class: 2189K(2304K)->2189K(2304K)
[0.410s] GC(24) Pause Full (System.gc()) 3M->3M(128M) 4.504ms
[0.410s] GC(24) User=0.00s Sys=0.00s Real=0.01s
[0.410s] GC(25) Pause Full (System.gc())
[0.410s] GC(25) Using 1 workers of 14 for full compaction
[0.410s] GC(25) Phase 1: Mark live objects
[0.412s] GC(25) Phase 1: Mark live objects 2.075ms
[0.412s] GC(25) Phase 2: Prepare compaction
[0.413s] GC(25) Phase 2: Prepare compaction 0.471ms
[0.413s] GC(25) Phase 3: Adjust pointers
[0.414s] GC(25) Phase 3: Adjust pointers 1.434ms
[0.414s] GC(25) Phase 4: Compact heap
[0.415s] GC(25) Phase 4: Compact heap 0.482ms
[0.415s] GC(25) Phase 5: Reset Metadata
[0.415s] GC(25) Phase 5: Reset Metadata 0.057ms
[0.415s] GC(25) Eden regions: 1->0(1)
[0.415s] GC(25) Survivor regions: 0->0(1)
[0.415s] GC(25) Old regions: 1->1
[0.415s] GC(25) Humongous regions: 0->0
[0.415s] GC(25) Metaspace: 11275K(11520K)->11275K(11520K) NonClass: 9085K(9216K)->9085K(9216K) Class: 2189K(2304K)->2189K(2304K)
[0.415s] GC(25) Pause Full (System.gc()) 4M->3M(128M) 4.743ms
[0.415s] GC(25) User=0.01s Sys=0.00s Real=0.00s
[0.416s] GC(26) Pause Full (System.gc())
[0.416s] GC(26) Using 1 workers of 14 for full compaction
[0.416s] GC(26) Phase 1: Mark live objects
[0.418s] GC(26) Phase 1: Mark live objects 1.946ms
[0.418s] GC(26) Phase 2: Prepare compaction
[0.418s] GC(26) Phase 2: Prepare compaction 0.459ms
[0.418s] GC(26) Phase 3: Adjust pointers
[0.420s] GC(26) Phase 3: Adjust pointers 1.390ms
[0.420s] GC(26) Phase 4: Compact heap
[0.420s] GC(26) Phase 4: Compact heap 0.482ms
[0.420s] GC(26) Phase 5: Reset Metadata
[0.420s] GC(26) Phase 5: Reset Metadata 0.051ms
[0.420s] GC(26) Eden regions: 1->0(1)
[0.420s] GC(26) Survivor regions: 0->0(1)
[0.420s] GC(26) Old regions: 1->1
[0.420s] GC(26) Humongous regions: 0->0
[0.420s] GC(26) Metaspace: 11277K(11520K)->11277K(11520K) NonClass: 9087K(9216K)->9087K(9216K) Class: 2189K(2304K)->2189K(2304K)
[0.420s] GC(26) Pause Full (System.gc()) 4M->3M(128M) 4.586ms
[0.420s] GC(26) User=0.00s Sys=0.00s Real=0.01s
[0.422s] GC(27) Pause Full (System.gc())
[0.422s] GC(27) Using 1 workers of 14 for full compaction
[0.422s] GC(27) Phase 1: Mark live objects
[0.424s] GC(27) Phase 1: Mark live objects 1.927ms
[0.424s] GC(27) Phase 2: Prepare compaction
[0.424s] GC(27) Phase 2: Prepare compaction 0.461ms
[0.424s] GC(27) Phase 3: Adjust pointers
[0.426s] GC(27) Phase 3: Adjust pointers 1.504ms
[0.426s] GC(27) Phase 4: Compact heap
[0.426s] GC(27) Phase 4: Compact heap 0.438ms
[0.426s] GC(27) Phase 5: Reset Metadata
[0.426s] GC(27) Phase 5: Reset Metadata 0.042ms
[0.426s] GC(27) Eden regions: 1->0(1)
[0.426s] GC(27) Survivor regions: 0->0(1)
[0.426s] GC(27) Old regions: 1->1
[0.426s] GC(27) Humongous regions: 0->0
[0.426s] GC(27) Metaspace: 11279K(11520K)->11279K(11520K) NonClass: 9089K(9216K)->9089K(9216K) Class: 2189K(2304K)->2189K(2304K)
[0.426s] GC(27) Pause Full (System.gc()) 6M->4M(128M) 4.602ms
[0.426s] GC(27) User=0.00s Sys=0.00s Real=0.00s
[0.429s] GC(28) Pause Full (System.gc())
[0.429s] GC(28) Using 1 workers of 14 for full compaction
[0.429s] GC(28) Phase 1: Mark live objects
[0.431s] GC(28) Phase 1: Mark live objects 2.027ms
[0.431s] GC(28) Phase 2: Prepare compaction
[0.431s] GC(28) Phase 2: Prepare compaction 0.473ms
[0.431s] GC(28) Phase 3: Adjust pointers
[0.433s] GC(28) Phase 3: Adjust pointers 1.441ms
[0.433s] GC(28) Phase 4: Compact heap
[0.433s] GC(28) Phase 4: Compact heap 0.487ms
[0.433s] GC(28) Phase 5: Reset Metadata
[0.433s] GC(28) Phase 5: Reset Metadata 0.042ms
[0.433s] GC(28) Eden regions: 1->0(1)
[0.433s] GC(28) Survivor regions: 0->0(1)
[0.433s] GC(28) Old regions: 1->1
[0.433s] GC(28) Humongous regions: 0->0
[0.433s] GC(28) Metaspace: 11281K(11520K)->11281K(11520K) NonClass: 9092K(9216K)->9092K(9216K) Class: 2189K(2304K)->2189K(2304K)
[0.433s] GC(28) Pause Full (System.gc()) 9M->5M(128M) 4.720ms
[0.433s] GC(28) User=0.01s Sys=0.00s Real=0.01s
[0.438s] GC(29) Pause Full (System.gc())
[0.438s] GC(29) Using 1 workers of 14 for full compaction
[0.438s] GC(29) Phase 1: Mark live objects
[0.440s] GC(29) Phase 1: Mark live objects 2.096ms
[0.440s] GC(29) Phase 2: Prepare compaction
[0.440s] GC(29) Phase 2: Prepare compaction 0.466ms
[0.440s] GC(29) Phase 3: Adjust pointers
[0.442s] GC(29) Phase 3: Adjust pointers 1.494ms
[0.442s] GC(29) Phase 4: Compact heap
[0.442s] GC(29) Phase 4: Compact heap 0.488ms
[0.442s] GC(29) Phase 5: Reset Metadata
[0.442s] GC(29) Phase 5: Reset Metadata 0.037ms
[0.443s] GC(29) Eden regions: 1->0(1)
[0.443s] GC(29) Survivor regions: 0->0(1)
[0.443s] GC(29) Old regions: 1->1
[0.443s] GC(29) Humongous regions: 0->0
[0.443s] GC(29) Metaspace: 11282K(11520K)->11282K(11520K) NonClass: 9092K(9216K)->9092K(9216K) Class: 2189K(2304K)->2189K(2304K)
[0.443s] GC(29) Pause Full (System.gc()) 15M->7M(128M) 4.858ms
[0.443s] GC(29) User=0.01s Sys=0.00s Real=0.01s
[0.452s] GC(30) Pause Full (System.gc())
[0.452s] GC(30) Using 1 workers of 14 for full compaction
[0.452s] GC(30) Phase 1: Mark live objects
[0.454s] GC(30) Phase 1: Mark live objects 2.582ms
[0.454s] GC(30) Phase 2: Prepare compaction
[0.455s] GC(30) Phase 2: Prepare compaction 0.494ms
[0.455s] GC(30) Phase 3: Adjust pointers
[0.456s] GC(30) Phase 3: Adjust pointers 1.497ms
[0.456s] GC(30) Phase 4: Compact heap
[0.457s] GC(30) Phase 4: Compact heap 0.680ms
[0.457s] GC(30) Phase 5: Reset Metadata
[0.457s] GC(30) Phase 5: Reset Metadata 0.043ms
[0.457s] GC(30) Eden regions: 1->0(1)
[0.457s] GC(30) Survivor regions: 0->0(1)
[0.457s] GC(30) Old regions: 1->1
[0.457s] GC(30) Humongous regions: 0->0
[0.457s] GC(30) Metaspace: 11282K(11520K)->11282K(11520K) NonClass: 9092K(9216K)->9092K(9216K) Class: 2189K(2304K)->2189K(2304K)
[0.457s] GC(30) Pause Full (System.gc()) 27M->11M(128M) 5.681ms
[0.457s] GC(30) User=0.01s Sys=0.00s Real=0.00s
[0.471s] GC(31) Pause Young (Concurrent Start) (G1 Humongous Allocation)
[0.471s] GC(31) Using 3 workers of 14 for evacuation
[0.472s] GC(31)   Pre Evacuate Collection Set: 0.04ms
[0.472s] GC(31)   Merge Heap Roots: 0.01ms
[0.472s] GC(31)   Evacuate Collection Set: 0.07ms
[0.472s] GC(31)   Post Evacuate Collection Set: 0.08ms
[0.472s] GC(31)   Other: 0.05ms
[0.472s] GC(31) Eden regions: 1->0(1)
[0.472s] GC(31) Survivor regions: 0->0(1)
[0.472s] GC(31) Old regions: 1->1
[0.472s] GC(31) Humongous regions: 0->0
[0.472s] GC(31) Metaspace: 11282K(11520K)->11282K(11520K) NonClass: 9092K(9216K)->9092K(9216K) Class: 2189K(2304K)->2189K(2304K)
[0.472s] GC(31) Pause Young (Concurrent Start) (G1 Humongous Allocation) 35M->11M(128M) 0.303ms
[0.472s] GC(31) User=0.00s Sys=0.00s Real=0.00s
[0.472s] GC(32) Concurrent Mark Cycle
[0.472s] GC(32) Concurrent Scan Root Regions
[0.472s] GC(32) Concurrent Scan Root Regions 0.009ms
[0.472s] GC(32) Concurrent Mark
[0.472s] GC(32) Concurrent Mark From Roots
[0.472s] GC(32) Concurrent Mark Using 4 of 4 Workers
[0.474s] GC(32) Concurrent Mark From Roots 1.749ms
[0.474s] GC(32) Concurrent Preclean
[0.474s] GC(32) Concurrent Preclean 0.010ms
[0.474s] GC(32) Pause Remark
[0.474s] GC(32) Pause Remark 43M->43M(128M) 0.513ms
[0.474s] GC(32) User=0.00s Sys=0.00s Real=0.00s
[0.474s] GC(32) Concurrent Mark 2.350ms
[0.474s] GC(32) Concurrent Rebuild Remembered Sets and Scrub Regions
[0.475s] GC(32) Concurrent Rebuild Remembered Sets and Scrub Regions 0.856ms
[0.475s] GC(32) Pause Cleanup
[0.475s] GC(32) Pause Cleanup 43M->43M(128M) 0.021ms
[0.475s] GC(32) User=0.00s Sys=0.00s Real=0.00s
[0.475s] GC(32) Concurrent Clear Claimed Marks
[0.475s] GC(32) Concurrent Clear Claimed Marks 0.008ms
[0.475s] GC(32) Concurrent Cleanup for Next Mark
[0.475s] GC(32) Concurrent Cleanup for Next Mark 0.043ms
[0.475s] GC(32) Concurrent Mark Cycle 3.362ms
[0.475s] GC(33) Pause Full (System.gc())
[0.475s] GC(33) Using 1 workers of 14 for full compaction
[0.475s] GC(33) Phase 1: Mark live objects
[0.477s] GC(33) Phase 1: Mark live objects 1.927ms
[0.477s] GC(33) Phase 2: Prepare compaction
[0.478s] GC(33) Phase 2: Prepare compaction 0.458ms
[0.478s] GC(33) Phase 3: Adjust pointers
[0.479s] GC(33) Phase 3: Adjust pointers 1.575ms
[0.479s] GC(33) Phase 4: Compact heap
[0.480s] GC(33) Phase 4: Compact heap 0.427ms
[0.480s] GC(33) Phase 5: Reset Metadata
[0.480s] GC(33) Phase 5: Reset Metadata 0.038ms
[0.480s] GC(33) Eden regions: 0->0(1)
[0.480s] GC(33) Survivor regions: 0->0(1)
[0.480s] GC(33) Old regions: 1->1
[0.480s] GC(33) Humongous regions: 1->1
[0.480s] GC(33) Metaspace: 11282K(11520K)->11282K(11520K) NonClass: 9092K(9216K)->9092K(9216K) Class: 2189K(2304K)->2189K(2304K)
[0.480s] GC(33) Pause Full (System.gc()) 43M->35M(128M) 4.682ms
[0.480s] GC(33) User=0.01s Sys=0.00s Real=0.01s
[0.494s] GC(34) Pause Young (Concurrent Start) (G1 Evacuation Pause)
[0.494s] GC(34) Using 3 workers of 14 for evacuation
[0.494s] GC(34) Humongous region 1 (object size 16777232 @ 0x0000007004000000) remset 0 code roots 0 marked 0 pinned count 0 reclaim candidate 0 type tA
[0.494s] GC(34)   Pre Evacuate Collection Set: 0.04ms
[0.494s] GC(34)   Merge Heap Roots: 0.01ms
[0.494s] GC(34)   Evacuate Collection Set: 0.43ms
[0.494s] GC(34)   Post Evacuate Collection Set: 0.07ms
[0.494s] GC(34)   Other: 0.06ms
[0.494s] GC(34) Eden regions: 1->0(1)
[0.494s] GC(34) Survivor regions: 0->1(1)
[0.494s] GC(34) Old regions: 1->1
[0.494s] GC(34) Humongous regions: 1->1
[0.494s] GC(34) Metaspace: 11282K(11520K)->11282K(11520K) NonClass: 9092K(9216K)->9092K(9216K) Class: 2189K(2304K)->2189K(2304K)
[0.494s] GC(34) Pause Young (Concurrent Start) (G1 Evacuation Pause) 67M->51M(128M) 0.681ms
[0.494s] GC(34) User=0.00s Sys=0.00s Real=0.00s
[0.494s] GC(35) Concurrent Mark Cycle
[0.494s] GC(35) Concurrent Scan Root Regions
[0.495s] GC(35) Concurrent Scan Root Regions 0.060ms
[0.495s] GC(35) Concurrent Mark
[0.495s] GC(35) Concurrent Mark From Roots
[0.495s] GC(35) Concurrent Mark Using 4 of 4 Workers
[0.496s] GC(35) Concurrent Mark From Roots 1.740ms
[0.496s] GC(35) Concurrent Preclean
[0.496s] GC(35) Concurrent Preclean 0.011ms
[0.496s] GC(35) Pause Remark
[0.497s] GC(35) Pause Remark 51M->51M(128M) 0.541ms
[0.497s] GC(35) User=0.00s Sys=0.00s Real=0.00s
[0.497s] GC(35) Concurrent Mark 2.379ms
[0.497s] GC(35) Concurrent Rebuild Remembered Sets and Scrub Regions
[0.498s] GC(35) Concurrent Rebuild Remembered Sets and Scrub Regions 0.880ms
[0.498s] GC(35) Pause Cleanup
[0.498s] GC(35) Pause Cleanup 51M->51M(128M) 0.022ms
[0.498s] GC(35) User=0.00s Sys=0.00s Real=0.00s
[0.498s] GC(35) Concurrent Clear Claimed Marks
[0.498s] GC(35) Concurrent Clear Claimed Marks 0.009ms
[0.498s] GC(35) Concurrent Cleanup for Next Mark
[0.498s] GC(35) Concurrent Cleanup for Next Mark 0.041ms
[0.498s] GC(35) Concurrent Mark Cycle 3.467ms
[0.509s] GC(36) Pause Full (System.gc())
[0.509s] GC(36) Using 1 workers of 14 for full compaction
[0.509s] GC(36) Phase 1: Mark live objects
[0.512s] GC(36) Phase 1: Mark live objects 2.557ms
[0.512s] GC(36) Phase 2: Prepare compaction
[0.513s] GC(36) Phase 2: Prepare compaction 0.507ms
[0.513s] GC(36) Phase 3: Adjust pointers
[0.514s] GC(36) Phase 3: Adjust pointers 1.425ms
[0.514s] GC(36) Phase 4: Compact heap
[0.514s] GC(36) Phase 4: Compact heap 0.439ms
[0.514s] GC(36) Phase 5: Reset Metadata
[0.514s] GC(36) Phase 5: Reset Metadata 0.042ms
[0.515s] GC(36) Eden regions: 1->0(1)
[0.515s] GC(36) Survivor regions: 1->0(1)
[0.515s] GC(36) Old regions: 1->1
[0.515s] GC(36) Humongous regions: 1->0
[0.515s] GC(36) Metaspace: 11282K(11520K)->11282K(11520K) NonClass: 9092K(9216K)->9092K(9216K) Class: 2189K(2304K)->2189K(2304K)
[0.515s] GC(36) Pause Full (System.gc()) 67M->3M(128M) 5.259ms
[0.515s] GC(36) User=0.01s Sys=0.00s Real=0.00s
[0.515s] GC(37) Pause Full (System.gc())
[0.515s] GC(37) Using 1 workers of 14 for full compaction
[0.515s] GC(37) Phase 1: Mark live objects
[0.517s] GC(37) Phase 1: Mark live objects 2.035ms
[0.517s] GC(37) Phase 2: Prepare compaction
[0.518s] GC(37) Phase 2: Prepare compaction 0.455ms
[0.518s] GC(37) Phase 3: Adjust pointers
[0.519s] GC(37) Phase 3: Adjust pointers 1.389ms
[0.519s] GC(37) Phase 4: Compact heap
[0.519s] GC(37) Phase 4: Compact heap 0.427ms
[0.519s] GC(37) Phase 5: Reset Metadata
[0.519s] GC(37) Phase 5: Reset Metadata 0.039ms
[0.520s] GC(37) Eden regions: 1->0(1)
[0.520s] GC(37) Survivor regions: 0->0(1)
[0.520s] GC(37) Old regions: 1->1
[0.520s] GC(37) Humongous regions: 0->0
[0.520s] GC(37) Metaspace: 11283K(11520K)->11283K(11520K) NonClass: 9093K(9216K)->9093K(9216K) Class: 2189K(2304K)->2189K(2304K)
[0.520s] GC(37) Pause Full (System.gc()) 4M->3M(128M) 4.559ms
[0.520s] GC(37) User=0.00s Sys=0.01s Real=0.01s
[0.520s] GC(38) Pause Full (System.gc())
[0.520s] GC(38) Using 1 workers of 14 for full compaction
[0.520s] GC(38) Phase 1: Mark live objects
[0.522s] GC(38) Phase 1: Mark live objects 2.054ms
[0.522s] GC(38) Phase 2: Prepare compaction
[0.522s] GC(38) Phase 2: Prepare compaction 0.448ms
[0.522s] GC(38) Phase 3: Adjust pointers
[0.524s] GC(38) Phase 3: Adjust pointers 1.374ms
[0.524s] GC(38) Phase 4: Compact heap
[0.524s] GC(38) Phase 4: Compact heap 0.439ms
[0.524s] GC(38) Phase 5: Reset Metadata
[0.524s] GC(38) Phase 5: Reset Metadata 0.037ms
[0.524s] GC(38) Eden regions: 1->0(1)
[0.524s] GC(38) Survivor regions: 0->0(1)
[0.524s] GC(38) Old regions: 1->1
[0.524s] GC(38) Humongous regions: 0->0
[0.524s] GC(38) Metaspace: 11283K(11520K)->11283K(11520K) NonClass: 9093K(9216K)->9093K(9216K) Class: 2189K(2304K)->2189K(2304K)
[0.524s] GC(38) Pause Full (System.gc()) 3M->3M(128M) 4.560ms
[0.524s] GC(38) User=0.01s Sys=0.00s Real=0.00s
[0.525s] GC(39) Pause Full (System.gc())
[0.525s] GC(39) Using 1 workers of 14 for full compaction
[0.525s] GC(39) Phase 1: Mark live objects
[0.527s] GC(39) Phase 1: Mark live objects 1.973ms
[0.527s] GC(39) Phase 2: Prepare compaction
[0.527s] GC(39) Phase 2: Prepare compaction 0.455ms
[0.527s] GC(39) Phase 3: Adjust pointers
[0.529s] GC(39) Phase 3: Adjust pointers 1.588ms
[0.529s] GC(39) Phase 4: Compact heap
[0.529s] GC(39) Phase 4: Compact heap 0.424ms
[0.529s] GC(39) Phase 5: Reset Metadata
[0.529s] GC(39) Phase 5: Reset Metadata 0.039ms
[0.529s] GC(39) Eden regions: 1->0(1)
[0.529s] GC(39) Survivor regions: 0->0(1)
[0.529s] GC(39) Old regions: 1->1
[0.529s] GC(39) Humongous regions: 0->0
[0.529s] GC(39) Metaspace: 11288K(11520K)->11288K(11520K) NonClass: 9099K(9216K)->9099K(9216K) Class: 2189K(2304K)->2189K(2304K)
[0.530s] GC(39) Pause Full (System.gc()) 3M->3M(128M) 4.722ms
[0.530s] GC(39) User=0.00s Sys=0.00s Real=0.01s
[0.530s] GC(40) Pause Full (System.gc())
[0.530s] GC(40) Using 1 workers of 14 for full compaction
[0.530s] GC(40) Phase 1: Mark live objects
[0.532s] GC(40) Phase 1: Mark live objects 2.271ms
[0.532s] GC(40) Phase 2: Prepare compaction
[0.533s] GC(40) Phase 2: Prepare compaction 0.523ms
[0.533s] GC(40) Phase 3: Adjust pointers
[0.534s] GC(40) Phase 3: Adjust pointers 1.553ms
[0.534s] GC(40) Phase 4: Compact heap
[0.535s] GC(40) Phase 4: Compact heap 0.429ms
[0.535s] GC(40) Phase 5: Reset Metadata
[0.535s] GC(40) Phase 5: Reset Metadata 0.037ms
[0.535s] GC(40) Eden regions: 1->0(1)
[0.535s] GC(40) Survivor regions: 0->0(1)
[0.535s] GC(40) Old regions: 1->1
[0.535s] GC(40) Humongous regions: 0->0
[0.535s] GC(40) Metaspace: 11296K(11520K)->11296K(11520K) NonClass: 9107K(9216K)->9107K(9216K) Class: 2189K(2304K)->2189K(2304K)
[0.535s] GC(40) Pause Full (System.gc()) 3M->3M(128M) 5.107ms
[0.535s] GC(40) User=0.01s Sys=0.00s Real=0.00s
[0.535s] GC(41) Pause Full (System.gc())
[0.535s] GC(41) Using 1 workers of 14 for full compaction
[0.535s] GC(41) Phase 1: Mark live objects
[0.538s] GC(41) Phase 1: Mark live objects 2.206ms
[0.538s] GC(41) Phase 2: Prepare compaction
[0.538s] GC(41) Phase 2: Prepare compaction 0.463ms
[0.538s] GC(41) Phase 3: Adjust pointers
[0.540s] GC(41) Phase 3: Adjust pointers 1.489ms
[0.540s] GC(41) Phase 4: Compact heap
[0.540s] GC(41) Phase 4: Compact heap 0.417ms
[0.540s] GC(41) Phase 5: Reset Metadata
[0.540s] GC(41) Phase 5: Reset Metadata 0.041ms
[0.540s] GC(41) Eden regions: 1->0(1)
[0.540s] GC(41) Survivor regions: 0->0(1)
[0.540s] GC(41) Old regions: 1->1
[0.540s] GC(41) Humongous regions: 0->0
[0.540s] GC(41) Metaspace: 11302K(11520K)->11302K(11520K) NonClass: 9113K(9216K)->9113K(9216K) Class: 2189K(2304K)->2189K(2304K)
[0.540s] GC(41) Pause Full (System.gc()) 3M->3M(128M) 4.866ms
[0.540s] GC(41) User=0.01s Sys=0.00s Real=0.01s
[0.541s] GC(42) Pause Full (System.gc())
[0.541s] GC(42) Using 1 workers of 14 for full compaction
[0.541s] GC(42) Phase 1: Mark live objects
[0.543s] GC(42) Phase 1: Mark live objects 2.015ms
[0.543s] GC(42) Phase 2: Prepare compaction
[0.543s] GC(42) Phase 2: Prepare compaction 0.485ms
[0.543s] GC(42) Phase 3: Adjust pointers
[0.545s] GC(42) Phase 3: Adjust pointers 1.499ms
[0.545s] GC(42) Phase 4: Compact heap
[0.545s] GC(42) Phase 4: Compact heap 0.664ms
[0.545s] GC(42) Phase 5: Reset Metadata
[0.545s] GC(42) Phase 5: Reset Metadata 0.046ms
[0.546s] GC(42) Eden regions: 1->0(1)
[0.546s] GC(42) Survivor regions: 0->0(1)
[0.546s] GC(42) Old regions: 1->1
[0.546s] GC(42) Humongous regions: 0->0
[0.546s] GC(42) Metaspace: 11304K(11520K)->11304K(11520K) NonClass: 9114K(9216K)->9114K(9216K) Class: 2189K(2304K)->2189K(2304K)
[0.546s] GC(42) Pause Full (System.gc()) 4M->3M(128M) 5.056ms
[0.546s] GC(42) User=0.00s Sys=0.00s Real=0.00s
[0.546s] GC(43) Pause Full (System.gc())
[0.546s] GC(43) Using 1 workers of 14 for full compaction
[0.546s] GC(43) Phase 1: Mark live objects
[0.549s] GC(43) Phase 1: Mark live objects 2.217ms
[0.549s] GC(43) Phase 2: Prepare compaction
[0.549s] GC(43) Phase 2: Prepare compaction 0.467ms
[0.549s] GC(43) Phase 3: Adjust pointers
[0.551s] GC(43) Phase 3: Adjust pointers 1.516ms
[0.551s] GC(43) Phase 4: Compact heap
[0.551s] GC(43) Phase 4: Compact heap 0.451ms
[0.551s] GC(43) Phase 5: Reset Metadata
[0.551s] GC(43) Phase 5: Reset Metadata 0.038ms
[0.551s] GC(43) Eden regions: 1->0(1)
[0.551s] GC(43) Survivor regions: 0->0(1)
[0.551s] GC(43) Old regions: 1->1
[0.551s] GC(43) Humongous regions: 0->0
[0.551s] GC(43) Metaspace: 11304K(11520K)->11304K(11520K) NonClass: 9114K(9216K)->9114K(9216K) Class: 2189K(2304K)->2189K(2304K)
[0.551s] GC(43) Pause Full (System.gc()) 4M->3M(128M) 4.939ms
[0.551s] GC(43) User=0.01s Sys=0.00s Real=0.01s
[0.553s] GC(44) Pause Full (System.gc())
[0.553s] GC(44) Using 1 workers of 14 for full compaction
[0.553s] GC(44) Phase 1: Mark live objects
[0.555s] GC(44) Phase 1: Mark live objects 2.131ms
[0.555s] GC(44) Phase 2: Prepare compaction
[0.555s] GC(44) Phase 2: Prepare compaction 0.463ms
[0.555s] GC(44) Phase 3: Adjust pointers
[0.557s] GC(44) Phase 3: Adjust pointers 1.411ms
[0.557s] GC(44) Phase 4: Compact heap
[0.557s] GC(44) Phase 4: Compact heap 0.471ms
[0.557s] GC(44) Phase 5: Reset Metadata
[0.557s] GC(44) Phase 5: Reset Metadata 0.038ms
[0.557s] GC(44) Eden regions: 1->0(1)
[0.557s] GC(44) Survivor regions: 0->0(1)
[0.557s] GC(44) Old regions: 1->1
[0.557s] GC(44) Humongous regions: 0->0
[0.557s] GC(44) Metaspace: 11315K(11520K)->11315K(11520K) NonClass: 9125K(9216K)->9125K(9216K) Class: 2189K(2304K)->2189K(2304K)
[0.557s] GC(44) Pause Full (System.gc()) 6M->4M(128M) 4.751ms
[0.557s] GC(44) User=0.00s Sys=0.00s Real=0.00s
[0.560s] GC(45) Pause Full (System.gc())
[0.560s] GC(45) Using 1 workers of 14 for full compaction
[0.560s] GC(45) Phase 1: Mark live objects
[0.562s] GC(45) Phase 1: Mark live objects 2.060ms
[0.562s] GC(45) Phase 2: Prepare compaction
[0.562s] GC(45) Phase 2: Prepare compaction 0.495ms
[0.562s] GC(45) Phase 3: Adjust pointers
[0.564s] GC(45) Phase 3: Adjust pointers 1.459ms
[0.564s] GC(45) Phase 4: Compact heap
[0.564s] GC(45) Phase 4: Compact heap 0.453ms
[0.564s] GC(45) Phase 5: Reset Metadata
[0.564s] GC(45) Phase 5: Reset Metadata 0.041ms
[0.564s] GC(45) Eden regions: 1->0(1)
[0.565s] GC(45) Survivor regions: 0->0(1)
[0.565s] GC(45) Old regions: 1->1
[0.565s] GC(45) Humongous regions: 0->0
[0.565s] GC(45) Metaspace: 11315K(11520K)->11315K(11520K) NonClass: 9126K(9216K)->9126K(9216K) Class: 2189K(2304K)->2189K(2304K)
[0.565s] GC(45) Pause Full (System.gc()) 9M->5M(128M) 4.764ms
[0.565s] GC(45) User=0.00s Sys=0.00s Real=0.00s
[0.569s] GC(46) Pause Full (System.gc())
[0.569s] GC(46) Using 1 workers of 14 for full compaction
[0.569s] GC(46) Phase 1: Mark live objects
[0.571s] GC(46) Phase 1: Mark live objects 2.221ms
[0.571s] GC(46) Phase 2: Prepare compaction
[0.572s] GC(46) Phase 2: Prepare compaction 0.473ms
[0.572s] GC(46) Phase 3: Adjust pointers
[0.573s] GC(46) Phase 3: Adjust pointers 1.392ms
[0.573s] GC(46) Phase 4: Compact heap
[0.573s] GC(46) Phase 4: Compact heap 0.491ms
[0.573s] GC(46) Phase 5: Reset Metadata
[0.573s] GC(46) Phase 5: Reset Metadata 0.038ms
[0.574s] GC(46) Eden regions: 1->0(1)
[0.574s] GC(46) Survivor regions: 0->0(1)
[0.574s] GC(46) Old regions: 1->1
[0.574s] GC(46) Humongous regions: 0->0
[0.574s] GC(46) Metaspace: 11317K(11520K)->11317K(11520K) NonClass: 9127K(9216K)->9127K(9216K) Class: 2189K(2304K)->2189K(2304K)
[0.574s] GC(46) Pause Full (System.gc()) 15M->7M(128M) 4.895ms
[0.574s] GC(46) User=0.01s Sys=0.00s Real=0.01s
[0.582s] GC(47) Pause Full (System.gc())
[0.582s] GC(47) Using 1 workers of 14 for full compaction
[0.582s] GC(47) Phase 1: Mark live objects
[0.585s] GC(47) Phase 1: Mark live objects 2.351ms
[0.585s] GC(47) Phase 2: Prepare compaction
[0.585s] GC(47) Phase 2: Prepare compaction 0.493ms
[0.585s] GC(47) Phase 3: Adjust pointers
[0.587s] GC(47) Phase 3: Adjust pointers 1.471ms
[0.587s] GC(47) Phase 4: Compact heap
[0.587s] GC(47) Phase 4: Compact heap 0.615ms
[0.587s] GC(47) Phase 5: Reset Metadata
[0.587s] GC(47) Phase 5: Reset Metadata 0.046ms
[0.587s] GC(47) Eden regions: 1->0(1)
[0.587s] GC(47) Survivor regions: 0->0(1)
[0.588s] GC(47) Old regions: 1->1
[0.588s] GC(47) Humongous regions: 0->0
[0.588s] GC(47) Metaspace: 11317K(11520K)->11317K(11520K) NonClass: 9127K(9216K)->9127K(9216K) Class: 2189K(2304K)->2189K(2304K)
[0.588s] GC(47) Pause Full (System.gc()) 27M->11M(128M) 5.288ms
[0.588s] GC(47) User=0.00s Sys=0.00s Real=0.00s
[0.601s] GC(48) Pause Young (Concurrent Start) (G1 Humongous Allocation)
[0.601s] GC(48) Using 3 workers of 14 for evacuation
[0.602s] GC(48)   Pre Evacuate Collection Set: 0.03ms
[0.602s] GC(48)   Merge Heap Roots: 0.01ms
[0.602s] GC(48)   Evacuate Collection Set: 0.06ms
[0.602s] GC(48)   Post Evacuate Collection Set: 0.09ms
[0.602s] GC(48)   Other: 0.05ms
[0.602s] GC(48) Eden regions: 1->0(1)
[0.602s] GC(48) Survivor regions: 0->0(1)
[0.602s] GC(48) Old regions: 1->1
[0.602s] GC(48) Humongous regions: 0->0
[0.602s] GC(48) Metaspace: 11317K(11520K)->11317K(11520K) NonClass: 9128K(9216K)->9128K(9216K) Class: 2189K(2304K)->2189K(2304K)
[0.602s] GC(48) Pause Young (Concurrent Start) (G1 Humongous Allocation) 35M->11M(128M) 0.290ms
[0.602s] GC(48) User=0.00s Sys=0.00s Real=0.00s
[0.602s] GC(49) Concurrent Mark Cycle
[0.602s] GC(49) Concurrent Scan Root Regions
[0.602s] GC(49) Concurrent Scan Root Regions 0.012ms
[0.602s] GC(49) Concurrent Mark
[0.602s] GC(49) Concurrent Mark From Roots
[0.602s] GC(49) Concurrent Mark Using 4 of 4 Workers
[0.603s] GC(49) Concurrent Mark From Roots 1.694ms
[0.603s] GC(49) Concurrent Preclean
[0.603s] GC(49) Concurrent Preclean 0.010ms
[0.603s] GC(49) Pause Remark
[0.604s] GC(49) Pause Remark 43M->43M(128M) 0.532ms
[0.604s] GC(49) User=0.00s Sys=0.00s Real=0.00s
[0.604s] GC(49) Concurrent Mark 2.308ms
[0.604s] GC(49) Concurrent Rebuild Remembered Sets and Scrub Regions
[0.605s] GC(49) Concurrent Rebuild Remembered Sets and Scrub Regions 0.889ms
[0.605s] GC(49) Pause Cleanup
[0.605s] GC(49) Pause Cleanup 43M->43M(128M) 0.021ms
[0.605s] GC(49) User=0.00s Sys=0.00s Real=0.00s
[0.605s] GC(49) Concurrent Clear Claimed Marks
[0.605s] GC(49) Concurrent Clear Claimed Marks 0.009ms
[0.605s] GC(49) Concurrent Cleanup for Next Mark
[0.605s] GC(49) Concurrent Cleanup for Next Mark 0.042ms
[0.605s] GC(50) Pause Full (System.gc())
[0.605s] GC(49) Concurrent Mark Cycle 3.353ms
[0.605s] GC(50) Using 1 workers of 14 for full compaction
[0.605s] GC(50) Phase 1: Mark live objects
[0.607s] GC(50) Phase 1: Mark live objects 1.958ms
[0.607s] GC(50) Phase 2: Prepare compaction
[0.607s] GC(50) Phase 2: Prepare compaction 0.456ms
[0.607s] GC(50) Phase 3: Adjust pointers
[0.609s] GC(50) Phase 3: Adjust pointers 1.543ms
[0.609s] GC(50) Phase 4: Compact heap
[0.609s] GC(50) Phase 4: Compact heap 0.447ms
[0.609s] GC(50) Phase 5: Reset Metadata
[0.610s] GC(50) Phase 5: Reset Metadata 0.037ms
[0.610s] GC(50) Eden regions: 0->0(1)
[0.610s] GC(50) Survivor regions: 0->0(1)
[0.610s] GC(50) Old regions: 1->1
[0.610s] GC(50) Humongous regions: 1->1
[0.610s] GC(50) Metaspace: 11318K(11520K)->11318K(11520K) NonClass: 9128K(9216K)->9128K(9216K) Class: 2189K(2304K)->2189K(2304K)
[0.610s] GC(50) Pause Full (System.gc()) 43M->35M(128M) 4.680ms
[0.610s] GC(50) User=0.00s Sys=0.00s Real=0.01s
[0.623s] GC(51) Pause Young (Concurrent Start) (G1 Evacuation Pause)
[0.623s] GC(51) Using 3 workers of 14 for evacuation
[0.623s] GC(51) Humongous region 1 (object size 16777232 @ 0x0000007004000000) remset 0 code roots 0 marked 0 pinned count 0 reclaim candidate 0 type tA
[0.624s] GC(51)   Pre Evacuate Collection Set: 0.06ms
[0.624s] GC(51)   Merge Heap Roots: 0.01ms
[0.624s] GC(51)   Evacuate Collection Set: 0.26ms
[0.624s] GC(51)   Post Evacuate Collection Set: 0.08ms
[0.624s] GC(51)   Other: 0.05ms
[0.624s] GC(51) Eden regions: 1->0(1)
[0.624s] GC(51) Survivor regions: 0->1(1)
[0.624s] GC(51) Old regions: 1->1
[0.624s] GC(51) Humongous regions: 1->1
[0.624s] GC(51) Metaspace: 11318K(11520K)->11318K(11520K) NonClass: 9128K(9216K)->9128K(9216K) Class: 2189K(2304K)->2189K(2304K)
[0.624s] GC(51) Pause Young (Concurrent Start) (G1 Evacuation Pause) 67M->51M(128M) 0.529ms
[0.624s] GC(51) User=0.00s Sys=0.00s Real=0.00s
[0.624s] GC(52) Concurrent Mark Cycle
[0.624s] GC(52) Concurrent Scan Root Regions
[0.624s] GC(52) Concurrent Scan Root Regions 0.056ms
[0.624s] GC(52) Concurrent Mark
[0.624s] GC(52) Concurrent Mark From Roots
[0.624s] GC(52) Concurrent Mark Using 4 of 4 Workers
[0.626s] GC(52) Concurrent Mark From Roots 1.650ms
[0.626s] GC(52) Concurrent Preclean
[0.626s] GC(52) Concurrent Preclean 0.010ms
[0.626s] GC(52) Pause Remark
[0.626s] GC(52) Pause Remark 51M->51M(128M) 0.547ms
[0.626s] GC(52) User=0.00s Sys=0.00s Real=0.00s
[0.626s] GC(52) Concurrent Mark 2.292ms
[0.626s] GC(52) Concurrent Rebuild Remembered Sets and Scrub Regions
[0.627s] GC(52) Concurrent Rebuild Remembered Sets and Scrub Regions 0.850ms
[0.627s] GC(52) Pause Cleanup
[0.627s] GC(52) Pause Cleanup 51M->51M(128M) 0.030ms
[0.627s] GC(52) User=0.00s Sys=0.00s Real=0.00s
[0.627s] GC(52) Concurrent Clear Claimed Marks
[0.627s] GC(52) Concurrent Clear Claimed Marks 0.010ms
[0.627s] GC(52) Concurrent Cleanup for Next Mark
[0.627s] GC(52) Concurrent Cleanup for Next Mark 0.047ms
[0.627s] GC(52) Concurrent Mark Cycle 3.378ms
[0.646s] GC(53) Pause Full (System.gc())
[0.646s] GC(53) Using 1 workers of 14 for full compaction
[0.646s] GC(53) Phase 1: Mark live objects
[0.648s] GC(53) Phase 1: Mark live objects 2.477ms
[0.648s] GC(53) Phase 2: Prepare compaction
[0.649s] GC(53) Phase 2: Prepare compaction 0.529ms
[0.649s] GC(53) Phase 3: Adjust pointers
[0.650s] GC(53) Phase 3: Adjust pointers 1.505ms
[0.650s] GC(53) Phase 4: Compact heap
[0.651s] GC(53) Phase 4: Compact heap 0.436ms
[0.651s] GC(53) Phase 5: Reset Metadata
[0.651s] GC(53) Phase 5: Reset Metadata 0.041ms
[0.651s] GC(53) Eden regions: 1->0(1)
[0.651s] GC(53) Survivor regions: 1->0(1)
[0.651s] GC(53) Old regions: 1->1
[0.651s] GC(53) Humongous regions: 3->2
[0.651s] GC(53) Metaspace: 11318K(11520K)->11318K(11520K) NonClass: 9129K(9216K)->9129K(9216K) Class: 2189K(2304K)->2189K(2304K)
[0.651s] GC(53) Pause Full (System.gc()) 131M->67M(192M) 5.452ms
[0.651s] GC(53) User=0.01s Sys=0.00s Real=0.01s
[0.661s] GC(54) Pause Young (Concurrent Start) (G1 Evacuation Pause)
[0.661s] GC(54) Using 4 workers of 14 for evacuation
[0.661s] GC(54) Humongous region 4 (object size 33554448 @ 0x000000700a000000) remset 0 code roots 0 marked 0 pinned count 0 reclaim candidate 0 type tA
[0.662s] GC(54)   Pre Evacuate Collection Set: 0.04ms
[0.662s] GC(54)   Merge Heap Roots: 0.01ms
[0.662s] GC(54)   Evacuate Collection Set: 0.74ms
[0.662s] GC(54)   Post Evacuate Collection Set: 0.11ms
[0.662s] GC(54)   Other: 0.05ms
[0.662s] GC(54) Eden regions: 1->0(1)
[0.662s] GC(54) Survivor regions: 0->1(1)
[0.662s] GC(54) Old regions: 1->1
[0.662s] GC(54) Humongous regions: 2->2
[0.662s] GC(54) Metaspace: 11318K(11520K)->11318K(11520K) NonClass: 9129K(9216K)->9129K(9216K) Class: 2189K(2304K)->2189K(2304K)
[0.662s] GC(54) Pause Young (Concurrent Start) (G1 Evacuation Pause) 99M->99M(192M) 1.008ms
[0.662s] GC(54) User=0.01s Sys=0.00s Real=0.00s
[0.662s] GC(55) Concurrent Mark Cycle
[0.662s] GC(55) Concurrent Scan Root Regions
[0.662s] GC(55) Concurrent Scan Root Regions 0.062ms
[0.662s] GC(55) Concurrent Mark
[0.662s] GC(55) Concurrent Mark From Roots
[0.662s] GC(55) Concurrent Mark Using 4 of 4 Workers
[0.664s] GC(55) Concurrent Mark From Roots 1.577ms
[0.664s] GC(55) Concurrent Preclean
[0.664s] GC(55) Concurrent Preclean 0.018ms
[0.664s] GC(55) Pause Remark
[0.664s] GC(55) Pause Remark 99M->99M(192M) 0.443ms
[0.664s] GC(55) User=0.00s Sys=0.00s Real=0.00s
[0.664s] GC(55) Concurrent Mark 2.131ms
[0.664s] GC(55) Concurrent Rebuild Remembered Sets and Scrub Regions
[0.665s] GC(55) Concurrent Rebuild Remembered Sets and Scrub Regions 0.874ms
[0.665s] GC(55) Pause Cleanup
[0.665s] GC(55) Pause Cleanup 99M->99M(192M) 0.024ms
[0.665s] GC(55) User=0.00s Sys=0.00s Real=0.00s
[0.665s] GC(55) Concurrent Clear Claimed Marks
[0.665s] GC(55) Concurrent Clear Claimed Marks 0.008ms
[0.665s] GC(55) Concurrent Cleanup for Next Mark
[0.665s] GC(55) Concurrent Cleanup for Next Mark 0.046ms
[0.665s] GC(55) Concurrent Mark Cycle 3.226ms
[0.680s] GC(56) Pause Young (Prepare Mixed) (G1 Evacuation Pause)
[0.680s] GC(56) Using 4 workers of 14 for evacuation
[0.680s] GC(56) Humongous region 4 (object size 33554448 @ 0x000000700a000000) remset 0 code roots 0 marked 0 pinned count 0 reclaim candidate 1 type tA
[0.681s] GC(56)   Pre Evacuate Collection Set: 0.03ms
[0.681s] GC(56)   Merge Heap Roots: 0.01ms
[0.681s] GC(56)   Evacuate Collection Set: 0.83ms
[0.681s] GC(56)   Post Evacuate Collection Set: 0.09ms
[0.681s] GC(56)   Other: 0.05ms
[0.681s] GC(56) Eden regions: 1->0(1)
[0.681s] GC(56) Survivor regions: 1->1(1)
[0.681s] GC(56) Old regions: 1->1
[0.681s] GC(56) Humongous regions: 2->2
[0.681s] GC(56) Metaspace: 11318K(11520K)->11318K(11520K) NonClass: 9129K(9216K)->9129K(9216K) Class: 2189K(2304K)->2189K(2304K)
[0.681s] GC(56) Pause Young (Prepare Mixed) (G1 Evacuation Pause) 131M->99M(192M) 1.078ms
[0.681s] GC(56) User=0.00s Sys=0.00s Real=0.00s
[0.699s] GC(57) Pause Young (Mixed) (G1 Evacuation Pause)
[0.699s] GC(57) Using 4 workers of 14 for evacuation
[0.699s] GC(57) Humongous region 4 (object size 33554448 @ 0x000000700a000000) remset 0 code roots 0 marked 0 pinned count 0 reclaim candidate 1 type tA
[0.700s] GC(57)   Pre Evacuate Collection Set: 0.02ms
[0.700s] GC(57)   Merge Heap Roots: 0.01ms
[0.700s] GC(57)   Evacuate Collection Set: 1.22ms
[0.700s] GC(57)   Post Evacuate Collection Set: 0.20ms
[0.700s] GC(57)   Other: 0.05ms
[0.700s] GC(57) Eden regions: 1->0(1)
[0.700s] GC(57) Survivor regions: 1->1(1)
[0.700s] GC(57) Old regions: 1->1
[0.700s] GC(57) Humongous regions: 2->2
[0.700s] GC(57) Metaspace: 11318K(11520K)->11318K(11520K) NonClass: 9129K(9216K)->9129K(9216K) Class: 2189K(2304K)->2189K(2304K)
[0.700s] GC(57) Pause Young (Mixed) (G1 Evacuation Pause) 131M->99M(224M) 1.580ms
[0.700s] GC(57) User=0.00s Sys=0.00s Real=0.01s
[0.711s] GC(58) Pause Young (Concurrent Start) (G1 Humongous Allocation)
[0.711s] GC(58) Using 5 workers of 14 for evacuation
[0.711s] GC(58) Humongous region 4 (object size 33554448 @ 0x000000700a000000) remset 0 code roots 0 marked 0 pinned count 0 reclaim candidate 1 type tA
[0.711s] GC(58) Reclaimed humongous region 4 (object size 33554448 @ 0x000000700a000000)
[0.711s] GC(58)   Pre Evacuate Collection Set: 0.04ms
[0.711s] GC(58)   Merge Heap Roots: 0.01ms
[0.711s] GC(58)   Evacuate Collection Set: 0.08ms
[0.711s] GC(58)   Post Evacuate Collection Set: 0.23ms
[0.711s] GC(58)   Other: 0.05ms
[0.711s] GC(58) Eden regions: 1->0(7)
[0.711s] GC(58) Survivor regions: 1->0(1)
[0.711s] GC(58) Old regions: 1->1
[0.711s] GC(58) Humongous regions: 2->0
[0.711s] GC(58) Metaspace: 11318K(11520K)->11318K(11520K) NonClass: 9129K(9216K)->9129K(9216K) Class: 2189K(2304K)->2189K(2304K)
[0.711s] GC(58) Pause Young (Concurrent Start) (G1 Humongous Allocation) 99M->3M(672M) 0.451ms
[0.711s] GC(58) User=0.00s Sys=0.00s Real=0.00s
[0.711s] GC(59) Concurrent Undo Cycle
[0.711s] GC(59) Concurrent Clear Claimed Marks
[0.711s] GC(59) Concurrent Clear Claimed Marks 0.004ms
[0.711s] GC(59) Concurrent Cleanup for Next Mark
[0.711s] GC(59) Concurrent Cleanup for Next Mark 0.053ms
[0.711s] GC(59) Concurrent Undo Cycle 0.087ms
[0.722s] GC(60) Pause Full (System.gc())
[0.722s] GC(60) Using 2 workers of 14 for full compaction
[0.722s] GC(60) Phase 1: Mark live objects
[0.723s] GC(60) Phase 1: Mark live objects 1.524ms
[0.723s] GC(60) Phase 2: Prepare compaction
[0.724s] GC(60) Phase 2: Prepare compaction 0.525ms
[0.724s] GC(60) Phase 3: Adjust pointers
[0.725s] GC(60) Phase 3: Adjust pointers 0.874ms
[0.725s] GC(60) Phase 4: Compact heap
[0.725s] GC(60) Phase 4: Compact heap 0.694ms
[0.725s] GC(60) Phase 5: Reset Metadata
[0.725s] GC(60) Phase 5: Reset Metadata 0.054ms
[0.726s] GC(60) Eden regions: 0->0(6)
[0.726s] GC(60) Survivor regions: 0->0(1)
[0.726s] GC(60) Old regions: 1->1
[0.726s] GC(60) Humongous regions: 3->3
[0.726s] GC(60) Metaspace: 11318K(11520K)->11318K(11520K) NonClass: 9129K(9216K)->9129K(9216K) Class: 2189K(2304K)->2189K(2304K)
[0.726s] GC(60) Pause Full (System.gc()) 99M->99M(672M) 4.479ms
[0.726s] GC(60) User=0.01s Sys=0.01s Real=0.00s
[0.824s] GC(61) Pause Young (Normal) (G1 Evacuation Pause)
[0.824s] GC(61) Using 14 workers of 14 for evacuation
[0.824s] GC(61) Humongous region 0 (object size 67108880 @ 0x0000007002000000) remset 0 code roots 0 marked 0 pinned count 0 reclaim candidate 0 type tA
[0.827s] GC(61)   Pre Evacuate Collection Set: 0.06ms
[0.827s] GC(61)   Merge Heap Roots: 0.03ms
[0.827s] GC(61)   Evacuate Collection Set: 2.99ms
[0.827s] GC(61)   Post Evacuate Collection Set: 0.11ms
[0.827s] GC(61)   Other: 0.15ms
[0.827s] GC(61) Eden regions: 6->0(11)
[0.827s] GC(61) Survivor regions: 0->1(1)
[0.827s] GC(61) Old regions: 1->2
[0.827s] GC(61) Humongous regions: 3->3
[0.827s] GC(61) Metaspace: 11318K(11520K)->11318K(11520K) NonClass: 9129K(9216K)->9129K(9216K) Class: 2189K(2304K)->2189K(2304K)
[0.827s] GC(61) Pause Young (Normal) (G1 Evacuation Pause) 291M->162M(672M) 3.431ms
[0.827s] GC(61) User=0.01s Sys=0.04s Real=0.00s
[0.848s] GC(62) Pause Young (Concurrent Start) (G1 Humongous Allocation)
[0.848s] GC(62) Using 14 workers of 14 for evacuation
[0.848s] GC(62) Humongous region 0 (object size 67108880 @ 0x0000007002000000) remset 0 code roots 0 marked 0 pinned count 0 reclaim candidate 0 type tA
[0.849s] GC(62)   Pre Evacuate Collection Set: 0.09ms
[0.849s] GC(62)   Merge Heap Roots: 0.03ms
[0.849s] GC(62)   Evacuate Collection Set: 0.14ms
[0.849s] GC(62)   Post Evacuate Collection Set: 0.09ms
[0.849s] GC(62)   Other: 0.05ms
[0.849s] GC(62) Eden regions: 1->0(12)
[0.849s] GC(62) Survivor regions: 1->0(2)
[0.849s] GC(62) Old regions: 2->2
[0.849s] GC(62) Humongous regions: 3->3
[0.849s] GC(62) Metaspace: 11319K(11520K)->11319K(11520K) NonClass: 9129K(9216K)->9129K(9216K) Class: 2189K(2304K)->2189K(2304K)
[0.849s] GC(62) Pause Young (Concurrent Start) (G1 Humongous Allocation) 165M->130M(672M) 0.434ms
[0.849s] GC(62) User=0.00s Sys=0.00s Real=0.00s
[0.849s] GC(63) Concurrent Mark Cycle
[0.849s] GC(63) Concurrent Scan Root Regions
[0.849s] GC(63) Concurrent Scan Root Regions 0.010ms
[0.849s] GC(63) Concurrent Mark
[0.849s] GC(63) Concurrent Mark From Roots
[0.849s] GC(63) Concurrent Mark Using 4 of 4 Workers
[0.851s] GC(63) Concurrent Mark From Roots 1.941ms
[0.851s] GC(63) Concurrent Preclean
[0.851s] GC(63) Concurrent Preclean 0.011ms
[0.855s] GC(63) Pause Remark
[0.856s] GC(63) Pause Remark 290M->163M(672M) 0.503ms
[0.856s] GC(63) User=0.01s Sys=0.00s Real=0.00s
[0.856s] GC(63) Concurrent Mark 7.276ms
[0.856s] GC(63) Concurrent Rebuild Remembered Sets and Scrub Regions
[0.857s] GC(63) Concurrent Rebuild Remembered Sets and Scrub Regions 0.911ms
[0.857s] GC(63) Pause Cleanup
[0.857s] GC(63) Pause Cleanup 163M->163M(672M) 0.029ms
[0.857s] GC(63) User=0.00s Sys=0.00s Real=0.00s
[0.857s] GC(63) Concurrent Clear Claimed Marks
[0.857s] GC(63) Concurrent Clear Claimed Marks 0.008ms
[0.857s] GC(63) Concurrent Cleanup for Next Mark
[0.857s] GC(63) Concurrent Cleanup for Next Mark 0.139ms
[0.857s] GC(63) Concurrent Mark Cycle 8.472ms
[0.877s] GC(64) Pause Full (System.gc())
[0.877s] GC(64) Using 2 workers of 14 for full compaction
[0.877s] GC(64) Phase 1: Mark live objects
[0.878s] GC(64) Phase 1: Mark live objects 1.309ms
[0.878s] GC(64) Phase 2: Prepare compaction
[0.879s] GC(64) Phase 2: Prepare compaction 0.524ms
[0.879s] GC(64) Phase 3: Adjust pointers
[0.880s] GC(64) Phase 3: Adjust pointers 0.879ms
[0.880s] GC(64) Phase 4: Compact heap
[0.881s] GC(64) Phase 4: Compact heap 0.684ms
[0.881s] GC(64) Phase 5: Reset Metadata
[0.881s] GC(64) Phase 5: Reset Metadata 0.045ms
[0.881s] GC(64) Eden regions: 0->0(12)
[0.881s] GC(64) Survivor regions: 0->0(2)
[0.881s] GC(64) Old regions: 1->1
[0.881s] GC(64) Humongous regions: 5->5
[0.881s] GC(64) Metaspace: 11319K(11520K)->11319K(11520K) NonClass: 9129K(9216K)->9129K(9216K) Class: 2189K(2304K)->2189K(2304K)
[0.881s] GC(64) Pause Full (System.gc()) 163M->163M(672M) 3.813ms
[0.881s] GC(64) User=0.00s Sys=0.00s Real=0.01s
[1.067s] GC(65) Pause Young (Normal) (G1 Evacuation Pause)
[1.067s] GC(65) Using 14 workers of 14 for evacuation
[1.067s] GC(65) Humongous region 5 (object size 134217744 @ 0x000000700c000000) remset 0 code roots 0 marked 0 pinned count 0 reclaim candidate 0 type tA
[1.071s] GC(65)   Pre Evacuate Collection Set: 0.08ms
[1.071s] GC(65)   Merge Heap Roots: 0.02ms
[1.071s] GC(65)   Evacuate Collection Set: 3.91ms
[1.071s] GC(65)   Post Evacuate Collection Set: 0.13ms
[1.071s] GC(65)   Other: 0.08ms
[1.071s] GC(65) Eden regions: 12->0(6)
[1.071s] GC(65) Survivor regions: 0->2(2)
[1.071s] GC(65) Old regions: 1->3
[1.071s] GC(65) Humongous regions: 5->5
[1.071s] GC(65) Metaspace: 11319K(11520K)->11319K(11520K) NonClass: 9129K(9216K)->9129K(9216K) Class: 2189K(2304K)->2189K(2304K)
[1.071s] GC(65) Pause Young (Normal) (G1 Evacuation Pause) 546M->290M(704M) 4.307ms
[1.071s] GC(65) User=0.02s Sys=0.04s Real=0.01s
[1.157s] GC(66) Pause Young (Concurrent Start) (G1 Humongous Allocation)
[1.157s] GC(66) Using 14 workers of 14 for evacuation
[1.157s] GC(66) Humongous region 5 (object size 134217744 @ 0x000000700c000000) remset 0 code roots 0 marked 0 pinned count 0 reclaim candidate 0 type tA
[1.157s] GC(66)   Pre Evacuate Collection Set: 0.08ms
[1.157s] GC(66)   Merge Heap Roots: 0.02ms
[1.157s] GC(66)   Evacuate Collection Set: 0.25ms
[1.157s] GC(66)   Post Evacuate Collection Set: 0.10ms
[1.157s] GC(66)   Other: 0.06ms
[1.157s] GC(66) Eden regions: 1->0(8)
[1.157s] GC(66) Survivor regions: 2->1(1)
[1.157s] GC(66) Old regions: 3->3
[1.157s] GC(66) Humongous regions: 5->5
[1.157s] GC(66) Metaspace: 11319K(11520K)->11319K(11520K) NonClass: 9129K(9216K)->9129K(9216K) Class: 2189K(2304K)->2189K(2304K)
[1.157s] GC(66) Pause Young (Concurrent Start) (G1 Humongous Allocation) 296M->226M(704M) 0.648ms
[1.157s] GC(66) User=0.00s Sys=0.00s Real=0.00s
[1.157s] GC(67) Concurrent Mark Cycle
[1.157s] GC(67) Concurrent Scan Root Regions
[1.157s] GC(67) Concurrent Scan Root Regions 0.068ms
[1.157s] GC(67) Concurrent Mark
[1.157s] GC(67) Concurrent Mark From Roots
[1.157s] GC(67) Concurrent Mark Using 4 of 4 Workers
[1.159s] GC(67) Concurrent Mark From Roots 2.046ms
[1.159s] GC(67) Concurrent Preclean
[1.159s] GC(67) Concurrent Preclean 0.012ms
[1.162s] GC(67) Pause Remark
[1.162s] GC(67) Pause Remark 390M->327M(704M) 0.563ms
[1.162s] GC(67) User=0.00s Sys=0.00s Real=0.00s
[1.162s] GC(67) Concurrent Mark 4.997ms
[1.162s] GC(67) Concurrent Rebuild Remembered Sets and Scrub Regions
[1.163s] GC(67) Concurrent Rebuild Remembered Sets and Scrub Regions 0.934ms
[1.163s] GC(67) Pause Cleanup
[1.163s] GC(67) Pause Cleanup 327M->327M(704M) 0.030ms
[1.163s] GC(67) User=0.00s Sys=0.00s Real=0.00s
[1.163s] GC(67) Concurrent Clear Claimed Marks
[1.163s] GC(67) Concurrent Clear Claimed Marks 0.010ms
[1.163s] GC(67) Concurrent Cleanup for Next Mark
[1.163s] GC(67) Concurrent Cleanup for Next Mark 0.156ms
[1.163s] GC(67) Concurrent Mark Cycle 6.303ms
[1.271s] GC(68) Pause Full (System.gc())
[1.271s] GC(68) Using 2 workers of 14 for full compaction
[1.271s] GC(68) Phase 1: Mark live objects
[1.272s] GC(68) Phase 1: Mark live objects 1.540ms
[1.272s] GC(68) Phase 2: Prepare compaction
[1.273s] GC(68) Phase 2: Prepare compaction 0.511ms
[1.273s] GC(68) Phase 3: Adjust pointers
[1.274s] GC(68) Phase 3: Adjust pointers 0.884ms
[1.274s] GC(68) Phase 4: Compact heap
[1.274s] GC(68) Phase 4: Compact heap 0.440ms
[1.274s] GC(68) Phase 5: Reset Metadata
[1.274s] GC(68) Phase 5: Reset Metadata 0.044ms
[1.275s] GC(68) Eden regions: 1->0(16)
[1.275s] GC(68) Survivor regions: 1->0(1)
[1.275s] GC(68) Old regions: 1->1
[1.275s] GC(68) Humongous regions: 19->9
[1.275s] GC(68) Metaspace: 11319K(11520K)->11319K(11520K) NonClass: 9130K(9216K)->9130K(9216K) Class: 2189K(2304K)->2189K(2304K)
[1.275s] GC(68) Pause Full (System.gc()) 615M->291M(992M) 3.966ms
[1.275s] GC(68) User=0.01s Sys=0.00s Real=0.00s
[1.526s] GC(69) Pause Young (Normal) (G1 Evacuation Pause)
[1.526s] GC(69) Using 14 workers of 14 for evacuation
[1.526s] GC(69) Humongous region 20 (object size 268435472 @ 0x000000702a000000) remset 0 code roots 0 marked 0 pinned count 0 reclaim candidate 0 type tA
[1.535s] GC(69)   Pre Evacuate Collection Set: 0.06ms
[1.535s] GC(69)   Merge Heap Roots: 0.02ms
[1.535s] GC(69)   Evacuate Collection Set: 8.39ms
[1.535s] GC(69)   Post Evacuate Collection Set: 0.11ms
[1.535s] GC(69)   Other: 0.08ms
[1.535s] GC(69) Eden regions: 16->0(6)
[1.535s] GC(69) Survivor regions: 0->2(2)
[1.535s] GC(69) Old regions: 1->7
[1.535s] GC(69) Humongous regions: 9->9
[1.535s] GC(69) Metaspace: 11319K(11520K)->11319K(11520K) NonClass: 9130K(9216K)->9130K(9216K) Class: 2189K(2304K)->2189K(2304K)
[1.535s] GC(69) Pause Young (Normal) (G1 Evacuation Pause) 802M->545M(1088M) 8.769ms
[1.535s] GC(69) User=0.03s Sys=0.09s Real=0.01s
[1.699s] GC(70) Pause Young (Concurrent Start) (G1 Evacuation Pause)
[1.699s] GC(70) Using 14 workers of 14 for evacuation
[1.699s] GC(70) Humongous region 20 (object size 268435472 @ 0x000000702a000000) remset 0 code roots 0 marked 0 pinned count 0 reclaim candidate 0 type tA
[1.701s] GC(70)   Pre Evacuate Collection Set: 0.10ms
[1.701s] GC(70)   Merge Heap Roots: 0.04ms
[1.701s] GC(70)   Evacuate Collection Set: 1.90ms
[1.701s] GC(70)   Post Evacuate Collection Set: 0.12ms
[1.701s] GC(70)   Other: 0.07ms
[1.702s] GC(70) Eden regions: 6->0(4)
[1.702s] GC(70) Survivor regions: 2->1(1)
[1.702s] GC(70) Old regions: 7->12
[1.702s] GC(70) Humongous regions: 9->9
[1.702s] GC(70) Metaspace: 11319K(11520K)->11319K(11520K) NonClass: 9130K(9216K)->9130K(9216K) Class: 2189K(2304K)->2189K(2304K)
[1.702s] GC(70) Pause Young (Concurrent Start) (G1 Evacuation Pause) 736M->667M(1088M) 2.326ms
[1.702s] GC(70) User=0.02s Sys=0.00s Real=0.00s
[1.702s] GC(71) Concurrent Mark Cycle
[1.702s] GC(71) Concurrent Scan Root Regions
[1.702s] GC(71) Concurrent Scan Root Regions 0.086ms
[1.702s] GC(71) Concurrent Mark
[1.702s] GC(71) Concurrent Mark From Roots
[1.702s] GC(71) Concurrent Mark Using 4 of 4 Workers
[1.704s] GC(71) Concurrent Mark From Roots 2.121ms
[1.704s] GC(71) Concurrent Preclean
[1.704s] GC(71) Concurrent Preclean 0.017ms
[1.704s] GC(71) Pause Remark
[1.704s] GC(71) Pause Remark 741M->581M(1088M) 0.489ms
[1.704s] GC(71) User=0.00s Sys=0.00s Real=0.00s
[1.704s] GC(71) Concurrent Mark 2.711ms
[1.704s] GC(71) Concurrent Rebuild Remembered Sets and Scrub Regions
[1.705s] GC(71) Concurrent Rebuild Remembered Sets and Scrub Regions 0.910ms
[1.705s] GC(71) Pause Cleanup
[1.705s] GC(71) Pause Cleanup 581M->581M(1088M) 0.027ms
[1.705s] GC(71) User=0.00s Sys=0.00s Real=0.00s
[1.705s] GC(71) Concurrent Clear Claimed Marks
[1.705s] GC(71) Concurrent Clear Claimed Marks 0.007ms
[1.705s] GC(71) Concurrent Cleanup for Next Mark
[1.706s] GC(71) Concurrent Cleanup for Next Mark 0.198ms
[1.706s] GC(71) Concurrent Mark Cycle 4.028ms
[2.058s] GC(72) Pause Full (System.gc())
[2.059s] GC(72) Using 4 workers of 14 for full compaction
[2.059s] GC(72) Phase 1: Mark live objects
[2.060s] GC(72) Phase 1: Mark live objects 1.018ms
[2.060s] GC(72) Phase 2: Prepare compaction
[2.060s] GC(72) Phase 2: Prepare compaction 0.550ms
[2.060s] GC(72) Phase 3: Adjust pointers
[2.061s] GC(72) Phase 3: Adjust pointers 0.978ms
[2.061s] GC(72) Phase 4: Compact heap
[2.062s] GC(72) Phase 4: Compact heap 0.481ms
[2.062s] GC(72) Phase 5: Reset Metadata
[2.062s] GC(72) Phase 5: Reset Metadata 0.067ms
[2.062s] GC(72) Eden regions: 3->0(13)
[2.062s] GC(72) Survivor regions: 1->0(1)
[2.062s] GC(72) Old regions: 7->1
[2.062s] GC(72) Humongous regions: 36->17
[2.062s] GC(72) Metaspace: 11319K(11520K)->11319K(11520K) NonClass: 9130K(9216K)->9130K(9216K) Class: 2189K(2304K)->2189K(2304K)
[2.062s] GC(72) Pause Full (System.gc()) 1445M->547M(1632M) 3.812ms
[2.062s] GC(72) User=0.01s Sys=0.00s Real=0.01s
[2.219s] GC(73) Pause Young (Normal) (G1 Evacuation Pause)
[2.219s] GC(73) Using 14 workers of 14 for evacuation
[2.219s] GC(73) Humongous region 29 (object size 536870928 @ 0x000000703c000000) remset 0 code roots 0 marked 0 pinned count 0 reclaim candidate 0 type tA
[2.223s] GC(73)   Pre Evacuate Collection Set: 0.04ms
[2.223s] GC(73)   Merge Heap Roots: 0.04ms
[2.223s] GC(73)   Evacuate Collection Set: 3.85ms
[2.223s] GC(73)   Post Evacuate Collection Set: 0.13ms
[2.223s] GC(73)   Other: 0.07ms
[2.223s] GC(73) Eden regions: 13->0(6)
[2.223s] GC(73) Survivor regions: 0->2(2)
[2.223s] GC(73) Old regions: 1->12
[2.223s] GC(73) Humongous regions: 17->17
[2.223s] GC(73) Metaspace: 11319K(11520K)->11319K(11520K) NonClass: 9130K(9216K)->9130K(9216K) Class: 2189K(2304K)->2189K(2304K)
[2.223s] GC(73) Pause Young (Normal) (G1 Evacuation Pause) 961M->961M(1632M) 4.237ms
[2.223s] GC(73) User=0.05s Sys=0.01s Real=0.01s
[2.586s] GC(74) Pause Young (Concurrent Start) (G1 Evacuation Pause)
[2.586s] GC(74) Using 14 workers of 14 for evacuation
[2.586s] GC(74) Humongous region 29 (object size 536870928 @ 0x000000703c000000) remset 0 code roots 0 marked 0 pinned count 0 reclaim candidate 0 type tA
[2.587s] GC(74)   Pre Evacuate Collection Set: 0.08ms
[2.587s] GC(74)   Merge Heap Roots: 0.02ms
[2.587s] GC(74)   Evacuate Collection Set: 0.94ms
[2.587s] GC(74)   Post Evacuate Collection Set: 0.13ms
[2.587s] GC(74)   Other: 0.06ms
[2.587s] GC(74) Eden regions: 6->0(6)
[2.587s] GC(74) Survivor regions: 2->1(1)
[2.587s] GC(74) Old regions: 12->14
[2.587s] GC(74) Humongous regions: 17->17
[2.587s] GC(74) Metaspace: 11319K(11520K)->11319K(11520K) NonClass: 9130K(9216K)->9130K(9216K) Class: 2189K(2304K)->2189K(2304K)
[2.587s] GC(74) Pause Young (Concurrent Start) (G1 Evacuation Pause) 1153M->977M(1632M) 1.327ms
[2.587s] GC(74) User=0.01s Sys=0.00s Real=0.00s
[2.587s] GC(75) Concurrent Mark Cycle
[2.587s] GC(75) Concurrent Scan Root Regions
[2.587s] GC(75) Concurrent Scan Root Regions 0.097ms
[2.587s] GC(75) Concurrent Mark
[2.587s] GC(75) Concurrent Mark From Roots
[2.587s] GC(75) Concurrent Mark Using 4 of 4 Workers
[2.589s] GC(76) Pause Young (Normal) (G1 Evacuation Pause)
[2.589s] GC(76) Using 14 workers of 14 for evacuation
[2.589s] GC(76) Humongous region 29 (object size 536870928 @ 0x000000703c000000) remset 0 code roots 0 marked 1 pinned count 0 reclaim candidate 0 type tA
[2.591s] GC(76)   Pre Evacuate Collection Set: 0.06ms
[2.591s] GC(76)   Merge Heap Roots: 0.02ms
[2.591s] GC(76)   Evacuate Collection Set: 2.15ms
[2.591s] GC(76)   Post Evacuate Collection Set: 0.12ms
[2.591s] GC(76)   Other: 0.06ms
[2.591s] GC(76) Eden regions: 6->0(4)
[2.591s] GC(76) Survivor regions: 1->1(1)
[2.591s] GC(76) Old regions: 14->20
[2.591s] GC(76) Humongous regions: 17->17
[2.591s] GC(76) Metaspace: 11319K(11520K)->11319K(11520K) NonClass: 9130K(9216K)->9130K(9216K) Class: 2189K(2304K)->2189K(2304K)
[2.591s] GC(76) Pause Young (Normal) (G1 Evacuation Pause) 1167M->1173M(1632M) 2.504ms
[2.591s] GC(76) User=0.03s Sys=0.00s Real=0.01s
[2.593s] GC(77) Pause Young (Normal) (G1 Evacuation Pause)
[2.593s] GC(77) Using 14 workers of 14 for evacuation
[2.593s] GC(77) Humongous region 29 (object size 536870928 @ 0x000000703c000000) remset 0 code roots 0 marked 1 pinned count 0 reclaim candidate 0 type tA
[2.595s] GC(77)   Pre Evacuate Collection Set: 0.04ms
[2.595s] GC(77)   Merge Heap Roots: 0.03ms
[2.595s] GC(77)   Evacuate Collection Set: 1.51ms
[2.595s] GC(77)   Post Evacuate Collection Set: 0.11ms
[2.595s] GC(77)   Other: 0.06ms
[2.595s] GC(77) Eden regions: 4->0(2)
[2.595s] GC(77) Survivor regions: 1->1(1)
[2.595s] GC(77) Old regions: 20->24
[2.595s] GC(77) Humongous regions: 17->17
[2.595s] GC(77) Metaspace: 11319K(11520K)->11319K(11520K) NonClass: 9130K(9216K)->9130K(9216K) Class: 2189K(2304K)->2189K(2304K)
[2.595s] GC(77) Pause Young (Normal) (G1 Evacuation Pause) 1299M->1303M(1632M) 1.835ms
[2.595s] GC(77) User=0.02s Sys=0.00s Real=0.00s
[2.595s] GC(78) Pause Young (Normal) (G1 Evacuation Pause)
[2.595s] GC(78) Using 14 workers of 14 for evacuation
[2.595s] GC(78) Humongous region 29 (object size 536870928 @ 0x000000703c000000) remset 0 code roots 0 marked 1 pinned count 0 reclaim candidate 0 type tA
[2.596s] GC(78)   Pre Evacuate Collection Set: 0.05ms
[2.596s] GC(78)   Merge Heap Roots: 0.03ms
[2.596s] GC(78)   Evacuate Collection Set: 0.95ms
[2.596s] GC(78)   Post Evacuate Collection Set: 0.10ms
[2.596s] GC(78)   Other: 0.06ms
[2.596s] GC(78) Eden regions: 2->0(3)
[2.596s] GC(78) Survivor regions: 1->1(1)
[2.596s] GC(78) Old regions: 24->26
[2.596s] GC(78) Humongous regions: 17->17
[2.596s] GC(78) Metaspace: 11319K(11520K)->11319K(11520K) NonClass: 9130K(9216K)->9130K(9216K) Class: 2189K(2304K)->2189K(2304K)
[2.596s] GC(78) Pause Young (Normal) (G1 Evacuation Pause) 1365M->1369M(1632M) 1.241ms
[2.596s] GC(78) User=0.02s Sys=0.00s Real=0.00s
[2.597s] GC(75) Concurrent Mark From Roots 10.270ms
[2.597s] GC(75) Concurrent Preclean
[2.597s] GC(75) Concurrent Preclean 0.022ms
[2.597s] GC(75) Pause Remark
[2.598s] GC(75) Pause Remark 1433M->1113M(1632M) 0.504ms
[2.598s] GC(75) User=0.00s Sys=0.00s Real=0.00s
[2.598s] GC(75) Concurrent Mark 10.894ms
[2.598s] GC(75) Concurrent Rebuild Remembered Sets and Scrub Regions
[2.599s] GC(75) Concurrent Rebuild Remembered Sets and Scrub Regions 0.920ms
[2.599s] GC(75) Pause Cleanup
[2.599s] GC(75) Pause Cleanup 1113M->1113M(1632M) 0.025ms
[2.599s] GC(75) User=0.00s Sys=0.00s Real=0.00s
[2.599s] GC(75) Concurrent Clear Claimed Marks
[2.599s] GC(75) Concurrent Clear Claimed Marks 0.008ms
[2.599s] GC(75) Concurrent Cleanup for Next Mark
[2.599s] GC(75) Concurrent Cleanup for Next Mark 0.285ms
[2.599s] GC(75) Concurrent Mark Cycle 12.322ms
[2.984s] GC(79) Pause Young (Prepare Mixed) (G1 Evacuation Pause)
[2.984s] GC(79) Using 14 workers of 14 for evacuation
[2.984s] GC(79) Humongous region 29 (object size 536870928 @ 0x000000703c000000) remset 0 code roots 0 marked 0 pinned count 0 reclaim candidate 1 type tA
[2.986s] GC(79)   Pre Evacuate Collection Set: 0.09ms
[2.986s] GC(79)   Merge Heap Roots: 0.02ms
[2.986s] GC(79)   Evacuate Collection Set: 1.31ms
[2.986s] GC(79)   Post Evacuate Collection Set: 0.11ms
[2.986s] GC(79)   Other: 0.07ms
[2.986s] GC(79) Eden regions: 3->0(4)
[2.986s] GC(79) Survivor regions: 1->1(1)
[2.986s] GC(79) Old regions: 16->19
[2.986s] GC(79) Humongous regions: 17->17
[2.986s] GC(79) Metaspace: 11319K(11520K)->11319K(11520K) NonClass: 9130K(9216K)->9130K(9216K) Class: 2189K(2304K)->2189K(2304K)
[2.986s] GC(79) Pause Young (Prepare Mixed) (G1 Evacuation Pause) 1143M->1141M(1632M) 1.706ms
[2.986s] GC(79) User=0.01s Sys=0.00s Real=0.00s
[2.987s] GC(80) Pause Young (Mixed) (G1 Evacuation Pause)
[2.987s] GC(80) Using 14 workers of 14 for evacuation
[2.987s] GC(80) Humongous region 29 (object size 536870928 @ 0x000000703c000000) remset 0 code roots 0 marked 0 pinned count 0 reclaim candidate 1 type tA
[2.989s] GC(80)   Pre Evacuate Collection Set: 0.07ms
[2.989s] GC(80)   Merge Heap Roots: 0.04ms
[2.989s] GC(80)   Evacuate Collection Set: 1.64ms
[2.989s] GC(80)   Post Evacuate Collection Set: 0.11ms
[2.989s] GC(80)   Other: 0.05ms
[2.989s] GC(80) Eden regions: 4->0(5)
[2.989s] GC(80) Survivor regions: 1->1(1)
[2.989s] GC(80) Old regions: 19->22
[2.989s] GC(80) Humongous regions: 17->17
[2.989s] GC(80) Metaspace: 11319K(11520K)->11319K(11520K) NonClass: 9130K(9216K)->9130K(9216K) Class: 2189K(2304K)->2189K(2304K)
[2.989s] GC(80) Pause Young (Mixed) (G1 Evacuation Pause) 1269M->1241M(1632M) 1.996ms
[2.989s] GC(80) User=0.02s Sys=0.00s Real=0.00s
[2.989s] GC(81) Pause Young (Concurrent Start) (G1 Evacuation Pause)
[2.989s] GC(81) Using 14 workers of 14 for evacuation
[2.989s] GC(81) Humongous region 29 (object size 536870928 @ 0x000000703c000000) remset 0 code roots 0 marked 0 pinned count 0 reclaim candidate 1 type tA
[2.991s] GC(81)   Pre Evacuate Collection Set: 0.08ms
[2.991s] GC(81)   Merge Heap Roots: 0.06ms
[2.991s] GC(81)   Evacuate Collection Set: 1.76ms
[2.991s] GC(81)   Post Evacuate Collection Set: 0.11ms
[2.991s] GC(81)   Other: 0.05ms
[2.991s] GC(81) Eden regions: 5->0(2)
[2.991s] GC(81) Survivor regions: 1->1(1)
[2.991s] GC(81) Old regions: 22->27
[2.991s] GC(81) Humongous regions: 17->17
[2.991s] GC(81) Metaspace: 11319K(11520K)->11319K(11520K) NonClass: 9130K(9216K)->9130K(9216K) Class: 2189K(2304K)->2189K(2304K)
[2.991s] GC(81) Pause Young (Concurrent Start) (G1 Evacuation Pause) 1399M->1405M(1632M) 2.118ms
[2.991s] GC(81) User=0.02s Sys=0.00s Real=0.00s
[2.991s] GC(82) Concurrent Mark Cycle
[2.992s] GC(82) Concurrent Scan Root Regions
[2.992s] GC(82) Concurrent Scan Root Regions 0.091ms
[2.992s] GC(82) Concurrent Mark
[2.992s] GC(82) Concurrent Mark From Roots
[2.992s] GC(82) Concurrent Mark Using 4 of 4 Workers
[2.992s] GC(83) Pause Young (Normal) (G1 Evacuation Pause)
[2.992s] GC(83) Using 14 workers of 14 for evacuation
[2.992s] GC(83) Humongous region 29 (object size 536870928 @ 0x000000703c000000) remset 0 code roots 0 marked 1 pinned count 0 reclaim candidate 1 type tA
[2.994s] GC(83)   Pre Evacuate Collection Set: 0.06ms
[2.994s] GC(83)   Merge Heap Roots: 0.03ms
[2.994s] GC(83)   Evacuate Collection Set: 0.97ms
[2.994s] GC(83)   Post Evacuate Collection Set: 0.89ms
[2.994s] GC(83)   Other: 0.05ms
[2.994s] GC(83) Eden regions: 2->0(36)
[2.994s] GC(83) Survivor regions: 1->1(1)
[2.994s] GC(83) Old regions: 27->29
[2.994s] GC(83) Humongous regions: 17->17
[2.994s] GC(83) Metaspace: 11319K(11520K)->11319K(11520K) NonClass: 9130K(9216K)->9130K(9216K) Class: 2189K(2304K)->2189K(2304K)
[2.994s] GC(83) Pause Young (Normal) (G1 Evacuation Pause) 1468M->1469M(4896M) 2.053ms
[2.994s] GC(83) User=0.02s Sys=0.01s Real=0.00s
[2.996s] GC(82) Concurrent Mark From Roots 4.279ms
[2.996s] GC(82) Concurrent Preclean
[2.996s] GC(82) Concurrent Preclean 0.014ms
[2.996s] GC(82) Pause Remark
[2.997s] GC(82) Pause Remark 1593M->1145M(4896M) 0.550ms
[2.997s] GC(82) User=0.00s Sys=0.00s Real=0.00s
[2.997s] GC(82) Concurrent Mark 4.991ms
[2.997s] GC(82) Concurrent Rebuild Remembered Sets and Scrub Regions
[2.998s] GC(82) Concurrent Rebuild Remembered Sets and Scrub Regions 0.942ms
[2.998s] GC(82) Pause Cleanup
[2.998s] GC(82) Pause Cleanup 1161M->1161M(4896M) 0.027ms
[2.998s] GC(82) User=0.00s Sys=0.00s Real=0.00s
[2.998s] GC(82) Concurrent Clear Claimed Marks
[2.998s] GC(82) Concurrent Clear Claimed Marks 0.007ms
[2.998s] GC(82) Concurrent Cleanup for Next Mark
[3.000s] GC(82) Concurrent Cleanup for Next Mark 2.454ms
[3.000s] GC(82) Concurrent Mark Cycle 8.622ms
[3.804s] GC(84) Pause Full (System.gc())
[3.804s] GC(84) Using 14 workers of 14 for full compaction
[3.804s] GC(84) Phase 1: Mark live objects
[3.805s] GC(84) Phase 1: Mark live objects 1.114ms
[3.805s] GC(84) Phase 2: Prepare compaction
[3.805s] GC(84) Phase 2: Prepare compaction 0.558ms
[3.805s] GC(84) Phase 3: Adjust pointers
[3.806s] GC(84) Phase 3: Adjust pointers 1.018ms
[3.806s] GC(84) Phase 4: Compact heap
[3.807s] GC(84) Phase 4: Compact heap 0.479ms
[3.807s] GC(84) Phase 5: Reset Metadata
[3.807s] GC(84) Phase 5: Reset Metadata 0.129ms
[3.808s] GC(84) Eden regions: 5->0(40)
[3.808s] GC(84) Survivor regions: 1->0(1)
[3.808s] GC(84) Old regions: 15->1
[3.808s] GC(84) Humongous regions: 71->33
[3.808s] GC(84) Metaspace: 11319K(11520K)->11319K(11520K) NonClass: 9130K(9216K)->9130K(9216K) Class: 2189K(2304K)->2189K(2304K)
[3.808s] GC(84) Pause Full (System.gc()) 2889M->1059M(4896M) 4.317ms
[3.808s] GC(84) User=0.01s Sys=0.01s Real=0.00s
[4.974s] GC(85) Pause Young (Normal) (G1 Evacuation Pause)
[4.974s] GC(85) Using 14 workers of 14 for evacuation
[4.974s] GC(85) Humongous region 53 (object size 1073741840 @ 0x000000706c000000) remset 0 code roots 0 marked 0 pinned count 0 reclaim candidate 0 type tA
[4.976s] GC(85)   Pre Evacuate Collection Set: 0.07ms
[4.976s] GC(85)   Merge Heap Roots: 0.05ms
[4.976s] GC(85)   Evacuate Collection Set: 1.42ms
[4.976s] GC(85)   Post Evacuate Collection Set: 0.15ms
[4.976s] GC(85)   Other: 0.07ms
[4.976s] GC(85) Eden regions: 34->0(39)
[4.976s] GC(85) Survivor regions: 0->1(5)
[4.976s] GC(85) Old regions: 1->1
[4.976s] GC(85) Humongous regions: 33->33
[4.976s] GC(85) Metaspace: 11319K(11520K)->11319K(11520K) NonClass: 9130K(9216K)->9130K(9216K) Class: 2189K(2304K)->2189K(2304K)
[4.976s] GC(85) Pause Young (Normal) (G1 Evacuation Pause) 2143M->1083M(4896M) 1.861ms
[4.976s] GC(85) User=0.00s Sys=0.01s Real=0.00s
[5.817s] GC(86) Pause Young (Normal) (G1 Evacuation Pause)
[5.817s] GC(86) Using 14 workers of 14 for evacuation
[5.817s] GC(86) Humongous region 53 (object size 1073741840 @ 0x000000706c000000) remset 0 code roots 0 marked 0 pinned count 0 reclaim candidate 0 type tA
[5.822s] GC(86)   Pre Evacuate Collection Set: 0.07ms
[5.822s] GC(86)   Merge Heap Roots: 0.05ms
[5.822s] GC(86)   Evacuate Collection Set: 4.89ms
[5.822s] GC(86)   Post Evacuate Collection Set: 0.13ms
[5.822s] GC(86)   Other: 0.07ms
[5.822s] GC(86) Eden regions: 35->0(66)
[5.822s] GC(86) Survivor regions: 1->3(5)
[5.822s] GC(86) Old regions: 1->1
[5.822s] GC(86) Humongous regions: 33->33
[5.822s] GC(86) Metaspace: 11319K(11520K)->11319K(11520K) NonClass: 9130K(9216K)->9130K(9216K) Class: 2189K(2304K)->2189K(2304K)
[5.822s] GC(86) Pause Young (Normal) (G1 Evacuation Pause) 2199M->1131M(4896M) 5.350ms
[5.822s] GC(86) User=0.00s Sys=0.04s Real=0.01s
[6.663s] GC(87) Pause Young (Concurrent Start) (G1 Humongous Allocation)
[6.663s] GC(87) Using 14 workers of 14 for evacuation
[6.663s] GC(87) Humongous region 1 (object size 67104312 @ 0x0000007004000000) remset 0 code roots 0 marked 0 pinned count 0 reclaim candidate 1 type tA
[6.663s] GC(87) Humongous region 53 (object size 1073741840 @ 0x000000706c000000) remset 0 code roots 0 marked 0 pinned count 0 reclaim candidate 0 type tA
[6.663s] GC(87) Humongous region 3 (object size 67115368 @ 0x0000007008000000) remset 0 code roots 0 marked 0 pinned count 0 reclaim candidate 1 type tA
[6.663s] GC(87) Humongous region 6 (object size 67088840 @ 0x000000700e000000) remset 0 code roots 0 marked 0 pinned count 0 reclaim candidate 1 type tA
[6.663s] GC(87) Humongous region 8 (object size 67122792 @ 0x0000007012000000) remset 0 code roots 0 marked 0 pinned count 0 reclaim candidate 1 type tA
[6.663s] GC(87) Humongous region 11 (object size 67110904 @ 0x0000007018000000) remset 0 code roots 0 marked 0 pinned count 0 reclaim candidate 1 type tA
[6.663s] GC(87) Humongous region 16 (object size 67110944 @ 0x0000007022000000) remset 0 code roots 0 marked 0 pinned count 0 reclaim candidate 1 type tA
[6.663s] GC(87) Humongous region 19 (object size 67113696 @ 0x0000007028000000) remset 0 code roots 0 marked 0 pinned count 0 reclaim candidate 1 type tA
[6.663s] GC(87) Humongous region 28 (object size 67097760 @ 0x000000703a000000) remset 0 code roots 0 marked 0 pinned count 0 reclaim candidate 1 type tA
[6.663s] GC(87) Humongous region 30 (object size 67108576 @ 0x000000703e000000) remset 0 code roots 0 marked 0 pinned count 0 reclaim candidate 1 type tA
[6.663s] GC(87) Humongous region 22 (object size 67109584 @ 0x000000702e000000) remset 0 code roots 0 marked 0 pinned count 0 reclaim candidate 1 type tA
[6.663s] GC(87) Humongous region 32 (object size 67112288 @ 0x0000007042000000) remset 0 code roots 0 marked 0 pinned count 0 reclaim candidate 1 type tA
[6.663s] GC(87) Humongous region 14 (object size 67099040 @ 0x000000701e000000) remset 0 code roots 0 marked 0 pinned count 0 reclaim candidate 1 type tA
[6.663s] GC(87) Humongous region 25 (object size 67118512 @ 0x0000007034000000) remset 0 code roots 0 marked 0 pinned count 0 reclaim candidate 1 type tA
[6.664s] GC(87)   Pre Evacuate Collection Set: 0.17ms
[6.664s] GC(87)   Merge Heap Roots: 0.04ms
[6.664s] GC(87)   Evacuate Collection Set: 0.32ms
[6.664s] GC(87)   Post Evacuate Collection Set: 0.13ms
[6.664s] GC(87)   Other: 0.06ms
[6.664s] GC(87) Eden regions: 32->0(45)
[6.664s] GC(87) Survivor regions: 3->1(9)
[6.664s] GC(87) Old regions: 1->1
[6.664s] GC(87) Humongous regions: 67->67
[6.664s] GC(87) Metaspace: 11319K(11520K)->11319K(11520K) NonClass: 9130K(9216K)->9130K(9216K) Class: 2189K(2304K)->2189K(2304K)
[6.664s] GC(87) Pause Young (Concurrent Start) (G1 Humongous Allocation) 3211M->2147M(4896M) 0.802ms
[6.664s] GC(87) User=0.01s Sys=0.00s Real=0.00s
[6.664s] GC(88) Concurrent Mark Cycle
[6.664s] GC(88) Concurrent Scan Root Regions
[6.664s] GC(88) Concurrent Scan Root Regions 0.067ms
[6.664s] GC(88) Concurrent Mark
[6.664s] GC(88) Concurrent Mark From Roots
[6.664s] GC(88) Concurrent Mark Using 4 of 4 Workers
[6.666s] GC(88) Concurrent Mark From Roots 2.105ms
[6.666s] GC(88) Concurrent Preclean
[6.666s] GC(88) Concurrent Preclean 0.011ms
[6.666s] GC(88) Pause Remark
[6.666s] GC(88) Pause Remark 2419M->2419M(4896M) 0.550ms
[6.666s] GC(88) User=0.01s Sys=0.00s Real=0.00s
[6.666s] GC(88) Concurrent Mark 2.754ms
[6.666s] GC(88) Concurrent Rebuild Remembered Sets and Scrub Regions
[6.667s] GC(88) Concurrent Rebuild Remembered Sets and Scrub Regions 0.907ms
[6.667s] GC(88) Pause Cleanup
[6.667s] GC(88) Pause Cleanup 2419M->2419M(4896M) 0.026ms
[6.667s] GC(88) User=0.00s Sys=0.00s Real=0.00s
[6.667s] GC(88) Concurrent Clear Claimed Marks
[6.667s] GC(88) Concurrent Clear Claimed Marks 0.007ms
[6.667s] GC(88) Concurrent Cleanup for Next Mark
[6.668s] GC(88) Concurrent Cleanup for Next Mark 0.847ms
[6.668s] GC(88) Concurrent Mark Cycle 4.721ms
[7.524s] GC(89) Pause Full (System.gc())
[7.524s] GC(89) Using 14 workers of 14 for full compaction
[7.525s] GC(89) Phase 1: Mark live objects
[7.526s] GC(89) Phase 1: Mark live objects 1.058ms
[7.526s] GC(89) Phase 2: Prepare compaction
[7.526s] GC(89) Phase 2: Prepare compaction 0.532ms
[7.526s] GC(89) Phase 3: Adjust pointers
[7.527s] GC(89) Phase 3: Adjust pointers 0.969ms
[7.527s] GC(89) Phase 4: Compact heap
[7.528s] GC(89) Phase 4: Compact heap 0.454ms
[7.528s] GC(89) Phase 5: Reset Metadata
[7.528s] GC(89) Phase 5: Reset Metadata 0.144ms
[7.529s] GC(89) Eden regions: 1->0(86)
[7.529s] GC(89) Survivor regions: 1->0(9)
[7.529s] GC(89) Old regions: 1->1
[7.529s] GC(89) Humongous regions: 140->65
[7.529s] GC(89) Metaspace: 11319K(11520K)->11319K(11520K) NonClass: 9130K(9216K)->9130K(9216K) Class: 2189K(2304K)->2189K(2304K)
[7.529s] GC(89) Pause Full (System.gc()) 4499M->2083M(6112M) 4.401ms
[7.529s] GC(89) User=0.02s Sys=0.01s Real=0.00s
[8.179s] GC(90) Pause Young (Normal) (G1 Evacuation Pause)
[8.179s] GC(90) Using 14 workers of 14 for evacuation
[8.179s] GC(90) Humongous region 121 (object size 2147483664 @ 0x00000070f4000000) remset 0 code roots 0 marked 0 pinned count 0 reclaim candidate 0 type tA
[8.190s] GC(90)   Pre Evacuate Collection Set: 0.08ms
[8.190s] GC(90)   Merge Heap Roots: 0.02ms
[8.190s] GC(90)   Evacuate Collection Set: 10.04ms
[8.190s] GC(90)   Post Evacuate Collection Set: 0.14ms
[8.190s] GC(90)   Other: 0.08ms
[8.190s] GC(90) Eden regions: 27->0(39)
[8.190s] GC(90) Survivor regions: 0->4(4)
[8.190s] GC(90) Old regions: 1->26
[8.190s] GC(90) Humongous regions: 65->65
[8.190s] GC(90) Metaspace: 11319K(11520K)->11319K(11520K) NonClass: 9130K(9216K)->9130K(9216K) Class: 2189K(2304K)->2189K(2304K)
[8.190s] GC(90) Pause Young (Normal) (G1 Evacuation Pause) 2939M->2995M(6112M) 10.494ms
[8.190s] GC(90) User=0.05s Sys=0.07s Real=0.01s
[8.210s] GC(91) Pause Young (Concurrent Start) (G1 Evacuation Pause)
[8.210s] GC(91) Using 14 workers of 14 for evacuation
[8.211s] GC(91) Humongous region 121 (object size 2147483664 @ 0x00000070f4000000) remset 0 code roots 0 marked 0 pinned count 0 reclaim candidate 0 type tA
[8.222s] GC(91)   Pre Evacuate Collection Set: 0.12ms
[8.222s] GC(91)   Merge Heap Roots: 0.04ms
[8.222s] GC(91)   Evacuate Collection Set: 11.55ms
[8.222s] GC(91)   Post Evacuate Collection Set: 0.16ms
[8.222s] GC(91)   Other: 0.08ms
[8.222s] GC(91) Eden regions: 39->0(19)
[8.222s] GC(91) Survivor regions: 4->6(6)
[8.222s] GC(91) Old regions: 26->65
[8.222s] GC(91) Humongous regions: 65->65
[8.222s] GC(91) Metaspace: 11319K(11520K)->11319K(11520K) NonClass: 9130K(9216K)->9130K(9216K) Class: 2189K(2304K)->2189K(2304K)
[8.222s] GC(91) Pause Young (Concurrent Start) (G1 Evacuation Pause) 4235M->4315M(6112M) 12.091ms
[8.222s] GC(91) User=0.13s Sys=0.03s Real=0.01s
[8.222s] GC(92) Concurrent Mark Cycle
[8.222s] GC(92) Concurrent Scan Root Regions
[8.223s] GC(92) Concurrent Scan Root Regions 0.086ms
[8.223s] GC(92) Concurrent Mark
[8.223s] GC(92) Concurrent Mark From Roots
[8.223s] GC(92) Concurrent Mark Using 4 of 4 Workers
[8.225s] GC(92) Concurrent Mark From Roots 2.110ms
[8.225s] GC(92) Concurrent Preclean
[8.225s] GC(92) Concurrent Preclean 0.016ms
[8.225s] GC(92) Pause Remark
[8.225s] GC(92) Pause Remark 4451M->4451M(6112M) 0.505ms
[8.225s] GC(92) User=0.01s Sys=0.00s Real=0.00s
[8.225s] GC(92) Concurrent Mark 2.715ms
[8.225s] GC(92) Concurrent Rebuild Remembered Sets and Scrub Regions
[8.226s] GC(92) Concurrent Rebuild Remembered Sets and Scrub Regions 0.958ms
[8.226s] GC(92) Pause Cleanup
[8.226s] GC(92) Pause Cleanup 4451M->4451M(6112M) 0.032ms
[8.226s] GC(92) User=0.00s Sys=0.00s Real=0.00s
[8.226s] GC(92) Concurrent Clear Claimed Marks
[8.226s] GC(92) Concurrent Clear Claimed Marks 0.018ms
[8.226s] GC(92) Concurrent Cleanup for Next Mark
[8.227s] GC(92) Concurrent Cleanup for Next Mark 1.108ms
[8.228s] GC(92) Concurrent Mark Cycle 5.030ms
[10.287s] GC(93) Pause Young (Prepare Mixed) (G1 Evacuation Pause)
[10.287s] GC(93) Using 14 workers of 14 for evacuation
[10.287s] GC(93) Humongous region 121 (object size 2147483664 @ 0x00000070f4000000) remset 0 code roots 0 marked 0 pinned count 0 reclaim candidate 1 type tA
[10.290s] GC(93)   Pre Evacuate Collection Set: 0.09ms
[10.290s] GC(93)   Merge Heap Roots: 0.02ms
[10.290s] GC(93)   Evacuate Collection Set: 2.93ms
[10.290s] GC(93)   Post Evacuate Collection Set: 0.13ms
[10.290s] GC(93)   Other: 0.07ms
[10.290s] GC(93) Eden regions: 5->0(16)
[10.290s] GC(93) Survivor regions: 6->2(2)
[10.290s] GC(93) Old regions: 65->74
[10.290s] GC(93) Humongous regions: 65->65
[10.290s] GC(93) Metaspace: 11319K(11520K)->11319K(11520K) NonClass: 9130K(9216K)->9130K(9216K) Class: 2189K(2304K)->2189K(2304K)
[10.290s] GC(93) Pause Young (Prepare Mixed) (G1 Evacuation Pause) 4467M->4483M(6112M) 3.370ms
[10.290s] GC(93) User=0.04s Sys=0.00s Real=0.01s
[10.292s] GC(94) Pause Young (Mixed) (G1 Evacuation Pause)
[10.292s] GC(94) Using 14 workers of 14 for evacuation
[10.292s] GC(94) Humongous region 121 (object size 2147483664 @ 0x00000070f4000000) remset 0 code roots 0 marked 0 pinned count 0 reclaim candidate 1 type tA
[10.299s] GC(94)   Pre Evacuate Collection Set: 0.07ms
[10.299s] GC(94)   Merge Heap Roots: 0.03ms
[10.299s] GC(94)   Evacuate Collection Set: 6.24ms
[10.299s] GC(94)   Post Evacuate Collection Set: 0.32ms
[10.299s] GC(94)   Other: 0.06ms
[10.299s] GC(94) Eden regions: 16->0(11)
[10.299s] GC(94) Survivor regions: 2->3(3)
[10.299s] GC(94) Old regions: 74->89
[10.299s] GC(94) Humongous regions: 65->65
[10.299s] GC(94) Metaspace: 11319K(11520K)->11319K(11520K) NonClass: 9130K(9216K)->9130K(9216K) Class: 2189K(2304K)->2189K(2304K)
[10.299s] GC(94) Pause Young (Mixed) (G1 Evacuation Pause) 4987M->5023M(6112M) 6.816ms
[10.299s] GC(94) User=0.06s Sys=0.02s Real=0.00s
[10.300s] GC(95) Pause Young (Concurrent Start) (G1 Evacuation Pause)
[10.300s] GC(95) Using 14 workers of 14 for evacuation
[10.300s] GC(95) Humongous region 121 (object size 2147483664 @ 0x00000070f4000000) remset 0 code roots 0 marked 0 pinned count 0 reclaim candidate 1 type tA
[10.305s] GC(95)   Pre Evacuate Collection Set: 0.15ms
[10.305s] GC(95)   Merge Heap Roots: 0.05ms
[10.305s] GC(95)   Evacuate Collection Set: 4.29ms
[10.305s] GC(95)   Post Evacuate Collection Set: 0.15ms
[10.305s] GC(95)   Other: 0.06ms
[10.305s] GC(95) Eden regions: 11->0(7)
[10.305s] GC(95) Survivor regions: 3->2(2)
[10.305s] GC(95) Old regions: 89->102
[10.305s] GC(95) Humongous regions: 65->65
[10.305s] GC(95) Metaspace: 11319K(11520K)->11319K(11520K) NonClass: 9130K(9216K)->9130K(9216K) Class: 2189K(2304K)->2189K(2304K)
[10.305s] GC(95) Pause Young (Concurrent Start) (G1 Evacuation Pause) 5368M->5400M(6112M) 4.763ms
[10.305s] GC(95) User=0.04s Sys=0.01s Real=0.00s
[10.305s] GC(96) Concurrent Mark Cycle
[10.305s] GC(96) Concurrent Scan Root Regions
[10.305s] GC(96) Concurrent Scan Root Regions 0.072ms
[10.305s] GC(96) Concurrent Mark
[10.305s] GC(96) Concurrent Mark From Roots
[10.305s] GC(96) Concurrent Mark Using 4 of 4 Workers
[10.306s] GC(97) Pause Young (Normal) (G1 Evacuation Pause)
[10.306s] GC(97) Using 14 workers of 14 for evacuation
[10.306s] GC(97) Humongous region 121 (object size 2147483664 @ 0x00000070f4000000) remset 0 code roots 0 marked 1 pinned count 0 reclaim candidate 1 type tA
[10.309s] GC(97)   Pre Evacuate Collection Set: 0.10ms
[10.309s] GC(97)   Merge Heap Roots: 0.04ms
[10.309s] GC(97)   Evacuate Collection Set: 2.66ms
[10.309s] GC(97)   Post Evacuate Collection Set: 0.14ms
[10.309s] GC(97)   Other: 0.06ms
[10.309s] GC(97) Eden regions: 7->0(7)
[10.309s] GC(97) Survivor regions: 2->2(2)
[10.309s] GC(97) Old regions: 102->110
[10.309s] GC(97) Humongous regions: 65->65
[10.309s] GC(97) Metaspace: 11319K(11520K)->11319K(11520K) NonClass: 9130K(9216K)->9130K(9216K) Class: 2189K(2304K)->2189K(2304K)
[10.309s] GC(97) Pause Young (Normal) (G1 Evacuation Pause) 5616M->5647M(6112M) 3.083ms
[10.309s] GC(97) User=0.03s Sys=0.01s Real=0.01s
[10.310s] GC(96) Concurrent Mark From Roots 5.246ms
[10.310s] GC(96) Concurrent Preclean
[10.310s] GC(96) Concurrent Preclean 0.008ms
[10.310s] GC(96) Pause Remark
[10.311s] GC(96) Pause Remark 5868M->3596M(6112M) 0.636ms
[10.311s] GC(96) User=0.01s Sys=0.00s Real=0.00s
[10.311s] GC(96) Concurrent Mark 5.972ms
[10.311s] GC(96) Concurrent Rebuild Remembered Sets and Scrub Regions
[10.311s] GC(98) Pause Young (Normal) (G1 Evacuation Pause)
[10.311s] GC(98) Using 14 workers of 14 for evacuation
[10.311s] GC(98) Humongous region 121 (object size 2147483664 @ 0x00000070f4000000) remset 0 code roots 0 marked 1 pinned count 0 reclaim candidate 1 type tA
[10.314s] GC(98)   Pre Evacuate Collection Set: 0.06ms
[10.314s] GC(98)   Merge Heap Roots: 0.03ms
[10.314s] GC(98)   Evacuate Collection Set: 2.43ms
[10.314s] GC(98)   Post Evacuate Collection Set: 0.13ms
[10.314s] GC(98)   Other: 0.06ms
[10.314s] GC(98) Eden regions: 7->0(25)
[10.314s] GC(98) Survivor regions: 2->2(2)
[10.314s] GC(98) Old regions: 39->47
[10.314s] GC(98) Humongous regions: 65->65
[10.314s] GC(98) Metaspace: 11319K(11520K)->11319K(11520K) NonClass: 9130K(9216K)->9130K(9216K) Class: 2189K(2304K)->2189K(2304K)
[10.314s] GC(98) Pause Young (Normal) (G1 Evacuation Pause) 3596M->3623M(6112M) 2.782ms
[10.314s] GC(98) User=0.02s Sys=0.00s Real=0.00s
[10.314s] GC(96) Concurrent Rebuild Remembered Sets and Scrub Regions 3.541ms
[10.315s] GC(96) Pause Cleanup
[10.315s] GC(96) Pause Cleanup 3808M->3808M(6112M) 0.051ms
[10.315s] GC(96) User=0.00s Sys=0.00s Real=0.00s
[10.315s] GC(96) Concurrent Clear Claimed Marks
[10.315s] GC(96) Concurrent Clear Claimed Marks 0.012ms
[10.315s] GC(96) Concurrent Cleanup for Next Mark
[10.316s] GC(96) Concurrent Cleanup for Next Mark 1.503ms
[10.316s] GC(96) Concurrent Mark Cycle 11.242ms
[10.318s] GC(99) Pause Young (Prepare Mixed) (G1 Evacuation Pause)
[10.318s] GC(99) Using 14 workers of 14 for evacuation
[10.318s] GC(99) Humongous region 121 (object size 2147483664 @ 0x00000070f4000000) remset 0 code roots 0 marked 0 pinned count 0 reclaim candidate 1 type tA
[10.324s] GC(99)   Pre Evacuate Collection Set: 0.09ms
[10.324s] GC(99)   Merge Heap Roots: 0.06ms
[10.324s] GC(99)   Evacuate Collection Set: 6.50ms
[10.324s] GC(99)   Post Evacuate Collection Set: 0.16ms
[10.324s] GC(99)   Other: 0.07ms
[10.324s] GC(99) Eden regions: 25->0(16)
[10.324s] GC(99) Survivor regions: 2->4(4)
[10.324s] GC(99) Old regions: 47->70
[10.324s] GC(99) Humongous regions: 65->65
[10.324s] GC(99) Metaspace: 11319K(11520K)->11319K(11520K) NonClass: 9130K(9216K)->9130K(9216K) Class: 2189K(2304K)->2189K(2304K)
[10.325s] GC(99) Pause Young (Prepare Mixed) (G1 Evacuation Pause) 4423M->4440M(6112M) 6.944ms
[10.325s] GC(99) User=0.08s Sys=0.00s Real=0.01s
[12.443s] GC(100) Pause Young (Mixed) (G1 Evacuation Pause)
[12.443s] GC(100) Using 14 workers of 14 for evacuation
[12.443s] GC(100) Humongous region 121 (object size 2147483664 @ 0x00000070f4000000) remset 0 code roots 0 marked 0 pinned count 0 reclaim candidate 1 type tA
[12.447s] GC(100)   Pre Evacuate Collection Set: 0.09ms
[12.447s] GC(100)   Merge Heap Roots: 0.02ms
[12.447s] GC(100)   Evacuate Collection Set: 2.90ms
[12.447s] GC(100)   Post Evacuate Collection Set: 0.16ms
[12.447s] GC(100)   Other: 0.09ms
[12.447s] GC(100) Eden regions: 5->0(15)
[12.447s] GC(100) Survivor regions: 4->2(2)
[12.447s] GC(100) Old regions: 70->76
[12.447s] GC(100) Humongous regions: 65->65
[12.447s] GC(100) Metaspace: 11319K(11520K)->11319K(11520K) NonClass: 9130K(9216K)->9130K(9216K) Class: 2189K(2304K)->2189K(2304K)
[12.447s] GC(100) Pause Young (Mixed) (G1 Evacuation Pause) 4592M->4552M(6112M) 3.398ms
[12.447s] GC(100) User=0.03s Sys=0.00s Real=0.00s
[12.449s] GC(101) Pause Young (Normal) (G1 Evacuation Pause)
[12.449s] GC(101) Using 14 workers of 14 for evacuation
[12.449s] GC(101) Humongous region 121 (object size 2147483664 @ 0x00000070f4000000) remset 0 code roots 0 marked 0 pinned count 0 reclaim candidate 1 type tA
[12.454s] GC(101)   Pre Evacuate Collection Set: 0.06ms
[12.454s] GC(101)   Merge Heap Roots: 0.04ms
[12.454s] GC(101)   Evacuate Collection Set: 4.35ms
[12.454s] GC(101)   Post Evacuate Collection Set: 0.14ms
[12.454s] GC(101)   Other: 0.06ms
[12.454s] GC(101) Eden regions: 15->0(7)
[12.454s] GC(101) Survivor regions: 2->3(3)
[12.454s] GC(101) Old regions: 76->90
[12.454s] GC(101) Humongous regions: 65->65
[12.454s] GC(101) Metaspace: 11319K(11520K)->11319K(11520K) NonClass: 9130K(9216K)->9130K(9216K) Class: 2189K(2304K)->2189K(2304K)
[12.454s] GC(101) Pause Young (Normal) (G1 Evacuation Pause) 5024M->5032M(5824M) 4.756ms
[12.454s] GC(101) User=0.06s Sys=0.01s Real=0.00s
[12.455s] GC(102) Pause Young (Concurrent Start) (G1 Evacuation Pause)
[12.455s] GC(102) Using 14 workers of 14 for evacuation
[12.455s] GC(102) Humongous region 121 (object size 2147483664 @ 0x00000070f4000000) remset 0 code roots 0 marked 0 pinned count 0 reclaim candidate 1 type tA
[12.458s] GC(102)   Pre Evacuate Collection Set: 0.07ms
[12.458s] GC(102)   Merge Heap Roots: 0.07ms
[12.458s] GC(102)   Evacuate Collection Set: 2.82ms
[12.458s] GC(102)   Post Evacuate Collection Set: 0.13ms
[12.458s] GC(102)   Other: 0.06ms
[12.458s] GC(102) Eden regions: 7->0(7)
[12.458s] GC(102) Survivor regions: 3->2(2)
[12.458s] GC(102) Old regions: 90->99
[12.458s] GC(102) Humongous regions: 65->65
[12.458s] GC(102) Metaspace: 11319K(11520K)->11319K(11520K) NonClass: 9130K(9216K)->9130K(9216K) Class: 2189K(2304K)->2189K(2304K)
[12.458s] GC(102) Pause Young (Concurrent Start) (G1 Evacuation Pause) 5255M->5280M(5824M) 3.241ms
[12.458s] GC(102) User=0.03s Sys=0.00s Real=0.00s
[12.458s] GC(103) Concurrent Mark Cycle
[12.458s] GC(103) Concurrent Scan Root Regions
[12.458s] GC(103) Concurrent Scan Root Regions 0.102ms
[12.458s] GC(103) Concurrent Mark
[12.458s] GC(103) Concurrent Mark From Roots
[12.458s] GC(103) Concurrent Mark Using 4 of 4 Workers
[12.459s] GC(104) Pause Young (Normal) (G1 Evacuation Pause)
[12.459s] GC(104) Using 14 workers of 14 for evacuation
[12.459s] GC(104) Humongous region 121 (object size 2147483664 @ 0x00000070f4000000) remset 0 code roots 0 marked 1 pinned count 0 reclaim candidate 1 type tA
[12.462s] GC(104)   Pre Evacuate Collection Set: 0.07ms
[12.462s] GC(104)   Merge Heap Roots: 0.03ms
[12.462s] GC(104)   Evacuate Collection Set: 2.36ms
[12.462s] GC(104)   Post Evacuate Collection Set: 0.15ms
[12.462s] GC(104)   Other: 0.06ms
[12.462s] GC(104) Eden regions: 7->0(7)
[12.462s] GC(104) Survivor regions: 2->2(2)
[12.462s] GC(104) Old regions: 99->106
[12.462s] GC(104) Humongous regions: 65->65
[12.462s] GC(104) Metaspace: 11319K(11520K)->11319K(11520K) NonClass: 9130K(9216K)->9130K(9216K) Class: 2189K(2304K)->2189K(2304K)
[12.462s] GC(104) Pause Young (Normal) (G1 Evacuation Pause) 5496M->5512M(5824M) 2.744ms
[12.462s] GC(104) User=0.02s Sys=0.00s Real=0.00s
[12.463s] GC(103) Concurrent Mark From Roots 4.715ms
[12.463s] GC(103) Concurrent Preclean
[12.463s] GC(103) Concurrent Preclean 0.011ms
[12.463s] GC(103) Pause Remark
[12.463s] GC(103) Pause Remark 5688M->3352M(5824M) 0.597ms
[12.463s] GC(103) User=0.00s Sys=0.00s Real=0.00s
[12.463s] GC(103) Concurrent Mark 5.388ms
[12.463s] GC(103) Concurrent Rebuild Remembered Sets and Scrub Regions
[12.464s] GC(105) Pause Young (Normal) (G1 Evacuation Pause)
[12.464s] GC(105) Using 14 workers of 14 for evacuation
[12.464s] GC(105) Humongous region 121 (object size 2147483664 @ 0x00000070f4000000) remset 0 code roots 0 marked 1 pinned count 0 reclaim candidate 1 type tA
[12.466s] GC(105)   Pre Evacuate Collection Set: 0.06ms
[12.466s] GC(105)   Merge Heap Roots: 0.04ms
[12.466s] GC(105)   Evacuate Collection Set: 2.40ms
[12.466s] GC(105)   Post Evacuate Collection Set: 0.15ms
[12.466s] GC(105)   Other: 0.06ms
[12.466s] GC(105) Eden regions: 7->0(24)
[12.466s] GC(105) Survivor regions: 2->2(2)
[12.466s] GC(105) Old regions: 33->41
[12.466s] GC(105) Humongous regions: 65->65
[12.466s] GC(105) Metaspace: 11319K(11520K)->11319K(11520K) NonClass: 9130K(9216K)->9130K(9216K) Class: 2189K(2304K)->2189K(2304K)
[12.467s] GC(105) Pause Young (Normal) (G1 Evacuation Pause) 3392M->3416M(5824M) 2.797ms
[12.467s] GC(105) User=0.03s Sys=0.00s Real=0.00s
[12.467s] GC(103) Concurrent Rebuild Remembered Sets and Scrub Regions 3.667ms
[12.468s] GC(103) Pause Cleanup
[12.468s] GC(103) Pause Cleanup 3600M->3600M(5824M) 0.032ms
[12.468s] GC(103) User=0.00s Sys=0.01s Real=0.00s
[12.468s] GC(103) Concurrent Clear Claimed Marks
[12.468s] GC(103) Concurrent Clear Claimed Marks 0.015ms
[12.468s] GC(103) Concurrent Cleanup for Next Mark
[12.470s] GC(103) Concurrent Cleanup for Next Mark 1.524ms
[12.470s] GC(103) Concurrent Mark Cycle 12.058ms
[12.472s] GC(106) Pause Young (Prepare Mixed) (G1 Evacuation Pause)
[12.472s] GC(106) Using 14 workers of 14 for evacuation
[12.472s] GC(106) Humongous region 121 (object size 2147483664 @ 0x00000070f4000000) remset 0 code roots 0 marked 0 pinned count 0 reclaim candidate 1 type tA
[12.480s] GC(106)   Pre Evacuate Collection Set: 0.09ms
[12.480s] GC(106)   Merge Heap Roots: 0.05ms
[12.480s] GC(106)   Evacuate Collection Set: 6.53ms
[12.480s] GC(106)   Post Evacuate Collection Set: 1.14ms
[12.480s] GC(106)   Other: 0.06ms
[12.480s] GC(106) Eden regions: 24->0(62)
[12.480s] GC(106) Survivor regions: 2->4(4)
[12.480s] GC(106) Old regions: 41->65
[12.480s] GC(106) Humongous regions: 65->65
[12.480s] GC(106) Metaspace: 11319K(11520K)->11319K(11520K) NonClass: 9130K(9216K)->9130K(9216K) Class: 2189K(2304K)->2189K(2304K)
[12.480s] GC(106) Pause Young (Prepare Mixed) (G1 Evacuation Pause) 4175M->4247M(10048M) 7.944ms
[12.480s] GC(106) User=0.08s Sys=0.00s Real=0.01s
[15.667s] GC(107) Pause Full (System.gc())
[15.667s] GC(107) Using 14 workers of 14 for full compaction
[15.667s] GC(107) Phase 1: Mark live objects
[15.668s] GC(107) Phase 1: Mark live objects 1.148ms
[15.668s] GC(107) Phase 2: Prepare compaction
[15.669s] GC(107) Phase 2: Prepare compaction 0.595ms
[15.669s] GC(107) Phase 3: Adjust pointers
[15.670s] GC(107) Phase 3: Adjust pointers 1.179ms
[15.670s] GC(107) Phase 4: Compact heap
[15.671s] GC(107) Phase 4: Compact heap 0.629ms
[15.671s] GC(107) Phase 5: Reset Metadata
[15.671s] GC(107) Phase 5: Reset Metadata 0.236ms
[15.676s] GC(107) Eden regions: 12->0(110)
[15.676s] GC(107) Survivor regions: 4->0(4)
[15.676s] GC(107) Old regions: 65->3
[15.676s] GC(107) Humongous regions: 146->0
[15.676s] GC(107) Metaspace: 11319K(11520K)->11319K(11520K) NonClass: 9130K(9216K)->9130K(9216K) Class: 2189K(2304K)->2189K(2304K)
[15.676s] GC(107) Pause Full (System.gc()) 7192M->3M(10048M) 8.983ms
[15.676s] GC(107) User=0.03s Sys=0.06s Real=0.01s
[15.676s] GC(108) Pause Full (System.gc())
[15.676s] GC(108) Using 4 workers of 14 for full compaction
[15.676s] GC(108) Phase 1: Mark live objects
[15.678s] GC(108) Phase 1: Mark live objects 1.364ms
[15.678s] GC(108) Phase 2: Prepare compaction
[15.678s] GC(108) Phase 2: Prepare compaction 0.380ms
[15.678s] GC(108) Phase 3: Adjust pointers
[15.679s] GC(108) Phase 3: Adjust pointers 1.068ms
[15.679s] GC(108) Phase 4: Compact heap
[15.680s] GC(108) Phase 4: Compact heap 0.450ms
[15.680s] GC(108) Phase 5: Reset Metadata
[15.680s] GC(108) Phase 5: Reset Metadata 0.185ms
[15.681s] GC(108) Eden regions: 1->0(110)
[15.681s] GC(108) Survivor regions: 0->0(4)
[15.681s] GC(108) Old regions: 3->3
[15.681s] GC(108) Humongous regions: 0->0
[15.681s] GC(108) Metaspace: 11320K(11520K)->11320K(11520K) NonClass: 9131K(9216K)->9131K(9216K) Class: 2189K(2304K)->2189K(2304K)
[15.681s] GC(108) Pause Full (System.gc()) 13M->3M(10048M) 4.836ms
[15.681s] GC(108) User=0.02s Sys=0.00s Real=0.01s
[15.681s] GC(109) Pause Full (System.gc())
[15.681s] GC(109) Using 4 workers of 14 for full compaction
[15.681s] GC(109) Phase 1: Mark live objects
[15.683s] GC(109) Phase 1: Mark live objects 1.325ms
[15.683s] GC(109) Phase 2: Prepare compaction
[15.683s] GC(109) Phase 2: Prepare compaction 0.328ms
[15.683s] GC(109) Phase 3: Adjust pointers
[15.684s] GC(109) Phase 3: Adjust pointers 1.004ms
[15.684s] GC(109) Phase 4: Compact heap
[15.684s] GC(109) Phase 4: Compact heap 0.304ms
[15.684s] GC(109) Phase 5: Reset Metadata
[15.685s] GC(109) Phase 5: Reset Metadata 0.191ms
[15.686s] GC(109) Eden regions: 1->0(110)
[15.686s] GC(109) Survivor regions: 0->0(4)
[15.686s] GC(109) Old regions: 3->3
[15.686s] GC(109) Humongous regions: 0->0
[15.686s] GC(109) Metaspace: 11321K(11520K)->11321K(11520K) NonClass: 9131K(9216K)->9131K(9216K) Class: 2189K(2304K)->2189K(2304K)
[15.686s] GC(109) Pause Full (System.gc()) 19M->3M(10048M) 4.707ms
[15.686s] GC(109) User=0.02s Sys=0.00s Real=0.00s
[15.687s] GC(110) Pause Full (System.gc())
[15.687s] GC(110) Using 4 workers of 14 for full compaction
[15.687s] GC(110) Phase 1: Mark live objects
[15.688s] GC(110) Phase 1: Mark live objects 1.128ms
[15.688s] GC(110) Phase 2: Prepare compaction
[15.688s] GC(110) Phase 2: Prepare compaction 0.487ms
[15.688s] GC(110) Phase 3: Adjust pointers
[15.689s] GC(110) Phase 3: Adjust pointers 0.994ms
[15.689s] GC(110) Phase 4: Compact heap
[15.690s] GC(110) Phase 4: Compact heap 0.318ms
[15.690s] GC(110) Phase 5: Reset Metadata
[15.690s] GC(110) Phase 5: Reset Metadata 0.204ms
[15.691s] GC(110) Eden regions: 1->0(110)
[15.691s] GC(110) Survivor regions: 0->0(4)
[15.691s] GC(110) Old regions: 3->3
[15.691s] GC(110) Humongous regions: 0->0
[15.691s] GC(110) Metaspace: 11321K(11520K)->11321K(11520K) NonClass: 9131K(9216K)->9131K(9216K) Class: 2189K(2304K)->2189K(2304K)
[15.691s] GC(110) Pause Full (System.gc()) 19M->3M(10048M) 4.612ms
[15.691s] GC(110) User=0.02s Sys=0.00s Real=0.01s
[15.692s] GC(111) Pause Full (System.gc())
[15.692s] GC(111) Using 4 workers of 14 for full compaction
[15.692s] GC(111) Phase 1: Mark live objects
[15.693s] GC(111) Phase 1: Mark live objects 1.479ms
[15.693s] GC(111) Phase 2: Prepare compaction
[15.694s] GC(111) Phase 2: Prepare compaction 0.459ms
[15.694s] GC(111) Phase 3: Adjust pointers
[15.695s] GC(111) Phase 3: Adjust pointers 1.197ms
[15.695s] GC(111) Phase 4: Compact heap
[15.695s] GC(111) Phase 4: Compact heap 0.344ms
[15.695s] GC(111) Phase 5: Reset Metadata
[15.696s] GC(111) Phase 5: Reset Metadata 0.294ms
[15.697s] GC(111) Eden regions: 1->0(110)
[15.697s] GC(111) Survivor regions: 0->0(4)
[15.697s] GC(111) Old regions: 3->3
[15.697s] GC(111) Humongous regions: 0->0
[15.697s] GC(111) Metaspace: 11321K(11520K)->11321K(11520K) NonClass: 9131K(9216K)->9131K(9216K) Class: 2189K(2304K)->2189K(2304K)
[15.697s] GC(111) Pause Full (System.gc()) 19M->3M(10048M) 5.678ms
[15.697s] GC(111) User=0.02s Sys=0.00s Real=0.00s
[15.698s] GC(112) Pause Full (System.gc())
[15.698s] GC(112) Using 4 workers of 14 for full compaction
[15.698s] GC(112) Phase 1: Mark live objects
[15.699s] GC(112) Phase 1: Mark live objects 1.304ms
[15.699s] GC(112) Phase 2: Prepare compaction
[15.700s] GC(112) Phase 2: Prepare compaction 0.436ms
[15.700s] GC(112) Phase 3: Adjust pointers
[15.701s] GC(112) Phase 3: Adjust pointers 0.944ms
[15.701s] GC(112) Phase 4: Compact heap
[15.701s] GC(112) Phase 4: Compact heap 0.311ms
[15.701s] GC(112) Phase 5: Reset Metadata
[15.701s] GC(112) Phase 5: Reset Metadata 0.189ms
[15.702s] GC(112) Eden regions: 1->0(110)
[15.702s] GC(112) Survivor regions: 0->0(4)
[15.702s] GC(112) Old regions: 3->3
[15.702s] GC(112) Humongous regions: 0->0
[15.702s] GC(112) Metaspace: 11321K(11520K)->11321K(11520K) NonClass: 9131K(9216K)->9131K(9216K) Class: 2189K(2304K)->2189K(2304K)
[15.702s] GC(112) Pause Full (System.gc()) 19M->3M(10048M) 4.531ms
[15.702s] GC(112) User=0.02s Sys=0.00s Real=0.01s
[15.703s] GC(113) Pause Full (System.gc())
[15.703s] GC(113) Using 4 workers of 14 for full compaction
[15.703s] GC(113) Phase 1: Mark live objects
[15.704s] GC(113) Phase 1: Mark live objects 1.289ms
[15.704s] GC(113) Phase 2: Prepare compaction
[15.704s] GC(113) Phase 2: Prepare compaction 0.323ms
[15.704s] GC(113) Phase 3: Adjust pointers
[15.705s] GC(113) Phase 3: Adjust pointers 0.978ms
[15.705s] GC(113) Phase 4: Compact heap
[15.706s] GC(113) Phase 4: Compact heap 0.285ms
[15.706s] GC(113) Phase 5: Reset Metadata
[15.706s] GC(113) Phase 5: Reset Metadata 0.190ms
[15.707s] GC(113) Eden regions: 1->0(110)
[15.707s] GC(113) Survivor regions: 0->0(4)
[15.707s] GC(113) Old regions: 3->3
[15.707s] GC(113) Humongous regions: 0->0
[15.707s] GC(113) Metaspace: 11321K(11520K)->11321K(11520K) NonClass: 9131K(9216K)->9131K(9216K) Class: 2189K(2304K)->2189K(2304K)
[15.707s] GC(113) Pause Full (System.gc()) 19M->3M(10048M) 4.313ms
[15.707s] GC(113) User=0.02s Sys=0.00s Real=0.00s
[15.708s] GC(114) Pause Full (System.gc())
[15.708s] GC(114) Using 4 workers of 14 for full compaction
[15.708s] GC(114) Phase 1: Mark live objects
[15.709s] GC(114) Phase 1: Mark live objects 1.150ms
[15.709s] GC(114) Phase 2: Prepare compaction
[15.709s] GC(114) Phase 2: Prepare compaction 0.322ms
[15.709s] GC(114) Phase 3: Adjust pointers
[15.710s] GC(114) Phase 3: Adjust pointers 0.882ms
[15.710s] GC(114) Phase 4: Compact heap
[15.710s] GC(114) Phase 4: Compact heap 0.311ms
[15.710s] GC(114) Phase 5: Reset Metadata
[15.711s] GC(114) Phase 5: Reset Metadata 0.193ms
[15.712s] GC(114) Eden regions: 1->0(110)
[15.712s] GC(114) Survivor regions: 0->0(4)
[15.712s] GC(114) Old regions: 3->3
[15.712s] GC(114) Humongous regions: 0->0
[15.712s] GC(114) Metaspace: 11321K(11520K)->11321K(11520K) NonClass: 9131K(9216K)->9131K(9216K) Class: 2189K(2304K)->2189K(2304K)
[15.712s] GC(114) Pause Full (System.gc()) 19M->3M(10048M) 4.092ms
[15.712s] GC(114) User=0.02s Sys=0.01s Real=0.01s
[15.713s] GC(115) Pause Full (System.gc())
[15.713s] GC(115) Using 4 workers of 14 for full compaction
[15.713s] GC(115) Phase 1: Mark live objects
[15.715s] GC(115) Phase 1: Mark live objects 1.305ms
[15.715s] GC(115) Phase 2: Prepare compaction
[15.715s] GC(115) Phase 2: Prepare compaction 0.324ms
[15.715s] GC(115) Phase 3: Adjust pointers
[15.716s] GC(115) Phase 3: Adjust pointers 0.936ms
[15.716s] GC(115) Phase 4: Compact heap
[15.716s] GC(115) Phase 4: Compact heap 0.303ms
[15.716s] GC(115) Phase 5: Reset Metadata
[15.716s] GC(115) Phase 5: Reset Metadata 0.188ms
[15.718s] GC(115) Eden regions: 1->0(110)
[15.718s] GC(115) Survivor regions: 0->0(4)
[15.718s] GC(115) Old regions: 3->3
[15.718s] GC(115) Humongous regions: 0->0
[15.718s] GC(115) Metaspace: 11327K(11584K)->11327K(11584K) NonClass: 9137K(9280K)->9137K(9280K) Class: 2189K(2304K)->2189K(2304K)
[15.718s] GC(115) Pause Full (System.gc()) 19M->4M(10048M) 4.380ms
[15.718s] GC(115) User=0.03s Sys=0.00s Real=0.00s
[15.720s] GC(116) Pause Full (System.gc())
[15.720s] GC(116) Using 4 workers of 14 for full compaction
[15.720s] GC(116) Phase 1: Mark live objects
[15.721s] GC(116) Phase 1: Mark live objects 1.217ms
[15.721s] GC(116) Phase 2: Prepare compaction
[15.722s] GC(116) Phase 2: Prepare compaction 0.317ms
[15.722s] GC(116) Phase 3: Adjust pointers
[15.723s] GC(116) Phase 3: Adjust pointers 1.046ms
[15.723s] GC(116) Phase 4: Compact heap
[15.723s] GC(116) Phase 4: Compact heap 0.299ms
[15.723s] GC(116) Phase 5: Reset Metadata
[15.723s] GC(116) Phase 5: Reset Metadata 0.185ms
[15.724s] GC(116) Eden regions: 1->0(110)
[15.724s] GC(116) Survivor regions: 0->0(4)
[15.724s] GC(116) Old regions: 3->3
[15.724s] GC(116) Humongous regions: 0->0
[15.724s] GC(116) Metaspace: 11328K(11584K)->11328K(11584K) NonClass: 9139K(9280K)->9139K(9280K) Class: 2189K(2304K)->2189K(2304K)
[15.724s] GC(116) Pause Full (System.gc()) 20M->5M(10048M) 4.447ms
[15.724s] GC(116) User=0.02s Sys=0.00s Real=0.00s
[15.729s] GC(117) Pause Full (System.gc())
[15.729s] GC(117) Using 4 workers of 14 for full compaction
[15.729s] GC(117) Phase 1: Mark live objects
[15.730s] GC(117) Phase 1: Mark live objects 1.287ms
[15.730s] GC(117) Phase 2: Prepare compaction
[15.730s] GC(117) Phase 2: Prepare compaction 0.330ms
[15.730s] GC(117) Phase 3: Adjust pointers
[15.731s] GC(117) Phase 3: Adjust pointers 0.966ms
[15.731s] GC(117) Phase 4: Compact heap
[15.732s] GC(117) Phase 4: Compact heap 0.293ms
[15.732s] GC(117) Phase 5: Reset Metadata
[15.732s] GC(117) Phase 5: Reset Metadata 0.190ms
[15.733s] GC(117) Eden regions: 1->0(110)
[15.733s] GC(117) Survivor regions: 0->0(4)
[15.733s] GC(117) Old regions: 3->3
[15.733s] GC(117) Humongous regions: 0->0
[15.733s] GC(117) Metaspace: 11328K(11584K)->11328K(11584K) NonClass: 9139K(9280K)->9139K(9280K) Class: 2189K(2304K)->2189K(2304K)
[15.733s] GC(117) Pause Full (System.gc()) 21M->7M(10048M) 4.406ms
[15.733s] GC(117) User=0.03s Sys=0.00s Real=0.01s
[15.742s] GC(118) Pause Full (System.gc())
[15.742s] GC(118) Using 4 workers of 14 for full compaction
[15.742s] GC(118) Phase 1: Mark live objects
[15.743s] GC(118) Phase 1: Mark live objects 1.236ms
[15.743s] GC(118) Phase 2: Prepare compaction
[15.743s] GC(118) Phase 2: Prepare compaction 0.323ms
[15.743s] GC(118) Phase 3: Adjust pointers
[15.745s] GC(118) Phase 3: Adjust pointers 1.068ms
[15.745s] GC(118) Phase 4: Compact heap
[15.745s] GC(118) Phase 4: Compact heap 0.348ms
[15.745s] GC(118) Phase 5: Reset Metadata
[15.745s] GC(118) Phase 5: Reset Metadata 0.186ms
[15.746s] GC(118) Eden regions: 1->0(110)
[15.746s] GC(118) Survivor regions: 0->0(4)
[15.746s] GC(118) Old regions: 3->3
[15.746s] GC(118) Humongous regions: 0->0
[15.746s] GC(118) Metaspace: 11328K(11584K)->11328K(11584K) NonClass: 9139K(9280K)->9139K(9280K) Class: 2189K(2304K)->2189K(2304K)
[15.746s] GC(118) Pause Full (System.gc()) 31M->11M(10048M) 4.511ms
[15.746s] GC(118) User=0.03s Sys=0.00s Real=0.00s
[15.763s] GC(119) Pause Full (System.gc())
[15.763s] GC(119) Using 5 workers of 14 for full compaction
[15.764s] GC(119) Phase 1: Mark live objects
[15.765s] GC(119) Phase 1: Mark live objects 1.210ms
[15.765s] GC(119) Phase 2: Prepare compaction
[15.765s] GC(119) Phase 2: Prepare compaction 0.320ms
[15.765s] GC(119) Phase 3: Adjust pointers
[15.766s] GC(119) Phase 3: Adjust pointers 1.000ms
[15.766s] GC(119) Phase 4: Compact heap
[15.766s] GC(119) Phase 4: Compact heap 0.297ms
[15.766s] GC(119) Phase 5: Reset Metadata
[15.767s] GC(119) Phase 5: Reset Metadata 0.193ms
[15.768s] GC(119) Eden regions: 1->0(110)
[15.768s] GC(119) Survivor regions: 0->0(4)
[15.768s] GC(119) Old regions: 3->3
[15.768s] GC(119) Humongous regions: 1->1
[15.768s] GC(119) Metaspace: 11328K(11584K)->11328K(11584K) NonClass: 9139K(9280K)->9139K(9280K) Class: 2189K(2304K)->2189K(2304K)
[15.768s] GC(119) Pause Full (System.gc()) 75M->35M(10048M) 4.398ms
[15.768s] GC(119) User=0.02s Sys=0.00s Real=0.00s
[15.802s] GC(120) Pause Full (System.gc())
[15.802s] GC(120) Using 8 workers of 14 for full compaction
[15.802s] GC(120) Phase 1: Mark live objects
[15.803s] GC(120) Phase 1: Mark live objects 1.504ms
[15.803s] GC(120) Phase 2: Prepare compaction
[15.804s] GC(120) Phase 2: Prepare compaction 0.326ms
[15.804s] GC(120) Phase 3: Adjust pointers
[15.805s] GC(120) Phase 3: Adjust pointers 0.989ms
[15.805s] GC(120) Phase 4: Compact heap
[15.805s] GC(120) Phase 4: Compact heap 0.286ms
[15.805s] GC(120) Phase 5: Reset Metadata
[15.805s] GC(120) Phase 5: Reset Metadata 0.193ms
[15.806s] GC(120) Eden regions: 2->0(109)
[15.806s] GC(120) Survivor regions: 0->0(4)
[15.806s] GC(120) Old regions: 3->3
[15.806s] GC(120) Humongous regions: 3->2
[15.806s] GC(120) Metaspace: 11328K(11584K)->11328K(11584K) NonClass: 9139K(9280K)->9139K(9280K) Class: 2189K(2304K)->2189K(2304K)
[15.806s] GC(120) Pause Full (System.gc()) 163M->67M(10048M) 4.679ms
[15.806s] GC(120) User=0.02s Sys=0.00s Real=0.00s
[15.873s] GC(121) Pause Full (System.gc())
[15.874s] GC(121) Using 12 workers of 14 for full compaction
[15.874s] GC(121) Phase 1: Mark live objects
[15.875s] GC(121) Phase 1: Mark live objects 1.122ms
[15.875s] GC(121) Phase 2: Prepare compaction
[15.875s] GC(121) Phase 2: Prepare compaction 0.323ms
[15.875s] GC(121) Phase 3: Adjust pointers
[15.876s] GC(121) Phase 3: Adjust pointers 0.900ms
[15.876s] GC(121) Phase 4: Compact heap
[15.876s] GC(121) Phase 4: Compact heap 0.302ms
[15.876s] GC(121) Phase 5: Reset Metadata
[15.876s] GC(121) Phase 5: Reset Metadata 0.190ms
[15.878s] GC(121) Eden regions: 4->0(109)
[15.878s] GC(121) Survivor regions: 0->0(4)
[15.878s] GC(121) Old regions: 3->3
[15.878s] GC(121) Humongous regions: 5->3
[15.878s] GC(121) Metaspace: 11329K(11584K)->11329K(11584K) NonClass: 9140K(9280K)->9140K(9280K) Class: 2189K(2304K)->2189K(2304K)
[15.878s] GC(121) Pause Full (System.gc()) 275M->99M(10048M) 4.178ms
[15.878s] GC(121) User=0.02s Sys=0.01s Real=0.00s
[16.011s] GC(122) Pause Full (System.gc())
[16.011s] GC(122) Using 14 workers of 14 for full compaction
[16.011s] GC(122) Phase 1: Mark live objects
[16.013s] GC(122) Phase 1: Mark live objects 1.171ms
[16.013s] GC(122) Phase 2: Prepare compaction
[16.013s] GC(122) Phase 2: Prepare compaction 0.364ms
[16.013s] GC(122) Phase 3: Adjust pointers
[16.014s] GC(122) Phase 3: Adjust pointers 0.880ms
[16.014s] GC(122) Phase 4: Compact heap
[16.014s] GC(122) Phase 4: Compact heap 0.320ms
[16.014s] GC(122) Phase 5: Reset Metadata
[16.014s] GC(122) Phase 5: Reset Metadata 0.183ms
[16.016s] GC(122) Eden regions: 7->0(108)
[16.016s] GC(122) Survivor regions: 0->0(4)
[16.016s] GC(122) Old regions: 3->3
[16.016s] GC(122) Humongous regions: 8->5
[16.016s] GC(122) Metaspace: 11329K(11584K)->11329K(11584K) NonClass: 9140K(9280K)->9140K(9280K) Class: 2189K(2304K)->2189K(2304K)
[16.016s] GC(122) Pause Full (System.gc()) 467M->163M(10048M) 4.315ms
[16.016s] GC(122) User=0.03s Sys=0.00s Real=0.00s
[16.380s] GC(123) Pause Full (System.gc())
[16.380s] GC(123) Using 14 workers of 14 for full compaction
[16.380s] GC(123) Phase 1: Mark live objects
[16.381s] GC(123) Phase 1: Mark live objects 1.058ms
[16.381s] GC(123) Phase 2: Prepare compaction
[16.382s] GC(123) Phase 2: Prepare compaction 0.356ms
[16.382s] GC(123) Phase 3: Adjust pointers
[16.383s] GC(123) Phase 3: Adjust pointers 0.973ms
[16.383s] GC(123) Phase 4: Compact heap
[16.383s] GC(123) Phase 4: Compact heap 0.295ms
[16.383s] GC(123) Phase 5: Reset Metadata
[16.383s] GC(123) Phase 5: Reset Metadata 0.180ms
[16.384s] GC(123) Eden regions: 13->0(107)
[16.384s] GC(123) Survivor regions: 0->0(4)
[16.384s] GC(123) Old regions: 3->3
[16.384s] GC(123) Humongous regions: 19->9
[16.384s] GC(123) Metaspace: 11329K(11584K)->11329K(11584K) NonClass: 9140K(9280K)->9140K(9280K) Class: 2189K(2304K)->2189K(2304K)
[16.384s] GC(123) Pause Full (System.gc()) 997M->291M(10048M) 4.256ms
[16.384s] GC(123) User=0.02s Sys=0.00s Real=0.00s
[17.148s] GC(124) Pause Full (System.gc())
[17.148s] GC(124) Using 14 workers of 14 for full compaction
[17.148s] GC(124) Phase 1: Mark live objects
[17.149s] GC(124) Phase 1: Mark live objects 1.123ms
[17.149s] GC(124) Phase 2: Prepare compaction
[17.149s] GC(124) Phase 2: Prepare compaction 0.386ms
[17.149s] GC(124) Phase 3: Adjust pointers
[17.150s] GC(124) Phase 3: Adjust pointers 0.983ms
[17.150s] GC(124) Phase 4: Compact heap
[17.151s] GC(124) Phase 4: Compact heap 0.329ms
[17.151s] GC(124) Phase 5: Reset Metadata
[17.151s] GC(124) Phase 5: Reset Metadata 0.193ms
[17.152s] GC(124) Eden regions: 25->0(104)
[17.152s] GC(124) Survivor regions: 0->0(4)
[17.152s] GC(124) Old regions: 3->3
[17.152s] GC(124) Humongous regions: 35->17
[17.152s] GC(124) Metaspace: 11329K(11584K)->11329K(11584K) NonClass: 9140K(9280K)->9140K(9280K) Class: 2189K(2304K)->2189K(2304K)
[17.152s] GC(124) Pause Full (System.gc()) 1901M->547M(10048M) 4.425ms
[17.152s] GC(124) User=0.02s Sys=0.01s Real=0.01s
[18.064s] GC(125) Pause Young (Normal) (G1 Evacuation Pause)
[18.064s] GC(125) Using 14 workers of 14 for evacuation
[18.064s] GC(125) Humongous region 23 (object size 536870928 @ 0x0000007030000000) remset 0 code roots 0 marked 0 pinned count 0 reclaim candidate 0 type tA
[18.065s] GC(125)   Pre Evacuate Collection Set: 0.11ms
[18.065s] GC(125)   Merge Heap Roots: 0.03ms
[18.065s] GC(125)   Evacuate Collection Set: 1.05ms
[18.065s] GC(125)   Post Evacuate Collection Set: 0.17ms
[18.065s] GC(125)   Other: 0.06ms
[18.065s] GC(125) Eden regions: 33->0(112)
[18.065s] GC(125) Survivor regions: 0->1(5)
[18.065s] GC(125) Old regions: 3->3
[18.065s] GC(125) Humongous regions: 17->17
[18.065s] GC(125) Metaspace: 11329K(11584K)->11329K(11584K) NonClass: 9140K(9280K)->9140K(9280K) Class: 2189K(2304K)->2189K(2304K)
[18.065s] GC(125) Pause Young (Normal) (G1 Evacuation Pause) 1601M->557M(10048M) 1.503ms
[18.065s] GC(125) User=0.01s Sys=0.00s Real=0.00s
[18.789s] GC(126) Pause Full (System.gc())
[18.789s] GC(126) Using 14 workers of 14 for full compaction
[18.789s] GC(126) Phase 1: Mark live objects
[18.790s] GC(126) Phase 1: Mark live objects 1.261ms
[18.790s] GC(126) Phase 2: Prepare compaction
[18.791s] GC(126) Phase 2: Prepare compaction 0.389ms
[18.791s] GC(126) Phase 3: Adjust pointers
[18.792s] GC(126) Phase 3: Adjust pointers 0.999ms
[18.792s] GC(126) Phase 4: Compact heap
[18.792s] GC(126) Phase 4: Compact heap 0.338ms
[18.792s] GC(126) Phase 5: Reset Metadata
[18.792s] GC(126) Phase 5: Reset Metadata 0.183ms
[18.794s] GC(126) Eden regions: 17->0(106)
[18.794s] GC(126) Survivor regions: 1->0(5)
[18.794s] GC(126) Old regions: 3->3
[18.794s] GC(126) Humongous regions: 70->33
[18.794s] GC(126) Metaspace: 11330K(11584K)->11330K(11584K) NonClass: 9141K(9280K)->9141K(9280K) Class: 2189K(2304K)->2189K(2304K)
[18.794s] GC(126) Pause Full (System.gc()) 2765M->1059M(10048M) 4.662ms
[18.794s] GC(126) User=0.02s Sys=0.00s Real=0.00s
[19.910s] GC(127) Pause Young (Normal) (G1 Evacuation Pause)
[19.910s] GC(127) Using 14 workers of 14 for evacuation
[19.910s] GC(127) Humongous region 43 (object size 1073741840 @ 0x0000007058000000) remset 0 code roots 0 marked 0 pinned count 0 reclaim candidate 0 type tA
[19.911s] GC(127)   Pre Evacuate Collection Set: 0.09ms
[19.911s] GC(127)   Merge Heap Roots: 0.03ms
[19.911s] GC(127)   Evacuate Collection Set: 0.94ms
[19.911s] GC(127)   Post Evacuate Collection Set: 0.16ms
[19.911s] GC(127)   Other: 0.07ms
[19.911s] GC(127) Eden regions: 34->0(121)
[19.911s] GC(127) Survivor regions: 0->1(5)
[19.911s] GC(127) Old regions: 3->3
[19.911s] GC(127) Humongous regions: 33->33
[19.911s] GC(127) Metaspace: 11330K(11584K)->11330K(11584K) NonClass: 9141K(9280K)->9141K(9280K) Class: 2189K(2304K)->2189K(2304K)
[19.911s] GC(127) Pause Young (Normal) (G1 Evacuation Pause) 2143M->1075M(10048M) 1.379ms
[19.911s] GC(127) User=0.01s Sys=0.00s Real=0.00s
[22.290s] GC(128) Pause Full (System.gc())
[22.290s] GC(128) Using 14 workers of 14 for full compaction
[22.290s] GC(128) Phase 1: Mark live objects
[22.291s] GC(128) Phase 1: Mark live objects 1.152ms
[22.291s] GC(128) Phase 2: Prepare compaction
[22.291s] GC(128) Phase 2: Prepare compaction 0.435ms
[22.291s] GC(128) Phase 3: Adjust pointers
[22.292s] GC(128) Phase 3: Adjust pointers 1.038ms
[22.292s] GC(128) Phase 4: Compact heap
[22.293s] GC(128) Phase 4: Compact heap 0.388ms
[22.293s] GC(128) Phase 5: Reset Metadata
[22.293s] GC(128) Phase 5: Reset Metadata 0.238ms
[22.294s] GC(128) Eden regions: 66->0(107)
[22.294s] GC(128) Survivor regions: 1->0(5)
[22.294s] GC(128) Old regions: 3->3
[22.294s] GC(128) Humongous regions: 138->65
[22.294s] GC(128) Metaspace: 11330K(11584K)->11330K(11584K) NonClass: 9141K(9280K)->9141K(9280K) Class: 2189K(2304K)->2189K(2304K)
[22.294s] GC(128) Pause Full (System.gc()) 6535M->2083M(10048M) 4.736ms
[22.294s] GC(128) User=0.03s Sys=0.01s Real=0.00s
[24.977s] GC(129) Pause Young (Normal) (G1 Evacuation Pause)
[24.977s] GC(129) Using 14 workers of 14 for evacuation
[24.977s] GC(129) Humongous region 78 (object size 2147483664 @ 0x000000709e000000) remset 0 code roots 0 marked 0 pinned count 0 reclaim candidate 0 type tA
[24.978s] GC(129)   Pre Evacuate Collection Set: 0.08ms
[24.978s] GC(129)   Merge Heap Roots: 0.03ms
[24.978s] GC(129)   Evacuate Collection Set: 0.37ms
[24.978s] GC(129)   Post Evacuate Collection Set: 0.17ms
[24.978s] GC(129)   Other: 0.07ms
[24.978s] GC(129) Eden regions: 70->0(187)
[24.978s] GC(129) Survivor regions: 0->1(9)
[24.978s] GC(129) Old regions: 3->3
[24.978s] GC(129) Humongous regions: 65->65
[24.978s] GC(129) Metaspace: 11330K(11584K)->11330K(11584K) NonClass: 9141K(9280K)->9141K(9280K) Class: 2189K(2304K)->2189K(2304K)
[24.978s] GC(129) Pause Young (Normal) (G1 Evacuation Pause) 4315M->2083M(10048M) 0.812ms
[24.978s] GC(129) User=0.00s Sys=0.00s Real=0.00s
[26.817s] GC(130) Pause Young (Normal) (G1 Evacuation Pause)
[26.817s] GC(130) Using 14 workers of 14 for evacuation
[26.817s] GC(130) Humongous region 78 (object size 2147483664 @ 0x000000709e000000) remset 0 code roots 0 marked 0 pinned count 0 reclaim candidate 0 type tA
[26.818s] GC(130)   Pre Evacuate Collection Set: 0.10ms
[26.818s] GC(130)   Merge Heap Roots: 0.04ms
[26.818s] GC(130)   Evacuate Collection Set: 0.26ms
[26.818s] GC(130)   Post Evacuate Collection Set: 0.14ms
[26.818s] GC(130)   Other: 0.06ms
[26.818s] GC(130) Eden regions: 70->0(187)
[26.818s] GC(130) Survivor regions: 1->1(9)
[26.818s] GC(130) Old regions: 3->3
[26.818s] GC(130) Humongous regions: 65->65
[26.818s] GC(130) Metaspace: 11330K(11584K)->11330K(11584K) NonClass: 9141K(9280K)->9141K(9280K) Class: 2189K(2304K)->2189K(2304K)
[26.818s] GC(130) Pause Young (Normal) (G1 Evacuation Pause) 4315M->2083M(10048M) 0.685ms
[26.818s] GC(130) User=0.00s Sys=0.00s Real=0.00s
[28.659s] GC(131) Pause Young (Concurrent Start) (G1 Humongous Allocation)
[28.659s] GC(131) Using 14 workers of 14 for evacuation
[28.659s] GC(131) Humongous region 4 (object size 67130504 @ 0x000000700a000000) remset 0 code roots 0 marked 0 pinned count 0 reclaim candidate 1 type tA
[28.659s] GC(131) Humongous region 38 (object size 67077536 @ 0x000000704e000000) remset 0 code roots 0 marked 0 pinned count 0 reclaim candidate 1 type tA
[28.659s] GC(131) Humongous region 78 (object size 2147483664 @ 0x000000709e000000) remset 0 code roots 0 marked 0 pinned count 0 reclaim candidate 0 type tA
[28.659s] GC(131) Humongous region 7 (object size 67126128 @ 0x0000007010000000) remset 0 code roots 0 marked 0 pinned count 0 reclaim candidate 1 type tA
[28.659s] GC(131) Humongous region 10 (object size 67093488 @ 0x0000007016000000) remset 0 code roots 0 marked 0 pinned count 0 reclaim candidate 1 type tA
[28.659s] GC(131) Humongous region 14 (object size 67116648 @ 0x000000701e000000) remset 0 code roots 0 marked 0 pinned count 0 reclaim candidate 1 type tA
[28.659s] GC(131) Humongous region 12 (object size 67096680 @ 0x000000701a000000) remset 0 code roots 0 marked 0 pinned count 0 reclaim candidate 1 type tA
[28.659s] GC(131) Humongous region 20 (object size 67107528 @ 0x000000702a000000) remset 0 code roots 0 marked 0 pinned count 0 reclaim candidate 1 type tA
[28.659s] GC(131) Humongous region 28 (object size 67102240 @ 0x000000703a000000) remset 0 code roots 0 marked 0 pinned count 0 reclaim candidate 1 type tA
[28.659s] GC(131) Humongous region 30 (object size 67105096 @ 0x000000703e000000) remset 0 code roots 0 marked 0 pinned count 0 reclaim candidate 1 type tA
[28.659s] GC(131) Humongous region 32 (object size 67119448 @ 0x0000007042000000) remset 0 code roots 0 marked 0 pinned count 0 reclaim candidate 1 type tA
[28.659s] GC(131) Humongous region 35 (object size 67133936 @ 0x0000007048000000) remset 0 code roots 0 marked 0 pinned count 0 reclaim candidate 1 type tA
[28.659s] GC(131) Humongous region 22 (object size 67119632 @ 0x000000702e000000) remset 0 code roots 0 marked 0 pinned count 0 reclaim candidate 1 type tA
[28.659s] GC(131) Humongous region 17 (object size 67120720 @ 0x0000007024000000) remset 0 code roots 0 marked 0 pinned count 0 reclaim candidate 1 type tA
[28.659s] GC(131) Humongous region 25 (object size 67110104 @ 0x0000007034000000) remset 0 code roots 0 marked 0 pinned count 0 reclaim candidate 1 type tA
[28.660s] GC(131)   Pre Evacuate Collection Set: 0.20ms
[28.660s] GC(131)   Merge Heap Roots: 0.04ms
[28.660s] GC(131)   Evacuate Collection Set: 0.37ms
[28.660s] GC(131)   Post Evacuate Collection Set: 0.16ms
[28.660s] GC(131)   Other: 0.06ms
[28.660s] GC(131) Eden regions: 70->0(34)
[28.660s] GC(131) Survivor regions: 1->1(9)
[28.660s] GC(131) Old regions: 3->3
[28.660s] GC(131) Humongous regions: 101->101
[28.660s] GC(131) Metaspace: 11330K(11584K)->11330K(11584K) NonClass: 9141K(9280K)->9141K(9280K) Class: 2189K(2304K)->2189K(2304K)
[28.660s] GC(131) Pause Young (Concurrent Start) (G1 Humongous Allocation) 5467M->3235M(10048M) 0.935ms
[28.660s] GC(131) User=0.01s Sys=0.00s Real=0.01s
[28.660s] GC(132) Concurrent Mark Cycle
[28.660s] GC(132) Concurrent Scan Root Regions
[28.660s] GC(132) Concurrent Scan Root Regions 0.066ms
[28.660s] GC(132) Concurrent Mark
[28.660s] GC(132) Concurrent Mark From Roots
[28.660s] GC(132) Concurrent Mark Using 4 of 4 Workers
[28.662s] GC(132) Concurrent Mark From Roots 1.679ms
[28.662s] GC(132) Concurrent Preclean
[28.662s] GC(132) Concurrent Preclean 0.008ms
[28.662s] GC(132) Pause Remark
[28.662s] GC(132) Pause Remark 3763M->3763M(10048M) 0.676ms
[28.662s] GC(132) User=0.01s Sys=0.00s Real=0.00s
[28.662s] GC(132) Concurrent Mark 2.468ms
[28.662s] GC(132) Concurrent Rebuild Remembered Sets and Scrub Regions
[28.663s] GC(132) Concurrent Rebuild Remembered Sets and Scrub Regions 0.666ms
[28.663s] GC(132) Pause Cleanup
[28.663s] GC(132) Pause Cleanup 3955M->3955M(10048M) 0.028ms
[28.663s] GC(132) User=0.00s Sys=0.00s Real=0.00s
[28.663s] GC(132) Concurrent Clear Claimed Marks
[28.663s] GC(132) Concurrent Clear Claimed Marks 0.009ms
[28.663s] GC(132) Concurrent Cleanup for Next Mark
[28.666s] GC(132) Concurrent Cleanup for Next Mark 3.138ms
[28.667s] GC(132) Concurrent Mark Cycle 6.669ms
[29.829s] GC(133) Pause Full (System.gc())
[29.829s] GC(133) Using 14 workers of 14 for full compaction
[29.829s] GC(133) Phase 1: Mark live objects
[29.830s] GC(133) Phase 1: Mark live objects 1.102ms
[29.830s] GC(133) Phase 2: Prepare compaction
[29.830s] GC(133) Phase 2: Prepare compaction 0.351ms
[29.830s] GC(133) Phase 3: Adjust pointers
[29.831s] GC(133) Phase 3: Adjust pointers 0.937ms
[29.831s] GC(133) Phase 4: Compact heap
[29.831s] GC(133) Phase 4: Compact heap 0.285ms
[29.831s] GC(133) Phase 5: Reset Metadata
[29.832s] GC(133) Phase 5: Reset Metadata 0.191ms
[29.833s] GC(133) Eden regions: 1->0(34)
[29.833s] GC(133) Survivor regions: 1->0(9)
[29.833s] GC(133) Old regions: 3->4
[29.833s] GC(133) Humongous regions: 145->0
[29.833s] GC(133) Metaspace: 11331K(11584K)->11331K(11584K) NonClass: 9141K(9280K)->9141K(9280K) Class: 2189K(2304K)->2189K(2304K)
[29.833s] GC(133) Pause Full (System.gc()) 4659M->3M(10048M) 4.298ms
[29.833s] GC(133) User=0.03s Sys=0.01s Real=0.01s
[29.833s] GC(134) Pause Full (System.gc())
[29.833s] GC(134) Using 5 workers of 14 for full compaction
[29.833s] GC(134) Phase 1: Mark live objects
[29.834s] GC(134) Phase 1: Mark live objects 1.017ms
[29.834s] GC(134) Phase 2: Prepare compaction
[29.835s] GC(134) Phase 2: Prepare compaction 0.318ms
[29.835s] GC(134) Phase 3: Adjust pointers
[29.836s] GC(134) Phase 3: Adjust pointers 1.006ms
[29.836s] GC(134) Phase 4: Compact heap
[29.836s] GC(134) Phase 4: Compact heap 0.298ms
[29.836s] GC(134) Phase 5: Reset Metadata
[29.836s] GC(134) Phase 5: Reset Metadata 0.200ms
[29.837s] GC(134) Eden regions: 1->0(34)
[29.837s] GC(134) Survivor regions: 0->0(9)
[29.837s] GC(134) Old regions: 4->3
[29.837s] GC(134) Humongous regions: 0->0
[29.837s] GC(134) Metaspace: 11332K(11584K)->11332K(11584K) NonClass: 9143K(9280K)->9143K(9280K) Class: 2189K(2304K)->2189K(2304K)
[29.837s] GC(134) Pause Full (System.gc()) 13M->3M(10048M) 4.233ms
[29.837s] GC(134) User=0.02s Sys=0.00s Real=0.00s
[29.838s] GC(135) Pause Full (System.gc())
[29.838s] GC(135) Using 4 workers of 14 for full compaction
[29.838s] GC(135) Phase 1: Mark live objects
[29.839s] GC(135) Phase 1: Mark live objects 1.212ms
[29.839s] GC(135) Phase 2: Prepare compaction
[29.839s] GC(135) Phase 2: Prepare compaction 0.325ms
[29.839s] GC(135) Phase 3: Adjust pointers
[29.840s] GC(135) Phase 3: Adjust pointers 0.943ms
[29.840s] GC(135) Phase 4: Compact heap
[29.841s] GC(135) Phase 4: Compact heap 0.297ms
[29.841s] GC(135) Phase 5: Reset Metadata
[29.841s] GC(135) Phase 5: Reset Metadata 0.188ms
[29.842s] GC(135) Eden regions: 1->0(34)
[29.842s] GC(135) Survivor regions: 0->0(9)
[29.842s] GC(135) Old regions: 3->3
[29.842s] GC(135) Humongous regions: 0->0
[29.842s] GC(135) Metaspace: 11336K(11584K)->11336K(11584K) NonClass: 9146K(9280K)->9146K(9280K) Class: 2189K(2304K)->2189K(2304K)
[29.842s] GC(135) Pause Full (System.gc()) 19M->3M(10048M) 4.299ms
[29.842s] GC(135) User=0.02s Sys=0.00s Real=0.01s
[29.842s] GC(136) Pause Full (System.gc())
[29.842s] GC(136) Using 4 workers of 14 for full compaction
[29.842s] GC(136) Phase 1: Mark live objects
[29.843s] GC(136) Phase 1: Mark live objects 1.039ms
[29.843s] GC(136) Phase 2: Prepare compaction
[29.844s] GC(136) Phase 2: Prepare compaction 0.313ms
[29.844s] GC(136) Phase 3: Adjust pointers
[29.845s] GC(136) Phase 3: Adjust pointers 0.895ms
[29.845s] GC(136) Phase 4: Compact heap
[29.845s] GC(136) Phase 4: Compact heap 0.299ms
[29.845s] GC(136) Phase 5: Reset Metadata
[29.845s] GC(136) Phase 5: Reset Metadata 0.182ms
[29.846s] GC(136) Eden regions: 1->0(34)
[29.846s] GC(136) Survivor regions: 0->0(9)
[29.846s] GC(136) Old regions: 3->3
[29.846s] GC(136) Humongous regions: 0->0
[29.846s] GC(136) Metaspace: 11336K(11584K)->11336K(11584K) NonClass: 9146K(9280K)->9146K(9280K) Class: 2189K(2304K)->2189K(2304K)
[29.846s] GC(136) Pause Full (System.gc()) 19M->3M(10048M) 4.054ms
[29.846s] GC(136) User=0.02s Sys=0.00s Real=0.00s
[29.847s] GC(137) Pause Full (System.gc())
[29.847s] GC(137) Using 4 workers of 14 for full compaction
[29.847s] GC(137) Phase 1: Mark live objects
[29.848s] GC(137) Phase 1: Mark live objects 1.092ms
[29.848s] GC(137) Phase 2: Prepare compaction
[29.848s] GC(137) Phase 2: Prepare compaction 0.322ms
[29.848s] GC(137) Phase 3: Adjust pointers
[29.849s] GC(137) Phase 3: Adjust pointers 0.856ms
[29.849s] GC(137) Phase 4: Compact heap
[29.849s] GC(137) Phase 4: Compact heap 0.298ms
[29.849s] GC(137) Phase 5: Reset Metadata
[29.850s] GC(137) Phase 5: Reset Metadata 0.198ms
[29.851s] GC(137) Eden regions: 1->0(34)
[29.851s] GC(137) Survivor regions: 0->0(9)
[29.851s] GC(137) Old regions: 3->3
[29.851s] GC(137) Humongous regions: 0->0
[29.851s] GC(137) Metaspace: 11336K(11584K)->11336K(11584K) NonClass: 9146K(9280K)->9146K(9280K) Class: 2189K(2304K)->2189K(2304K)
[29.851s] GC(137) Pause Full (System.gc()) 19M->3M(10048M) 4.065ms
[29.851s] GC(137) User=0.02s Sys=0.00s Real=0.01s
[29.851s] GC(138) Pause Full (System.gc())
[29.851s] GC(138) Using 4 workers of 14 for full compaction
[29.851s] GC(138) Phase 1: Mark live objects
[29.852s] GC(138) Phase 1: Mark live objects 1.143ms
[29.852s] GC(138) Phase 2: Prepare compaction
[29.853s] GC(138) Phase 2: Prepare compaction 0.317ms
[29.853s] GC(138) Phase 3: Adjust pointers
[29.853s] GC(138) Phase 3: Adjust pointers 0.857ms
[29.853s] GC(138) Phase 4: Compact heap
[29.854s] GC(138) Phase 4: Compact heap 0.310ms
[29.854s] GC(138) Phase 5: Reset Metadata
[29.854s] GC(138) Phase 5: Reset Metadata 0.191ms
[29.855s] GC(138) Eden regions: 1->0(34)
[29.855s] GC(138) Survivor regions: 0->0(9)
[29.855s] GC(138) Old regions: 3->3
[29.855s] GC(138) Humongous regions: 0->0
[29.855s] GC(138) Metaspace: 11336K(11584K)->11336K(11584K) NonClass: 9146K(9280K)->9146K(9280K) Class: 2189K(2304K)->2189K(2304K)
[29.855s] GC(138) Pause Full (System.gc()) 19M->3M(10048M) 4.134ms
[29.855s] GC(138) User=0.02s Sys=0.00s Real=0.00s
[29.856s] GC(139) Pause Full (System.gc())
[29.856s] GC(139) Using 4 workers of 14 for full compaction
[29.856s] GC(139) Phase 1: Mark live objects
[29.857s] GC(139) Phase 1: Mark live objects 1.150ms
[29.857s] GC(139) Phase 2: Prepare compaction
[29.857s] GC(139) Phase 2: Prepare compaction 0.322ms
[29.857s] GC(139) Phase 3: Adjust pointers
[29.858s] GC(139) Phase 3: Adjust pointers 0.900ms
[29.858s] GC(139) Phase 4: Compact heap
[29.858s] GC(139) Phase 4: Compact heap 0.309ms
[29.858s] GC(139) Phase 5: Reset Metadata
[29.859s] GC(139) Phase 5: Reset Metadata 0.193ms
[29.860s] GC(139) Eden regions: 1->0(34)
[29.860s] GC(139) Survivor regions: 0->0(9)
[29.860s] GC(139) Old regions: 3->3
[29.860s] GC(139) Humongous regions: 0->0
[29.860s] GC(139) Metaspace: 11336K(11584K)->11336K(11584K) NonClass: 9146K(9280K)->9146K(9280K) Class: 2189K(2304K)->2189K(2304K)
[29.860s] GC(139) Pause Full (System.gc()) 19M->3M(10048M) 4.138ms
[29.860s] GC(139) User=0.02s Sys=0.00s Real=0.01s
[29.860s] GC(140) Pause Full (System.gc())
[29.860s] GC(140) Using 4 workers of 14 for full compaction
[29.860s] GC(140) Phase 1: Mark live objects
[29.862s] GC(140) Phase 1: Mark live objects 1.205ms
[29.862s] GC(140) Phase 2: Prepare compaction
[29.862s] GC(140) Phase 2: Prepare compaction 0.313ms
[29.862s] GC(140) Phase 3: Adjust pointers
[29.863s] GC(140) Phase 3: Adjust pointers 0.944ms
[29.863s] GC(140) Phase 4: Compact heap
[29.863s] GC(140) Phase 4: Compact heap 0.298ms
[29.863s] GC(140) Phase 5: Reset Metadata
[29.863s] GC(140) Phase 5: Reset Metadata 0.183ms
[29.865s] GC(140) Eden regions: 1->0(34)
[29.865s] GC(140) Survivor regions: 0->0(9)
[29.865s] GC(140) Old regions: 3->3
[29.865s] GC(140) Humongous regions: 0->0
[29.865s] GC(140) Metaspace: 11336K(11584K)->11336K(11584K) NonClass: 9146K(9280K)->9146K(9280K) Class: 2189K(2304K)->2189K(2304K)
[29.865s] GC(140) Pause Full (System.gc()) 19M->3M(10048M) 4.247ms
[29.865s] GC(140) User=0.03s Sys=0.00s Real=0.00s
[29.866s] GC(141) Pause Full (System.gc())
[29.866s] GC(141) Using 4 workers of 14 for full compaction
[29.866s] GC(141) Phase 1: Mark live objects
[29.867s] GC(141) Phase 1: Mark live objects 1.216ms
[29.867s] GC(141) Phase 2: Prepare compaction
[29.867s] GC(141) Phase 2: Prepare compaction 0.313ms
[29.867s] GC(141) Phase 3: Adjust pointers
[29.868s] GC(141) Phase 3: Adjust pointers 0.916ms
[29.868s] GC(141) Phase 4: Compact heap
[29.869s] GC(141) Phase 4: Compact heap 0.298ms
[29.869s] GC(141) Phase 5: Reset Metadata
[29.869s] GC(141) Phase 5: Reset Metadata 0.193ms
[29.870s] GC(141) Eden regions: 1->0(34)
[29.870s] GC(141) Survivor regions: 0->0(9)
[29.870s] GC(141) Old regions: 3->3
[29.870s] GC(141) Humongous regions: 0->0
[29.870s] GC(141) Metaspace: 11336K(11584K)->11336K(11584K) NonClass: 9146K(9280K)->9146K(9280K) Class: 2189K(2304K)->2189K(2304K)
[29.870s] GC(141) Pause Full (System.gc()) 19M->4M(10048M) 4.206ms
[29.870s] GC(141) User=0.02s Sys=0.00s Real=0.01s
[29.872s] GC(142) Pause Full (System.gc())
[29.872s] GC(142) Using 4 workers of 14 for full compaction
[29.873s] GC(142) Phase 1: Mark live objects
[29.874s] GC(142) Phase 1: Mark live objects 1.143ms
[29.874s] GC(142) Phase 2: Prepare compaction
[29.874s] GC(142) Phase 2: Prepare compaction 0.320ms
[29.874s] GC(142) Phase 3: Adjust pointers
[29.875s] GC(142) Phase 3: Adjust pointers 0.993ms
[29.875s] GC(142) Phase 4: Compact heap
[29.875s] GC(142) Phase 4: Compact heap 0.296ms
[29.875s] GC(142) Phase 5: Reset Metadata
[29.875s] GC(142) Phase 5: Reset Metadata 0.181ms
[29.877s] GC(142) Eden regions: 1->0(34)
[29.877s] GC(142) Survivor regions: 0->0(9)
[29.877s] GC(142) Old regions: 3->3
[29.877s] GC(142) Humongous regions: 0->0
[29.877s] GC(142) Metaspace: 11336K(11584K)->11336K(11584K) NonClass: 9146K(9280K)->9146K(9280K) Class: 2189K(2304K)->2189K(2304K)
[29.877s] GC(142) Pause Full (System.gc()) 20M->5M(10048M) 4.248ms
[29.877s] GC(142) User=0.02s Sys=0.00s Real=0.00s
[29.881s] GC(143) Pause Full (System.gc())
[29.881s] GC(143) Using 4 workers of 14 for full compaction
[29.881s] GC(143) Phase 1: Mark live objects
[29.882s] GC(143) Phase 1: Mark live objects 1.272ms
[29.882s] GC(143) Phase 2: Prepare compaction
[29.883s] GC(143) Phase 2: Prepare compaction 0.323ms
[29.883s] GC(143) Phase 3: Adjust pointers
[29.884s] GC(143) Phase 3: Adjust pointers 0.988ms
[29.884s] GC(143) Phase 4: Compact heap
[29.884s] GC(143) Phase 4: Compact heap 0.302ms
[29.884s] GC(143) Phase 5: Reset Metadata
[29.884s] GC(143) Phase 5: Reset Metadata 0.189ms
[29.885s] GC(143) Eden regions: 1->0(34)
[29.885s] GC(143) Survivor regions: 0->0(9)
[29.885s] GC(143) Old regions: 3->3
[29.885s] GC(143) Humongous regions: 0->0
[29.885s] GC(143) Metaspace: 11336K(11584K)->11336K(11584K) NonClass: 9146K(9280K)->9146K(9280K) Class: 2189K(2304K)->2189K(2304K)
[29.885s] GC(143) Pause Full (System.gc()) 21M->7M(10048M) 4.363ms
[29.885s] GC(143) User=0.02s Sys=0.00s Real=0.00s
[29.894s] GC(144) Pause Full (System.gc())
[29.894s] GC(144) Using 4 workers of 14 for full compaction
[29.894s] GC(144) Phase 1: Mark live objects
[29.895s] GC(144) Phase 1: Mark live objects 1.225ms
[29.895s] GC(144) Phase 2: Prepare compaction
[29.895s] GC(144) Phase 2: Prepare compaction 0.343ms
[29.895s] GC(144) Phase 3: Adjust pointers
[29.896s] GC(144) Phase 3: Adjust pointers 0.965ms
[29.896s] GC(144) Phase 4: Compact heap
[29.897s] GC(144) Phase 4: Compact heap 0.345ms
[29.897s] GC(144) Phase 5: Reset Metadata
[29.897s] GC(144) Phase 5: Reset Metadata 0.183ms
[29.898s] GC(144) Eden regions: 1->0(34)
[29.898s] GC(144) Survivor regions: 0->0(9)
[29.898s] GC(144) Old regions: 3->3
[29.898s] GC(144) Humongous regions: 0->0
[29.898s] GC(144) Metaspace: 11336K(11584K)->11336K(11584K) NonClass: 9146K(9280K)->9146K(9280K) Class: 2189K(2304K)->2189K(2304K)
[29.898s] GC(144) Pause Full (System.gc()) 31M->11M(10048M) 4.449ms
[29.898s] GC(144) User=0.03s Sys=0.01s Real=0.00s
[29.915s] GC(145) Pause Full (System.gc())
[29.915s] GC(145) Using 5 workers of 14 for full compaction
[29.915s] GC(145) Phase 1: Mark live objects
[29.916s] GC(145) Phase 1: Mark live objects 1.039ms
[29.916s] GC(145) Phase 2: Prepare compaction
[29.916s] GC(145) Phase 2: Prepare compaction 0.314ms
[29.916s] GC(145) Phase 3: Adjust pointers
[29.917s] GC(145) Phase 3: Adjust pointers 0.929ms
[29.917s] GC(145) Phase 4: Compact heap
[29.918s] GC(145) Phase 4: Compact heap 0.304ms
[29.918s] GC(145) Phase 5: Reset Metadata
[29.918s] GC(145) Phase 5: Reset Metadata 0.186ms
[29.919s] GC(145) Eden regions: 1->0(34)
[29.919s] GC(145) Survivor regions: 0->0(9)
[29.919s] GC(145) Old regions: 3->3
[29.919s] GC(145) Humongous regions: 1->1
[29.919s] GC(145) Metaspace: 11336K(11584K)->11336K(11584K) NonClass: 9146K(9280K)->9146K(9280K) Class: 2189K(2304K)->2189K(2304K)
[29.919s] GC(145) Pause Full (System.gc()) 75M->35M(10048M) 4.102ms
[29.919s] GC(145) User=0.02s Sys=0.00s Real=0.01s
[29.953s] GC(146) Pause Full (System.gc())
[29.953s] GC(146) Using 8 workers of 14 for full compaction
[29.953s] GC(146) Phase 1: Mark live objects
[29.954s] GC(146) Phase 1: Mark live objects 1.250ms
[29.954s] GC(146) Phase 2: Prepare compaction
[29.954s] GC(146) Phase 2: Prepare compaction 0.331ms
[29.954s] GC(146) Phase 3: Adjust pointers
[29.955s] GC(146) Phase 3: Adjust pointers 0.902ms
[29.955s] GC(146) Phase 4: Compact heap
[29.956s] GC(146) Phase 4: Compact heap 0.291ms
[29.956s] GC(146) Phase 5: Reset Metadata
[29.956s] GC(146) Phase 5: Reset Metadata 0.181ms
[29.957s] GC(146) Eden regions: 2->0(34)
[29.957s] GC(146) Survivor regions: 0->0(9)
[29.957s] GC(146) Old regions: 3->3
[29.957s] GC(146) Humongous regions: 3->2
[29.957s] GC(146) Metaspace: 11336K(11584K)->11336K(11584K) NonClass: 9146K(9280K)->9146K(9280K) Class: 2189K(2304K)->2189K(2304K)
[29.957s] GC(146) Pause Full (System.gc()) 163M->67M(10048M) 4.280ms
[29.957s] GC(146) User=0.02s Sys=0.00s Real=0.00s
[30.024s] GC(147) Pause Full (System.gc())
[30.024s] GC(147) Using 12 workers of 14 for full compaction
[30.024s] GC(147) Phase 1: Mark live objects
[30.025s] GC(147) Phase 1: Mark live objects 1.074ms
[30.025s] GC(147) Phase 2: Prepare compaction
[30.025s] GC(147) Phase 2: Prepare compaction 0.318ms
[30.025s] GC(147) Phase 3: Adjust pointers
[30.026s] GC(147) Phase 3: Adjust pointers 0.915ms
[30.026s] GC(147) Phase 4: Compact heap
[30.027s] GC(147) Phase 4: Compact heap 0.292ms
[30.027s] GC(147) Phase 5: Reset Metadata
[30.027s] GC(147) Phase 5: Reset Metadata 0.190ms
[30.028s] GC(147) Eden regions: 4->0(34)
[30.028s] GC(147) Survivor regions: 0->0(9)
[30.028s] GC(147) Old regions: 3->3
[30.028s] GC(147) Humongous regions: 5->3
[30.028s] GC(147) Metaspace: 11336K(11584K)->11336K(11584K) NonClass: 9146K(9280K)->9146K(9280K) Class: 2189K(2304K)->2189K(2304K)
[30.028s] GC(147) Pause Full (System.gc()) 275M->99M(10048M) 4.125ms
[30.028s] GC(147) User=0.02s Sys=0.00s Real=0.00s
[30.162s] GC(148) Pause Full (System.gc())
[30.162s] GC(148) Using 14 workers of 14 for full compaction
[30.162s] GC(148) Phase 1: Mark live objects
[30.163s] GC(148) Phase 1: Mark live objects 0.941ms
[30.163s] GC(148) Phase 2: Prepare compaction
[30.164s] GC(148) Phase 2: Prepare compaction 0.341ms
[30.164s] GC(148) Phase 3: Adjust pointers
[30.165s] GC(148) Phase 3: Adjust pointers 1.038ms
[30.165s] GC(148) Phase 4: Compact heap
[30.165s] GC(148) Phase 4: Compact heap 0.302ms
[30.165s] GC(148) Phase 5: Reset Metadata
[30.165s] GC(148) Phase 5: Reset Metadata 0.184ms
[30.166s] GC(148) Eden regions: 7->0(34)
[30.166s] GC(148) Survivor regions: 0->0(9)
[30.166s] GC(148) Old regions: 3->3
[30.166s] GC(148) Humongous regions: 8->5
[30.167s] GC(148) Metaspace: 11336K(11584K)->11336K(11584K) NonClass: 9146K(9280K)->9146K(9280K) Class: 2189K(2304K)->2189K(2304K)
[30.167s] GC(148) Pause Full (System.gc()) 467M->163M(10048M) 4.185ms
[30.167s] GC(148) User=0.03s Sys=0.01s Real=0.00s
[30.527s] GC(149) Pause Full (System.gc())
[30.527s] GC(149) Using 14 workers of 14 for full compaction
[30.527s] GC(149) Phase 1: Mark live objects
[30.528s] GC(149) Phase 1: Mark live objects 1.040ms
[30.528s] GC(149) Phase 2: Prepare compaction
[30.529s] GC(149) Phase 2: Prepare compaction 0.337ms
[30.529s] GC(149) Phase 3: Adjust pointers
[30.530s] GC(149) Phase 3: Adjust pointers 1.011ms
[30.530s] GC(149) Phase 4: Compact heap
[30.530s] GC(149) Phase 4: Compact heap 0.306ms
[30.530s] GC(149) Phase 5: Reset Metadata
[30.530s] GC(149) Phase 5: Reset Metadata 0.182ms
[30.531s] GC(149) Eden regions: 13->0(34)
[30.531s] GC(149) Survivor regions: 0->0(9)
[30.531s] GC(149) Old regions: 3->3
[30.531s] GC(149) Humongous regions: 19->9
[30.531s] GC(149) Metaspace: 11336K(11584K)->11336K(11584K) NonClass: 9146K(9280K)->9146K(9280K) Class: 2189K(2304K)->2189K(2304K)
[30.531s] GC(149) Pause Full (System.gc()) 997M->291M(10048M) 4.302ms
[30.531s] GC(149) User=0.02s Sys=0.00s Real=0.01s
[31.271s] GC(150) Pause Full (System.gc())
[31.271s] GC(150) Using 14 workers of 14 for full compaction
[31.271s] GC(150) Phase 1: Mark live objects
[31.272s] GC(150) Phase 1: Mark live objects 1.103ms
[31.272s] GC(150) Phase 2: Prepare compaction
[31.273s] GC(150) Phase 2: Prepare compaction 0.360ms
[31.273s] GC(150) Phase 3: Adjust pointers
[31.274s] GC(150) Phase 3: Adjust pointers 1.030ms
[31.274s] GC(150) Phase 4: Compact heap
[31.274s] GC(150) Phase 4: Compact heap 0.331ms
[31.274s] GC(150) Phase 5: Reset Metadata
[31.274s] GC(150) Phase 5: Reset Metadata 0.191ms
[31.276s] GC(150) Eden regions: 25->0(34)
[31.276s] GC(150) Survivor regions: 0->0(9)
[31.276s] GC(150) Old regions: 3->3
[31.276s] GC(150) Humongous regions: 35->17
[31.276s] GC(150) Metaspace: 11336K(11584K)->11336K(11584K) NonClass: 9146K(9280K)->9146K(9280K) Class: 2189K(2304K)->2189K(2304K)
[31.276s] GC(150) Pause Full (System.gc()) 1899M->547M(10048M) 4.396ms
[31.276s] GC(150) User=0.03s Sys=0.00s Real=0.00s
[31.799s] GC(151) Pause Young (Normal) (G1 Evacuation Pause)
[31.799s] GC(151) Using 14 workers of 14 for evacuation
[31.799s] GC(151) Humongous region 23 (object size 536870928 @ 0x0000007030000000) remset 0 code roots 0 marked 0 pinned count 0 reclaim candidate 0 type tA
[31.802s] GC(151)   Pre Evacuate Collection Set: 0.09ms
[31.802s] GC(151)   Merge Heap Roots: 0.04ms
[31.802s] GC(151)   Evacuate Collection Set: 2.55ms
[31.802s] GC(151)   Post Evacuate Collection Set: 0.17ms
[31.802s] GC(151)   Other: 0.07ms
[31.802s] GC(151) Eden regions: 25->0(27)
[31.802s] GC(151) Survivor regions: 0->4(4)
[31.802s] GC(151) Old regions: 3->8
[31.802s] GC(151) Humongous regions: 17->17
[31.802s] GC(151) Metaspace: 11336K(11584K)->11336K(11584K) NonClass: 9146K(9280K)->9146K(9280K) Class: 2189K(2304K)->2189K(2304K)
[31.802s] GC(151) Pause Young (Normal) (G1 Evacuation Pause) 1345M->831M(10048M) 3.029ms
[31.802s] GC(151) User=0.03s Sys=0.00s Real=0.01s
[32.172s] GC(152) Pause Young (Normal) (G1 Evacuation Pause)
[32.172s] GC(152) Using 14 workers of 14 for evacuation
[32.172s] GC(152) Humongous region 23 (object size 536870928 @ 0x0000007030000000) remset 0 code roots 0 marked 0 pinned count 0 reclaim candidate 0 type tA
[32.176s] GC(152)   Pre Evacuate Collection Set: 0.12ms
[32.176s] GC(152)   Merge Heap Roots: 0.04ms
[32.176s] GC(152)   Evacuate Collection Set: 3.16ms
[32.176s] GC(152)   Post Evacuate Collection Set: 0.15ms
[32.176s] GC(152)   Other: 0.07ms
[32.176s] GC(152) Eden regions: 19->0(185)
[32.176s] GC(152) Survivor regions: 4->3(3)
[32.176s] GC(152) Old regions: 8->17
[32.176s] GC(152) Humongous regions: 17->17
[32.176s] GC(152) Metaspace: 11336K(11584K)->11336K(11584K) NonClass: 9146K(9280K)->9146K(9280K) Class: 2189K(2304K)->2189K(2304K)
[32.176s] GC(152) Pause Young (Normal) (G1 Evacuation Pause) 1439M->1073M(10048M) 3.655ms
[32.176s] GC(152) User=0.04s Sys=0.01s Real=0.00s
[32.882s] GC(153) Pause Full (System.gc())
[32.882s] GC(153) Using 14 workers of 14 for full compaction
[32.882s] GC(153) Phase 1: Mark live objects
[32.883s] GC(153) Phase 1: Mark live objects 1.191ms
[32.883s] GC(153) Phase 2: Prepare compaction
[32.883s] GC(153) Phase 2: Prepare compaction 0.365ms
[32.883s] GC(153) Phase 3: Adjust pointers
[32.884s] GC(153) Phase 3: Adjust pointers 0.926ms
[32.884s] GC(153) Phase 4: Compact heap
[32.884s] GC(153) Phase 4: Compact heap 0.334ms
[32.884s] GC(153) Phase 5: Reset Metadata
[32.885s] GC(153) Phase 5: Reset Metadata 0.192ms
[32.886s] GC(153) Eden regions: 6->0(188)
[32.886s] GC(153) Survivor regions: 3->0(3)
[32.886s] GC(153) Old regions: 17->3
[32.886s] GC(153) Humongous regions: 69->33
[32.886s] GC(153) Metaspace: 11336K(11584K)->11336K(11584K) NonClass: 9147K(9280K)->9147K(9280K) Class: 2189K(2304K)->2189K(2304K)
[32.886s] GC(153) Pause Full (System.gc()) 2899M->1059M(10048M) 4.442ms
[32.886s] GC(153) User=0.03s Sys=0.00s Real=0.00s
[34.030s] GC(154) Pause Young (Normal) (G1 Evacuation Pause)
[34.030s] GC(154) Using 14 workers of 14 for evacuation
[34.030s] GC(154) Humongous region 53 (object size 1073741840 @ 0x000000706c000000) remset 0 code roots 0 marked 0 pinned count 0 reclaim candidate 0 type tA
[34.031s] GC(154)   Pre Evacuate Collection Set: 0.16ms
[34.031s] GC(154)   Merge Heap Roots: 0.06ms
[34.031s] GC(154)   Evacuate Collection Set: 0.59ms
[34.031s] GC(154)   Post Evacuate Collection Set: 0.14ms
[34.031s] GC(154)   Other: 0.08ms
[34.031s] GC(154) Eden regions: 34->0(187)
[34.031s] GC(154) Survivor regions: 0->1(5)
[34.031s] GC(154) Old regions: 3->3
[34.031s] GC(154) Humongous regions: 33->33
[34.031s] GC(154) Metaspace: 11336K(11584K)->11336K(11584K) NonClass: 9147K(9280K)->9147K(9280K) Class: 2189K(2304K)->2189K(2304K)
[34.031s] GC(154) Pause Young (Normal) (G1 Evacuation Pause) 2143M->1087M(10048M) 1.157ms
[34.031s] GC(154) User=0.00s Sys=0.00s Real=0.00s
[36.139s] GC(155) Pause Young (Concurrent Start) (G1 Humongous Allocation)
[36.139s] GC(155) Using 14 workers of 14 for evacuation
[36.139s] GC(155) Humongous region 4 (object size 67109152 @ 0x000000700a000000) remset 0 code roots 0 marked 0 pinned count 0 reclaim candidate 1 type tA
[36.139s] GC(155) Humongous region 36 (object size 67117552 @ 0x000000704a000000) remset 0 code roots 0 marked 0 pinned count 0 reclaim candidate 1 type tA
[36.139s] GC(155) Humongous region 7 (object size 67087440 @ 0x0000007010000000) remset 0 code roots 0 marked 0 pinned count 0 reclaim candidate 1 type tA
[36.139s] GC(155) Humongous region 12 (object size 67134016 @ 0x000000701a000000) remset 0 code roots 0 marked 0 pinned count 0 reclaim candidate 1 type tA
[36.139s] GC(155) Humongous region 20 (object size 67123696 @ 0x000000702a000000) remset 0 code roots 0 marked 0 pinned count 0 reclaim candidate 1 type tA
[36.139s] GC(155) Humongous region 18 (object size 67095080 @ 0x0000007026000000) remset 0 code roots 0 marked 0 pinned count 0 reclaim candidate 1 type tA
[36.139s] GC(155) Humongous region 23 (object size 67069360 @ 0x0000007030000000) remset 0 code roots 0 marked 0 pinned count 0 reclaim candidate 1 type tA
[36.139s] GC(155) Humongous region 25 (object size 67119320 @ 0x0000007034000000) remset 0 code roots 0 marked 0 pinned count 0 reclaim candidate 1 type tA
[36.139s] GC(155) Humongous region 15 (object size 67114864 @ 0x0000007020000000) remset 0 code roots 0 marked 0 pinned count 0 reclaim candidate 1 type tA
[36.139s] GC(155) Humongous region 28 (object size 67110544 @ 0x000000703a000000) remset 0 code roots 0 marked 0 pinned count 0 reclaim candidate 1 type tA
[36.139s] GC(155) Humongous region 31 (object size 67119616 @ 0x0000007040000000) remset 0 code roots 0 marked 0 pinned count 0 reclaim candidate 1 type tA
[36.139s] GC(155) Humongous region 9 (object size 67117672 @ 0x0000007014000000) remset 0 code roots 0 marked 0 pinned count 0 reclaim candidate 1 type tA
[36.139s] GC(155) Humongous region 34 (object size 67108696 @ 0x0000007046000000) remset 0 code roots 0 marked 0 pinned count 0 reclaim candidate 1 type tA
[36.139s] GC(155) Humongous region 42 (object size 67112400 @ 0x0000007056000000) remset 0 code roots 0 marked 0 pinned count 0 reclaim candidate 1 type tA
[36.139s] GC(155) Humongous region 45 (object size 67078016 @ 0x000000705c000000) remset 0 code roots 0 marked 0 pinned count 0 reclaim candidate 1 type tA
[36.139s] GC(155) Humongous region 39 (object size 67124632 @ 0x0000007050000000) remset 0 code roots 0 marked 0 pinned count 0 reclaim candidate 1 type tA
[36.139s] GC(155) Humongous region 53 (object size 1073741840 @ 0x000000706c000000) remset 0 code roots 0 marked 0 pinned count 0 reclaim candidate 0 type tA
[36.140s] GC(155) Reclaimed humongous region 4 (object size 67109152 @ 0x000000700a000000)
[36.140s] GC(155) Reclaimed humongous region 7 (object size 67087440 @ 0x0000007010000000)
[36.140s] GC(155) Reclaimed humongous region 9 (object size 67117672 @ 0x0000007014000000)
[36.140s] GC(155) Reclaimed humongous region 12 (object size 67134016 @ 0x000000701a000000)
[36.140s] GC(155) Reclaimed humongous region 15 (object size 67114864 @ 0x0000007020000000)
[36.140s] GC(155) Reclaimed humongous region 18 (object size 67095080 @ 0x0000007026000000)
[36.140s] GC(155) Reclaimed humongous region 20 (object size 67123696 @ 0x000000702a000000)
[36.140s] GC(155) Reclaimed humongous region 23 (object size 67069360 @ 0x0000007030000000)
[36.140s] GC(155) Reclaimed humongous region 25 (object size 67119320 @ 0x0000007034000000)
[36.140s] GC(155) Reclaimed humongous region 28 (object size 67110544 @ 0x000000703a000000)
[36.140s] GC(155) Reclaimed humongous region 31 (object size 67119616 @ 0x0000007040000000)
[36.140s] GC(155) Reclaimed humongous region 34 (object size 67108696 @ 0x0000007046000000)
[36.140s] GC(155) Reclaimed humongous region 36 (object size 67117552 @ 0x000000704a000000)
[36.140s] GC(155) Reclaimed humongous region 39 (object size 67124632 @ 0x0000007050000000)
[36.140s] GC(155) Reclaimed humongous region 42 (object size 67112400 @ 0x0000007056000000)
[36.140s] GC(155) Reclaimed humongous region 45 (object size 67078016 @ 0x000000705c000000)
[36.140s] GC(155)   Pre Evacuate Collection Set: 0.21ms
[36.140s] GC(155)   Merge Heap Roots: 0.04ms
[36.140s] GC(155)   Evacuate Collection Set: 0.26ms
[36.140s] GC(155)   Post Evacuate Collection Set: 0.21ms
[36.140s] GC(155)   Other: 0.06ms
[36.140s] GC(155) Eden regions: 66->0(188)
[36.140s] GC(155) Survivor regions: 1->0(9)
[36.140s] GC(155) Old regions: 3->3
[36.140s] GC(155) Humongous regions: 76->33
[36.140s] GC(155) Metaspace: 11336K(11584K)->11336K(11584K) NonClass: 9147K(9280K)->9147K(9280K) Class: 2189K(2304K)->2189K(2304K)
[36.140s] GC(155) Pause Young (Concurrent Start) (G1 Humongous Allocation) 4571M->1059M(10048M) 0.843ms
[36.140s] GC(155) User=0.01s Sys=0.01s Real=0.00s
[36.140s] GC(156) Concurrent Undo Cycle
[36.140s] GC(156) Concurrent Clear Claimed Marks
[36.140s] GC(156) Concurrent Clear Claimed Marks 0.005ms
[36.140s] GC(156) Concurrent Cleanup for Next Mark
[36.140s] GC(156) Concurrent Cleanup for Next Mark 0.037ms
[36.140s] GC(156) Concurrent Undo Cycle 0.072ms
[36.479s] GC(157) Pause Full (System.gc())
[36.479s] GC(157) Using 14 workers of 14 for full compaction
[36.479s] GC(157) Phase 1: Mark live objects
[36.480s] GC(157) Phase 1: Mark live objects 1.242ms
[36.480s] GC(157) Phase 2: Prepare compaction
[36.481s] GC(157) Phase 2: Prepare compaction 0.346ms
[36.481s] GC(157) Phase 3: Adjust pointers
[36.482s] GC(157) Phase 3: Adjust pointers 1.096ms
[36.482s] GC(157) Phase 4: Compact heap
[36.482s] GC(157) Phase 4: Compact heap 0.298ms
[36.482s] GC(157) Phase 5: Reset Metadata
[36.482s] GC(157) Phase 5: Reset Metadata 0.190ms
[36.484s] GC(157) Eden regions: 0->0(188)
[36.484s] GC(157) Survivor regions: 0->0(9)
[36.484s] GC(157) Old regions: 3->3
[36.484s] GC(157) Humongous regions: 98->65
[36.484s] GC(157) Metaspace: 11336K(11584K)->11336K(11584K) NonClass: 9147K(9280K)->9147K(9280K) Class: 2189K(2304K)->2189K(2304K)
[36.484s] GC(157) Pause Full (System.gc()) 3139M->2083M(10048M) 4.655ms
[36.484s] GC(157) User=0.02s Sys=0.00s Real=0.00s
[41.022s] GC(158) Pause Young (Normal) (G1 Evacuation Pause)
[41.022s] GC(158) Using 14 workers of 14 for evacuation
[41.022s] GC(158) Humongous region 86 (object size 2147483664 @ 0x00000070ae000000) remset 0 code roots 0 marked 0 pinned count 0 reclaim candidate 0 type tA
[41.023s] GC(158)   Pre Evacuate Collection Set: 0.11ms
[41.023s] GC(158)   Merge Heap Roots: 0.05ms
[41.023s] GC(158)   Evacuate Collection Set: 0.47ms
[41.023s] GC(158)   Post Evacuate Collection Set: 0.20ms
[41.023s] GC(158)   Other: 0.08ms
[41.023s] GC(158) Eden regions: 140->0(187)
[41.023s] GC(158) Survivor regions: 0->1(18)
[41.023s] GC(158) Old regions: 3->3
[41.023s] GC(158) Humongous regions: 65->65
[41.023s] GC(158) Metaspace: 11336K(11584K)->11336K(11584K) NonClass: 9147K(9280K)->9147K(9280K) Class: 2189K(2304K)->2189K(2304K)
[41.023s] GC(158) Pause Young (Normal) (G1 Evacuation Pause) 6555M->2099M(10048M) 1.002ms
[41.023s] GC(158) User=0.00s Sys=0.00s Real=0.00s
[42.918s] GC(159) Pause Young (Concurrent Start) (G1 Humongous Allocation)
[42.918s] GC(159) Using 14 workers of 14 for evacuation
[42.918s] GC(159) Humongous region 4 (object size 67092584 @ 0x000000700a000000) remset 0 code roots 0 marked 0 pinned count 0 reclaim candidate 1 type tA
[42.918s] GC(159) Humongous region 36 (object size 67123976 @ 0x000000704a000000) remset 0 code roots 0 marked 0 pinned count 0 reclaim candidate 1 type tA
[42.918s] GC(159) Humongous region 86 (object size 2147483664 @ 0x00000070ae000000) remset 0 code roots 0 marked 0 pinned count 0 reclaim candidate 0 type tA
[42.918s] GC(159) Humongous region 6 (object size 67091304 @ 0x000000700e000000) remset 0 code roots 0 marked 0 pinned count 0 reclaim candidate 1 type tA
[42.918s] GC(159) Humongous region 8 (object size 67085960 @ 0x0000007012000000) remset 0 code roots 0 marked 0 pinned count 0 reclaim candidate 1 type tA
[42.918s] GC(159) Humongous region 10 (object size 67104616 @ 0x0000007016000000) remset 0 code roots 0 marked 0 pinned count 0 reclaim candidate 1 type tA
[42.918s] GC(159) Humongous region 12 (object size 67105832 @ 0x000000701a000000) remset 0 code roots 0 marked 0 pinned count 0 reclaim candidate 1 type tA
[42.918s] GC(159) Humongous region 14 (object size 67108704 @ 0x000000701e000000) remset 0 code roots 0 marked 0 pinned count 0 reclaim candidate 1 type tA
[42.918s] GC(159) Humongous region 20 (object size 67115680 @ 0x000000702a000000) remset 0 code roots 0 marked 0 pinned count 0 reclaim candidate 1 type tA
[42.918s] GC(159) Humongous region 26 (object size 67144992 @ 0x0000007036000000) remset 0 code roots 0 marked 0 pinned count 0 reclaim candidate 1 type tA
[42.918s] GC(159) Humongous region 31 (object size 67105768 @ 0x0000007040000000) remset 0 code roots 0 marked 0 pinned count 0 reclaim candidate 1 type tA
[42.918s] GC(159) Humongous region 33 (object size 67138256 @ 0x0000007044000000) remset 0 code roots 0 marked 0 pinned count 0 reclaim candidate 1 type tA
[42.918s] GC(159) Humongous region 23 (object size 67111704 @ 0x0000007030000000) remset 0 code roots 0 marked 0 pinned count 0 reclaim candidate 1 type tA
[42.918s] GC(159) Humongous region 18 (object size 67101560 @ 0x0000007026000000) remset 0 code roots 0 marked 0 pinned count 0 reclaim candidate 1 type tA
[42.918s] GC(159) Humongous region 16 (object size 67101272 @ 0x0000007022000000) remset 0 code roots 0 marked 0 pinned count 0 reclaim candidate 1 type tA
[42.918s] GC(159) Humongous region 29 (object size 67094016 @ 0x000000703c000000) remset 0 code roots 0 marked 0 pinned count 0 reclaim candidate 1 type tA
[42.919s] GC(159)   Pre Evacuate Collection Set: 0.27ms
[42.919s] GC(159)   Merge Heap Roots: 0.04ms
[42.919s] GC(159)   Evacuate Collection Set: 0.37ms
[42.919s] GC(159)   Post Evacuate Collection Set: 0.18ms
[42.919s] GC(159)   Other: 0.06ms
[42.919s] GC(159) Eden regions: 70->0(187)
[42.919s] GC(159) Survivor regions: 1->1(24)
[42.919s] GC(159) Old regions: 3->3
[42.919s] GC(159) Humongous regions: 100->100
[42.919s] GC(159) Metaspace: 11336K(11584K)->11336K(11584K) NonClass: 9147K(9280K)->9147K(9280K) Class: 2189K(2304K)->2189K(2304K)
[42.919s] GC(159) Pause Young (Concurrent Start) (G1 Humongous Allocation) 5435M->3203M(10048M) 0.994ms
[42.919s] GC(159) User=0.00s Sys=0.00s Real=0.01s
[42.919s] GC(160) Concurrent Mark Cycle
[42.919s] GC(160) Concurrent Scan Root Regions
[42.919s] GC(160) Concurrent Scan Root Regions 0.059ms
[42.919s] GC(160) Concurrent Mark
[42.919s] GC(160) Concurrent Mark From Roots
[42.919s] GC(160) Concurrent Mark Using 4 of 4 Workers
[42.921s] GC(160) Concurrent Mark From Roots 1.582ms
[42.921s] GC(160) Concurrent Preclean
[42.921s] GC(160) Concurrent Preclean 0.009ms
[42.921s] GC(160) Pause Remark
[42.922s] GC(160) Pause Remark 3603M->3603M(10048M) 0.675ms
[42.922s] GC(160) User=0.00s Sys=0.00s Real=0.00s
[42.922s] GC(160) Concurrent Mark 2.363ms
[42.922s] GC(160) Concurrent Rebuild Remembered Sets and Scrub Regions
[42.922s] GC(160) Concurrent Rebuild Remembered Sets and Scrub Regions 0.642ms
[42.923s] GC(160) Pause Cleanup
[42.923s] GC(160) Pause Cleanup 3859M->3859M(10048M) 0.029ms
[42.923s] GC(160) User=0.00s Sys=0.00s Real=0.00s
[42.923s] GC(160) Concurrent Clear Claimed Marks
[42.923s] GC(160) Concurrent Clear Claimed Marks 0.008ms
[42.923s] GC(160) Concurrent Cleanup for Next Mark
[42.926s] GC(160) Concurrent Cleanup for Next Mark 2.890ms
[42.926s] GC(160) Concurrent Mark Cycle 6.399ms
[44.075s] GC(161) Pause Full (System.gc())
[44.075s] GC(161) Using 14 workers of 14 for full compaction
[44.076s] GC(161) Phase 1: Mark live objects
[44.077s] GC(161) Phase 1: Mark live objects 1.025ms
[44.077s] GC(161) Phase 2: Prepare compaction
[44.077s] GC(161) Phase 2: Prepare compaction 0.338ms
[44.077s] GC(161) Phase 3: Adjust pointers
[44.078s] GC(161) Phase 3: Adjust pointers 0.937ms
[44.078s] GC(161) Phase 4: Compact heap
[44.078s] GC(161) Phase 4: Compact heap 0.291ms
[44.078s] GC(161) Phase 5: Reset Metadata
[44.078s] GC(161) Phase 5: Reset Metadata 0.185ms
[44.080s] GC(161) Eden regions: 1->0(188)
[44.080s] GC(161) Survivor regions: 1->0(24)
[44.080s] GC(161) Old regions: 3->4
[44.080s] GC(161) Humongous regions: 141->0
[44.080s] GC(161) Metaspace: 11337K(11584K)->11337K(11584K) NonClass: 9147K(9280K)->9147K(9280K) Class: 2189K(2304K)->2189K(2304K)
[44.080s] GC(161) Pause Full (System.gc()) 4531M->3M(10048M) 4.212ms
[44.080s] GC(161) User=0.03s Sys=0.01s Real=0.01s
[44.080s] GC(162) Pause Full (System.gc())
[44.080s] GC(162) Using 5 workers of 14 for full compaction
[44.080s] GC(162) Phase 1: Mark live objects
[44.081s] GC(162) Phase 1: Mark live objects 0.986ms
[44.081s] GC(162) Phase 2: Prepare compaction
[44.081s] GC(162) Phase 2: Prepare compaction 0.308ms
[44.081s] GC(162) Phase 3: Adjust pointers
[44.082s] GC(162) Phase 3: Adjust pointers 1.022ms
[44.082s] GC(162) Phase 4: Compact heap
[44.083s] GC(162) Phase 4: Compact heap 0.316ms
[44.083s] GC(162) Phase 5: Reset Metadata
[44.083s] GC(162) Phase 5: Reset Metadata 0.208ms
[44.084s] GC(162) Eden regions: 1->0(188)
[44.084s] GC(162) Survivor regions: 0->0(24)
[44.084s] GC(162) Old regions: 4->3
[44.084s] GC(162) Humongous regions: 0->0
[44.084s] GC(162) Metaspace: 11339K(11584K)->11339K(11584K) NonClass: 9150K(9280K)->9150K(9280K) Class: 2189K(2304K)->2189K(2304K)
[44.084s] GC(162) Pause Full (System.gc()) 19M->3M(10048M) 4.163ms
[44.084s] GC(162) User=0.02s Sys=0.00s Real=0.00s
[44.084s] GC(163) Pause Full (System.gc())
[44.084s] GC(163) Using 4 workers of 14 for full compaction
[44.084s] GC(163) Phase 1: Mark live objects
[44.086s] GC(163) Phase 1: Mark live objects 1.176ms
[44.086s] GC(163) Phase 2: Prepare compaction
[44.086s] GC(163) Phase 2: Prepare compaction 0.311ms
[44.086s] GC(163) Phase 3: Adjust pointers
[44.087s] GC(163) Phase 3: Adjust pointers 0.898ms
[44.087s] GC(163) Phase 4: Compact heap
[44.087s] GC(163) Phase 4: Compact heap 0.321ms
[44.087s] GC(163) Phase 5: Reset Metadata
[44.087s] GC(163) Phase 5: Reset Metadata 0.185ms
[44.089s] GC(163) Eden regions: 1->0(188)
[44.089s] GC(163) Survivor regions: 0->0(24)
[44.089s] GC(163) Old regions: 3->3
[44.089s] GC(163) Humongous regions: 0->0
[44.089s] GC(163) Metaspace: 11340K(11584K)->11340K(11584K) NonClass: 9150K(9280K)->9150K(9280K) Class: 2189K(2304K)->2189K(2304K)
[44.089s] GC(163) Pause Full (System.gc()) 19M->3M(10048M) 4.180ms
[44.089s] GC(163) User=0.02s Sys=0.00s Real=0.00s
[44.089s] GC(164) Pause Full (System.gc())
[44.089s] GC(164) Using 4 workers of 14 for full compaction
[44.089s] GC(164) Phase 1: Mark live objects
[44.090s] GC(164) Phase 1: Mark live objects 1.224ms
[44.090s] GC(164) Phase 2: Prepare compaction
[44.090s] GC(164) Phase 2: Prepare compaction 0.314ms
[44.090s] GC(164) Phase 3: Adjust pointers
[44.091s] GC(164) Phase 3: Adjust pointers 0.991ms
[44.091s] GC(164) Phase 4: Compact heap
[44.092s] GC(164) Phase 4: Compact heap 0.450ms
[44.092s] GC(164) Phase 5: Reset Metadata
[44.092s] GC(164) Phase 5: Reset Metadata 0.218ms
[44.093s] GC(164) Eden regions: 1->0(188)
[44.093s] GC(164) Survivor regions: 0->0(24)
[44.093s] GC(164) Old regions: 3->3
[44.093s] GC(164) Humongous regions: 0->0
[44.093s] GC(164) Metaspace: 11340K(11584K)->11340K(11584K) NonClass: 9150K(9280K)->9150K(9280K) Class: 2189K(2304K)->2189K(2304K)
[44.093s] GC(164) Pause Full (System.gc()) 19M->3M(10048M) 4.509ms
[44.093s] GC(164) User=0.02s Sys=0.00s Real=0.01s
[44.094s] GC(165) Pause Full (System.gc())
[44.094s] GC(165) Using 4 workers of 14 for full compaction
[44.094s] GC(165) Phase 1: Mark live objects
[44.095s] GC(165) Phase 1: Mark live objects 1.184ms
[44.095s] GC(165) Phase 2: Prepare compaction
[44.095s] GC(165) Phase 2: Prepare compaction 0.328ms
[44.095s] GC(165) Phase 3: Adjust pointers
[44.096s] GC(165) Phase 3: Adjust pointers 0.999ms
[44.096s] GC(165) Phase 4: Compact heap
[44.097s] GC(165) Phase 4: Compact heap 0.292ms
[44.097s] GC(165) Phase 5: Reset Metadata
[44.097s] GC(165) Phase 5: Reset Metadata 0.182ms
[44.098s] GC(165) Eden regions: 1->0(188)
[44.098s] GC(165) Survivor regions: 0->0(24)
[44.098s] GC(165) Old regions: 3->3
[44.098s] GC(165) Humongous regions: 0->0
[44.098s] GC(165) Metaspace: 11340K(11584K)->11340K(11584K) NonClass: 9150K(9280K)->9150K(9280K) Class: 2189K(2304K)->2189K(2304K)
[44.098s] GC(165) Pause Full (System.gc()) 19M->3M(10048M) 4.292ms
[44.098s] GC(165) User=0.02s Sys=0.00s Real=0.00s
[44.098s] GC(166) Pause Full (System.gc())
[44.098s] GC(166) Using 4 workers of 14 for full compaction
[44.098s] GC(166) Phase 1: Mark live objects
[44.099s] GC(166) Phase 1: Mark live objects 1.118ms
[44.099s] GC(166) Phase 2: Prepare compaction
[44.100s] GC(166) Phase 2: Prepare compaction 0.309ms
[44.100s] GC(166) Phase 3: Adjust pointers
[44.101s] GC(166) Phase 3: Adjust pointers 0.959ms
[44.101s] GC(166) Phase 4: Compact heap
[44.101s] GC(166) Phase 4: Compact heap 0.300ms
[44.101s] GC(166) Phase 5: Reset Metadata
[44.101s] GC(166) Phase 5: Reset Metadata 0.195ms
[44.102s] GC(166) Eden regions: 1->0(188)
[44.102s] GC(166) Survivor regions: 0->0(24)
[44.102s] GC(166) Old regions: 3->3
[44.102s] GC(166) Humongous regions: 0->0
[44.102s] GC(166) Metaspace: 11344K(11584K)->11344K(11584K) NonClass: 9154K(9280K)->9154K(9280K) Class: 2189K(2304K)->2189K(2304K)
[44.102s] GC(166) Pause Full (System.gc()) 19M->3M(10048M) 4.183ms
[44.102s] GC(166) User=0.02s Sys=0.00s Real=0.01s
[44.103s] GC(167) Pause Full (System.gc())
[44.103s] GC(167) Using 4 workers of 14 for full compaction
[44.103s] GC(167) Phase 1: Mark live objects
[44.104s] GC(167) Phase 1: Mark live objects 1.183ms
[44.104s] GC(167) Phase 2: Prepare compaction
[44.105s] GC(167) Phase 2: Prepare compaction 0.383ms
[44.105s] GC(167) Phase 3: Adjust pointers
[44.105s] GC(167) Phase 3: Adjust pointers 0.933ms
[44.105s] GC(167) Phase 4: Compact heap
[44.106s] GC(167) Phase 4: Compact heap 0.311ms
[44.106s] GC(167) Phase 5: Reset Metadata
[44.106s] GC(167) Phase 5: Reset Metadata 0.184ms
[44.107s] GC(167) Eden regions: 1->0(188)
[44.107s] GC(167) Survivor regions: 0->0(24)
[44.107s] GC(167) Old regions: 3->3
[44.107s] GC(167) Humongous regions: 0->0
[44.107s] GC(167) Metaspace: 11344K(11584K)->11344K(11584K) NonClass: 9154K(9280K)->9154K(9280K) Class: 2189K(2304K)->2189K(2304K)
[44.107s] GC(167) Pause Full (System.gc()) 19M->3M(10048M) 4.278ms
[44.107s] GC(167) User=0.02s Sys=0.00s Real=0.00s
[44.108s] GC(168) Pause Full (System.gc())
[44.108s] GC(168) Using 4 workers of 14 for full compaction
[44.108s] GC(168) Phase 1: Mark live objects
[44.109s] GC(168) Phase 1: Mark live objects 1.236ms
[44.109s] GC(168) Phase 2: Prepare compaction
[44.109s] GC(168) Phase 2: Prepare compaction 0.305ms
[44.109s] GC(168) Phase 3: Adjust pointers
[44.110s] GC(168) Phase 3: Adjust pointers 0.906ms
[44.110s] GC(168) Phase 4: Compact heap
[44.111s] GC(168) Phase 4: Compact heap 0.315ms
[44.111s] GC(168) Phase 5: Reset Metadata
[44.111s] GC(168) Phase 5: Reset Metadata 0.188ms
[44.112s] GC(168) Eden regions: 1->0(188)
[44.112s] GC(168) Survivor regions: 0->0(24)
[44.112s] GC(168) Old regions: 3->3
[44.112s] GC(168) Humongous regions: 0->0
[44.112s] GC(168) Metaspace: 11344K(11584K)->11344K(11584K) NonClass: 9154K(9280K)->9154K(9280K) Class: 2189K(2304K)->2189K(2304K)
[44.112s] GC(168) Pause Full (System.gc()) 19M->3M(10048M) 4.267ms
[44.112s] GC(168) User=0.02s Sys=0.00s Real=0.01s
[44.113s] GC(169) Pause Full (System.gc())
[44.113s] GC(169) Using 4 workers of 14 for full compaction
[44.113s] GC(169) Phase 1: Mark live objects
[44.115s] GC(169) Phase 1: Mark live objects 1.149ms
[44.115s] GC(169) Phase 2: Prepare compaction
[44.115s] GC(169) Phase 2: Prepare compaction 0.318ms
[44.115s] GC(169) Phase 3: Adjust pointers
[44.116s] GC(169) Phase 3: Adjust pointers 0.911ms
[44.116s] GC(169) Phase 4: Compact heap
[44.116s] GC(169) Phase 4: Compact heap 0.314ms
[44.116s] GC(169) Phase 5: Reset Metadata
[44.116s] GC(169) Phase 5: Reset Metadata 0.183ms
[44.118s] GC(169) Eden regions: 1->0(188)
[44.118s] GC(169) Survivor regions: 0->0(24)
[44.118s] GC(169) Old regions: 3->3
[44.118s] GC(169) Humongous regions: 0->0
[44.118s] GC(169) Metaspace: 11344K(11584K)->11344K(11584K) NonClass: 9154K(9280K)->9154K(9280K) Class: 2189K(2304K)->2189K(2304K)
[44.118s] GC(169) Pause Full (System.gc()) 19M->4M(10048M) 4.164ms
[44.118s] GC(169) User=0.02s Sys=0.00s Real=0.00s
[44.120s] GC(170) Pause Full (System.gc())
[44.120s] GC(170) Using 4 workers of 14 for full compaction
[44.120s] GC(170) Phase 1: Mark live objects
[44.121s] GC(170) Phase 1: Mark live objects 1.229ms
[44.121s] GC(170) Phase 2: Prepare compaction
[44.121s] GC(170) Phase 2: Prepare compaction 0.318ms
[44.121s] GC(170) Phase 3: Adjust pointers
[44.122s] GC(170) Phase 3: Adjust pointers 0.933ms
[44.122s] GC(170) Phase 4: Compact heap
[44.123s] GC(170) Phase 4: Compact heap 0.302ms
[44.123s] GC(170) Phase 5: Reset Metadata
[44.123s] GC(170) Phase 5: Reset Metadata 0.187ms
[44.124s] GC(170) Eden regions: 1->0(188)
[44.124s] GC(170) Survivor regions: 0->0(24)
[44.124s] GC(170) Old regions: 3->3
[44.124s] GC(170) Humongous regions: 0->0
[44.124s] GC(170) Metaspace: 11344K(11584K)->11344K(11584K) NonClass: 9154K(9280K)->9154K(9280K) Class: 2189K(2304K)->2189K(2304K)
[44.124s] GC(170) Pause Full (System.gc()) 20M->5M(10048M) 4.281ms
[44.124s] GC(170) User=0.02s Sys=0.00s Real=0.00s
[44.128s] GC(171) Pause Full (System.gc())
[44.128s] GC(171) Using 4 workers of 14 for full compaction
[44.128s] GC(171) Phase 1: Mark live objects
[44.130s] GC(171) Phase 1: Mark live objects 1.283ms
[44.130s] GC(171) Phase 2: Prepare compaction
[44.130s] GC(171) Phase 2: Prepare compaction 0.336ms
[44.130s] GC(171) Phase 3: Adjust pointers
[44.131s] GC(171) Phase 3: Adjust pointers 0.928ms
[44.131s] GC(171) Phase 4: Compact heap
[44.131s] GC(171) Phase 4: Compact heap 0.303ms
[44.131s] GC(171) Phase 5: Reset Metadata
[44.132s] GC(171) Phase 5: Reset Metadata 0.184ms
[44.133s] GC(171) Eden regions: 1->0(188)
[44.133s] GC(171) Survivor regions: 0->0(24)
[44.133s] GC(171) Old regions: 3->3
[44.133s] GC(171) Humongous regions: 0->0
[44.133s] GC(171) Metaspace: 11344K(11584K)->11344K(11584K) NonClass: 9154K(9280K)->9154K(9280K) Class: 2189K(2304K)->2189K(2304K)
[44.133s] GC(171) Pause Full (System.gc()) 21M->7M(10048M) 4.334ms
[44.133s] GC(171) User=0.02s Sys=0.00s Real=0.01s
[44.141s] GC(172) Pause Full (System.gc())
[44.141s] GC(172) Using 4 workers of 14 for full compaction
[44.141s] GC(172) Phase 1: Mark live objects
[44.143s] GC(172) Phase 1: Mark live objects 1.317ms
[44.143s] GC(172) Phase 2: Prepare compaction
[44.143s] GC(172) Phase 2: Prepare compaction 0.319ms
[44.143s] GC(172) Phase 3: Adjust pointers
[44.144s] GC(172) Phase 3: Adjust pointers 0.920ms
[44.144s] GC(172) Phase 4: Compact heap
[44.144s] GC(172) Phase 4: Compact heap 0.353ms
[44.144s] GC(172) Phase 5: Reset Metadata
[44.144s] GC(172) Phase 5: Reset Metadata 0.184ms
[44.146s] GC(172) Eden regions: 1->0(188)
[44.146s] GC(172) Survivor regions: 0->0(24)
[44.146s] GC(172) Old regions: 3->3
[44.146s] GC(172) Humongous regions: 0->0
[44.146s] GC(172) Metaspace: 11344K(11584K)->11344K(11584K) NonClass: 9154K(9280K)->9154K(9280K) Class: 2189K(2304K)->2189K(2304K)
[44.146s] GC(172) Pause Full (System.gc()) 31M->11M(10048M) 4.451ms
[44.146s] GC(172) User=0.02s Sys=0.01s Real=0.00s
[44.163s] GC(173) Pause Full (System.gc())
[44.163s] GC(173) Using 5 workers of 14 for full compaction
[44.163s] GC(173) Phase 1: Mark live objects
[44.164s] GC(173) Phase 1: Mark live objects 1.308ms
[44.164s] GC(173) Phase 2: Prepare compaction
[44.164s] GC(173) Phase 2: Prepare compaction 0.405ms
[44.164s] GC(173) Phase 3: Adjust pointers
[44.165s] GC(173) Phase 3: Adjust pointers 0.975ms
[44.165s] GC(173) Phase 4: Compact heap
[44.166s] GC(173) Phase 4: Compact heap 0.295ms
[44.166s] GC(173) Phase 5: Reset Metadata
[44.166s] GC(173) Phase 5: Reset Metadata 0.191ms
[44.167s] GC(173) Eden regions: 1->0(188)
[44.167s] GC(173) Survivor regions: 0->0(24)
[44.167s] GC(173) Old regions: 3->3
[44.167s] GC(173) Humongous regions: 1->1
[44.167s] GC(173) Metaspace: 11350K(11584K)->11350K(11584K) NonClass: 9160K(9280K)->9160K(9280K) Class: 2189K(2304K)->2189K(2304K)
[44.167s] GC(173) Pause Full (System.gc()) 75M->35M(10048M) 4.577ms
[44.167s] GC(173) User=0.02s Sys=0.00s Real=0.00s
[44.201s] GC(174) Pause Full (System.gc())
[44.201s] GC(174) Using 8 workers of 14 for full compaction
[44.201s] GC(174) Phase 1: Mark live objects
[44.202s] GC(174) Phase 1: Mark live objects 1.189ms
[44.202s] GC(174) Phase 2: Prepare compaction
[44.203s] GC(174) Phase 2: Prepare compaction 0.324ms
[44.203s] GC(174) Phase 3: Adjust pointers
[44.204s] GC(174) Phase 3: Adjust pointers 1.053ms
[44.204s] GC(174) Phase 4: Compact heap
[44.204s] GC(174) Phase 4: Compact heap 0.288ms
[44.204s] GC(174) Phase 5: Reset Metadata
[44.204s] GC(174) Phase 5: Reset Metadata 0.186ms
[44.205s] GC(174) Eden regions: 2->0(188)
[44.205s] GC(174) Survivor regions: 0->0(24)
[44.205s] GC(174) Old regions: 3->3
[44.205s] GC(174) Humongous regions: 3->2
[44.205s] GC(174) Metaspace: 11350K(11584K)->11350K(11584K) NonClass: 9160K(9280K)->9160K(9280K) Class: 2189K(2304K)->2189K(2304K)
[44.205s] GC(174) Pause Full (System.gc()) 163M->67M(10048M) 4.410ms
[44.205s] GC(174) User=0.02s Sys=0.00s Real=0.00s
[44.272s] GC(175) Pause Full (System.gc())
[44.272s] GC(175) Using 12 workers of 14 for full compaction
[44.272s] GC(175) Phase 1: Mark live objects
[44.273s] GC(175) Phase 1: Mark live objects 1.076ms
[44.273s] GC(175) Phase 2: Prepare compaction
[44.273s] GC(175) Phase 2: Prepare compaction 0.321ms
[44.273s] GC(175) Phase 3: Adjust pointers
[44.274s] GC(175) Phase 3: Adjust pointers 1.064ms
[44.274s] GC(175) Phase 4: Compact heap
[44.275s] GC(175) Phase 4: Compact heap 0.284ms
[44.275s] GC(175) Phase 5: Reset Metadata
[44.275s] GC(175) Phase 5: Reset Metadata 0.187ms
[44.276s] GC(175) Eden regions: 4->0(188)
[44.276s] GC(175) Survivor regions: 0->0(24)
[44.276s] GC(175) Old regions: 3->3
[44.276s] GC(175) Humongous regions: 5->3
[44.276s] GC(175) Metaspace: 11350K(11584K)->11350K(11584K) NonClass: 9160K(9280K)->9160K(9280K) Class: 2189K(2304K)->2189K(2304K)
[44.276s] GC(175) Pause Full (System.gc()) 275M->99M(10048M) 4.297ms
[44.276s] GC(175) User=0.02s Sys=0.00s Real=0.00s
[44.410s] GC(176) Pause Full (System.gc())
[44.410s] GC(176) Using 14 workers of 14 for full compaction
[44.410s] GC(176) Phase 1: Mark live objects
[44.411s] GC(176) Phase 1: Mark live objects 1.119ms
[44.411s] GC(176) Phase 2: Prepare compaction
[44.411s] GC(176) Phase 2: Prepare compaction 0.343ms
[44.411s] GC(176) Phase 3: Adjust pointers
[44.412s] GC(176) Phase 3: Adjust pointers 0.985ms
[44.412s] GC(176) Phase 4: Compact heap
[44.413s] GC(176) Phase 4: Compact heap 0.315ms
[44.413s] GC(176) Phase 5: Reset Metadata
[44.413s] GC(176) Phase 5: Reset Metadata 0.190ms
[44.414s] GC(176) Eden regions: 7->0(188)
[44.414s] GC(176) Survivor regions: 0->0(24)
[44.414s] GC(176) Old regions: 3->3
[44.414s] GC(176) Humongous regions: 8->5
[44.414s] GC(176) Metaspace: 11350K(11584K)->11350K(11584K) NonClass: 9160K(9280K)->9160K(9280K) Class: 2189K(2304K)->2189K(2304K)
[44.414s] GC(176) Pause Full (System.gc()) 467M->163M(10048M) 4.352ms
[44.414s] GC(176) User=0.02s Sys=0.01s Real=0.00s
[44.788s] GC(177) Pause Full (System.gc())
[44.788s] GC(177) Using 14 workers of 14 for full compaction
[44.788s] GC(177) Phase 1: Mark live objects
[44.789s] GC(177) Phase 1: Mark live objects 1.374ms
[44.789s] GC(177) Phase 2: Prepare compaction
[44.790s] GC(177) Phase 2: Prepare compaction 0.359ms
[44.790s] GC(177) Phase 3: Adjust pointers
[44.791s] GC(177) Phase 3: Adjust pointers 1.038ms
[44.791s] GC(177) Phase 4: Compact heap
[44.791s] GC(177) Phase 4: Compact heap 0.326ms
[44.791s] GC(177) Phase 5: Reset Metadata
[44.791s] GC(177) Phase 5: Reset Metadata 0.192ms
[44.792s] GC(177) Eden regions: 13->0(188)
[44.792s] GC(177) Survivor regions: 0->0(24)
[44.792s] GC(177) Old regions: 3->3
[44.792s] GC(177) Humongous regions: 19->9
[44.792s] GC(177) Metaspace: 11350K(11584K)->11350K(11584K) NonClass: 9160K(9280K)->9160K(9280K) Class: 2189K(2304K)->2189K(2304K)
[44.792s] GC(177) Pause Full (System.gc()) 998M->291M(10048M) 4.724ms
[44.792s] GC(177) User=0.03s Sys=0.01s Real=0.01s
[45.540s] GC(178) Pause Full (System.gc())
[45.540s] GC(178) Using 14 workers of 14 for full compaction
[45.540s] GC(178) Phase 1: Mark live objects
[45.541s] GC(178) Phase 1: Mark live objects 1.252ms
[45.541s] GC(178) Phase 2: Prepare compaction
[45.541s] GC(178) Phase 2: Prepare compaction 0.449ms
[45.541s] GC(178) Phase 3: Adjust pointers
[45.542s] GC(178) Phase 3: Adjust pointers 1.005ms
[45.542s] GC(178) Phase 4: Compact heap
[45.543s] GC(178) Phase 4: Compact heap 0.330ms
[45.543s] GC(178) Phase 5: Reset Metadata
[45.543s] GC(178) Phase 5: Reset Metadata 0.200ms
[45.544s] GC(178) Eden regions: 25->0(188)
[45.544s] GC(178) Survivor regions: 0->0(24)
[45.544s] GC(178) Old regions: 3->3
[45.544s] GC(178) Humongous regions: 36->17
[45.544s] GC(178) Metaspace: 11350K(11584K)->11350K(11584K) NonClass: 9160K(9280K)->9160K(9280K) Class: 2189K(2304K)->2189K(2304K)
[45.544s] GC(178) Pause Full (System.gc()) 1930M->547M(10048M) 4.656ms
[45.544s] GC(178) User=0.03s Sys=0.00s Real=0.00s
[47.121s] GC(179) Pause Full (System.gc())
[47.121s] GC(179) Using 14 workers of 14 for full compaction
[47.121s] GC(179) Phase 1: Mark live objects
[47.122s] GC(179) Phase 1: Mark live objects 1.234ms
[47.122s] GC(179) Phase 2: Prepare compaction
[47.123s] GC(179) Phase 2: Prepare compaction 0.496ms
[47.123s] GC(179) Phase 3: Adjust pointers
[47.124s] GC(179) Phase 3: Adjust pointers 0.979ms
[47.124s] GC(179) Phase 4: Compact heap
[47.124s] GC(179) Phase 4: Compact heap 0.370ms
[47.124s] GC(179) Phase 5: Reset Metadata
[47.125s] GC(179) Phase 5: Reset Metadata 0.192ms
[47.126s] GC(179) Eden regions: 50->0(188)
[47.126s] GC(179) Survivor regions: 0->0(24)
[47.126s] GC(179) Old regions: 3->3
[47.126s] GC(179) Humongous regions: 71->33
[47.126s] GC(179) Metaspace: 11350K(11584K)->11350K(11584K) NonClass: 9160K(9280K)->9160K(9280K) Class: 2189K(2304K)->2189K(2304K)
[47.126s] GC(179) Pause Full (System.gc()) 3843M->1059M(10048M) 4.697ms
[47.126s] GC(179) User=0.03s Sys=0.00s Real=0.00s
[50.166s] GC(180) Pause Young (Concurrent Start) (G1 Humongous Allocation)
[50.166s] GC(180) Using 14 workers of 14 for evacuation
[50.166s] GC(180) Humongous region 4 (object size 67104984 @ 0x000000700a000000) remset 0 code roots 0 marked 0 pinned count 0 reclaim candidate 1 type tA
[50.166s] GC(180) Humongous region 37 (object size 67095392 @ 0x000000704c000000) remset 0 code roots 0 marked 0 pinned count 0 reclaim candidate 1 type tA
[50.166s] GC(180) Humongous region 76 (object size 67089736 @ 0x000000709a000000) remset 0 code roots 0 marked 0 pinned count 0 reclaim candidate 1 type tA
[50.166s] GC(180) Humongous region 6 (object size 67127616 @ 0x000000700e000000) remset 0 code roots 0 marked 0 pinned count 0 reclaim candidate 1 type tA
[50.166s] GC(180) Humongous region 13 (object size 67094240 @ 0x000000701c000000) remset 0 code roots 0 marked 0 pinned count 0 reclaim candidate 1 type tA
[50.166s] GC(180) Humongous region 11 (object size 67104560 @ 0x0000007018000000) remset 0 code roots 0 marked 0 pinned count 0 reclaim candidate 1 type tA
[50.166s] GC(180) Humongous region 15 (object size 67092624 @ 0x0000007020000000) remset 0 code roots 0 marked 0 pinned count 0 reclaim candidate 1 type tA
[50.166s] GC(180) Humongous region 20 (object size 67114360 @ 0x000000702a000000) remset 0 code roots 0 marked 0 pinned count 0 reclaim candidate 1 type tA
[50.166s] GC(180) Humongous region 9 (object size 67086600 @ 0x0000007014000000) remset 0 code roots 0 marked 0 pinned count 0 reclaim candidate 1 type tA
[50.166s] GC(180) Humongous region 17 (object size 67127112 @ 0x0000007024000000) remset 0 code roots 0 marked 0 pinned count 0 reclaim candidate 1 type tA
[50.166s] GC(180) Humongous region 26 (object size 67135896 @ 0x0000007036000000) remset 0 code roots 0 marked 0 pinned count 0 reclaim candidate 1 type tA
[50.166s] GC(180) Humongous region 23 (object size 67116712 @ 0x0000007030000000) remset 0 code roots 0 marked 0 pinned count 0 reclaim candidate 1 type tA
[50.166s] GC(180) Humongous region 39 (object size 67111784 @ 0x0000007050000000) remset 0 code roots 0 marked 0 pinned count 0 reclaim candidate 1 type tA
[50.166s] GC(180) Humongous region 29 (object size 67104976 @ 0x000000703c000000) remset 0 code roots 0 marked 0 pinned count 0 reclaim candidate 1 type tA
[50.166s] GC(180) Humongous region 31 (object size 67109032 @ 0x0000007040000000) remset 0 code roots 0 marked 0 pinned count 0 reclaim candidate 1 type tA
[50.166s] GC(180) Humongous region 34 (object size 67126424 @ 0x0000007046000000) remset 0 code roots 0 marked 0 pinned count 0 reclaim candidate 1 type tA
[50.166s] GC(180) Humongous region 43 (object size 1073741840 @ 0x0000007058000000) remset 0 code roots 0 marked 0 pinned count 0 reclaim candidate 0 type tA
[50.166s] GC(180) Reclaimed humongous region 4 (object size 67104984 @ 0x000000700a000000)
[50.166s] GC(180) Reclaimed humongous region 6 (object size 67127616 @ 0x000000700e000000)
[50.166s] GC(180) Reclaimed humongous region 9 (object size 67086600 @ 0x0000007014000000)
[50.166s] GC(180) Reclaimed humongous region 11 (object size 67104560 @ 0x0000007018000000)
[50.166s] GC(180) Reclaimed humongous region 13 (object size 67094240 @ 0x000000701c000000)
[50.166s] GC(180) Reclaimed humongous region 15 (object size 67092624 @ 0x0000007020000000)
[50.166s] GC(180) Reclaimed humongous region 17 (object size 67127112 @ 0x0000007024000000)
[50.166s] GC(180) Reclaimed humongous region 20 (object size 67114360 @ 0x000000702a000000)
[50.166s] GC(180) Reclaimed humongous region 23 (object size 67116712 @ 0x0000007030000000)
[50.166s] GC(180) Reclaimed humongous region 26 (object size 67135896 @ 0x0000007036000000)
[50.166s] GC(180) Reclaimed humongous region 29 (object size 67104976 @ 0x000000703c000000)
[50.166s] GC(180) Reclaimed humongous region 31 (object size 67109032 @ 0x0000007040000000)
[50.166s] GC(180) Reclaimed humongous region 34 (object size 67126424 @ 0x0000007046000000)
[50.166s] GC(180) Reclaimed humongous region 37 (object size 67095392 @ 0x000000704c000000)
[50.166s] GC(180) Reclaimed humongous region 39 (object size 67111784 @ 0x0000007050000000)
[50.166s] GC(180) Reclaimed humongous region 76 (object size 67089736 @ 0x000000709a000000)
[50.166s] GC(180)   Pre Evacuate Collection Set: 0.17ms
[50.166s] GC(180)   Merge Heap Roots: 0.04ms
[50.166s] GC(180)   Evacuate Collection Set: 0.27ms
[50.166s] GC(180)   Post Evacuate Collection Set: 0.22ms
[50.166s] GC(180)   Other: 0.06ms
[50.166s] GC(180) Eden regions: 101->0(14)
[50.167s] GC(180) Survivor regions: 0->1(13)
[50.167s] GC(180) Old regions: 3->3
[50.167s] GC(180) Humongous regions: 73->33
[50.167s] GC(180) Metaspace: 11350K(11584K)->11350K(11584K) NonClass: 9160K(9280K)->9160K(9280K) Class: 2189K(2304K)->2189K(2304K)
[50.167s] GC(180) Pause Young (Concurrent Start) (G1 Humongous Allocation) 5551M->1059M(10048M) 0.818ms
[50.167s] GC(180) User=0.01s Sys=0.00s Real=0.00s
[50.167s] GC(181) Concurrent Undo Cycle
[50.167s] GC(181) Concurrent Clear Claimed Marks
[50.167s] GC(181) Concurrent Clear Claimed Marks 0.004ms
[50.167s] GC(181) Concurrent Cleanup for Next Mark
[50.167s] GC(181) Concurrent Cleanup for Next Mark 0.040ms
[50.167s] GC(181) Concurrent Undo Cycle 0.082ms
[50.491s] GC(182) Pause Full (System.gc())
[50.491s] GC(182) Using 14 workers of 14 for full compaction
[50.491s] GC(182) Phase 1: Mark live objects
[50.492s] GC(182) Phase 1: Mark live objects 1.166ms
[50.492s] GC(182) Phase 2: Prepare compaction
[50.492s] GC(182) Phase 2: Prepare compaction 0.320ms
[50.492s] GC(182) Phase 3: Adjust pointers
[50.493s] GC(182) Phase 3: Adjust pointers 0.962ms
[50.493s] GC(182) Phase 4: Compact heap
[50.494s] GC(182) Phase 4: Compact heap 0.308ms
[50.494s] GC(182) Phase 5: Reset Metadata
[50.494s] GC(182) Phase 5: Reset Metadata 0.184ms
[50.495s] GC(182) Eden regions: 0->0(15)
[50.495s] GC(182) Survivor regions: 1->0(13)
[50.495s] GC(182) Old regions: 3->4
[50.495s] GC(182) Humongous regions: 98->65
[50.495s] GC(182) Metaspace: 11350K(11584K)->11350K(11584K) NonClass: 9160K(9280K)->9160K(9280K) Class: 2189K(2304K)->2189K(2304K)
[50.495s] GC(182) Pause Full (System.gc()) 3139M->2083M(10048M) 4.374ms
[50.495s] GC(182) User=0.03s Sys=0.01s Real=0.00s
[51.092s] GC(183) Pause Young (Normal) (G1 Evacuation Pause)
[51.092s] GC(183) Using 14 workers of 14 for evacuation
[51.092s] GC(183) Humongous region 76 (object size 2147483664 @ 0x000000709a000000) remset 0 code roots 0 marked 0 pinned count 0 reclaim candidate 0 type tA
[51.096s] GC(183)   Pre Evacuate Collection Set: 0.09ms
[51.097s] GC(183)   Merge Heap Roots: 0.04ms
[51.097s] GC(183)   Evacuate Collection Set: 3.98ms
[51.097s] GC(183)   Post Evacuate Collection Set: 0.16ms
[51.097s] GC(183)   Other: 0.07ms
[51.097s] GC(183) Eden regions: 15->0(13)
[51.097s] GC(183) Survivor regions: 0->2(2)
[51.097s] GC(183) Old regions: 4->18
[51.097s] GC(183) Humongous regions: 65->65
[51.097s] GC(183) Metaspace: 11350K(11584K)->11350K(11584K) NonClass: 9160K(9280K)->9160K(9280K) Class: 2189K(2304K)->2189K(2304K)
[51.097s] GC(183) Pause Young (Normal) (G1 Evacuation Pause) 2555M->2587M(10048M) 4.467ms
[51.097s] GC(183) User=0.05s Sys=0.00s Real=0.00s
[51.098s] GC(184) Pause Young (Normal) (G1 Evacuation Pause)
[51.098s] GC(184) Using 14 workers of 14 for evacuation
[51.098s] GC(184) Humongous region 76 (object size 2147483664 @ 0x000000709a000000) remset 0 code roots 0 marked 0 pinned count 0 reclaim candidate 0 type tA
[51.102s] GC(184)   Pre Evacuate Collection Set: 0.08ms
[51.102s] GC(184)   Merge Heap Roots: 0.03ms
[51.102s] GC(184)   Evacuate Collection Set: 3.80ms
[51.102s] GC(184)   Post Evacuate Collection Set: 0.17ms
[51.102s] GC(184)   Other: 0.06ms
[51.102s] GC(184) Eden regions: 13->0(13)
[51.102s] GC(184) Survivor regions: 2->2(2)
[51.102s] GC(184) Old regions: 18->32
[51.102s] GC(184) Humongous regions: 65->65
[51.102s] GC(184) Metaspace: 11350K(11584K)->11350K(11584K) NonClass: 9160K(9280K)->9160K(9280K) Class: 2189K(2304K)->2189K(2304K)
[51.102s] GC(184) Pause Young (Normal) (G1 Evacuation Pause) 2995M->3019M(10048M) 4.229ms
[51.102s] GC(184) User=0.05s Sys=0.00s Real=0.01s
[51.104s] GC(185) Pause Young (Normal) (G1 Evacuation Pause)
[51.104s] GC(185) Using 14 workers of 14 for evacuation
[51.104s] GC(185) Humongous region 76 (object size 2147483664 @ 0x000000709a000000) remset 0 code roots 0 marked 0 pinned count 0 reclaim candidate 0 type tA
[51.108s] GC(185)   Pre Evacuate Collection Set: 0.07ms
[51.108s] GC(185)   Merge Heap Roots: 0.03ms
[51.108s] GC(185)   Evacuate Collection Set: 3.42ms
[51.108s] GC(185)   Post Evacuate Collection Set: 0.17ms
[51.108s] GC(185)   Other: 0.06ms
[51.108s] GC(185) Eden regions: 13->0(13)
[51.108s] GC(185) Survivor regions: 2->2(2)
[51.108s] GC(185) Old regions: 32->46
[51.108s] GC(185) Humongous regions: 65->65
[51.108s] GC(185) Metaspace: 11350K(11584K)->11350K(11584K) NonClass: 9160K(9280K)->9160K(9280K) Class: 2189K(2304K)->2189K(2304K)
[51.108s] GC(185) Pause Young (Normal) (G1 Evacuation Pause) 3427M->3467M(10048M) 3.811ms
[51.108s] GC(185) User=0.05s Sys=0.00s Real=0.00s
[51.110s] GC(186) Pause Young (Normal) (G1 Evacuation Pause)
[51.110s] GC(186) Using 14 workers of 14 for evacuation
[51.110s] GC(186) Humongous region 76 (object size 2147483664 @ 0x000000709a000000) remset 0 code roots 0 marked 0 pinned count 0 reclaim candidate 0 type tA
[51.114s] GC(186)   Pre Evacuate Collection Set: 0.08ms
[51.114s] GC(186)   Merge Heap Roots: 0.03ms
[51.114s] GC(186)   Evacuate Collection Set: 3.74ms
[51.114s] GC(186)   Post Evacuate Collection Set: 0.17ms
[51.114s] GC(186)   Other: 0.06ms
[51.114s] GC(186) Eden regions: 13->0(13)
[51.114s] GC(186) Survivor regions: 2->2(2)
[51.114s] GC(186) Old regions: 46->59
[51.114s] GC(186) Humongous regions: 65->65
[51.114s] GC(186) Metaspace: 11350K(11584K)->11350K(11584K) NonClass: 9160K(9280K)->9160K(9280K) Class: 2189K(2304K)->2189K(2304K)
[51.114s] GC(186) Pause Young (Normal) (G1 Evacuation Pause) 3875M->3891M(10048M) 4.153ms
[51.114s] GC(186) User=0.05s Sys=0.00s Real=0.00s
[51.116s] GC(187) Pause Young (Normal) (G1 Evacuation Pause)
[51.116s] GC(187) Using 14 workers of 14 for evacuation
[51.116s] GC(187) Humongous region 76 (object size 2147483664 @ 0x000000709a000000) remset 0 code roots 0 marked 0 pinned count 0 reclaim candidate 0 type tA
[51.120s] GC(187)   Pre Evacuate Collection Set: 0.06ms
[51.120s] GC(187)   Merge Heap Roots: 0.03ms
[51.120s] GC(187)   Evacuate Collection Set: 3.82ms
[51.120s] GC(187)   Post Evacuate Collection Set: 0.17ms
[51.120s] GC(187)   Other: 0.06ms
[51.120s] GC(187) Eden regions: 13->0(13)
[51.120s] GC(187) Survivor regions: 2->2(2)
[51.120s] GC(187) Old regions: 59->73
[51.120s] GC(187) Humongous regions: 65->65
[51.120s] GC(187) Metaspace: 11350K(11584K)->11350K(11584K) NonClass: 9160K(9280K)->9160K(9280K) Class: 2189K(2304K)->2189K(2304K)
[51.120s] GC(187) Pause Young (Normal) (G1 Evacuation Pause) 4307M->4331M(10048M) 4.206ms
[51.120s] GC(187) User=0.05s Sys=0.01s Real=0.01s
[53.127s] GC(188) Pause Young (Normal) (G1 Evacuation Pause)
[53.127s] GC(188) Using 14 workers of 14 for evacuation
[53.127s] GC(188) Humongous region 76 (object size 2147483664 @ 0x000000709a000000) remset 0 code roots 0 marked 0 pinned count 0 reclaim candidate 0 type tA
[53.132s] GC(188)   Pre Evacuate Collection Set: 0.09ms
[53.132s] GC(188)   Merge Heap Roots: 0.03ms
[53.132s] GC(188)   Evacuate Collection Set: 4.14ms
[53.132s] GC(188)   Post Evacuate Collection Set: 0.17ms
[53.132s] GC(188)   Other: 0.07ms
[53.132s] GC(188) Eden regions: 13->0(13)
[53.132s] GC(188) Survivor regions: 2->2(2)
[53.132s] GC(188) Old regions: 73->86
[53.132s] GC(188) Humongous regions: 65->65
[53.132s] GC(188) Metaspace: 11350K(11584K)->11350K(11584K) NonClass: 9160K(9280K)->9160K(9280K) Class: 2189K(2304K)->2189K(2304K)
[53.132s] GC(188) Pause Young (Normal) (G1 Evacuation Pause) 4739M->4763M(10048M) 4.629ms
[53.132s] GC(188) User=0.06s Sys=0.00s Real=0.01s
[53.134s] GC(189) Pause Young (Normal) (G1 Evacuation Pause)
[53.134s] GC(189) Using 14 workers of 14 for evacuation
[53.134s] GC(189) Humongous region 76 (object size 2147483664 @ 0x000000709a000000) remset 0 code roots 0 marked 0 pinned count 0 reclaim candidate 0 type tA
[53.138s] GC(189)   Pre Evacuate Collection Set: 0.08ms
[53.138s] GC(189)   Merge Heap Roots: 0.03ms
[53.138s] GC(189)   Evacuate Collection Set: 3.92ms
[53.138s] GC(189)   Post Evacuate Collection Set: 0.17ms
[53.138s] GC(189)   Other: 0.06ms
[53.138s] GC(189) Eden regions: 13->0(13)
[53.138s] GC(189) Survivor regions: 2->2(2)
[53.138s] GC(189) Old regions: 86->101
[53.138s] GC(189) Humongous regions: 65->65
[53.138s] GC(189) Metaspace: 11350K(11584K)->11350K(11584K) NonClass: 9160K(9280K)->9160K(9280K) Class: 2189K(2304K)->2189K(2304K)
[53.138s] GC(189) Pause Young (Normal) (G1 Evacuation Pause) 5171M->5227M(10048M) 4.341ms
[53.138s] GC(189) User=0.05s Sys=0.00s Real=0.00s
[53.140s] GC(190) Pause Young (Normal) (G1 Evacuation Pause)
[53.140s] GC(190) Using 14 workers of 14 for evacuation
[53.140s] GC(190) Humongous region 76 (object size 2147483664 @ 0x000000709a000000) remset 0 code roots 0 marked 0 pinned count 0 reclaim candidate 0 type tA
[53.144s] GC(190)   Pre Evacuate Collection Set: 0.09ms
[53.144s] GC(190)   Merge Heap Roots: 0.05ms
[53.144s] GC(190)   Evacuate Collection Set: 3.59ms
[53.144s] GC(190)   Post Evacuate Collection Set: 0.14ms
[53.144s] GC(190)   Other: 0.06ms
[53.144s] GC(190) Eden regions: 13->0(13)
[53.144s] GC(190) Survivor regions: 2->2(2)
[53.144s] GC(190) Old regions: 101->114
[53.144s] GC(190) Humongous regions: 65->65
[53.144s] GC(190) Metaspace: 11350K(11584K)->11350K(11584K) NonClass: 9160K(9280K)->9160K(9280K) Class: 2189K(2304K)->2189K(2304K)
[53.144s] GC(190) Pause Young (Normal) (G1 Evacuation Pause) 5643M->5643M(10048M) 4.007ms
[53.144s] GC(190) User=0.05s Sys=0.01s Real=0.00s
[53.145s] GC(191) Pause Young (Normal) (G1 Evacuation Pause)
[53.145s] GC(191) Using 14 workers of 14 for evacuation
[53.145s] GC(191) Humongous region 76 (object size 2147483664 @ 0x000000709a000000) remset 0 code roots 0 marked 0 pinned count 0 reclaim candidate 0 type tA
[53.150s] GC(191)   Pre Evacuate Collection Set: 0.11ms
[53.150s] GC(191)   Merge Heap Roots: 0.04ms
[53.150s] GC(191)   Evacuate Collection Set: 3.87ms
[53.150s] GC(191)   Post Evacuate Collection Set: 0.15ms
[53.150s] GC(191)   Other: 0.06ms
[53.150s] GC(191) Eden regions: 13->0(13)
[53.150s] GC(191) Survivor regions: 2->2(2)
[53.150s] GC(191) Old regions: 114->127
[53.150s] GC(191) Humongous regions: 65->65
[53.150s] GC(191) Metaspace: 11350K(11584K)->11350K(11584K) NonClass: 9160K(9280K)->9160K(9280K) Class: 2189K(2304K)->2189K(2304K)
[53.150s] GC(191) Pause Young (Normal) (G1 Evacuation Pause) 6051M->6075M(10048M) 4.300ms
[53.150s] GC(191) User=0.04s Sys=0.00s Real=0.01s
[53.151s] GC(192) Pause Young (Normal) (G1 Evacuation Pause)
[53.151s] GC(192) Using 14 workers of 14 for evacuation
[53.151s] GC(192) Humongous region 76 (object size 2147483664 @ 0x000000709a000000) remset 0 code roots 0 marked 0 pinned count 0 reclaim candidate 0 type tA
[53.156s] GC(192)   Pre Evacuate Collection Set: 0.10ms
[53.157s] GC(192)   Merge Heap Roots: 0.04ms
[53.157s] GC(192)   Evacuate Collection Set: 4.12ms
[53.157s] GC(192)   Post Evacuate Collection Set: 0.80ms
[53.157s] GC(192)   Other: 0.06ms
[53.157s] GC(192) Eden regions: 13->0(17)
[53.157s] GC(192) Survivor regions: 2->2(2)
[53.157s] GC(192) Old regions: 127->140
[53.157s] GC(192) Humongous regions: 65->65
[53.157s] GC(192) Metaspace: 11350K(11584K)->11350K(11584K) NonClass: 9160K(9280K)->9160K(9280K) Class: 2189K(2304K)->2189K(2304K)
[53.157s] GC(192) Pause Young (Normal) (G1 Evacuation Pause) 6483M->6475M(12608M) 5.191ms
[53.157s] GC(192) User=0.04s Sys=0.01s Real=0.00s
[55.237s] GC(193) Pause Young (Normal) (G1 Evacuation Pause)
[55.237s] GC(193) Using 14 workers of 14 for evacuation
[55.237s] GC(193) Humongous region 76 (object size 2147483664 @ 0x000000709a000000) remset 0 code roots 0 marked 0 pinned count 0 reclaim candidate 0 type tA
[55.245s] GC(193)   Pre Evacuate Collection Set: 0.08ms
[55.245s] GC(193)   Merge Heap Roots: 0.04ms
[55.245s] GC(193)   Evacuate Collection Set: 7.60ms
[55.245s] GC(193)   Post Evacuate Collection Set: 0.21ms
[55.245s] GC(193)   Other: 0.08ms
[55.245s] GC(193) Eden regions: 17->0(16)
[55.245s] GC(193) Survivor regions: 2->3(3)
[55.245s] GC(193) Old regions: 140->156
[55.245s] GC(193) Humongous regions: 65->65
[55.245s] GC(193) Metaspace: 11350K(11584K)->11350K(11584K) NonClass: 9160K(9280K)->9160K(9280K) Class: 2189K(2304K)->2189K(2304K)
[55.245s] GC(193) Pause Young (Normal) (G1 Evacuation Pause) 7011M->7027M(12608M) 8.142ms
[55.245s] GC(193) User=0.03s Sys=0.05s Real=0.01s
[55.248s] GC(194) Pause Young (Normal) (G1 Evacuation Pause)
[55.248s] GC(194) Using 14 workers of 14 for evacuation
[55.248s] GC(194) Humongous region 76 (object size 2147483664 @ 0x000000709a000000) remset 0 code roots 0 marked 0 pinned count 0 reclaim candidate 0 type tA
[55.254s] GC(194)   Pre Evacuate Collection Set: 0.12ms
[55.254s] GC(194)   Merge Heap Roots: 0.05ms
[55.254s] GC(194)   Evacuate Collection Set: 4.82ms
[55.254s] GC(194)   Post Evacuate Collection Set: 0.23ms
[55.254s] GC(194)   Other: 0.06ms
[55.254s] GC(194) Eden regions: 16->0(16)
[55.254s] GC(194) Survivor regions: 3->3(3)
[55.254s] GC(194) Old regions: 156->174
[55.254s] GC(194) Humongous regions: 65->65
[55.254s] GC(194) Metaspace: 11350K(11584K)->11350K(11584K) NonClass: 9160K(9280K)->9160K(9280K) Class: 2189K(2304K)->2189K(2304K)
[55.254s] GC(194) Pause Young (Normal) (G1 Evacuation Pause) 7531M->7595M(12608M) 5.384ms
[55.254s] GC(194) User=0.05s Sys=0.02s Real=0.01s
[55.257s] GC(195) Pause Young (Normal) (G1 Evacuation Pause)
[55.257s] GC(195) Using 14 workers of 14 for evacuation
[55.257s] GC(195) Humongous region 76 (object size 2147483664 @ 0x000000709a000000) remset 0 code roots 0 marked 0 pinned count 0 reclaim candidate 0 type tA
[55.262s] GC(195)   Pre Evacuate Collection Set: 0.10ms
[55.262s] GC(195)   Merge Heap Roots: 0.04ms
[55.262s] GC(195)   Evacuate Collection Set: 4.90ms
[55.262s] GC(195)   Post Evacuate Collection Set: 0.18ms
[55.262s] GC(195)   Other: 0.07ms
[55.262s] GC(195) Eden regions: 16->0(16)
[55.262s] GC(195) Survivor regions: 3->3(3)
[55.262s] GC(195) Old regions: 174->190
[55.262s] GC(195) Humongous regions: 65->65
[55.262s] GC(195) Metaspace: 11350K(11584K)->11350K(11584K) NonClass: 9160K(9280K)->9160K(9280K) Class: 2189K(2304K)->2189K(2304K)
[55.262s] GC(195) Pause Young (Normal) (G1 Evacuation Pause) 8107M->8115M(12608M) 5.400ms
[55.262s] GC(195) User=0.06s Sys=0.00s Real=0.01s
[55.264s] GC(196) Pause Young (Normal) (G1 Evacuation Pause)
[55.264s] GC(196) Using 14 workers of 14 for evacuation
[55.264s] GC(196) Humongous region 76 (object size 2147483664 @ 0x000000709a000000) remset 0 code roots 0 marked 0 pinned count 0 reclaim candidate 0 type tA
[55.269s] GC(196)   Pre Evacuate Collection Set: 0.10ms
[55.270s] GC(196)   Merge Heap Roots: 0.04ms
[55.270s] GC(196)   Evacuate Collection Set: 4.69ms
[55.270s] GC(196)   Post Evacuate Collection Set: 0.15ms
[55.270s] GC(196)   Other: 0.06ms
[55.270s] GC(196) Eden regions: 16->0(16)
[55.270s] GC(196) Survivor regions: 3->3(3)
[55.270s] GC(196) Old regions: 190->207
[55.270s] GC(196) Humongous regions: 65->65
[55.270s] GC(196) Metaspace: 11350K(11584K)->11350K(11584K) NonClass: 9160K(9280K)->9160K(9280K) Class: 2189K(2304K)->2189K(2304K)
[55.270s] GC(196) Pause Young (Normal) (G1 Evacuation Pause) 8619M->8651M(12608M) 5.124ms
[55.270s] GC(196) User=0.06s Sys=0.00s Real=0.01s
[57.438s] GC(197) Pause Young (Concurrent Start) (G1 Humongous Allocation)
[57.438s] GC(197) Using 14 workers of 14 for evacuation
[57.438s] GC(197) Humongous region 76 (object size 2147483664 @ 0x000000709a000000) remset 0 code roots 0 marked 0 pinned count 0 reclaim candidate 0 type tA
[57.438s] GC(197) Humongous region 272 (object size 67122744 @ 0x0000007222000000) remset 0 code roots 0 marked 0 pinned count 0 reclaim candidate 1 type tA
[57.438s] GC(197) Humongous region 292 (object size 67066016 @ 0x000000724a000000) remset 0 code roots 0 marked 0 pinned count 0 reclaim candidate 1 type tA
[57.438s] GC(197) Humongous region 330 (object size 67120144 @ 0x0000007296000000) remset 0 code roots 0 marked 0 pinned count 0 reclaim candidate 1 type tA
[57.438s] GC(197) Humongous region 275 (object size 67122032 @ 0x0000007228000000) remset 0 code roots 0 marked 0 pinned count 0 reclaim candidate 1 type tA
[57.438s] GC(197) Humongous region 280 (object size 67102144 @ 0x0000007232000000) remset 0 code roots 0 marked 0 pinned count 0 reclaim candidate 1 type tA
[57.438s] GC(197) Humongous region 284 (object size 67121136 @ 0x000000723a000000) remset 0 code roots 0 marked 0 pinned count 0 reclaim candidate 1 type tA
[57.438s] GC(197) Humongous region 294 (object size 67118976 @ 0x000000724e000000) remset 0 code roots 0 marked 0 pinned count 0 reclaim candidate 1 type tA
[57.438s] GC(197) Humongous region 297 (object size 67109336 @ 0x0000007254000000) remset 0 code roots 0 marked 0 pinned count 0 reclaim candidate 1 type tA
[57.438s] GC(197) Humongous region 300 (object size 67126736 @ 0x000000725a000000) remset 0 code roots 0 marked 0 pinned count 0 reclaim candidate 1 type tA
[57.438s] GC(197) Humongous region 303 (object size 67126128 @ 0x0000007260000000) remset 0 code roots 0 marked 0 pinned count 0 reclaim candidate 1 type tA
[57.438s] GC(197) Humongous region 278 (object size 67108624 @ 0x000000722e000000) remset 0 code roots 0 marked 0 pinned count 0 reclaim candidate 1 type tA
[57.438s] GC(197) Humongous region 282 (object size 67086632 @ 0x0000007236000000) remset 0 code roots 0 marked 0 pinned count 0 reclaim candidate 1 type tA
[57.438s] GC(197) Humongous region 290 (object size 67081088 @ 0x0000007246000000) remset 0 code roots 0 marked 0 pinned count 0 reclaim candidate 1 type tA
[57.438s] GC(197) Humongous region 306 (object size 67113112 @ 0x0000007266000000) remset 0 code roots 0 marked 0 pinned count 0 reclaim candidate 1 type tA
[57.438s] GC(197) Humongous region 287 (object size 67138312 @ 0x0000007240000000) remset 0 code roots 0 marked 0 pinned count 0 reclaim candidate 1 type tA
[57.438s] GC(197) Humongous region 333 (object size 67136568 @ 0x000000729c000000) remset 0 code roots 0 marked 0 pinned count 0 reclaim candidate 1 type tA
[57.438s] GC(197) Humongous region 309 (object size 67120224 @ 0x000000726c000000) remset 0 code roots 0 marked 0 pinned count 0 reclaim candidate 1 type tA
[57.438s] GC(197) Humongous region 312 (object size 67094520 @ 0x0000007272000000) remset 0 code roots 0 marked 0 pinned count 0 reclaim candidate 1 type tA
[57.438s] GC(197) Humongous region 314 (object size 67123256 @ 0x0000007276000000) remset 0 code roots 0 marked 0 pinned count 0 reclaim candidate 1 type tA
[57.438s] GC(197) Humongous region 317 (object size 67106936 @ 0x000000727c000000) remset 0 code roots 0 marked 0 pinned count 0 reclaim candidate 1 type tA
[57.438s] GC(197) Humongous region 319 (object size 67083592 @ 0x0000007280000000) remset 0 code roots 0 marked 0 pinned count 0 reclaim candidate 1 type tA
[57.438s] GC(197) Humongous region 321 (object size 67104752 @ 0x0000007284000000) remset 0 code roots 0 marked 0 pinned count 0 reclaim candidate 1 type tA
[57.438s] GC(197) Humongous region 323 (object size 67104160 @ 0x0000007288000000) remset 0 code roots 0 marked 0 pinned count 0 reclaim candidate 1 type tA
[57.438s] GC(197) Humongous region 325 (object size 67094928 @ 0x000000728c000000) remset 0 code roots 0 marked 0 pinned count 0 reclaim candidate 1 type tA
[57.438s] GC(197) Humongous region 327 (object size 67136640 @ 0x0000007290000000) remset 0 code roots 0 marked 0 pinned count 0 reclaim candidate 1 type tA
[57.438s] GC(197) Humongous region 336 (object size 67119424 @ 0x00000072a2000000) remset 0 code roots 0 marked 0 pinned count 0 reclaim candidate 1 type tA
[57.438s] GC(197) Humongous region 339 (object size 67093000 @ 0x00000072a8000000) remset 0 code roots 0 marked 0 pinned count 0 reclaim candidate 1 type tA
[57.438s] GC(197) Humongous region 341 (object size 67085936 @ 0x00000072ac000000) remset 0 code roots 0 marked 0 pinned count 0 reclaim candidate 1 type tA
[57.438s] GC(197) Humongous region 343 (object size 67114976 @ 0x00000072b0000000) remset 0 code roots 0 marked 0 pinned count 0 reclaim candidate 1 type tA
[57.438s] GC(197) Humongous region 346 (object size 67101552 @ 0x00000072b6000000) remset 0 code roots 0 marked 0 pinned count 0 reclaim candidate 1 type tA
[57.469s] GC(197)   Pre Evacuate Collection Set: 0.35ms
[57.469s] GC(197)   Merge Heap Roots: 0.04ms
[57.469s] GC(197)   Evacuate Collection Set: 30.14ms
[57.469s] GC(197)   Post Evacuate Collection Set: 0.15ms
[57.469s] GC(197)   Other: 0.08ms
[57.469s] GC(197) Eden regions: 16->0(16)
[57.469s] GC(197) Survivor regions: 3->3(3)
[57.469s] GC(197) Old regions: 207->224
[57.469s] GC(197) Humongous regions: 141->141
[57.469s] GC(197) Metaspace: 11350K(11584K)->11350K(11584K) NonClass: 9160K(9280K)->9160K(9280K) Class: 2189K(2304K)->2189K(2304K)
[57.469s] GC(197) Pause Young (Concurrent Start) (G1 Humongous Allocation) 11587M->11635M(12608M) 30.888ms
[57.469s] GC(197) User=0.04s Sys=0.23s Real=0.03s
[57.469s] GC(198) Concurrent Mark Cycle
[57.469s] GC(198) Concurrent Scan Root Regions
[57.469s] GC(198) Concurrent Scan Root Regions 0.063ms
[57.469s] GC(198) Concurrent Mark
[57.469s] GC(198) Concurrent Mark From Roots
[57.469s] GC(198) Concurrent Mark Using 4 of 4 Workers
[57.471s] GC(198) Concurrent Mark From Roots 1.917ms
[57.471s] GC(198) Concurrent Preclean
[57.471s] GC(198) Concurrent Preclean 0.010ms
[57.473s] GC(198) Pause Remark
[57.474s] GC(198) Pause Remark 11699M->5619M(12608M) 0.807ms
[57.474s] GC(198) User=0.00s Sys=0.00s Real=0.00s
[57.474s] GC(198) Concurrent Mark 5.336ms
[57.474s] GC(198) Concurrent Rebuild Remembered Sets and Scrub Regions
[57.475s] GC(198) Concurrent Rebuild Remembered Sets and Scrub Regions 0.615ms
[57.475s] GC(198) Pause Cleanup
[57.475s] GC(198) Pause Cleanup 5693M->5693M(12608M) 0.031ms
[57.475s] GC(198) User=0.00s Sys=0.00s Real=0.00s
[57.475s] GC(198) Concurrent Clear Claimed Marks
[57.475s] GC(198) Concurrent Clear Claimed Marks 0.009ms
[57.475s] GC(198) Concurrent Cleanup for Next Mark
[57.478s] GC(198) Concurrent Cleanup for Next Mark 3.527ms
[57.478s] GC(198) Concurrent Mark Cycle 9.738ms
[58.569s] GC(199) Pause Full (System.gc())
[58.569s] GC(199) Using 14 workers of 14 for full compaction
[58.569s] GC(199) Phase 1: Mark live objects
[58.570s] GC(199) Phase 1: Mark live objects 1.088ms
[58.571s] GC(199) Phase 2: Prepare compaction
[58.571s] GC(199) Phase 2: Prepare compaction 0.424ms
[58.571s] GC(199) Phase 3: Adjust pointers
[58.572s] GC(199) Phase 3: Adjust pointers 1.051ms
[58.572s] GC(199) Phase 4: Compact heap
[58.572s] GC(199) Phase 4: Compact heap 0.333ms
[58.572s] GC(199) Phase 5: Reset Metadata
[58.573s] GC(199) Phase 5: Reset Metadata 0.235ms
[58.574s] GC(199) Eden regions: 1->0(23)
[58.574s] GC(199) Survivor regions: 3->0(3)
[58.574s] GC(199) Old regions: 34->4
[58.574s] GC(199) Humongous regions: 145->0
[58.574s] GC(199) Metaspace: 11350K(11584K)->11350K(11584K) NonClass: 9160K(9280K)->9160K(9280K) Class: 2189K(2304K)->2189K(2304K)
[58.574s] GC(199) Pause Full (System.gc()) 5693M->3M(12608M) 5.022ms
[58.574s] GC(199) User=0.03s Sys=0.01s Real=0.00s
[58.575s] GC(200) Pause Full (System.gc())
[58.575s] GC(200) Using 5 workers of 14 for full compaction
[58.575s] GC(200) Phase 1: Mark live objects
[58.576s] GC(200) Phase 1: Mark live objects 1.117ms
[58.576s] GC(200) Phase 2: Prepare compaction
[58.576s] GC(200) Phase 2: Prepare compaction 0.312ms
[58.576s] GC(200) Phase 3: Adjust pointers
[58.577s] GC(200) Phase 3: Adjust pointers 0.845ms
[58.577s] GC(200) Phase 4: Compact heap
[58.577s] GC(200) Phase 4: Compact heap 0.305ms
[58.577s] GC(200) Phase 5: Reset Metadata
[58.577s] GC(200) Phase 5: Reset Metadata 0.223ms
[58.579s] GC(200) Eden regions: 1->0(23)
[58.579s] GC(200) Survivor regions: 0->0(3)
[58.579s] GC(200) Old regions: 4->4
[58.579s] GC(200) Humongous regions: 0->0
[58.579s] GC(200) Metaspace: 11350K(11584K)->11350K(11584K) NonClass: 9160K(9280K)->9160K(9280K) Class: 2189K(2304K)->2189K(2304K)
[58.579s] GC(200) Pause Full (System.gc()) 14M->3M(12608M) 4.392ms
[58.579s] GC(200) User=0.02s Sys=0.00s Real=0.01s
[58.579s] GC(201) Pause Full (System.gc())
[58.579s] GC(201) Using 5 workers of 14 for full compaction
[58.579s] GC(201) Phase 1: Mark live objects
[58.580s] GC(201) Phase 1: Mark live objects 1.100ms
[58.580s] GC(201) Phase 2: Prepare compaction
[58.581s] GC(201) Phase 2: Prepare compaction 0.313ms
[58.581s] GC(201) Phase 3: Adjust pointers
[58.582s] GC(201) Phase 3: Adjust pointers 0.867ms
[58.582s] GC(201) Phase 4: Compact heap
[58.582s] GC(201) Phase 4: Compact heap 0.306ms
[58.582s] GC(201) Phase 5: Reset Metadata
[58.582s] GC(201) Phase 5: Reset Metadata 0.224ms
[58.584s] GC(201) Eden regions: 1->0(23)
[58.584s] GC(201) Survivor regions: 0->0(3)
[58.584s] GC(201) Old regions: 4->4
[58.584s] GC(201) Humongous regions: 0->0
[58.584s] GC(201) Metaspace: 11350K(11584K)->11350K(11584K) NonClass: 9160K(9280K)->9160K(9280K) Class: 2189K(2304K)->2189K(2304K)
[58.584s] GC(201) Pause Full (System.gc()) 17M->3M(12608M) 4.353ms
[58.584s] GC(201) User=0.03s Sys=0.00s Real=0.00s
[58.584s] GC(202) Pause Full (System.gc())
[58.584s] GC(202) Using 5 workers of 14 for full compaction
[58.584s] GC(202) Phase 1: Mark live objects
[58.585s] GC(202) Phase 1: Mark live objects 1.066ms
[58.585s] GC(202) Phase 2: Prepare compaction
[58.585s] GC(202) Phase 2: Prepare compaction 0.314ms
[58.585s] GC(202) Phase 3: Adjust pointers
[58.586s] GC(202) Phase 3: Adjust pointers 0.896ms
[58.586s] GC(202) Phase 4: Compact heap
[58.587s] GC(202) Phase 4: Compact heap 0.295ms
[58.587s] GC(202) Phase 5: Reset Metadata
[58.587s] GC(202) Phase 5: Reset Metadata 0.231ms
[58.588s] GC(202) Eden regions: 1->0(23)
[58.588s] GC(202) Survivor regions: 0->0(3)
[58.588s] GC(202) Old regions: 4->4
[58.588s] GC(202) Humongous regions: 0->0
[58.588s] GC(202) Metaspace: 11351K(11584K)->11351K(11584K) NonClass: 9161K(9280K)->9161K(9280K) Class: 2189K(2304K)->2189K(2304K)
[58.588s] GC(202) Pause Full (System.gc()) 17M->3M(12608M) 4.432ms
[58.588s] GC(202) User=0.02s Sys=0.00s Real=0.00s
[58.589s] GC(203) Pause Full (System.gc())
[58.589s] GC(203) Using 5 workers of 14 for full compaction
[58.589s] GC(203) Phase 1: Mark live objects
[58.590s] GC(203) Phase 1: Mark live objects 1.082ms
[58.590s] GC(203) Phase 2: Prepare compaction
[58.590s] GC(203) Phase 2: Prepare compaction 0.304ms
[58.590s] GC(203) Phase 3: Adjust pointers
[58.591s] GC(203) Phase 3: Adjust pointers 0.998ms
[58.591s] GC(203) Phase 4: Compact heap
[58.591s] GC(203) Phase 4: Compact heap 0.282ms
[58.591s] GC(203) Phase 5: Reset Metadata
[58.592s] GC(203) Phase 5: Reset Metadata 0.231ms
[58.593s] GC(203) Eden regions: 1->0(23)
[58.593s] GC(203) Survivor regions: 0->0(3)
[58.593s] GC(203) Old regions: 4->4
[58.593s] GC(203) Humongous regions: 0->0
[58.593s] GC(203) Metaspace: 11351K(11584K)->11351K(11584K) NonClass: 9161K(9280K)->9161K(9280K) Class: 2189K(2304K)->2189K(2304K)
[58.593s] GC(203) Pause Full (System.gc()) 17M->3M(12608M) 4.468ms
[58.593s] GC(203) User=0.03s Sys=0.00s Real=0.01s
[58.593s] GC(204) Pause Full (System.gc())
[58.593s] GC(204) Using 5 workers of 14 for full compaction
[58.593s] GC(204) Phase 1: Mark live objects
[58.595s] GC(204) Phase 1: Mark live objects 1.050ms
[58.595s] GC(204) Phase 2: Prepare compaction
[58.595s] GC(204) Phase 2: Prepare compaction 0.319ms
[58.595s] GC(204) Phase 3: Adjust pointers
[58.596s] GC(204) Phase 3: Adjust pointers 0.919ms
[58.596s] GC(204) Phase 4: Compact heap
[58.596s] GC(204) Phase 4: Compact heap 0.303ms
[58.596s] GC(204) Phase 5: Reset Metadata
[58.596s] GC(204) Phase 5: Reset Metadata 0.236ms
[58.598s] GC(204) Eden regions: 1->0(23)
[58.598s] GC(204) Survivor regions: 0->0(3)
[58.598s] GC(204) Old regions: 4->4
[58.598s] GC(204) Humongous regions: 0->0
[58.598s] GC(204) Metaspace: 11353K(11584K)->11353K(11584K) NonClass: 9164K(9280K)->9164K(9280K) Class: 2189K(2304K)->2189K(2304K)
[58.598s] GC(204) Pause Full (System.gc()) 17M->3M(12608M) 4.436ms
[58.598s] GC(204) User=0.03s Sys=0.00s Real=0.00s
[58.598s] GC(205) Pause Full (System.gc())
[58.598s] GC(205) Using 5 workers of 14 for full compaction
[58.598s] GC(205) Phase 1: Mark live objects
[58.600s] GC(205) Phase 1: Mark live objects 1.205ms
[58.600s] GC(205) Phase 2: Prepare compaction
[58.600s] GC(205) Phase 2: Prepare compaction 0.316ms
[58.600s] GC(205) Phase 3: Adjust pointers
[58.601s] GC(205) Phase 3: Adjust pointers 0.975ms
[58.601s] GC(205) Phase 4: Compact heap
[58.601s] GC(205) Phase 4: Compact heap 0.294ms
[58.601s] GC(205) Phase 5: Reset Metadata
[58.601s] GC(205) Phase 5: Reset Metadata 0.232ms
[58.603s] GC(205) Eden regions: 1->0(23)
[58.603s] GC(205) Survivor regions: 0->0(3)
[58.603s] GC(205) Old regions: 4->4
[58.603s] GC(205) Humongous regions: 0->0
[58.603s] GC(205) Metaspace: 11354K(11584K)->11354K(11584K) NonClass: 9164K(9280K)->9164K(9280K) Class: 2189K(2304K)->2189K(2304K)
[58.603s] GC(205) Pause Full (System.gc()) 17M->3M(12608M) 4.570ms
[58.603s] GC(205) User=0.02s Sys=0.00s Real=0.01s
[58.604s] GC(206) Pause Full (System.gc())
[58.604s] GC(206) Using 5 workers of 14 for full compaction
[58.604s] GC(206) Phase 1: Mark live objects
[58.605s] GC(206) Phase 1: Mark live objects 1.123ms
[58.605s] GC(206) Phase 2: Prepare compaction
[58.605s] GC(206) Phase 2: Prepare compaction 0.320ms
[58.605s] GC(206) Phase 3: Adjust pointers
[58.606s] GC(206) Phase 3: Adjust pointers 0.868ms
[58.606s] GC(206) Phase 4: Compact heap
[58.606s] GC(206) Phase 4: Compact heap 0.300ms
[58.606s] GC(206) Phase 5: Reset Metadata
[58.606s] GC(206) Phase 5: Reset Metadata 0.228ms
[58.608s] GC(206) Eden regions: 1->0(23)
[58.608s] GC(206) Survivor regions: 0->0(3)
[58.608s] GC(206) Old regions: 4->4
[58.608s] GC(206) Humongous regions: 0->0
[58.608s] GC(206) Metaspace: 11354K(11584K)->11354K(11584K) NonClass: 9164K(9280K)->9164K(9280K) Class: 2189K(2304K)->2189K(2304K)
[58.608s] GC(206) Pause Full (System.gc()) 17M->3M(12608M) 4.430ms
[58.608s] GC(206) User=0.03s Sys=0.00s Real=0.00s
[58.609s] GC(207) Pause Full (System.gc())
[58.609s] GC(207) Using 5 workers of 14 for full compaction
[58.610s] GC(207) Phase 1: Mark live objects
[58.611s] GC(207) Phase 1: Mark live objects 1.064ms
[58.611s] GC(207) Phase 2: Prepare compaction
[58.611s] GC(207) Phase 2: Prepare compaction 0.318ms
[58.611s] GC(207) Phase 3: Adjust pointers
[58.612s] GC(207) Phase 3: Adjust pointers 0.824ms
[58.612s] GC(207) Phase 4: Compact heap
[58.612s] GC(207) Phase 4: Compact heap 0.295ms
[58.612s] GC(207) Phase 5: Reset Metadata
[58.612s] GC(207) Phase 5: Reset Metadata 0.246ms
[58.614s] GC(207) Eden regions: 1->0(23)
[58.614s] GC(207) Survivor regions: 0->0(3)
[58.614s] GC(207) Old regions: 4->4
[58.614s] GC(207) Humongous regions: 0->0
[58.614s] GC(207) Metaspace: 11355K(11584K)->11355K(11584K) NonClass: 9165K(9280K)->9165K(9280K) Class: 2189K(2304K)->2189K(2304K)
[58.614s] GC(207) Pause Full (System.gc()) 17M->4M(12608M) 4.421ms
[58.614s] GC(207) User=0.03s Sys=0.00s Real=0.00s
[58.616s] GC(208) Pause Full (System.gc())
[58.616s] GC(208) Using 5 workers of 14 for full compaction
[58.616s] GC(208) Phase 1: Mark live objects
[58.617s] GC(208) Phase 1: Mark live objects 1.147ms
[58.617s] GC(208) Phase 2: Prepare compaction
[58.618s] GC(208) Phase 2: Prepare compaction 0.320ms
[58.618s] GC(208) Phase 3: Adjust pointers
[58.619s] GC(208) Phase 3: Adjust pointers 0.982ms
[58.619s] GC(208) Phase 4: Compact heap
[58.619s] GC(208) Phase 4: Compact heap 0.301ms
[58.619s] GC(208) Phase 5: Reset Metadata
[58.619s] GC(208) Phase 5: Reset Metadata 0.232ms
[58.621s] GC(208) Eden regions: 1->0(23)
[58.621s] GC(208) Survivor regions: 0->0(3)
[58.621s] GC(208) Old regions: 4->4
[58.621s] GC(208) Humongous regions: 0->0
[58.621s] GC(208) Metaspace: 11355K(11584K)->11355K(11584K) NonClass: 9165K(9280K)->9165K(9280K) Class: 2189K(2304K)->2189K(2304K)
[58.621s] GC(208) Pause Full (System.gc()) 18M->5M(12608M) 4.570ms
[58.621s] GC(208) User=0.02s Sys=0.01s Real=0.01s
[58.625s] GC(209) Pause Full (System.gc())
[58.625s] GC(209) Using 5 workers of 14 for full compaction
[58.625s] GC(209) Phase 1: Mark live objects
[58.626s] GC(209) Phase 1: Mark live objects 1.059ms
[58.626s] GC(209) Phase 2: Prepare compaction
[58.627s] GC(209) Phase 2: Prepare compaction 0.342ms
[58.627s] GC(209) Phase 3: Adjust pointers
[58.628s] GC(209) Phase 3: Adjust pointers 1.031ms
[58.628s] GC(209) Phase 4: Compact heap
[58.628s] GC(209) Phase 4: Compact heap 0.296ms
[58.628s] GC(209) Phase 5: Reset Metadata
[58.628s] GC(209) Phase 5: Reset Metadata 0.225ms
[58.630s] GC(209) Eden regions: 1->0(23)
[58.630s] GC(209) Survivor regions: 0->0(3)
[58.630s] GC(209) Old regions: 4->4
[58.630s] GC(209) Humongous regions: 0->0
[58.630s] GC(209) Metaspace: 11355K(11584K)->11355K(11584K) NonClass: 9165K(9280K)->9165K(9280K) Class: 2189K(2304K)->2189K(2304K)
[58.630s] GC(209) Pause Full (System.gc()) 19M->7M(12608M) 4.614ms
[58.630s] GC(209) User=0.02s Sys=0.00s Real=0.01s
[58.638s] GC(210) Pause Full (System.gc())
[58.638s] GC(210) Using 5 workers of 14 for full compaction
[58.638s] GC(210) Phase 1: Mark live objects
[58.639s] GC(210) Phase 1: Mark live objects 1.159ms
[58.640s] GC(210) Phase 2: Prepare compaction
[58.640s] GC(210) Phase 2: Prepare compaction 0.419ms
[58.640s] GC(210) Phase 3: Adjust pointers
[58.641s] GC(210) Phase 3: Adjust pointers 0.976ms
[58.641s] GC(210) Phase 4: Compact heap
[58.641s] GC(210) Phase 4: Compact heap 0.296ms
[58.641s] GC(210) Phase 5: Reset Metadata
[58.641s] GC(210) Phase 5: Reset Metadata 0.222ms
[58.643s] GC(210) Eden regions: 1->0(23)
[58.643s] GC(210) Survivor regions: 0->0(3)
[58.643s] GC(210) Old regions: 4->4
[58.643s] GC(210) Humongous regions: 0->0
[58.643s] GC(210) Metaspace: 11358K(11584K)->11358K(11584K) NonClass: 9169K(9280K)->9169K(9280K) Class: 2189K(2304K)->2189K(2304K)
[58.643s] GC(210) Pause Full (System.gc()) 29M->11M(12608M) 4.648ms
[58.643s] GC(210) User=0.03s Sys=0.00s Real=0.01s
[58.660s] GC(211) Pause Full (System.gc())
[58.660s] GC(211) Using 6 workers of 14 for full compaction
[58.660s] GC(211) Phase 1: Mark live objects
[58.661s] GC(211) Phase 1: Mark live objects 1.193ms
[58.661s] GC(211) Phase 2: Prepare compaction
[58.661s] GC(211) Phase 2: Prepare compaction 0.321ms
[58.661s] GC(211) Phase 3: Adjust pointers
[58.662s] GC(211) Phase 3: Adjust pointers 1.057ms
[58.662s] GC(211) Phase 4: Compact heap
[58.663s] GC(211) Phase 4: Compact heap 0.310ms
[58.663s] GC(211) Phase 5: Reset Metadata
[58.663s] GC(211) Phase 5: Reset Metadata 0.234ms
[58.664s] GC(211) Eden regions: 1->0(23)
[58.664s] GC(211) Survivor regions: 0->0(3)
[58.664s] GC(211) Old regions: 4->4
[58.664s] GC(211) Humongous regions: 1->1
[58.664s] GC(211) Metaspace: 11358K(11584K)->11358K(11584K) NonClass: 9169K(9280K)->9169K(9280K) Class: 2189K(2304K)->2189K(2304K)
[58.664s] GC(211) Pause Full (System.gc()) 71M->35M(12608M) 4.751ms
[58.664s] GC(211) User=0.03s Sys=0.00s Real=0.00s
[58.698s] GC(212) Pause Full (System.gc())
[58.698s] GC(212) Using 9 workers of 14 for full compaction
[58.698s] GC(212) Phase 1: Mark live objects
[58.699s] GC(212) Phase 1: Mark live objects 1.207ms
[58.699s] GC(212) Phase 2: Prepare compaction
[58.700s] GC(212) Phase 2: Prepare compaction 0.318ms
[58.700s] GC(212) Phase 3: Adjust pointers
[58.701s] GC(212) Phase 3: Adjust pointers 1.004ms
[58.701s] GC(212) Phase 4: Compact heap
[58.701s] GC(212) Phase 4: Compact heap 0.289ms
[58.701s] GC(212) Phase 5: Reset Metadata
[58.701s] GC(212) Phase 5: Reset Metadata 0.236ms
[58.703s] GC(212) Eden regions: 2->0(23)
[58.703s] GC(212) Survivor regions: 0->0(3)
[58.703s] GC(212) Old regions: 4->4
[58.703s] GC(212) Humongous regions: 3->2
[58.703s] GC(212) Metaspace: 11358K(11584K)->11358K(11584K) NonClass: 9169K(9280K)->9169K(9280K) Class: 2189K(2304K)->2189K(2304K)
[58.703s] GC(212) Pause Full (System.gc()) 159M->67M(12608M) 4.743ms
[58.703s] GC(212) User=0.03s Sys=0.00s Real=0.01s
[58.770s] GC(213) Pause Full (System.gc())
[58.770s] GC(213) Using 13 workers of 14 for full compaction
[58.770s] GC(213) Phase 1: Mark live objects
[58.771s] GC(213) Phase 1: Mark live objects 1.099ms
[58.771s] GC(213) Phase 2: Prepare compaction
[58.771s] GC(213) Phase 2: Prepare compaction 0.360ms
[58.771s] GC(213) Phase 3: Adjust pointers
[58.772s] GC(213) Phase 3: Adjust pointers 1.049ms
[58.772s] GC(213) Phase 4: Compact heap
[58.773s] GC(213) Phase 4: Compact heap 0.313ms
[58.773s] GC(213) Phase 5: Reset Metadata
[58.773s] GC(213) Phase 5: Reset Metadata 0.227ms
[58.774s] GC(213) Eden regions: 4->0(23)
[58.774s] GC(213) Survivor regions: 0->0(3)
[58.774s] GC(213) Old regions: 4->4
[58.774s] GC(213) Humongous regions: 5->3
[58.774s] GC(213) Metaspace: 11358K(11584K)->11358K(11584K) NonClass: 9169K(9280K)->9169K(9280K) Class: 2189K(2304K)->2189K(2304K)
[58.774s] GC(213) Pause Full (System.gc()) 273M->99M(12608M) 4.791ms
[58.774s] GC(213) User=0.03s Sys=0.01s Real=0.00s
[58.908s] GC(214) Pause Full (System.gc())
[58.908s] GC(214) Using 14 workers of 14 for full compaction
[58.908s] GC(214) Phase 1: Mark live objects
[58.909s] GC(214) Phase 1: Mark live objects 1.157ms
[58.909s] GC(214) Phase 2: Prepare compaction
[58.909s] GC(214) Phase 2: Prepare compaction 0.338ms
[58.909s] GC(214) Phase 3: Adjust pointers
[58.910s] GC(214) Phase 3: Adjust pointers 0.972ms
[58.910s] GC(214) Phase 4: Compact heap
[58.911s] GC(214) Phase 4: Compact heap 0.288ms
[58.911s] GC(214) Phase 5: Reset Metadata
[58.911s] GC(214) Phase 5: Reset Metadata 0.228ms
[58.913s] GC(214) Eden regions: 7->0(23)
[58.913s] GC(214) Survivor regions: 0->0(3)
[58.913s] GC(214) Old regions: 4->4
[58.913s] GC(214) Humongous regions: 8->5
[58.913s] GC(214) Metaspace: 11359K(11584K)->11359K(11584K) NonClass: 9169K(9280K)->9169K(9280K) Class: 2189K(2304K)->2189K(2304K)
[58.913s] GC(214) Pause Full (System.gc()) 452M->163M(12608M) 4.735ms
[58.913s] GC(214) User=0.03s Sys=0.00s Real=0.01s
[59.271s] GC(215) Pause Full (System.gc())
[59.271s] GC(215) Using 14 workers of 14 for full compaction
[59.271s] GC(215) Phase 1: Mark live objects
[59.272s] GC(215) Phase 1: Mark live objects 1.213ms
[59.272s] GC(215) Phase 2: Prepare compaction
[59.273s] GC(215) Phase 2: Prepare compaction 0.358ms
[59.273s] GC(215) Phase 3: Adjust pointers
[59.274s] GC(215) Phase 3: Adjust pointers 1.004ms
[59.274s] GC(215) Phase 4: Compact heap
[59.274s] GC(215) Phase 4: Compact heap 0.300ms
[59.274s] GC(215) Phase 5: Reset Metadata
[59.274s] GC(215) Phase 5: Reset Metadata 0.225ms
[59.276s] GC(215) Eden regions: 13->0(23)
[59.276s] GC(215) Survivor regions: 0->0(3)
[59.276s] GC(215) Old regions: 4->4
[59.276s] GC(215) Humongous regions: 19->9
[59.276s] GC(215) Metaspace: 11359K(11584K)->11359K(11584K) NonClass: 9169K(9280K)->9169K(9280K) Class: 2189K(2304K)->2189K(2304K)
[59.276s] GC(215) Pause Full (System.gc()) 1009M->291M(12608M) 4.783ms
[59.276s] GC(215) User=0.02s Sys=0.01s Real=0.00s
[59.687s] GC(216) Pause Young (Normal) (G1 Evacuation Pause)
[59.687s] GC(216) Using 14 workers of 14 for evacuation
[59.687s] GC(216) Humongous region 15 (object size 268435472 @ 0x0000007020000000) remset 0 code roots 0 marked 0 pinned count 0 reclaim candidate 0 type tA
[59.695s] GC(216)   Pre Evacuate Collection Set: 0.11ms
[59.695s] GC(216)   Merge Heap Roots: 0.05ms
[59.695s] GC(216)   Evacuate Collection Set: 7.96ms
[59.695s] GC(216)   Post Evacuate Collection Set: 0.17ms
[59.695s] GC(216)   Other: 0.08ms
[59.695s] GC(216) Eden regions: 23->0(28)
[59.695s] GC(216) Survivor regions: 0->3(3)
[59.695s] GC(216) Old regions: 4->8
[59.695s] GC(216) Humongous regions: 9->9
[59.695s] GC(216) Metaspace: 11359K(11584K)->11359K(11584K) NonClass: 9169K(9280K)->9169K(9280K) Class: 2189K(2304K)->2189K(2304K)
[59.695s] GC(216) Pause Young (Normal) (G1 Evacuation Pause) 1026M->511M(12608M) 8.593ms
[59.695s] GC(216) User=0.02s Sys=0.09s Real=0.01s
[60.022s] GC(217) Pause Full (System.gc())
[60.022s] GC(217) Using 14 workers of 14 for full compaction
[60.022s] GC(217) Phase 1: Mark live objects
[60.023s] GC(217) Phase 1: Mark live objects 1.066ms
[60.023s] GC(217) Phase 2: Prepare compaction
[60.023s] GC(217) Phase 2: Prepare compaction 0.328ms
[60.023s] GC(217) Phase 3: Adjust pointers
[60.024s] GC(217) Phase 3: Adjust pointers 1.034ms
[60.024s] GC(217) Phase 4: Compact heap
[60.024s] GC(217) Phase 4: Compact heap 0.298ms
[60.024s] GC(217) Phase 5: Reset Metadata
[60.025s] GC(217) Phase 5: Reset Metadata 0.232ms
[60.026s] GC(217) Eden regions: 2->0(31)
[60.026s] GC(217) Survivor regions: 3->0(3)
[60.026s] GC(217) Old regions: 8->4
[60.026s] GC(217) Humongous regions: 36->17
[60.026s] GC(217) Metaspace: 11360K(11584K)->11360K(11584K) NonClass: 9171K(9280K)->9171K(9280K) Class: 2189K(2304K)->2189K(2304K)
[60.026s] GC(217) Pause Full (System.gc()) 1415M->547M(12608M) 4.651ms
[60.026s] GC(217) User=0.03s Sys=0.00s Real=0.00s
[60.549s] GC(218) Pause Young (Normal) (G1 Evacuation Pause)
[60.549s] GC(218) Using 14 workers of 14 for evacuation
[60.549s] GC(218) Humongous region 27 (object size 536870928 @ 0x0000007038000000) remset 0 code roots 0 marked 0 pinned count 0 reclaim candidate 0 type tA
[60.555s] GC(218)   Pre Evacuate Collection Set: 0.10ms
[60.555s] GC(218)   Merge Heap Roots: 0.03ms
[60.555s] GC(218)   Evacuate Collection Set: 5.47ms
[60.555s] GC(218)   Post Evacuate Collection Set: 0.17ms
[60.555s] GC(218)   Other: 0.10ms
[60.555s] GC(218) Eden regions: 31->0(38)
[60.555s] GC(218) Survivor regions: 0->4(4)
[60.555s] GC(218) Old regions: 4->15
[60.555s] GC(218) Humongous regions: 17->17
[60.555s] GC(218) Metaspace: 11360K(11584K)->11360K(11584K) NonClass: 9171K(9280K)->9171K(9280K) Class: 2189K(2304K)->2189K(2304K)
[60.555s] GC(218) Pause Young (Normal) (G1 Evacuation Pause) 1537M->1019M(12608M) 6.080ms
[60.555s] GC(218) User=0.04s Sys=0.02s Real=0.00s
[61.631s] GC(219) Pause Full (System.gc())
[61.631s] GC(219) Using 14 workers of 14 for full compaction
[61.631s] GC(219) Phase 1: Mark live objects
[61.632s] GC(219) Phase 1: Mark live objects 1.103ms
[61.632s] GC(219) Phase 2: Prepare compaction
[61.632s] GC(219) Phase 2: Prepare compaction 0.358ms
[61.632s] GC(219) Phase 3: Adjust pointers
[61.633s] GC(219) Phase 3: Adjust pointers 0.979ms
[61.633s] GC(219) Phase 4: Compact heap
[61.634s] GC(219) Phase 4: Compact heap 0.331ms
[61.634s] GC(219) Phase 5: Reset Metadata
[61.634s] GC(219) Phase 5: Reset Metadata 0.229ms
[61.635s] GC(219) Eden regions: 19->0(44)
[61.635s] GC(219) Survivor regions: 4->0(4)
[61.635s] GC(219) Old regions: 15->4
[61.635s] GC(219) Humongous regions: 70->33
[61.635s] GC(219) Metaspace: 11360K(11584K)->11360K(11584K) NonClass: 9171K(9280K)->9171K(9280K) Class: 2189K(2304K)->2189K(2304K)
[61.635s] GC(219) Pause Full (System.gc()) 3293M->1059M(12608M) 4.759ms
[61.635s] GC(219) User=0.03s Sys=0.00s Real=0.00s
[62.776s] GC(220) Pause Young (Normal) (G1 Evacuation Pause)
[62.776s] GC(220) Using 14 workers of 14 for evacuation
[62.776s] GC(220) Humongous region 52 (object size 1073741840 @ 0x000000706a000000) remset 0 code roots 0 marked 0 pinned count 0 reclaim candidate 0 type tA
[62.782s] GC(220)   Pre Evacuate Collection Set: 0.11ms
[62.782s] GC(220)   Merge Heap Roots: 0.05ms
[62.782s] GC(220)   Evacuate Collection Set: 5.60ms
[62.782s] GC(220)   Post Evacuate Collection Set: 0.17ms
[62.782s] GC(220)   Other: 0.10ms
[62.782s] GC(220) Eden regions: 43->0(56)
[62.782s] GC(220) Survivor regions: 0->6(6)
[62.782s] GC(220) Old regions: 4->8
[62.782s] GC(220) Humongous regions: 33->33
[62.782s] GC(220) Metaspace: 11360K(11584K)->11360K(11584K) NonClass: 9171K(9280K)->9171K(9280K) Class: 2189K(2304K)->2189K(2304K)
[62.782s] GC(220) Pause Young (Normal) (G1 Evacuation Pause) 2431M->1367M(12608M) 6.312ms
[62.782s] GC(220) User=0.02s Sys=0.05s Real=0.01s
[63.594s] GC(221) Pause Young (Normal) (G1 Evacuation Pause)
[63.594s] GC(221) Using 14 workers of 14 for evacuation
[63.594s] GC(221) Humongous region 52 (object size 1073741840 @ 0x000000706a000000) remset 0 code roots 0 marked 0 pinned count 0 reclaim candidate 0 type tA
[63.604s] GC(221)   Pre Evacuate Collection Set: 0.09ms
[63.604s] GC(221)   Merge Heap Roots: 0.03ms
[63.604s] GC(221)   Evacuate Collection Set: 9.21ms
[63.604s] GC(221)   Post Evacuate Collection Set: 0.18ms
[63.604s] GC(221)   Other: 0.11ms
[63.604s] GC(221) Eden regions: 56->0(75)
[63.604s] GC(221) Survivor regions: 6->8(8)
[63.604s] GC(221) Old regions: 8->33
[63.604s] GC(221) Humongous regions: 33->33
[63.604s] GC(221) Metaspace: 11360K(11584K)->11360K(11584K) NonClass: 9171K(9280K)->9171K(9280K) Class: 2189K(2304K)->2189K(2304K)
[63.604s] GC(221) Pause Young (Normal) (G1 Evacuation Pause) 3155M->2235M(12608M) 9.787ms
[63.604s] GC(221) User=0.10s Sys=0.02s Real=0.01s
[65.110s] GC(222) Pause Full (System.gc())
[65.110s] GC(222) Using 14 workers of 14 for full compaction
[65.110s] GC(222) Phase 1: Mark live objects
[65.111s] GC(222) Phase 1: Mark live objects 1.088ms
[65.111s] GC(222) Phase 2: Prepare compaction
[65.112s] GC(222) Phase 2: Prepare compaction 0.394ms
[65.112s] GC(222) Phase 3: Adjust pointers
[65.113s] GC(222) Phase 3: Adjust pointers 1.042ms
[65.113s] GC(222) Phase 4: Compact heap
[65.113s] GC(222) Phase 4: Compact heap 0.380ms
[65.113s] GC(222) Phase 5: Reset Metadata
[65.113s] GC(222) Phase 5: Reset Metadata 0.226ms
[65.115s] GC(222) Eden regions: 1->0(83)
[65.115s] GC(222) Survivor regions: 8->0(8)
[65.115s] GC(222) Old regions: 33->4
[65.115s] GC(222) Humongous regions: 140->65
[65.115s] GC(222) Metaspace: 11360K(11584K)->11360K(11584K) NonClass: 9171K(9280K)->9171K(9280K) Class: 2189K(2304K)->2189K(2304K)
[65.115s] GC(222) Pause Full (System.gc()) 5691M->2083M(12608M) 4.859ms
[65.115s] GC(222) User=0.03s Sys=0.00s Real=0.00s
[67.643s] GC(223) Pause Young (Normal) (G1 Evacuation Pause)
[67.643s] GC(223) Using 14 workers of 14 for evacuation
[67.643s] GC(223) Humongous region 108 (object size 2147483664 @ 0x00000070da000000) remset 0 code roots 0 marked 0 pinned count 0 reclaim candidate 0 type tA
[67.647s] GC(223)   Pre Evacuate Collection Set: 0.11ms
[67.647s] GC(223)   Merge Heap Roots: 0.04ms
[67.647s] GC(223)   Evacuate Collection Set: 3.88ms
[67.647s] GC(223)   Post Evacuate Collection Set: 0.18ms
[67.647s] GC(223)   Other: 0.09ms
[67.647s] GC(223) Eden regions: 82->0(108)
[67.647s] GC(223) Survivor regions: 0->11(11)
[67.647s] GC(223) Old regions: 4->7
[67.647s] GC(223) Humongous regions: 65->65
[67.647s] GC(223) Metaspace: 11360K(11584K)->11360K(11584K) NonClass: 9171K(9280K)->9171K(9280K) Class: 2189K(2304K)->2189K(2304K)
[67.647s] GC(223) Pause Young (Normal) (G1 Evacuation Pause) 4707M->2523M(12608M) 4.470ms
[67.647s] GC(223) User=0.05s Sys=0.01s Real=0.00s
[69.528s] GC(224) Pause Young (Normal) (G1 Evacuation Pause)
[69.528s] GC(224) Using 14 workers of 14 for evacuation
[69.528s] GC(224) Humongous region 108 (object size 2147483664 @ 0x00000070da000000) remset 0 code roots 0 marked 0 pinned count 0 reclaim candidate 0 type tA
[69.540s] GC(224)   Pre Evacuate Collection Set: 0.07ms
[69.540s] GC(224)   Merge Heap Roots: 0.04ms
[69.540s] GC(224)   Evacuate Collection Set: 12.11ms
[69.540s] GC(224)   Post Evacuate Collection Set: 0.19ms
[69.540s] GC(224)   Other: 0.07ms
[69.540s] GC(224) Eden regions: 107->0(145)
[69.540s] GC(224) Survivor regions: 11->15(15)
[69.540s] GC(224) Old regions: 7->44
[69.540s] GC(224) Humongous regions: 65->65
[69.540s] GC(224) Metaspace: 11360K(11584K)->11360K(11584K) NonClass: 9171K(9280K)->9171K(9280K) Class: 2189K(2304K)->2189K(2304K)
[69.540s] GC(224) Pause Young (Normal) (G1 Evacuation Pause) 5939M->3835M(12608M) 12.607ms
[69.540s] GC(224) User=0.16s Sys=0.00s Real=0.02s
[72.447s] GC(225) Pause Full (System.gc())
[72.447s] GC(225) Using 14 workers of 14 for full compaction
[72.447s] GC(225) Phase 1: Mark live objects
[72.448s] GC(225) Phase 1: Mark live objects 1.303ms
[72.448s] GC(225) Phase 2: Prepare compaction
[72.449s] GC(225) Phase 2: Prepare compaction 0.459ms
[72.449s] GC(225) Phase 3: Adjust pointers
[72.450s] GC(225) Phase 3: Adjust pointers 1.166ms
[72.450s] GC(225) Phase 4: Compact heap
[72.450s] GC(225) Phase 4: Compact heap 0.402ms
[72.450s] GC(225) Phase 5: Reset Metadata
[72.451s] GC(225) Phase 5: Reset Metadata 0.225ms
[72.452s] GC(225) Eden regions: 21->0(171)
[72.452s] GC(225) Survivor regions: 15->0(15)
[72.452s] GC(225) Old regions: 44->4
[72.452s] GC(225) Humongous regions: 144->0
[72.452s] GC(225) Metaspace: 11361K(11584K)->11361K(11584K) NonClass: 9171K(9280K)->9171K(9280K) Class: 2189K(2304K)->2189K(2304K)
[72.452s] GC(225) Pause Full (System.gc()) 7019M->3M(12608M) 5.218ms
[72.452s] GC(225) User=0.03s Sys=0.01s Real=0.01s
[72.452s] GC(226) Pause Full (System.gc())
[72.452s] GC(226) Using 5 workers of 14 for full compaction
[72.452s] GC(226) Phase 1: Mark live objects
[72.454s] GC(226) Phase 1: Mark live objects 1.246ms
[72.454s] GC(226) Phase 2: Prepare compaction
[72.454s] GC(226) Phase 2: Prepare compaction 0.331ms
[72.454s] GC(226) Phase 3: Adjust pointers
[72.455s] GC(226) Phase 3: Adjust pointers 0.984ms
[72.455s] GC(226) Phase 4: Compact heap
[72.455s] GC(226) Phase 4: Compact heap 0.299ms
[72.455s] GC(226) Phase 5: Reset Metadata
[72.455s] GC(226) Phase 5: Reset Metadata 0.220ms
[72.457s] GC(226) Eden regions: 1->0(171)
[72.457s] GC(226) Survivor regions: 0->0(15)
[72.457s] GC(226) Old regions: 4->4
[72.457s] GC(226) Humongous regions: 0->0
[72.457s] GC(226) Metaspace: 11361K(11584K)->11361K(11584K) NonClass: 9171K(9280K)->9171K(9280K) Class: 2189K(2304K)->2189K(2304K)
[72.457s] GC(226) Pause Full (System.gc()) 19M->3M(12608M) 4.670ms
[72.457s] GC(226) User=0.03s Sys=0.00s Real=0.00s
[72.457s] GC(227) Pause Full (System.gc())
[72.457s] GC(227) Using 5 workers of 14 for full compaction
[72.457s] GC(227) Phase 1: Mark live objects
[72.459s] GC(227) Phase 1: Mark live objects 1.168ms
[72.459s] GC(227) Phase 2: Prepare compaction
[72.459s] GC(227) Phase 2: Prepare compaction 0.315ms
[72.459s] GC(227) Phase 3: Adjust pointers
[72.460s] GC(227) Phase 3: Adjust pointers 0.919ms
[72.460s] GC(227) Phase 4: Compact heap
[72.460s] GC(227) Phase 4: Compact heap 0.299ms
[72.460s] GC(227) Phase 5: Reset Metadata
[72.460s] GC(227) Phase 5: Reset Metadata 0.226ms
[72.462s] GC(227) Eden regions: 1->0(171)
[72.462s] GC(227) Survivor regions: 0->0(15)
[72.462s] GC(227) Old regions: 4->4
[72.462s] GC(227) Humongous regions: 0->0
[72.462s] GC(227) Metaspace: 11361K(11584K)->11361K(11584K) NonClass: 9171K(9280K)->9171K(9280K) Class: 2189K(2304K)->2189K(2304K)
[72.462s] GC(227) Pause Full (System.gc()) 19M->3M(12608M) 4.482ms
[72.462s] GC(227) User=0.02s Sys=0.00s Real=0.01s
[72.462s] GC(228) Pause Full (System.gc())
[72.462s] GC(228) Using 5 workers of 14 for full compaction
[72.462s] GC(228) Phase 1: Mark live objects
[72.463s] GC(228) Phase 1: Mark live objects 1.089ms
[72.463s] GC(228) Phase 2: Prepare compaction
[72.464s] GC(228) Phase 2: Prepare compaction 0.322ms
[72.464s] GC(228) Phase 3: Adjust pointers
[72.465s] GC(228) Phase 3: Adjust pointers 0.908ms
[72.465s] GC(228) Phase 4: Compact heap
[72.465s] GC(228) Phase 4: Compact heap 0.298ms
[72.465s] GC(228) Phase 5: Reset Metadata
[72.465s] GC(228) Phase 5: Reset Metadata 0.222ms
[72.467s] GC(228) Eden regions: 1->0(171)
[72.467s] GC(228) Survivor regions: 0->0(15)
[72.467s] GC(228) Old regions: 4->4
[72.467s] GC(228) Humongous regions: 0->0
[72.467s] GC(228) Metaspace: 11365K(11584K)->11365K(11584K) NonClass: 9175K(9280K)->9175K(9280K) Class: 2189K(2304K)->2189K(2304K)
[72.467s] GC(228) Pause Full (System.gc()) 19M->3M(12608M) 4.384ms
[72.467s] GC(228) User=0.03s Sys=0.00s Real=0.00s
[72.467s] GC(229) Pause Full (System.gc())
[72.467s] GC(229) Using 5 workers of 14 for full compaction
[72.467s] GC(229) Phase 1: Mark live objects
[72.470s] GC(229) Phase 1: Mark live objects 2.605ms
[72.470s] GC(229) Phase 2: Prepare compaction
[72.470s] GC(229) Phase 2: Prepare compaction 0.314ms
[72.470s] GC(229) Phase 3: Adjust pointers
[72.470s] GC(229) Phase 3: Adjust pointers 0.518ms
[72.470s] GC(229) Phase 4: Compact heap
[72.471s] GC(229) Phase 4: Compact heap 0.314ms
[72.471s] GC(229) Phase 5: Reset Metadata
[72.471s] GC(229) Phase 5: Reset Metadata 0.223ms
[72.472s] GC(229) Eden regions: 1->0(171)
[72.472s] GC(229) Survivor regions: 0->0(15)
[72.472s] GC(229) Old regions: 4->4
[72.472s] GC(229) Humongous regions: 0->0
[72.472s] GC(229) Metaspace: 11365K(11584K)->11365K(11584K) NonClass: 9175K(9280K)->9175K(9280K) Class: 2189K(2304K)->2189K(2304K)
[72.472s] GC(229) Pause Full (System.gc()) 19M->3M(12608M) 5.402ms
[72.472s] GC(229) User=0.02s Sys=0.01s Real=0.01s
[72.473s] GC(230) Pause Full (System.gc())
[72.473s] GC(230) Using 5 workers of 14 for full compaction
[72.473s] GC(230) Phase 1: Mark live objects
[72.474s] GC(230) Phase 1: Mark live objects 0.831ms
[72.474s] GC(230) Phase 2: Prepare compaction
[72.474s] GC(230) Phase 2: Prepare compaction 0.310ms
[72.474s] GC(230) Phase 3: Adjust pointers
[72.474s] GC(230) Phase 3: Adjust pointers 0.561ms
[72.474s] GC(230) Phase 4: Compact heap
[72.475s] GC(230) Phase 4: Compact heap 0.281ms
[72.475s] GC(230) Phase 5: Reset Metadata
[72.475s] GC(230) Phase 5: Reset Metadata 0.223ms
[72.476s] GC(230) Eden regions: 1->0(171)
[72.476s] GC(230) Survivor regions: 0->0(15)
[72.476s] GC(230) Old regions: 4->4
[72.476s] GC(230) Humongous regions: 0->0
[72.476s] GC(230) Metaspace: 11365K(11584K)->11365K(11584K) NonClass: 9175K(9280K)->9175K(9280K) Class: 2189K(2304K)->2189K(2304K)
[72.476s] GC(230) Pause Full (System.gc()) 19M->3M(12608M) 3.626ms
[72.476s] GC(230) User=0.03s Sys=0.00s Real=0.00s
[72.477s] GC(231) Pause Full (System.gc())
[72.477s] GC(231) Using 5 workers of 14 for full compaction
[72.477s] GC(231) Phase 1: Mark live objects
[72.478s] GC(231) Phase 1: Mark live objects 0.897ms
[72.478s] GC(231) Phase 2: Prepare compaction
[72.478s] GC(231) Phase 2: Prepare compaction 0.303ms
[72.478s] GC(231) Phase 3: Adjust pointers
[72.478s] GC(231) Phase 3: Adjust pointers 0.478ms
[72.478s] GC(231) Phase 4: Compact heap
[72.479s] GC(231) Phase 4: Compact heap 0.315ms
[72.479s] GC(231) Phase 5: Reset Metadata
[72.479s] GC(231) Phase 5: Reset Metadata 0.228ms
[72.480s] GC(231) Eden regions: 1->0(171)
[72.480s] GC(231) Survivor regions: 0->0(15)
[72.480s] GC(231) Old regions: 4->4
[72.480s] GC(231) Humongous regions: 0->0
[72.480s] GC(231) Metaspace: 11365K(11584K)->11365K(11584K) NonClass: 9175K(9280K)->9175K(9280K) Class: 2189K(2304K)->2189K(2304K)
[72.480s] GC(231) Pause Full (System.gc()) 19M->3M(12608M) 3.665ms
[72.480s] GC(231) User=0.02s Sys=0.00s Real=0.01s
[72.481s] GC(232) Pause Full (System.gc())
[72.481s] GC(232) Using 5 workers of 14 for full compaction
[72.481s] GC(232) Phase 1: Mark live objects
[72.482s] GC(232) Phase 1: Mark live objects 0.930ms
[72.482s] GC(232) Phase 2: Prepare compaction
[72.482s] GC(232) Phase 2: Prepare compaction 0.314ms
[72.482s] GC(232) Phase 3: Adjust pointers
[72.483s] GC(232) Phase 3: Adjust pointers 0.496ms
[72.483s] GC(232) Phase 4: Compact heap
[72.483s] GC(232) Phase 4: Compact heap 0.311ms
[72.483s] GC(232) Phase 5: Reset Metadata
[72.483s] GC(232) Phase 5: Reset Metadata 0.220ms
[72.485s] GC(232) Eden regions: 1->0(171)
[72.485s] GC(232) Survivor regions: 0->0(15)
[72.485s] GC(232) Old regions: 4->4
[72.485s] GC(232) Humongous regions: 0->0
[72.485s] GC(232) Metaspace: 11369K(11584K)->11369K(11584K) NonClass: 9179K(9280K)->9179K(9280K) Class: 2189K(2304K)->2189K(2304K)
[72.485s] GC(232) Pause Full (System.gc()) 19M->3M(12608M) 3.671ms
[72.485s] GC(232) User=0.02s Sys=0.00s Real=0.00s
[72.486s] GC(233) Pause Full (System.gc())
[72.486s] GC(233) Using 5 workers of 14 for full compaction
[72.486s] GC(233) Phase 1: Mark live objects
[72.487s] GC(233) Phase 1: Mark live objects 0.907ms
[72.487s] GC(233) Phase 2: Prepare compaction
[72.487s] GC(233) Phase 2: Prepare compaction 0.329ms
[72.487s] GC(233) Phase 3: Adjust pointers
[72.488s] GC(233) Phase 3: Adjust pointers 0.503ms
[72.488s] GC(233) Phase 4: Compact heap
[72.488s] GC(233) Phase 4: Compact heap 0.299ms
[72.488s] GC(233) Phase 5: Reset Metadata
[72.488s] GC(233) Phase 5: Reset Metadata 0.221ms
[72.490s] GC(233) Eden regions: 1->0(171)
[72.490s] GC(233) Survivor regions: 0->0(15)
[72.490s] GC(233) Old regions: 4->4
[72.490s] GC(233) Humongous regions: 0->0
[72.490s] GC(233) Metaspace: 11369K(11584K)->11369K(11584K) NonClass: 9179K(9280K)->9179K(9280K) Class: 2189K(2304K)->2189K(2304K)
[72.490s] GC(233) Pause Full (System.gc()) 19M->4M(12608M) 3.681ms
[72.490s] GC(233) User=0.02s Sys=0.00s Real=0.01s
[72.492s] GC(234) Pause Full (System.gc())
[72.492s] GC(234) Using 5 workers of 14 for full compaction
[72.492s] GC(234) Phase 1: Mark live objects
[72.493s] GC(234) Phase 1: Mark live objects 0.876ms
[72.493s] GC(234) Phase 2: Prepare compaction
[72.493s] GC(234) Phase 2: Prepare compaction 0.323ms
[72.493s] GC(234) Phase 3: Adjust pointers
[72.494s] GC(234) Phase 3: Adjust pointers 0.470ms
[72.494s] GC(234) Phase 4: Compact heap
[72.494s] GC(234) Phase 4: Compact heap 0.293ms
[72.494s] GC(234) Phase 5: Reset Metadata
[72.494s] GC(234) Phase 5: Reset Metadata 0.225ms
[72.496s] GC(234) Eden regions: 1->0(171)
[72.496s] GC(234) Survivor regions: 0->0(15)
[72.496s] GC(234) Old regions: 4->4
[72.496s] GC(234) Humongous regions: 0->0
[72.496s] GC(234) Metaspace: 11369K(11584K)->11369K(11584K) NonClass: 9179K(9280K)->9179K(9280K) Class: 2189K(2304K)->2189K(2304K)
[72.496s] GC(234) Pause Full (System.gc()) 20M->5M(12608M) 3.662ms
[72.496s] GC(234) User=0.02s Sys=0.00s Real=0.00s
[72.500s] GC(235) Pause Full (System.gc())
[72.500s] GC(235) Using 5 workers of 14 for full compaction
[72.500s] GC(235) Phase 1: Mark live objects
[72.501s] GC(235) Phase 1: Mark live objects 0.911ms
[72.501s] GC(235) Phase 2: Prepare compaction
[72.501s] GC(235) Phase 2: Prepare compaction 0.331ms
[72.501s] GC(235) Phase 3: Adjust pointers
[72.502s] GC(235) Phase 3: Adjust pointers 0.475ms
[72.502s] GC(235) Phase 4: Compact heap
[72.502s] GC(235) Phase 4: Compact heap 0.290ms
[72.502s] GC(235) Phase 5: Reset Metadata
[72.502s] GC(235) Phase 5: Reset Metadata 0.223ms
[72.504s] GC(235) Eden regions: 1->0(171)
[72.504s] GC(235) Survivor regions: 0->0(15)
[72.504s] GC(235) Old regions: 4->4
[72.504s] GC(235) Humongous regions: 0->0
[72.504s] GC(235) Metaspace: 11369K(11584K)->11369K(11584K) NonClass: 9179K(9280K)->9179K(9280K) Class: 2189K(2304K)->2189K(2304K)
[72.504s] GC(235) Pause Full (System.gc()) 21M->7M(12608M) 3.668ms
[72.504s] GC(235) User=0.02s Sys=0.00s Real=0.00s
[72.512s] GC(236) Pause Full (System.gc())
[72.512s] GC(236) Using 5 workers of 14 for full compaction
[72.512s] GC(236) Phase 1: Mark live objects
[72.513s] GC(236) Phase 1: Mark live objects 0.994ms
[72.513s] GC(236) Phase 2: Prepare compaction
[72.513s] GC(236) Phase 2: Prepare compaction 0.302ms
[72.513s] GC(236) Phase 3: Adjust pointers
[72.514s] GC(236) Phase 3: Adjust pointers 0.433ms
[72.514s] GC(236) Phase 4: Compact heap
[72.514s] GC(236) Phase 4: Compact heap 0.296ms
[72.514s] GC(236) Phase 5: Reset Metadata
[72.514s] GC(236) Phase 5: Reset Metadata 0.221ms
[72.516s] GC(236) Eden regions: 1->0(171)
[72.516s] GC(236) Survivor regions: 0->0(15)
[72.516s] GC(236) Old regions: 4->4
[72.516s] GC(236) Humongous regions: 0->0
[72.516s] GC(236) Metaspace: 11369K(11584K)->11369K(11584K) NonClass: 9179K(9280K)->9179K(9280K) Class: 2189K(2304K)->2189K(2304K)
[72.516s] GC(236) Pause Full (System.gc()) 31M->11M(12608M) 3.705ms
[72.516s] GC(236) User=0.02s Sys=0.00s Real=0.00s
[72.533s] GC(237) Pause Full (System.gc())
[72.533s] GC(237) Using 6 workers of 14 for full compaction
[72.533s] GC(237) Phase 1: Mark live objects
[72.534s] GC(237) Phase 1: Mark live objects 0.885ms
[72.534s] GC(237) Phase 2: Prepare compaction
[72.534s] GC(237) Phase 2: Prepare compaction 0.316ms
[72.534s] GC(237) Phase 3: Adjust pointers
[72.534s] GC(237) Phase 3: Adjust pointers 0.498ms
[72.534s] GC(237) Phase 4: Compact heap
[72.535s] GC(237) Phase 4: Compact heap 0.294ms
[72.535s] GC(237) Phase 5: Reset Metadata
[72.535s] GC(237) Phase 5: Reset Metadata 0.220ms
[72.536s] GC(237) Eden regions: 1->0(171)
[72.536s] GC(237) Survivor regions: 0->0(15)
[72.536s] GC(237) Old regions: 4->4
[72.536s] GC(237) Humongous regions: 1->1
[72.536s] GC(237) Metaspace: 11369K(11584K)->11369K(11584K) NonClass: 9179K(9280K)->9179K(9280K) Class: 2189K(2304K)->2189K(2304K)
[72.536s] GC(237) Pause Full (System.gc()) 75M->35M(12608M) 3.699ms
[72.536s] GC(237) User=0.02s Sys=0.00s Real=0.00s
[72.570s] GC(238) Pause Full (System.gc())
[72.570s] GC(238) Using 9 workers of 14 for full compaction
[72.570s] GC(238) Phase 1: Mark live objects
[72.571s] GC(238) Phase 1: Mark live objects 1.066ms
[72.571s] GC(238) Phase 2: Prepare compaction
[72.571s] GC(238) Phase 2: Prepare compaction 0.346ms
[72.571s] GC(238) Phase 3: Adjust pointers
[72.572s] GC(238) Phase 3: Adjust pointers 0.587ms
[72.572s] GC(238) Phase 4: Compact heap
[72.572s] GC(238) Phase 4: Compact heap 0.290ms
[72.572s] GC(238) Phase 5: Reset Metadata
[72.572s] GC(238) Phase 5: Reset Metadata 0.223ms
[72.574s] GC(238) Eden regions: 2->0(171)
[72.574s] GC(238) Survivor regions: 0->0(15)
[72.574s] GC(238) Old regions: 4->4
[72.574s] GC(238) Humongous regions: 3->2
[72.574s] GC(238) Metaspace: 11369K(11584K)->11369K(11584K) NonClass: 9180K(9280K)->9180K(9280K) Class: 2189K(2304K)->2189K(2304K)
[72.574s] GC(238) Pause Full (System.gc()) 163M->67M(12608M) 3.980ms
[72.574s] GC(238) User=0.02s Sys=0.01s Real=0.00s
[72.640s] GC(239) Pause Full (System.gc())
[72.640s] GC(239) Using 13 workers of 14 for full compaction
[72.640s] GC(239) Phase 1: Mark live objects
[72.641s] GC(239) Phase 1: Mark live objects 0.949ms
[72.641s] GC(239) Phase 2: Prepare compaction
[72.642s] GC(239) Phase 2: Prepare compaction 0.340ms
[72.642s] GC(239) Phase 3: Adjust pointers
[72.642s] GC(239) Phase 3: Adjust pointers 0.603ms
[72.642s] GC(239) Phase 4: Compact heap
[72.643s] GC(239) Phase 4: Compact heap 0.308ms
[72.643s] GC(239) Phase 5: Reset Metadata
[72.643s] GC(239) Phase 5: Reset Metadata 0.231ms
[72.644s] GC(239) Eden regions: 4->0(171)
[72.644s] GC(239) Survivor regions: 0->0(15)
[72.644s] GC(239) Old regions: 4->4
[72.644s] GC(239) Humongous regions: 5->3
[72.644s] GC(239) Metaspace: 11369K(11584K)->11369K(11584K) NonClass: 9180K(9280K)->9180K(9280K) Class: 2189K(2304K)->2189K(2304K)
[72.644s] GC(239) Pause Full (System.gc()) 275M->99M(12608M) 3.918ms
[72.644s] GC(239) User=0.02s Sys=0.00s Real=0.00s
[72.777s] GC(240) Pause Full (System.gc())
[72.777s] GC(240) Using 14 workers of 14 for full compaction
[72.777s] GC(240) Phase 1: Mark live objects
[72.778s] GC(240) Phase 1: Mark live objects 0.898ms
[72.778s] GC(240) Phase 2: Prepare compaction
[72.779s] GC(240) Phase 2: Prepare compaction 0.311ms
[72.779s] GC(240) Phase 3: Adjust pointers
[72.779s] GC(240) Phase 3: Adjust pointers 0.509ms
[72.779s] GC(240) Phase 4: Compact heap
[72.779s] GC(240) Phase 4: Compact heap 0.334ms
[72.779s] GC(240) Phase 5: Reset Metadata
[72.780s] GC(240) Phase 5: Reset Metadata 0.232ms
[72.781s] GC(240) Eden regions: 7->0(171)
[72.781s] GC(240) Survivor regions: 0->0(15)
[72.781s] GC(240) Old regions: 4->4
[72.781s] GC(240) Humongous regions: 8->5
[72.781s] GC(240) Metaspace: 11375K(11584K)->11375K(11584K) NonClass: 9186K(9280K)->9186K(9280K) Class: 2189K(2304K)->2189K(2304K)
[72.781s] GC(240) Pause Full (System.gc()) 467M->163M(12608M) 3.769ms
[72.781s] GC(240) User=0.02s Sys=0.01s Real=0.01s
[73.139s] GC(241) Pause Full (System.gc())
[73.139s] GC(241) Using 14 workers of 14 for full compaction
[73.139s] GC(241) Phase 1: Mark live objects
[73.140s] GC(241) Phase 1: Mark live objects 1.198ms
[73.140s] GC(241) Phase 2: Prepare compaction
[73.141s] GC(241) Phase 2: Prepare compaction 0.335ms
[73.141s] GC(241) Phase 3: Adjust pointers
[73.141s] GC(241) Phase 3: Adjust pointers 0.504ms
[73.141s] GC(241) Phase 4: Compact heap
[73.141s] GC(241) Phase 4: Compact heap 0.298ms
[73.141s] GC(241) Phase 5: Reset Metadata
[73.142s] GC(241) Phase 5: Reset Metadata 0.230ms
[73.143s] GC(241) Eden regions: 13->0(171)
[73.143s] GC(241) Survivor regions: 0->0(15)
[73.143s] GC(241) Old regions: 4->4
[73.143s] GC(241) Humongous regions: 19->9
[73.143s] GC(241) Metaspace: 11375K(11584K)->11375K(11584K) NonClass: 9186K(9280K)->9186K(9280K) Class: 2189K(2304K)->2189K(2304K)
[73.143s] GC(241) Pause Full (System.gc()) 997M->291M(12608M) 4.042ms
[73.143s] GC(241) User=0.03s Sys=0.01s Real=0.01s
[73.881s] GC(242) Pause Full (System.gc())
[73.881s] GC(242) Using 14 workers of 14 for full compaction
[73.881s] GC(242) Phase 1: Mark live objects
[73.882s] GC(242) Phase 1: Mark live objects 0.835ms
[73.882s] GC(242) Phase 2: Prepare compaction
[73.882s] GC(242) Phase 2: Prepare compaction 0.348ms
[73.882s] GC(242) Phase 3: Adjust pointers
[73.883s] GC(242) Phase 3: Adjust pointers 0.546ms
[73.883s] GC(242) Phase 4: Compact heap
[73.883s] GC(242) Phase 4: Compact heap 0.312ms
[73.883s] GC(242) Phase 5: Reset Metadata
[73.883s] GC(242) Phase 5: Reset Metadata 0.229ms
[73.885s] GC(242) Eden regions: 25->0(171)
[73.885s] GC(242) Survivor regions: 0->0(15)
[73.885s] GC(242) Old regions: 4->4
[73.885s] GC(242) Humongous regions: 35->17
[73.885s] GC(242) Metaspace: 11375K(11584K)->11375K(11584K) NonClass: 9186K(9280K)->9186K(9280K) Class: 2189K(2304K)->2189K(2304K)
[73.885s] GC(242) Pause Full (System.gc()) 1898M->547M(12608M) 3.777ms
[73.885s] GC(242) User=0.03s Sys=0.00s Real=0.00s
[75.483s] GC(243) Pause Full (System.gc())
[75.483s] GC(243) Using 14 workers of 14 for full compaction
[75.483s] GC(243) Phase 1: Mark live objects
[75.485s] GC(243) Phase 1: Mark live objects 1.211ms
[75.485s] GC(243) Phase 2: Prepare compaction
[75.485s] GC(243) Phase 2: Prepare compaction 0.384ms
[75.485s] GC(243) Phase 3: Adjust pointers
[75.486s] GC(243) Phase 3: Adjust pointers 0.605ms
[75.486s] GC(243) Phase 4: Compact heap
[75.486s] GC(243) Phase 4: Compact heap 0.367ms
[75.486s] GC(243) Phase 5: Reset Metadata
[75.486s] GC(243) Phase 5: Reset Metadata 0.259ms
[75.488s] GC(243) Eden regions: 50->0(171)
[75.488s] GC(243) Survivor regions: 0->0(15)
[75.488s] GC(243) Old regions: 4->4
[75.488s] GC(243) Humongous regions: 70->33
[75.488s] GC(243) Metaspace: 11375K(11584K)->11375K(11584K) NonClass: 9186K(9280K)->9186K(9280K) Class: 2189K(2304K)->2189K(2304K)
[75.488s] GC(243) Pause Full (System.gc()) 3813M->1059M(12608M) 4.458ms
[75.488s] GC(243) User=0.03s Sys=0.00s Real=0.00s
[78.900s] GC(244) Pause Full (System.gc())
[78.900s] GC(244) Using 14 workers of 14 for full compaction
[78.900s] GC(244) Phase 1: Mark live objects
[78.901s] GC(244) Phase 1: Mark live objects 0.969ms
[78.901s] GC(244) Phase 2: Prepare compaction
[78.902s] GC(244) Phase 2: Prepare compaction 0.472ms
[78.902s] GC(244) Phase 3: Adjust pointers
[78.902s] GC(244) Phase 3: Adjust pointers 0.672ms
[78.902s] GC(244) Phase 4: Compact heap
[78.903s] GC(244) Phase 4: Compact heap 0.435ms
[78.903s] GC(244) Phase 5: Reset Metadata
[78.903s] GC(244) Phase 5: Reset Metadata 0.293ms
[78.904s] GC(244) Eden regions: 101->0(171)
[78.904s] GC(244) Survivor regions: 0->0(15)
[78.904s] GC(244) Old regions: 4->4
[78.904s] GC(244) Humongous regions: 137->65
[78.904s] GC(244) Metaspace: 11375K(11584K)->11375K(11584K) NonClass: 9186K(9280K)->9186K(9280K) Class: 2189K(2304K)->2189K(2304K)
[78.904s] GC(244) Pause Full (System.gc()) 7591M->2083M(12608M) 4.420ms
[78.904s] GC(244) User=0.03s Sys=0.00s Real=0.00s
[83.372s] GC(245) Pause Young (Normal) (G1 Evacuation Pause)
[83.372s] GC(245) Using 14 workers of 14 for evacuation
[83.372s] GC(245) Humongous region 77 (object size 2147483664 @ 0x000000709c000000) remset 0 code roots 0 marked 0 pinned count 0 reclaim candidate 0 type tA
[83.379s] GC(245)   Pre Evacuate Collection Set: 0.07ms
[83.379s] GC(245)   Merge Heap Roots: 0.06ms
[83.379s] GC(245)   Evacuate Collection Set: 6.89ms
[83.379s] GC(245)   Post Evacuate Collection Set: 0.22ms
[83.379s] GC(245)   Other: 0.08ms
[83.379s] GC(245) Eden regions: 168->0(185)
[83.379s] GC(245) Survivor regions: 0->21(21)
[83.379s] GC(245) Old regions: 4->12
[83.379s] GC(245) Humongous regions: 65->65
[83.379s] GC(245) Metaspace: 11375K(11584K)->11375K(11584K) NonClass: 9186K(9280K)->9186K(9280K) Class: 2189K(2304K)->2189K(2304K)
[83.379s] GC(245) Pause Young (Normal) (G1 Evacuation Pause) 7451M->3011M(12608M) 7.471ms
[83.379s] GC(245) User=0.09s Sys=0.01s Real=0.01s
[86.423s] GC(246) Pause Full (System.gc())
[86.423s] GC(246) Using 14 workers of 14 for full compaction
[86.423s] GC(246) Phase 1: Mark live objects
[86.424s] GC(246) Phase 1: Mark live objects 1.087ms
[86.424s] GC(246) Phase 2: Prepare compaction
[86.424s] GC(246) Phase 2: Prepare compaction 0.588ms
[86.424s] GC(246) Phase 3: Adjust pointers
[86.425s] GC(246) Phase 3: Adjust pointers 0.583ms
[86.425s] GC(246) Phase 4: Compact heap
[86.425s] GC(246) Phase 4: Compact heap 0.385ms
[86.425s] GC(246) Phase 5: Reset Metadata
[86.426s] GC(246) Phase 5: Reset Metadata 0.231ms
[86.427s] GC(246) Eden regions: 43->0(236)
[86.427s] GC(246) Survivor regions: 21->0(21)
[86.427s] GC(246) Old regions: 12->5
[86.427s] GC(246) Humongous regions: 148->0
[86.427s] GC(246) Metaspace: 11375K(11584K)->11375K(11584K) NonClass: 9186K(9280K)->9186K(9280K) Class: 2189K(2304K)->2189K(2304K)
[86.427s] GC(246) Pause Full (System.gc()) 7027M->3M(12608M) 4.342ms
[86.427s] GC(246) User=0.03s Sys=0.00s Real=0.00s
[86.427s] GC(247) Pause Full (System.gc())
[86.427s] GC(247) Using 6 workers of 14 for full compaction
[86.427s] GC(247) Phase 1: Mark live objects
[86.428s] GC(247) Phase 1: Mark live objects 0.855ms
[86.428s] GC(247) Phase 2: Prepare compaction
[86.428s] GC(247) Phase 2: Prepare compaction 0.314ms
[86.428s] GC(247) Phase 3: Adjust pointers
[86.429s] GC(247) Phase 3: Adjust pointers 0.557ms
[86.429s] GC(247) Phase 4: Compact heap
[86.429s] GC(247) Phase 4: Compact heap 0.295ms
[86.429s] GC(247) Phase 5: Reset Metadata
[86.430s] GC(247) Phase 5: Reset Metadata 0.230ms
[86.431s] GC(247) Eden regions: 1->0(236)
[86.431s] GC(247) Survivor regions: 0->0(21)
[86.431s] GC(247) Old regions: 5->4
[86.431s] GC(247) Humongous regions: 0->0
[86.431s] GC(247) Metaspace: 11375K(11584K)->11375K(11584K) NonClass: 9186K(9280K)->9186K(9280K) Class: 2189K(2304K)->2189K(2304K)
[86.431s] GC(247) Pause Full (System.gc()) 19M->3M(12608M) 3.686ms
[86.431s] GC(247) User=0.02s Sys=0.00s Real=0.01s
[86.431s] GC(248) Pause Full (System.gc())
[86.431s] GC(248) Using 5 workers of 14 for full compaction
[86.431s] GC(248) Phase 1: Mark live objects
[86.432s] GC(248) Phase 1: Mark live objects 0.754ms
[86.432s] GC(248) Phase 2: Prepare compaction
[86.432s] GC(248) Phase 2: Prepare compaction 0.310ms
[86.432s] GC(248) Phase 3: Adjust pointers
[86.433s] GC(248) Phase 3: Adjust pointers 0.458ms
[86.433s] GC(248) Phase 4: Compact heap
[86.433s] GC(248) Phase 4: Compact heap 0.298ms
[86.433s] GC(248) Phase 5: Reset Metadata
[86.433s] GC(248) Phase 5: Reset Metadata 0.219ms
[86.435s] GC(248) Eden regions: 1->0(236)
[86.435s] GC(248) Survivor regions: 0->0(21)
[86.435s] GC(248) Old regions: 4->4
[86.435s] GC(248) Humongous regions: 0->0
[86.435s] GC(248) Metaspace: 11375K(11584K)->11375K(11584K) NonClass: 9186K(9280K)->9186K(9280K) Class: 2189K(2304K)->2189K(2304K)
[86.435s] GC(248) Pause Full (System.gc()) 19M->3M(12608M) 3.439ms
[86.435s] GC(248) User=0.03s Sys=0.00s Real=0.00s
[86.435s] GC(249) Pause Full (System.gc())
[86.435s] GC(249) Using 5 workers of 14 for full compaction
[86.435s] GC(249) Phase 1: Mark live objects
[86.436s] GC(249) Phase 1: Mark live objects 0.801ms
[86.436s] GC(249) Phase 2: Prepare compaction
[86.436s] GC(249) Phase 2: Prepare compaction 0.320ms
[86.436s] GC(249) Phase 3: Adjust pointers
[86.437s] GC(249) Phase 3: Adjust pointers 0.491ms
[86.437s] GC(249) Phase 4: Compact heap
[86.437s] GC(249) Phase 4: Compact heap 0.296ms
[86.437s] GC(249) Phase 5: Reset Metadata
[86.437s] GC(249) Phase 5: Reset Metadata 0.232ms
[86.438s] GC(249) Eden regions: 1->0(236)
[86.438s] GC(249) Survivor regions: 0->0(21)
[86.438s] GC(249) Old regions: 4->4
[86.438s] GC(249) Humongous regions: 0->0
[86.438s] GC(249) Metaspace: 11375K(11584K)->11375K(11584K) NonClass: 9186K(9280K)->9186K(9280K) Class: 2189K(2304K)->2189K(2304K)
[86.438s] GC(249) Pause Full (System.gc()) 19M->3M(12608M) 3.593ms
[86.438s] GC(249) User=0.02s Sys=0.00s Real=0.00s
[86.439s] GC(250) Pause Full (System.gc())
[86.439s] GC(250) Using 5 workers of 14 for full compaction
[86.439s] GC(250) Phase 1: Mark live objects
[86.439s] GC(250) Phase 1: Mark live objects 0.769ms
[86.440s] GC(250) Phase 2: Prepare compaction
[86.440s] GC(250) Phase 2: Prepare compaction 0.321ms
[86.440s] GC(250) Phase 3: Adjust pointers
[86.440s] GC(250) Phase 3: Adjust pointers 0.552ms
[86.440s] GC(250) Phase 4: Compact heap
[86.441s] GC(250) Phase 4: Compact heap 0.302ms
[86.441s] GC(250) Phase 5: Reset Metadata
[86.441s] GC(250) Phase 5: Reset Metadata 0.224ms
[86.442s] GC(250) Eden regions: 1->0(236)
[86.442s] GC(250) Survivor regions: 0->0(21)
[86.442s] GC(250) Old regions: 4->4
[86.442s] GC(250) Humongous regions: 0->0
[86.442s] GC(250) Metaspace: 11375K(11584K)->11375K(11584K) NonClass: 9186K(9280K)->9186K(9280K) Class: 2189K(2304K)->2189K(2304K)
[86.442s] GC(250) Pause Full (System.gc()) 19M->3M(12608M) 3.604ms
[86.442s] GC(250) User=0.02s Sys=0.00s Real=0.01s
[86.443s] GC(251) Pause Full (System.gc())
[86.443s] GC(251) Using 5 workers of 14 for full compaction
[86.443s] GC(251) Phase 1: Mark live objects
[86.444s] GC(251) Phase 1: Mark live objects 0.806ms
[86.444s] GC(251) Phase 2: Prepare compaction
[86.444s] GC(251) Phase 2: Prepare compaction 0.401ms
[86.444s] GC(251) Phase 3: Adjust pointers
[86.444s] GC(251) Phase 3: Adjust pointers 0.515ms
[86.444s] GC(251) Phase 4: Compact heap
[86.445s] GC(251) Phase 4: Compact heap 0.304ms
[86.445s] GC(251) Phase 5: Reset Metadata
[86.445s] GC(251) Phase 5: Reset Metadata 0.228ms
[86.446s] GC(251) Eden regions: 1->0(236)
[86.446s] GC(251) Survivor regions: 0->0(21)
[86.446s] GC(251) Old regions: 4->4
[86.446s] GC(251) Humongous regions: 0->0
[86.446s] GC(251) Metaspace: 11375K(11584K)->11375K(11584K) NonClass: 9186K(9280K)->9186K(9280K) Class: 2189K(2304K)->2189K(2304K)
[86.446s] GC(251) Pause Full (System.gc()) 19M->3M(12608M) 3.732ms
[86.446s] GC(251) User=0.02s Sys=0.01s Real=0.00s
[86.447s] GC(252) Pause Full (System.gc())
[86.447s] GC(252) Using 5 workers of 14 for full compaction
[86.447s] GC(252) Phase 1: Mark live objects
[86.448s] GC(252) Phase 1: Mark live objects 0.876ms
[86.448s] GC(252) Phase 2: Prepare compaction
[86.448s] GC(252) Phase 2: Prepare compaction 0.304ms
[86.448s] GC(252) Phase 3: Adjust pointers
[86.449s] GC(252) Phase 3: Adjust pointers 0.460ms
[86.449s] GC(252) Phase 4: Compact heap
[86.449s] GC(252) Phase 4: Compact heap 0.280ms
[86.449s] GC(252) Phase 5: Reset Metadata
[86.449s] GC(252) Phase 5: Reset Metadata 0.220ms
[86.450s] GC(252) Eden regions: 1->0(236)
[86.450s] GC(252) Survivor regions: 0->0(21)
[86.450s] GC(252) Old regions: 4->4
[86.450s] GC(252) Humongous regions: 0->0
[86.450s] GC(252) Metaspace: 11375K(11584K)->11375K(11584K) NonClass: 9186K(9280K)->9186K(9280K) Class: 2189K(2304K)->2189K(2304K)
[86.450s] GC(252) Pause Full (System.gc()) 19M->3M(12608M) 3.546ms
[86.450s] GC(252) User=0.03s Sys=0.00s Real=0.01s
[86.451s] GC(253) Pause Full (System.gc())
[86.451s] GC(253) Using 5 workers of 14 for full compaction
[86.451s] GC(253) Phase 1: Mark live objects
[86.452s] GC(253) Phase 1: Mark live objects 0.966ms
[86.452s] GC(253) Phase 2: Prepare compaction
[86.452s] GC(253) Phase 2: Prepare compaction 0.316ms
[86.452s] GC(253) Phase 3: Adjust pointers
[86.453s] GC(253) Phase 3: Adjust pointers 0.457ms
[86.453s] GC(253) Phase 4: Compact heap
[86.453s] GC(253) Phase 4: Compact heap 0.306ms
[86.453s] GC(253) Phase 5: Reset Metadata
[86.453s] GC(253) Phase 5: Reset Metadata 0.221ms
[86.455s] GC(253) Eden regions: 1->0(236)
[86.455s] GC(253) Survivor regions: 0->0(21)
[86.455s] GC(253) Old regions: 4->4
[86.455s] GC(253) Humongous regions: 0->0
[86.455s] GC(253) Metaspace: 11375K(11584K)->11375K(11584K) NonClass: 9186K(9280K)->9186K(9280K) Class: 2189K(2304K)->2189K(2304K)
[86.455s] GC(253) Pause Full (System.gc()) 19M->3M(12608M) 3.710ms
[86.455s] GC(253) User=0.02s Sys=0.00s Real=0.00s
[86.456s] GC(254) Pause Full (System.gc())
[86.456s] GC(254) Using 5 workers of 14 for full compaction
[86.456s] GC(254) Phase 1: Mark live objects
[86.457s] GC(254) Phase 1: Mark live objects 0.862ms
[86.457s] GC(254) Phase 2: Prepare compaction
[86.457s] GC(254) Phase 2: Prepare compaction 0.330ms
[86.457s] GC(254) Phase 3: Adjust pointers
[86.458s] GC(254) Phase 3: Adjust pointers 0.447ms
[86.458s] GC(254) Phase 4: Compact heap
[86.458s] GC(254) Phase 4: Compact heap 0.287ms
[86.458s] GC(254) Phase 5: Reset Metadata
[86.458s] GC(254) Phase 5: Reset Metadata 0.221ms
[86.460s] GC(254) Eden regions: 1->0(236)
[86.460s] GC(254) Survivor regions: 0->0(21)
[86.460s] GC(254) Old regions: 4->4
[86.460s] GC(254) Humongous regions: 0->0
[86.460s] GC(254) Metaspace: 11377K(11584K)->11377K(11584K) NonClass: 9187K(9280K)->9187K(9280K) Class: 2189K(2304K)->2189K(2304K)
[86.460s] GC(254) Pause Full (System.gc()) 19M->4M(12608M) 3.572ms
[86.460s] GC(254) User=0.03s Sys=0.00s Real=0.01s
[86.462s] GC(255) Pause Full (System.gc())
[86.462s] GC(255) Using 5 workers of 14 for full compaction
[86.462s] GC(255) Phase 1: Mark live objects
[86.463s] GC(255) Phase 1: Mark live objects 0.911ms
[86.463s] GC(255) Phase 2: Prepare compaction
[86.463s] GC(255) Phase 2: Prepare compaction 0.324ms
[86.463s] GC(255) Phase 3: Adjust pointers
[86.464s] GC(255) Phase 3: Adjust pointers 0.554ms
[86.464s] GC(255) Phase 4: Compact heap
[86.464s] GC(255) Phase 4: Compact heap 0.303ms
[86.464s] GC(255) Phase 5: Reset Metadata
[86.464s] GC(255) Phase 5: Reset Metadata 0.223ms
[86.466s] GC(255) Eden regions: 1->0(236)
[86.466s] GC(255) Survivor regions: 0->0(21)
[86.466s] GC(255) Old regions: 4->4
[86.466s] GC(255) Humongous regions: 0->0
[86.466s] GC(255) Metaspace: 11377K(11584K)->11377K(11584K) NonClass: 9187K(9280K)->9187K(9280K) Class: 2189K(2304K)->2189K(2304K)
[86.466s] GC(255) Pause Full (System.gc()) 20M->5M(12608M) 3.748ms
[86.466s] GC(255) User=0.02s Sys=0.00s Real=0.00s
[86.470s] GC(256) Pause Full (System.gc())
[86.470s] GC(256) Using 5 workers of 14 for full compaction
[86.470s] GC(256) Phase 1: Mark live objects
[86.471s] GC(256) Phase 1: Mark live objects 0.922ms
[86.471s] GC(256) Phase 2: Prepare compaction
[86.471s] GC(256) Phase 2: Prepare compaction 0.325ms
[86.471s] GC(256) Phase 3: Adjust pointers
[86.472s] GC(256) Phase 3: Adjust pointers 0.475ms
[86.472s] GC(256) Phase 4: Compact heap
[86.472s] GC(256) Phase 4: Compact heap 0.284ms
[86.472s] GC(256) Phase 5: Reset Metadata
[86.472s] GC(256) Phase 5: Reset Metadata 0.221ms
[86.474s] GC(256) Eden regions: 1->0(236)
[86.474s] GC(256) Survivor regions: 0->0(21)
[86.474s] GC(256) Old regions: 4->4
[86.474s] GC(256) Humongous regions: 0->0
[86.474s] GC(256) Metaspace: 11377K(11584K)->11377K(11584K) NonClass: 9187K(9280K)->9187K(9280K) Class: 2189K(2304K)->2189K(2304K)
[86.474s] GC(256) Pause Full (System.gc()) 21M->7M(12608M) 3.640ms
[86.474s] GC(256) User=0.02s Sys=0.00s Real=0.00s
[86.482s] GC(257) Pause Full (System.gc())
[86.482s] GC(257) Using 5 workers of 14 for full compaction
[86.482s] GC(257) Phase 1: Mark live objects
[86.483s] GC(257) Phase 1: Mark live objects 0.837ms
[86.483s] GC(257) Phase 2: Prepare compaction
[86.483s] GC(257) Phase 2: Prepare compaction 0.330ms
[86.483s] GC(257) Phase 3: Adjust pointers
[86.484s] GC(257) Phase 3: Adjust pointers 0.450ms
[86.484s] GC(257) Phase 4: Compact heap
[86.484s] GC(257) Phase 4: Compact heap 0.289ms
[86.484s] GC(257) Phase 5: Reset Metadata
[86.484s] GC(257) Phase 5: Reset Metadata 0.225ms
[86.486s] GC(257) Eden regions: 1->0(236)
[86.486s] GC(257) Survivor regions: 0->0(21)
[86.486s] GC(257) Old regions: 4->4
[86.486s] GC(257) Humongous regions: 0->0
[86.486s] GC(257) Metaspace: 11377K(11584K)->11377K(11584K) NonClass: 9187K(9280K)->9187K(9280K) Class: 2189K(2304K)->2189K(2304K)
[86.486s] GC(257) Pause Full (System.gc()) 31M->11M(12608M) 3.572ms
[86.486s] GC(257) User=0.02s Sys=0.00s Real=0.00s
[86.502s] GC(258) Pause Full (System.gc())
[86.502s] GC(258) Using 6 workers of 14 for full compaction
[86.502s] GC(258) Phase 1: Mark live objects
[86.503s] GC(258) Phase 1: Mark live objects 1.015ms
[86.503s] GC(258) Phase 2: Prepare compaction
[86.504s] GC(258) Phase 2: Prepare compaction 0.344ms
[86.504s] GC(258) Phase 3: Adjust pointers
[86.504s] GC(258) Phase 3: Adjust pointers 0.535ms
[86.504s] GC(258) Phase 4: Compact heap
[86.505s] GC(258) Phase 4: Compact heap 0.301ms
[86.505s] GC(258) Phase 5: Reset Metadata
[86.505s] GC(258) Phase 5: Reset Metadata 0.221ms
[86.506s] GC(258) Eden regions: 1->0(236)
[86.506s] GC(258) Survivor regions: 0->0(21)
[86.506s] GC(258) Old regions: 4->4
[86.506s] GC(258) Humongous regions: 1->1
[86.506s] GC(258) Metaspace: 11377K(11584K)->11377K(11584K) NonClass: 9187K(9280K)->9187K(9280K) Class: 2189K(2304K)->2189K(2304K)
[86.506s] GC(258) Pause Full (System.gc()) 75M->35M(12608M) 3.870ms
[86.506s] GC(258) User=0.02s Sys=0.00s Real=0.00s
[86.540s] GC(259) Pause Full (System.gc())
[86.540s] GC(259) Using 9 workers of 14 for full compaction
[86.540s] GC(259) Phase 1: Mark live objects
[86.541s] GC(259) Phase 1: Mark live objects 1.030ms
[86.541s] GC(259) Phase 2: Prepare compaction
[86.541s] GC(259) Phase 2: Prepare compaction 0.327ms
[86.541s] GC(259) Phase 3: Adjust pointers
[86.542s] GC(259) Phase 3: Adjust pointers 0.524ms
[86.542s] GC(259) Phase 4: Compact heap
[86.542s] GC(259) Phase 4: Compact heap 0.316ms
[86.542s] GC(259) Phase 5: Reset Metadata
[86.542s] GC(259) Phase 5: Reset Metadata 0.232ms
[86.544s] GC(259) Eden regions: 2->0(236)
[86.544s] GC(259) Survivor regions: 0->0(21)
[86.544s] GC(259) Old regions: 4->4
[86.544s] GC(259) Humongous regions: 3->2
[86.544s] GC(259) Metaspace: 11377K(11584K)->11377K(11584K) NonClass: 9187K(9280K)->9187K(9280K) Class: 2189K(2304K)->2189K(2304K)
[86.544s] GC(259) Pause Full (System.gc()) 163M->67M(12608M) 3.881ms
[86.544s] GC(259) User=0.03s Sys=0.00s Real=0.00s
[86.610s] GC(260) Pause Full (System.gc())
[86.610s] GC(260) Using 13 workers of 14 for full compaction
[86.610s] GC(260) Phase 1: Mark live objects
[86.611s] GC(260) Phase 1: Mark live objects 0.835ms
[86.611s] GC(260) Phase 2: Prepare compaction
[86.611s] GC(260) Phase 2: Prepare compaction 0.333ms
[86.611s] GC(260) Phase 3: Adjust pointers
[86.612s] GC(260) Phase 3: Adjust pointers 0.526ms
[86.612s] GC(260) Phase 4: Compact heap
[86.612s] GC(260) Phase 4: Compact heap 0.305ms
[86.612s] GC(260) Phase 5: Reset Metadata
[86.612s] GC(260) Phase 5: Reset Metadata 0.226ms
[86.614s] GC(260) Eden regions: 4->0(236)
[86.614s] GC(260) Survivor regions: 0->0(21)
[86.614s] GC(260) Old regions: 4->4
[86.614s] GC(260) Humongous regions: 5->3
[86.614s] GC(260) Metaspace: 11377K(11584K)->11377K(11584K) NonClass: 9187K(9280K)->9187K(9280K) Class: 2189K(2304K)->2189K(2304K)
[86.614s] GC(260) Pause Full (System.gc()) 275M->99M(12608M) 3.691ms
[86.614s] GC(260) User=0.02s Sys=0.00s Real=0.00s
[86.748s] GC(261) Pause Full (System.gc())
[86.748s] GC(261) Using 14 workers of 14 for full compaction
[86.748s] GC(261) Phase 1: Mark live objects
[86.749s] GC(261) Phase 1: Mark live objects 0.993ms
[86.749s] GC(261) Phase 2: Prepare compaction
[86.749s] GC(261) Phase 2: Prepare compaction 0.328ms
[86.749s] GC(261) Phase 3: Adjust pointers
[86.749s] GC(261) Phase 3: Adjust pointers 0.504ms
[86.749s] GC(261) Phase 4: Compact heap
[86.750s] GC(261) Phase 4: Compact heap 0.287ms
[86.750s] GC(261) Phase 5: Reset Metadata
[86.750s] GC(261) Phase 5: Reset Metadata 0.222ms
[86.751s] GC(261) Eden regions: 7->0(236)
[86.751s] GC(261) Survivor regions: 0->0(21)
[86.751s] GC(261) Old regions: 4->4
[86.751s] GC(261) Humongous regions: 8->5
[86.751s] GC(261) Metaspace: 11377K(11584K)->11377K(11584K) NonClass: 9187K(9280K)->9187K(9280K) Class: 2189K(2304K)->2189K(2304K)
[86.751s] GC(261) Pause Full (System.gc()) 467M->163M(12608M) 3.825ms
[86.751s] GC(261) User=0.03s Sys=0.00s Real=0.01s
[87.118s] GC(262) Pause Full (System.gc())
[87.118s] GC(262) Using 14 workers of 14 for full compaction
[87.118s] GC(262) Phase 1: Mark live objects
[87.119s] GC(262) Phase 1: Mark live objects 0.934ms
[87.119s] GC(262) Phase 2: Prepare compaction
[87.119s] GC(262) Phase 2: Prepare compaction 0.371ms
[87.119s] GC(262) Phase 3: Adjust pointers
[87.120s] GC(262) Phase 3: Adjust pointers 0.520ms
[87.120s] GC(262) Phase 4: Compact heap
[87.120s] GC(262) Phase 4: Compact heap 0.332ms
[87.120s] GC(262) Phase 5: Reset Metadata
[87.120s] GC(262) Phase 5: Reset Metadata 0.232ms
[87.122s] GC(262) Eden regions: 13->0(236)
[87.122s] GC(262) Survivor regions: 0->0(21)
[87.122s] GC(262) Old regions: 4->4
[87.122s] GC(262) Humongous regions: 19->9
[87.122s] GC(262) Metaspace: 11378K(11584K)->11378K(11584K) NonClass: 9189K(9280K)->9189K(9280K) Class: 2189K(2304K)->2189K(2304K)
[87.122s] GC(262) Pause Full (System.gc()) 996M->291M(12608M) 3.972ms
[87.122s] GC(262) User=0.03s Sys=0.00s Real=0.01s
[87.856s] GC(263) Pause Full (System.gc())
[87.856s] GC(263) Using 14 workers of 14 for full compaction
[87.856s] GC(263) Phase 1: Mark live objects
[87.857s] GC(263) Phase 1: Mark live objects 1.026ms
[87.857s] GC(263) Phase 2: Prepare compaction
[87.858s] GC(263) Phase 2: Prepare compaction 0.351ms
[87.858s] GC(263) Phase 3: Adjust pointers
[87.858s] GC(263) Phase 3: Adjust pointers 0.662ms
[87.858s] GC(263) Phase 4: Compact heap
[87.859s] GC(263) Phase 4: Compact heap 0.321ms
[87.859s] GC(263) Phase 5: Reset Metadata
[87.859s] GC(263) Phase 5: Reset Metadata 0.227ms
[87.860s] GC(263) Eden regions: 25->0(236)
[87.860s] GC(263) Survivor regions: 0->0(21)
[87.860s] GC(263) Old regions: 4->4
[87.860s] GC(263) Humongous regions: 36->17
[87.860s] GC(263) Metaspace: 11378K(11584K)->11378K(11584K) NonClass: 9189K(9280K)->9189K(9280K) Class: 2189K(2304K)->2189K(2304K)
[87.860s] GC(263) Pause Full (System.gc()) 1931M->547M(12608M) 4.093ms
[87.860s] GC(263) User=0.03s Sys=0.01s Real=0.01s
[89.464s] GC(264) Pause Full (System.gc())
[89.464s] GC(264) Using 14 workers of 14 for full compaction
[89.464s] GC(264) Phase 1: Mark live objects
[89.465s] GC(264) Phase 1: Mark live objects 1.005ms
[89.465s] GC(264) Phase 2: Prepare compaction
[89.465s] GC(264) Phase 2: Prepare compaction 0.398ms
[89.465s] GC(264) Phase 3: Adjust pointers
[89.466s] GC(264) Phase 3: Adjust pointers 0.703ms
[89.466s] GC(264) Phase 4: Compact heap
[89.466s] GC(264) Phase 4: Compact heap 0.361ms
[89.466s] GC(264) Phase 5: Reset Metadata
[89.467s] GC(264) Phase 5: Reset Metadata 0.233ms
[89.468s] GC(264) Eden regions: 50->0(236)
[89.468s] GC(264) Survivor regions: 0->0(21)
[89.468s] GC(264) Old regions: 4->4
[89.468s] GC(264) Humongous regions: 70->33
[89.468s] GC(264) Metaspace: 11378K(11584K)->11378K(11584K) NonClass: 9189K(9280K)->9189K(9280K) Class: 2189K(2304K)->2189K(2304K)
[89.468s] GC(264) Pause Full (System.gc()) 3813M->1059M(12608M) 4.204ms
[89.468s] GC(264) User=0.02s Sys=0.01s Real=0.00s
[92.837s] GC(265) Pause Full (System.gc())
[92.837s] GC(265) Using 14 workers of 14 for full compaction
[92.837s] GC(265) Phase 1: Mark live objects
[92.838s] GC(265) Phase 1: Mark live objects 0.980ms
[92.838s] GC(265) Phase 2: Prepare compaction
[92.839s] GC(265) Phase 2: Prepare compaction 0.470ms
[92.839s] GC(265) Phase 3: Adjust pointers
[92.839s] GC(265) Phase 3: Adjust pointers 0.722ms
[92.839s] GC(265) Phase 4: Compact heap
[92.840s] GC(265) Phase 4: Compact heap 0.432ms
[92.840s] GC(265) Phase 5: Reset Metadata
[92.840s] GC(265) Phase 5: Reset Metadata 0.227ms
[92.841s] GC(265) Eden regions: 101->0(214)
[92.841s] GC(265) Survivor regions: 0->0(21)
[92.841s] GC(265) Old regions: 4->4
[92.841s] GC(265) Humongous regions: 138->65
[92.841s] GC(265) Metaspace: 11378K(11584K)->11378K(11584K) NonClass: 9189K(9280K)->9189K(9280K) Class: 2189K(2304K)->2189K(2304K)
[92.841s] GC(265) Pause Full (System.gc()) 7619M->2083M(12608M) 4.341ms
[92.841s] GC(265) User=0.04s Sys=0.00s Real=0.01s
[99.746s] GC(266) Pause Full (System.gc())
[99.746s] GC(266) Using 14 workers of 14 for full compaction
[99.746s] GC(266) Phase 1: Mark live objects
[99.747s] GC(266) Phase 1: Mark live objects 1.167ms
[99.747s] GC(266) Phase 2: Prepare compaction
[99.748s] GC(266) Phase 2: Prepare compaction 0.642ms
[99.748s] GC(266) Phase 3: Adjust pointers
[99.749s] GC(266) Phase 3: Adjust pointers 0.670ms
[99.749s] GC(266) Phase 4: Compact heap
[99.749s] GC(266) Phase 4: Compact heap 0.580ms
[99.749s] GC(266) Phase 5: Reset Metadata
[99.749s] GC(266) Phase 5: Reset Metadata 0.231ms
[99.751s] GC(266) Eden regions: 210->0(236)
[99.751s] GC(266) Survivor regions: 0->0(21)
[99.751s] GC(266) Old regions: 4->4
[99.751s] GC(266) Humongous regions: 144->0
[99.751s] GC(266) Metaspace: 11378K(11584K)->11378K(11584K) NonClass: 9189K(9280K)->9189K(9280K) Class: 2189K(2304K)->2189K(2304K)
[99.751s] GC(266) Pause Full (System.gc()) 11315M->3M(12608M) 4.794ms
[99.751s] GC(266) User=0.04s Sys=0.01s Real=0.01s
[99.751s] GC(267) Pause Full (System.gc())
[99.751s] GC(267) Using 5 workers of 14 for full compaction
[99.751s] GC(267) Phase 1: Mark live objects
[99.752s] GC(267) Phase 1: Mark live objects 0.840ms
[99.752s] GC(267) Phase 2: Prepare compaction
[99.752s] GC(267) Phase 2: Prepare compaction 0.316ms
[99.752s] GC(267) Phase 3: Adjust pointers
[99.753s] GC(267) Phase 3: Adjust pointers 0.485ms
[99.753s] GC(267) Phase 4: Compact heap
[99.753s] GC(267) Phase 4: Compact heap 0.297ms
[99.753s] GC(267) Phase 5: Reset Metadata
[99.753s] GC(267) Phase 5: Reset Metadata 0.223ms
[99.755s] GC(267) Eden regions: 1->0(236)
[99.755s] GC(267) Survivor regions: 0->0(21)
[99.755s] GC(267) Old regions: 4->4
[99.755s] GC(267) Humongous regions: 0->0
[99.755s] GC(267) Metaspace: 11378K(11584K)->11378K(11584K) NonClass: 9189K(9280K)->9189K(9280K) Class: 2189K(2304K)->2189K(2304K)
[99.755s] GC(267) Pause Full (System.gc()) 19M->3M(12608M) 3.616ms
[99.755s] GC(267) User=0.02s Sys=0.00s Real=0.00s
[99.755s] GC(268) Pause Full (System.gc())
[99.755s] GC(268) Using 5 workers of 14 for full compaction
[99.755s] GC(268) Phase 1: Mark live objects
[99.756s] GC(268) Phase 1: Mark live objects 0.755ms
[99.756s] GC(268) Phase 2: Prepare compaction
[99.756s] GC(268) Phase 2: Prepare compaction 0.312ms
[99.756s] GC(268) Phase 3: Adjust pointers
[99.756s] GC(268) Phase 3: Adjust pointers 0.457ms
[99.756s] GC(268) Phase 4: Compact heap
[99.757s] GC(268) Phase 4: Compact heap 0.297ms
[99.757s] GC(268) Phase 5: Reset Metadata
[99.757s] GC(268) Phase 5: Reset Metadata 0.220ms
[99.758s] GC(268) Eden regions: 1->0(236)
[99.758s] GC(268) Survivor regions: 0->0(21)
[99.758s] GC(268) Old regions: 4->4
[99.758s] GC(268) Humongous regions: 0->0
[99.758s] GC(268) Metaspace: 11378K(11584K)->11378K(11584K) NonClass: 9189K(9280K)->9189K(9280K) Class: 2189K(2304K)->2189K(2304K)
[99.758s] GC(268) Pause Full (System.gc()) 19M->3M(12608M) 3.447ms
[99.758s] GC(268) User=0.02s Sys=0.00s Real=0.00s
[99.759s] GC(269) Pause Full (System.gc())
[99.759s] GC(269) Using 5 workers of 14 for full compaction
[99.759s] GC(269) Phase 1: Mark live objects
[99.759s] GC(269) Phase 1: Mark live objects 0.794ms
[99.759s] GC(269) Phase 2: Prepare compaction
[99.760s] GC(269) Phase 2: Prepare compaction 0.311ms
[99.760s] GC(269) Phase 3: Adjust pointers
[99.760s] GC(269) Phase 3: Adjust pointers 0.480ms
[99.760s] GC(269) Phase 4: Compact heap
[99.761s] GC(269) Phase 4: Compact heap 0.301ms
[99.761s] GC(269) Phase 5: Reset Metadata
[99.761s] GC(269) Phase 5: Reset Metadata 0.221ms
[99.762s] GC(269) Eden regions: 1->0(236)
[99.762s] GC(269) Survivor regions: 0->0(21)
[99.762s] GC(269) Old regions: 4->4
[99.762s] GC(269) Humongous regions: 0->0
[99.762s] GC(269) Metaspace: 11378K(11584K)->11378K(11584K) NonClass: 9189K(9280K)->9189K(9280K) Class: 2189K(2304K)->2189K(2304K)
[99.762s] GC(269) Pause Full (System.gc()) 19M->3M(12608M) 3.517ms
[99.762s] GC(269) User=0.03s Sys=0.00s Real=0.01s
[99.762s] GC(270) Pause Full (System.gc())
[99.762s] GC(270) Using 5 workers of 14 for full compaction
[99.762s] GC(270) Phase 1: Mark live objects
[99.763s] GC(270) Phase 1: Mark live objects 0.827ms
[99.763s] GC(270) Phase 2: Prepare compaction
[99.764s] GC(270) Phase 2: Prepare compaction 0.319ms
[99.764s] GC(270) Phase 3: Adjust pointers
[99.764s] GC(270) Phase 3: Adjust pointers 0.495ms
[99.764s] GC(270) Phase 4: Compact heap
[99.764s] GC(270) Phase 4: Compact heap 0.301ms
[99.764s] GC(270) Phase 5: Reset Metadata
[99.765s] GC(270) Phase 5: Reset Metadata 0.222ms
[99.766s] GC(270) Eden regions: 1->0(236)
[99.766s] GC(270) Survivor regions: 0->0(21)
[99.766s] GC(270) Old regions: 4->4
[99.766s] GC(270) Humongous regions: 0->0
[99.766s] GC(270) Metaspace: 11378K(11584K)->11378K(11584K) NonClass: 9189K(9280K)->9189K(9280K) Class: 2189K(2304K)->2189K(2304K)
[99.766s] GC(270) Pause Full (System.gc()) 19M->3M(12608M) 3.573ms
[99.766s] GC(270) User=0.02s Sys=0.00s Real=0.00s
[99.766s] GC(271) Pause Full (System.gc())
[99.766s] GC(271) Using 5 workers of 14 for full compaction
[99.766s] GC(271) Phase 1: Mark live objects
[99.767s] GC(271) Phase 1: Mark live objects 0.776ms
[99.767s] GC(271) Phase 2: Prepare compaction
[99.767s] GC(271) Phase 2: Prepare compaction 0.310ms
[99.767s] GC(271) Phase 3: Adjust pointers
[99.768s] GC(271) Phase 3: Adjust pointers 0.483ms
[99.768s] GC(271) Phase 4: Compact heap
[99.768s] GC(271) Phase 4: Compact heap 0.334ms
[99.768s] GC(271) Phase 5: Reset Metadata
[99.768s] GC(271) Phase 5: Reset Metadata 0.226ms
[99.770s] GC(271) Eden regions: 1->0(236)
[99.770s] GC(271) Survivor regions: 0->0(21)
[99.770s] GC(271) Old regions: 4->4
[99.770s] GC(271) Humongous regions: 0->0
[99.770s] GC(271) Metaspace: 11378K(11584K)->11378K(11584K) NonClass: 9189K(9280K)->9189K(9280K) Class: 2189K(2304K)->2189K(2304K)
[99.770s] GC(271) Pause Full (System.gc()) 19M->3M(12608M) 3.574ms
[99.770s] GC(271) User=0.02s Sys=0.00s Real=0.01s
[99.770s] GC(272) Pause Full (System.gc())
[99.770s] GC(272) Using 5 workers of 14 for full compaction
[99.770s] GC(272) Phase 1: Mark live objects
[99.771s] GC(272) Phase 1: Mark live objects 0.925ms
[99.771s] GC(272) Phase 2: Prepare compaction
[99.772s] GC(272) Phase 2: Prepare compaction 0.314ms
[99.772s] GC(272) Phase 3: Adjust pointers
[99.772s] GC(272) Phase 3: Adjust pointers 0.577ms
[99.772s] GC(272) Phase 4: Compact heap
[99.772s] GC(272) Phase 4: Compact heap 0.313ms
[99.772s] GC(272) Phase 5: Reset Metadata
[99.773s] GC(272) Phase 5: Reset Metadata 0.224ms
[99.774s] GC(272) Eden regions: 1->0(236)
[99.774s] GC(272) Survivor regions: 0->0(21)
[99.774s] GC(272) Old regions: 4->4
[99.774s] GC(272) Humongous regions: 0->0
[99.774s] GC(272) Metaspace: 11378K(11584K)->11378K(11584K) NonClass: 9189K(9280K)->9189K(9280K) Class: 2189K(2304K)->2189K(2304K)
[99.774s] GC(272) Pause Full (System.gc()) 19M->3M(12608M) 3.734ms
[99.774s] GC(272) User=0.03s Sys=0.00s Real=0.00s
[99.775s] GC(273) Pause Full (System.gc())
[99.775s] GC(273) Using 5 workers of 14 for full compaction
[99.775s] GC(273) Phase 1: Mark live objects
[99.775s] GC(273) Phase 1: Mark live objects 0.792ms
[99.775s] GC(273) Phase 2: Prepare compaction
[99.776s] GC(273) Phase 2: Prepare compaction 0.308ms
[99.776s] GC(273) Phase 3: Adjust pointers
[99.776s] GC(273) Phase 3: Adjust pointers 0.489ms
[99.776s] GC(273) Phase 4: Compact heap
[99.777s] GC(273) Phase 4: Compact heap 0.296ms
[99.777s] GC(273) Phase 5: Reset Metadata
[99.777s] GC(273) Phase 5: Reset Metadata 0.222ms
[99.778s] GC(273) Eden regions: 1->0(236)
[99.778s] GC(273) Survivor regions: 0->0(21)
[99.778s] GC(273) Old regions: 4->4
[99.778s] GC(273) Humongous regions: 0->0
[99.778s] GC(273) Metaspace: 11378K(11584K)->11378K(11584K) NonClass: 9189K(9280K)->9189K(9280K) Class: 2189K(2304K)->2189K(2304K)
[99.778s] GC(273) Pause Full (System.gc()) 19M->3M(12608M) 3.522ms
[99.778s] GC(273) User=0.02s Sys=0.00s Real=0.00s
[99.780s] GC(274) Pause Full (System.gc())
[99.780s] GC(274) Using 5 workers of 14 for full compaction
[99.780s] GC(274) Phase 1: Mark live objects
[99.780s] GC(274) Phase 1: Mark live objects 0.750ms
[99.780s] GC(274) Phase 2: Prepare compaction
[99.781s] GC(274) Phase 2: Prepare compaction 0.327ms
[99.781s] GC(274) Phase 3: Adjust pointers
[99.781s] GC(274) Phase 3: Adjust pointers 0.442ms
[99.781s] GC(274) Phase 4: Compact heap
[99.781s] GC(274) Phase 4: Compact heap 0.286ms
[99.781s] GC(274) Phase 5: Reset Metadata
[99.782s] GC(274) Phase 5: Reset Metadata 0.223ms
[99.783s] GC(274) Eden regions: 1->0(236)
[99.783s] GC(274) Survivor regions: 0->0(21)
[99.783s] GC(274) Old regions: 4->4
[99.783s] GC(274) Humongous regions: 0->0
[99.783s] GC(274) Metaspace: 11379K(11584K)->11379K(11584K) NonClass: 9189K(9280K)->9189K(9280K) Class: 2189K(2304K)->2189K(2304K)
[99.783s] GC(274) Pause Full (System.gc()) 19M->4M(12608M) 3.443ms
[99.783s] GC(274) User=0.03s Sys=0.00s Real=0.00s
[99.785s] GC(275) Pause Full (System.gc())
[99.785s] GC(275) Using 5 workers of 14 for full compaction
[99.785s] GC(275) Phase 1: Mark live objects
[99.786s] GC(275) Phase 1: Mark live objects 0.877ms
[99.786s] GC(275) Phase 2: Prepare compaction
[99.786s] GC(275) Phase 2: Prepare compaction 0.311ms
[99.786s] GC(275) Phase 3: Adjust pointers
[99.787s] GC(275) Phase 3: Adjust pointers 0.458ms
[99.787s] GC(275) Phase 4: Compact heap
[99.787s] GC(275) Phase 4: Compact heap 0.277ms
[99.787s] GC(275) Phase 5: Reset Metadata
[99.787s] GC(275) Phase 5: Reset Metadata 0.221ms
[99.789s] GC(275) Eden regions: 1->0(236)
[99.789s] GC(275) Survivor regions: 0->0(21)
[99.789s] GC(275) Old regions: 4->4
[99.789s] GC(275) Humongous regions: 0->0
[99.789s] GC(275) Metaspace: 11379K(11584K)->11379K(11584K) NonClass: 9189K(9280K)->9189K(9280K) Class: 2189K(2304K)->2189K(2304K)
[99.789s] GC(275) Pause Full (System.gc()) 20M->5M(12608M) 3.591ms
[99.789s] GC(275) User=0.02s Sys=0.00s Real=0.00s
[99.793s] GC(276) Pause Full (System.gc())
[99.793s] GC(276) Using 5 workers of 14 for full compaction
[99.793s] GC(276) Phase 1: Mark live objects
[99.794s] GC(276) Phase 1: Mark live objects 0.940ms
[99.794s] GC(276) Phase 2: Prepare compaction
[99.794s] GC(276) Phase 2: Prepare compaction 0.299ms
[99.794s] GC(276) Phase 3: Adjust pointers
[99.795s] GC(276) Phase 3: Adjust pointers 0.502ms
[99.795s] GC(276) Phase 4: Compact heap
[99.795s] GC(276) Phase 4: Compact heap 0.312ms
[99.795s] GC(276) Phase 5: Reset Metadata
[99.795s] GC(276) Phase 5: Reset Metadata 0.235ms
[99.797s] GC(276) Eden regions: 1->0(236)
[99.797s] GC(276) Survivor regions: 0->0(21)
[99.797s] GC(276) Old regions: 4->4
[99.797s] GC(276) Humongous regions: 0->0
[99.797s] GC(276) Metaspace: 11379K(11584K)->11379K(11584K) NonClass: 9189K(9280K)->9189K(9280K) Class: 2189K(2304K)->2189K(2304K)
[99.797s] GC(276) Pause Full (System.gc()) 21M->7M(12608M) 3.719ms
[99.797s] GC(276) User=0.03s Sys=0.00s Real=0.00s
[99.805s] GC(277) Pause Full (System.gc())
[99.805s] GC(277) Using 5 workers of 14 for full compaction
[99.805s] GC(277) Phase 1: Mark live objects
[99.806s] GC(277) Phase 1: Mark live objects 0.965ms
[99.806s] GC(277) Phase 2: Prepare compaction
[99.807s] GC(277) Phase 2: Prepare compaction 0.420ms
[99.807s] GC(277) Phase 3: Adjust pointers
[99.807s] GC(277) Phase 3: Adjust pointers 0.479ms
[99.807s] GC(277) Phase 4: Compact heap
[99.807s] GC(277) Phase 4: Compact heap 0.299ms
[99.807s] GC(277) Phase 5: Reset Metadata
[99.808s] GC(277) Phase 5: Reset Metadata 0.225ms
[99.809s] GC(277) Eden regions: 1->0(236)
[99.809s] GC(277) Survivor regions: 0->0(21)
[99.809s] GC(277) Old regions: 4->4
[99.809s] GC(277) Humongous regions: 0->0
[99.809s] GC(277) Metaspace: 11379K(11584K)->11379K(11584K) NonClass: 9189K(9280K)->9189K(9280K) Class: 2189K(2304K)->2189K(2304K)
[99.809s] GC(277) Pause Full (System.gc()) 31M->11M(12608M) 3.826ms
[99.809s] GC(277) User=0.02s Sys=0.00s Real=0.00s
[99.826s] GC(278) Pause Full (System.gc())
[99.826s] GC(278) Using 6 workers of 14 for full compaction
[99.826s] GC(278) Phase 1: Mark live objects
[99.826s] GC(278) Phase 1: Mark live objects 0.876ms
[99.827s] GC(278) Phase 2: Prepare compaction
[99.827s] GC(278) Phase 2: Prepare compaction 0.313ms
[99.827s] GC(278) Phase 3: Adjust pointers
[99.827s] GC(278) Phase 3: Adjust pointers 0.472ms
[99.827s] GC(278) Phase 4: Compact heap
[99.828s] GC(278) Phase 4: Compact heap 0.303ms
[99.828s] GC(278) Phase 5: Reset Metadata
[99.828s] GC(278) Phase 5: Reset Metadata 0.230ms
[99.829s] GC(278) Eden regions: 1->0(236)
[99.829s] GC(278) Survivor regions: 0->0(21)
[99.829s] GC(278) Old regions: 4->4
[99.829s] GC(278) Humongous regions: 1->1
[99.829s] GC(278) Metaspace: 11379K(11584K)->11379K(11584K) NonClass: 9189K(9280K)->9189K(9280K) Class: 2189K(2304K)->2189K(2304K)
[99.829s] GC(278) Pause Full (System.gc()) 75M->35M(12608M) 3.659ms
[99.829s] GC(278) User=0.02s Sys=0.01s Real=0.01s
[99.862s] GC(279) Pause Full (System.gc())
[99.862s] GC(279) Using 9 workers of 14 for full compaction
[99.862s] GC(279) Phase 1: Mark live objects
[99.863s] GC(279) Phase 1: Mark live objects 1.028ms
[99.863s] GC(279) Phase 2: Prepare compaction
[99.864s] GC(279) Phase 2: Prepare compaction 0.313ms
[99.864s] GC(279) Phase 3: Adjust pointers
[99.864s] GC(279) Phase 3: Adjust pointers 0.470ms
[99.864s] GC(279) Phase 4: Compact heap
[99.864s] GC(279) Phase 4: Compact heap 0.284ms
[99.864s] GC(279) Phase 5: Reset Metadata
[99.865s] GC(279) Phase 5: Reset Metadata 0.230ms
[99.866s] GC(279) Eden regions: 2->0(236)
[99.866s] GC(279) Survivor regions: 0->0(21)
[99.866s] GC(279) Old regions: 4->4
[99.866s] GC(279) Humongous regions: 3->2
[99.866s] GC(279) Metaspace: 11379K(11584K)->11379K(11584K) NonClass: 9189K(9280K)->9189K(9280K) Class: 2189K(2304K)->2189K(2304K)
[99.866s] GC(279) Pause Full (System.gc()) 163M->67M(12608M) 3.775ms
[99.866s] GC(279) User=0.03s Sys=0.00s Real=0.00s
[99.933s] GC(280) Pause Full (System.gc())
[99.933s] GC(280) Using 13 workers of 14 for full compaction
[99.933s] GC(280) Phase 1: Mark live objects
[99.933s] GC(280) Phase 1: Mark live objects 0.890ms
[99.933s] GC(280) Phase 2: Prepare compaction
[99.934s] GC(280) Phase 2: Prepare compaction 0.341ms
[99.934s] GC(280) Phase 3: Adjust pointers
[99.934s] GC(280) Phase 3: Adjust pointers 0.476ms
[99.934s] GC(280) Phase 4: Compact heap
[99.935s] GC(280) Phase 4: Compact heap 0.314ms
[99.935s] GC(280) Phase 5: Reset Metadata
[99.935s] GC(280) Phase 5: Reset Metadata 0.230ms
[99.936s] GC(280) Eden regions: 4->0(236)
[99.936s] GC(280) Survivor regions: 0->0(21)
[99.936s] GC(280) Old regions: 4->4
[99.936s] GC(280) Humongous regions: 5->3
[99.936s] GC(280) Metaspace: 11379K(11584K)->11379K(11584K) NonClass: 9189K(9280K)->9189K(9280K) Class: 2189K(2304K)->2189K(2304K)
[99.936s] GC(280) Pause Full (System.gc()) 275M->99M(12608M) 3.738ms
[99.936s] GC(280) User=0.03s Sys=0.00s Real=0.00s
[100.069s] GC(281) Pause Full (System.gc())
[100.069s] GC(281) Using 14 workers of 14 for full compaction
[100.069s] GC(281) Phase 1: Mark live objects
[100.070s] GC(281) Phase 1: Mark live objects 0.957ms
[100.070s] GC(281) Phase 2: Prepare compaction
[100.070s] GC(281) Phase 2: Prepare compaction 0.316ms
[100.070s] GC(281) Phase 3: Adjust pointers
[100.071s] GC(281) Phase 3: Adjust pointers 0.484ms
[100.071s] GC(281) Phase 4: Compact heap
[100.071s] GC(281) Phase 4: Compact heap 0.302ms
[100.071s] GC(281) Phase 5: Reset Metadata
[100.071s] GC(281) Phase 5: Reset Metadata 0.222ms
[100.073s] GC(281) Eden regions: 7->0(236)
[100.073s] GC(281) Survivor regions: 0->0(21)
[100.073s] GC(281) Old regions: 4->4
[100.073s] GC(281) Humongous regions: 8->5
[100.073s] GC(281) Metaspace: 11379K(11584K)->11379K(11584K) NonClass: 9189K(9280K)->9189K(9280K) Class: 2189K(2304K)->2189K(2304K)
[100.073s] GC(281) Pause Full (System.gc()) 467M->163M(12608M) 3.753ms
[100.073s] GC(281) User=0.03s Sys=0.01s Real=0.01s
[100.428s] GC(282) Pause Full (System.gc())
[100.428s] GC(282) Using 14 workers of 14 for full compaction
[100.428s] GC(282) Phase 1: Mark live objects
[100.429s] GC(282) Phase 1: Mark live objects 1.005ms
[100.429s] GC(282) Phase 2: Prepare compaction
[100.430s] GC(282) Phase 2: Prepare compaction 0.340ms
[100.430s] GC(282) Phase 3: Adjust pointers
[100.430s] GC(282) Phase 3: Adjust pointers 0.506ms
[100.430s] GC(282) Phase 4: Compact heap
[100.431s] GC(282) Phase 4: Compact heap 0.324ms
[100.431s] GC(282) Phase 5: Reset Metadata
[100.431s] GC(282) Phase 5: Reset Metadata 0.237ms
[100.432s] GC(282) Eden regions: 13->0(236)
[100.432s] GC(282) Survivor regions: 0->0(21)
[100.432s] GC(282) Old regions: 4->4
[100.432s] GC(282) Humongous regions: 19->9
[100.432s] GC(282) Metaspace: 11379K(11584K)->11379K(11584K) NonClass: 9189K(9280K)->9189K(9280K) Class: 2189K(2304K)->2189K(2304K)
[100.432s] GC(282) Pause Full (System.gc()) 998M->291M(12608M) 3.882ms
[100.432s] GC(282) User=0.03s Sys=0.01s Real=0.01s
[101.168s] GC(283) Pause Full (System.gc())
[101.168s] GC(283) Using 14 workers of 14 for full compaction
[101.168s] GC(283) Phase 1: Mark live objects
[101.169s] GC(283) Phase 1: Mark live objects 1.105ms
[101.169s] GC(283) Phase 2: Prepare compaction
[101.169s] GC(283) Phase 2: Prepare compaction 0.352ms
[101.169s] GC(283) Phase 3: Adjust pointers
[101.170s] GC(283) Phase 3: Adjust pointers 0.538ms
[101.170s] GC(283) Phase 4: Compact heap
[101.170s] GC(283) Phase 4: Compact heap 0.319ms
[101.170s] GC(283) Phase 5: Reset Metadata
[101.170s] GC(283) Phase 5: Reset Metadata 0.235ms
[101.172s] GC(283) Eden regions: 25->0(236)
[101.172s] GC(283) Survivor regions: 0->0(21)
[101.172s] GC(283) Old regions: 4->4
[101.172s] GC(283) Humongous regions: 37->17
[101.172s] GC(283) Metaspace: 11379K(11584K)->11379K(11584K) NonClass: 9189K(9280K)->9189K(9280K) Class: 2189K(2304K)->2189K(2304K)
[101.172s] GC(283) Pause Full (System.gc()) 1961M->547M(12608M) 4.068ms
[101.172s] GC(283) User=0.03s Sys=0.00s Real=0.01s
[102.816s] GC(284) Pause Full (System.gc())
[102.816s] GC(284) Using 14 workers of 14 for full compaction
[102.816s] GC(284) Phase 1: Mark live objects
[102.818s] GC(284) Phase 1: Mark live objects 1.105ms
[102.818s] GC(284) Phase 2: Prepare compaction
[102.818s] GC(284) Phase 2: Prepare compaction 0.425ms
[102.818s] GC(284) Phase 3: Adjust pointers
[102.819s] GC(284) Phase 3: Adjust pointers 0.573ms
[102.819s] GC(284) Phase 4: Compact heap
[102.819s] GC(284) Phase 4: Compact heap 0.444ms
[102.819s] GC(284) Phase 5: Reset Metadata
[102.819s] GC(284) Phase 5: Reset Metadata 0.233ms
[102.821s] GC(284) Eden regions: 50->0(236)
[102.821s] GC(284) Survivor regions: 0->0(21)
[102.821s] GC(284) Old regions: 4->4
[102.821s] GC(284) Humongous regions: 71->33
[102.821s] GC(284) Metaspace: 11379K(11584K)->11379K(11584K) NonClass: 9189K(9280K)->9189K(9280K) Class: 2189K(2304K)->2189K(2304K)
[102.821s] GC(284) Pause Full (System.gc()) 3843M->1059M(12608M) 4.259ms
[102.821s] GC(284) User=0.03s Sys=0.01s Real=0.01s
[106.280s] GC(285) Pause Full (System.gc())
[106.280s] GC(285) Using 14 workers of 14 for full compaction
[106.280s] GC(285) Phase 1: Mark live objects
[106.281s] GC(285) Phase 1: Mark live objects 0.953ms
[106.281s] GC(285) Phase 2: Prepare compaction
[106.282s] GC(285) Phase 2: Prepare compaction 0.527ms
[106.282s] GC(285) Phase 3: Adjust pointers
[106.282s] GC(285) Phase 3: Adjust pointers 0.600ms
[106.282s] GC(285) Phase 4: Compact heap
[106.283s] GC(285) Phase 4: Compact heap 0.422ms
[106.283s] GC(285) Phase 5: Reset Metadata
[106.283s] GC(285) Phase 5: Reset Metadata 0.244ms
[106.284s] GC(285) Eden regions: 100->0(214)
[106.284s] GC(285) Survivor regions: 0->0(21)
[106.284s] GC(285) Old regions: 4->4
[106.284s] GC(285) Humongous regions: 137->65
[106.284s] GC(285) Metaspace: 11379K(11584K)->11379K(11584K) NonClass: 9189K(9280K)->9189K(9280K) Class: 2189K(2304K)->2189K(2304K)
[106.284s] GC(285) Pause Full (System.gc()) 7579M->2083M(12608M) 4.261ms
[106.284s] GC(285) User=0.03s Sys=0.00s Real=0.00s
[113.306s] GC(286) Pause Full (System.gc())
[113.306s] GC(286) Using 14 workers of 14 for full compaction
[113.306s] GC(286) Phase 1: Mark live objects
[113.307s] GC(286) Phase 1: Mark live objects 0.923ms
[113.307s] GC(286) Phase 2: Prepare compaction
[113.307s] GC(286) Phase 2: Prepare compaction 0.669ms
[113.308s] GC(286) Phase 3: Adjust pointers
[113.308s] GC(286) Phase 3: Adjust pointers 0.656ms
[113.308s] GC(286) Phase 4: Compact heap
[113.309s] GC(286) Phase 4: Compact heap 0.572ms
[113.309s] GC(286) Phase 5: Reset Metadata
[113.309s] GC(286) Phase 5: Reset Metadata 0.227ms
[113.310s] GC(286) Eden regions: 209->0(236)
[113.311s] GC(286) Survivor regions: 0->0(21)
[113.311s] GC(286) Old regions: 4->5
[113.311s] GC(286) Humongous regions: 144->0
[113.311s] GC(286) Metaspace: 11379K(11584K)->11379K(11584K) NonClass: 9190K(9280K)->9190K(9280K) Class: 2189K(2304K)->2189K(2304K)
[113.311s] GC(286) Pause Full (System.gc()) 11283M->3M(12608M) 4.723ms
[113.311s] GC(286) User=0.04s Sys=0.00s Real=0.01s
[113.311s] GC(287) Pause Full (System.gc())
[113.311s] GC(287) Using 6 workers of 14 for full compaction
[113.311s] GC(287) Phase 1: Mark live objects
[113.312s] GC(287) Phase 1: Mark live objects 0.845ms
[113.312s] GC(287) Phase 2: Prepare compaction
[113.312s] GC(287) Phase 2: Prepare compaction 0.432ms
[113.312s] GC(287) Phase 3: Adjust pointers
[113.313s] GC(287) Phase 3: Adjust pointers 0.602ms
[113.313s] GC(287) Phase 4: Compact heap
[113.313s] GC(287) Phase 4: Compact heap 0.287ms
[113.313s] GC(287) Phase 5: Reset Metadata
[113.313s] GC(287) Phase 5: Reset Metadata 0.223ms
[113.315s] GC(287) Eden regions: 1->0(236)
[113.315s] GC(287) Survivor regions: 0->0(21)
[113.315s] GC(287) Old regions: 5->5
[113.315s] GC(287) Humongous regions: 0->0
[113.315s] GC(287) Metaspace: 11379K(11584K)->11379K(11584K) NonClass: 9190K(9280K)->9190K(9280K) Class: 2189K(2304K)->2189K(2304K)
[113.315s] GC(287) Pause Full (System.gc()) 19M->3M(12608M) 3.840ms
[113.315s] GC(287) User=0.03s Sys=0.00s Real=0.00s
[113.315s] GC(288) Pause Full (System.gc())
[113.315s] GC(288) Using 6 workers of 14 for full compaction
[113.315s] GC(288) Phase 1: Mark live objects
[113.316s] GC(288) Phase 1: Mark live objects 0.751ms
[113.316s] GC(288) Phase 2: Prepare compaction
[113.316s] GC(288) Phase 2: Prepare compaction 0.322ms
[113.316s] GC(288) Phase 3: Adjust pointers
[113.317s] GC(288) Phase 3: Adjust pointers 0.482ms
[113.317s] GC(288) Phase 4: Compact heap
[113.317s] GC(288) Phase 4: Compact heap 0.296ms
[113.317s] GC(288) Phase 5: Reset Metadata
[113.317s] GC(288) Phase 5: Reset Metadata 0.223ms
[113.318s] GC(288) Eden regions: 1->0(236)
[113.318s] GC(288) Survivor regions: 0->0(21)
[113.318s] GC(288) Old regions: 5->5
[113.318s] GC(288) Humongous regions: 0->0
[113.318s] GC(288) Metaspace: 11379K(11584K)->11379K(11584K) NonClass: 9190K(9280K)->9190K(9280K) Class: 2189K(2304K)->2189K(2304K)
[113.318s] GC(288) Pause Full (System.gc()) 19M->3M(12608M) 3.511ms
[113.318s] GC(288) User=0.02s Sys=0.00s Real=0.00s
[113.319s] GC(289) Pause Full (System.gc())
[113.319s] GC(289) Using 6 workers of 14 for full compaction
[113.319s] GC(289) Phase 1: Mark live objects
[113.320s] GC(289) Phase 1: Mark live objects 0.836ms
[113.320s] GC(289) Phase 2: Prepare compaction
[113.320s] GC(289) Phase 2: Prepare compaction 0.310ms
[113.320s] GC(289) Phase 3: Adjust pointers
[113.320s] GC(289) Phase 3: Adjust pointers 0.586ms
[113.320s] GC(289) Phase 4: Compact heap
[113.321s] GC(289) Phase 4: Compact heap 0.299ms
[113.321s] GC(289) Phase 5: Reset Metadata
[113.321s] GC(289) Phase 5: Reset Metadata 0.230ms
[113.322s] GC(289) Eden regions: 1->0(236)
[113.322s] GC(289) Survivor regions: 0->0(21)
[113.322s] GC(289) Old regions: 5->5
[113.322s] GC(289) Humongous regions: 0->0
[113.322s] GC(289) Metaspace: 11379K(11584K)->11379K(11584K) NonClass: 9190K(9280K)->9190K(9280K) Class: 2189K(2304K)->2189K(2304K)
[113.322s] GC(289) Pause Full (System.gc()) 19M->3M(12608M) 3.673ms
[113.322s] GC(289) User=0.02s Sys=0.00s Real=0.01s
[113.323s] GC(290) Pause Full (System.gc())
[113.323s] GC(290) Using 6 workers of 14 for full compaction
[113.323s] GC(290) Phase 1: Mark live objects
[113.324s] GC(290) Phase 1: Mark live objects 0.727ms
[113.324s] GC(290) Phase 2: Prepare compaction
[113.324s] GC(290) Phase 2: Prepare compaction 0.310ms
[113.324s] GC(290) Phase 3: Adjust pointers
[113.324s] GC(290) Phase 3: Adjust pointers 0.481ms
[113.324s] GC(290) Phase 4: Compact heap
[113.325s] GC(290) Phase 4: Compact heap 0.296ms
[113.325s] GC(290) Phase 5: Reset Metadata
[113.325s] GC(290) Phase 5: Reset Metadata 0.222ms
[113.326s] GC(290) Eden regions: 1->0(236)
[113.326s] GC(290) Survivor regions: 0->0(21)
[113.326s] GC(290) Old regions: 5->5
[113.326s] GC(290) Humongous regions: 0->0
[113.326s] GC(290) Metaspace: 11398K(11648K)->11398K(11648K) NonClass: 9208K(9344K)->9208K(9344K) Class: 2190K(2304K)->2190K(2304K)
[113.326s] GC(290) Pause Full (System.gc()) 19M->3M(12608M) 3.441ms
[113.326s] GC(290) User=0.03s Sys=0.01s Real=0.00s
[113.327s] GC(291) Pause Full (System.gc())
[113.327s] GC(291) Using 6 workers of 14 for full compaction
[113.327s] GC(291) Phase 1: Mark live objects
[113.327s] GC(291) Phase 1: Mark live objects 0.782ms
[113.327s] GC(291) Phase 2: Prepare compaction
[113.328s] GC(291) Phase 2: Prepare compaction 0.323ms
[113.328s] GC(291) Phase 3: Adjust pointers
[113.328s] GC(291) Phase 3: Adjust pointers 0.483ms
[113.328s] GC(291) Phase 4: Compact heap
[113.328s] GC(291) Phase 4: Compact heap 0.307ms
[113.328s] GC(291) Phase 5: Reset Metadata
[113.329s] GC(291) Phase 5: Reset Metadata 0.242ms
[113.330s] GC(291) Eden regions: 1->0(236)
[113.330s] GC(291) Survivor regions: 0->0(21)
[113.330s] GC(291) Old regions: 5->5
[113.330s] GC(291) Humongous regions: 0->0
[113.330s] GC(291) Metaspace: 11398K(11648K)->11398K(11648K) NonClass: 9208K(9344K)->9208K(9344K) Class: 2190K(2304K)->2190K(2304K)
[113.330s] GC(291) Pause Full (System.gc()) 19M->3M(12608M) 3.561ms
[113.330s] GC(291) User=0.02s Sys=0.00s Real=0.01s
[113.331s] GC(292) Pause Full (System.gc())
[113.331s] GC(292) Using 6 workers of 14 for full compaction
[113.331s] GC(292) Phase 1: Mark live objects
[113.331s] GC(292) Phase 1: Mark live objects 0.809ms
[113.331s] GC(292) Phase 2: Prepare compaction
[113.332s] GC(292) Phase 2: Prepare compaction 0.310ms
[113.332s] GC(292) Phase 3: Adjust pointers
[113.332s] GC(292) Phase 3: Adjust pointers 0.494ms
[113.332s] GC(292) Phase 4: Compact heap
[113.332s] GC(292) Phase 4: Compact heap 0.286ms
[113.332s] GC(292) Phase 5: Reset Metadata
[113.333s] GC(292) Phase 5: Reset Metadata 0.225ms
[113.334s] GC(292) Eden regions: 1->0(236)
[113.334s] GC(292) Survivor regions: 0->0(21)
[113.334s] GC(292) Old regions: 5->5
[113.334s] GC(292) Humongous regions: 0->0
[113.334s] GC(292) Metaspace: 11398K(11648K)->11398K(11648K) NonClass: 9208K(9344K)->9208K(9344K) Class: 2190K(2304K)->2190K(2304K)
[113.334s] GC(292) Pause Full (System.gc()) 19M->3M(12608M) 3.534ms
[113.334s] GC(292) User=0.02s Sys=0.00s Real=0.00s
[113.335s] GC(293) Pause Full (System.gc())
[113.335s] GC(293) Using 6 workers of 14 for full compaction
[113.335s] GC(293) Phase 1: Mark live objects
[113.336s] GC(293) Phase 1: Mark live objects 0.903ms
[113.336s] GC(293) Phase 2: Prepare compaction
[113.336s] GC(293) Phase 2: Prepare compaction 0.306ms
[113.336s] GC(293) Phase 3: Adjust pointers
[113.337s] GC(293) Phase 3: Adjust pointers 0.579ms
[113.337s] GC(293) Phase 4: Compact heap
[113.337s] GC(293) Phase 4: Compact heap 0.303ms
[113.337s] GC(293) Phase 5: Reset Metadata
[113.337s] GC(293) Phase 5: Reset Metadata 0.249ms
[113.338s] GC(293) Eden regions: 1->0(236)
[113.338s] GC(293) Survivor regions: 0->0(21)
[113.338s] GC(293) Old regions: 5->5
[113.338s] GC(293) Humongous regions: 0->0
[113.339s] GC(293) Metaspace: 11419K(11648K)->11419K(11648K) NonClass: 9228K(9344K)->9228K(9344K) Class: 2190K(2304K)->2190K(2304K)
[113.339s] GC(293) Pause Full (System.gc()) 35M->3M(12608M) 3.770ms
[113.339s] GC(293) User=0.02s Sys=0.00s Real=0.00s
[113.340s] GC(294) Pause Full (System.gc())
[113.340s] GC(294) Using 6 workers of 14 for full compaction
[113.340s] GC(294) Phase 1: Mark live objects
[113.341s] GC(294) Phase 1: Mark live objects 0.906ms
[113.341s] GC(294) Phase 2: Prepare compaction
[113.341s] GC(294) Phase 2: Prepare compaction 0.322ms
[113.341s] GC(294) Phase 3: Adjust pointers
[113.342s] GC(294) Phase 3: Adjust pointers 0.518ms
[113.342s] GC(294) Phase 4: Compact heap
[113.342s] GC(294) Phase 4: Compact heap 0.289ms
[113.342s] GC(294) Phase 5: Reset Metadata
[113.342s] GC(294) Phase 5: Reset Metadata 0.227ms
[113.344s] GC(294) Eden regions: 1->0(236)
[113.344s] GC(294) Survivor regions: 0->0(21)
[113.344s] GC(294) Old regions: 5->5
[113.344s] GC(294) Humongous regions: 0->0
[113.344s] GC(294) Metaspace: 11419K(11648K)->11419K(11648K) NonClass: 9229K(9344K)->9229K(9344K) Class: 2190K(2304K)->2190K(2304K)
[113.344s] GC(294) Pause Full (System.gc()) 19M->4M(12608M) 3.672ms
[113.344s] GC(294) User=0.03s Sys=0.00s Real=0.00s
[113.346s] GC(295) Pause Full (System.gc())
[113.346s] GC(295) Using 6 workers of 14 for full compaction
[113.346s] GC(295) Phase 1: Mark live objects
[113.347s] GC(295) Phase 1: Mark live objects 0.888ms
[113.347s] GC(295) Phase 2: Prepare compaction
[113.347s] GC(295) Phase 2: Prepare compaction 0.315ms
[113.347s] GC(295) Phase 3: Adjust pointers
[113.348s] GC(295) Phase 3: Adjust pointers 0.468ms
[113.348s] GC(295) Phase 4: Compact heap
[113.348s] GC(295) Phase 4: Compact heap 0.291ms
[113.348s] GC(295) Phase 5: Reset Metadata
[113.348s] GC(295) Phase 5: Reset Metadata 0.220ms
[113.349s] GC(295) Eden regions: 1->0(236)
[113.349s] GC(295) Survivor regions: 0->0(21)
[113.349s] GC(295) Old regions: 5->5
[113.349s] GC(295) Humongous regions: 0->0
[113.349s] GC(295) Metaspace: 11419K(11648K)->11419K(11648K) NonClass: 9229K(9344K)->9229K(9344K) Class: 2190K(2304K)->2190K(2304K)
[113.349s] GC(295) Pause Full (System.gc()) 20M->5M(12608M) 3.616ms
[113.349s] GC(295) User=0.02s Sys=0.00s Real=0.01s
[113.354s] GC(296) Pause Full (System.gc())
[113.354s] GC(296) Using 6 workers of 14 for full compaction
[113.354s] GC(296) Phase 1: Mark live objects
[113.355s] GC(296) Phase 1: Mark live objects 0.981ms
[113.355s] GC(296) Phase 2: Prepare compaction
[113.355s] GC(296) Phase 2: Prepare compaction 0.321ms
[113.355s] GC(296) Phase 3: Adjust pointers
[113.356s] GC(296) Phase 3: Adjust pointers 0.467ms
[113.356s] GC(296) Phase 4: Compact heap
[113.356s] GC(296) Phase 4: Compact heap 0.285ms
[113.356s] GC(296) Phase 5: Reset Metadata
[113.356s] GC(296) Phase 5: Reset Metadata 0.227ms
[113.357s] GC(296) Eden regions: 1->0(236)
[113.357s] GC(296) Survivor regions: 0->0(21)
[113.357s] GC(296) Old regions: 5->5
[113.357s] GC(296) Humongous regions: 0->0
[113.357s] GC(296) Metaspace: 11419K(11648K)->11419K(11648K) NonClass: 9229K(9344K)->9229K(9344K) Class: 2190K(2304K)->2190K(2304K)
[113.357s] GC(296) Pause Full (System.gc()) 21M->7M(12608M) 3.714ms
[113.357s] GC(296) User=0.02s Sys=0.00s Real=0.00s
[113.366s] GC(297) Pause Full (System.gc())
[113.366s] GC(297) Using 6 workers of 14 for full compaction
[113.366s] GC(297) Phase 1: Mark live objects
[113.367s] GC(297) Phase 1: Mark live objects 0.948ms
[113.367s] GC(297) Phase 2: Prepare compaction
[113.367s] GC(297) Phase 2: Prepare compaction 0.348ms
[113.367s] GC(297) Phase 3: Adjust pointers
[113.368s] GC(297) Phase 3: Adjust pointers 0.479ms
[113.368s] GC(297) Phase 4: Compact heap
[113.368s] GC(297) Phase 4: Compact heap 0.298ms
[113.368s] GC(297) Phase 5: Reset Metadata
[113.368s] GC(297) Phase 5: Reset Metadata 0.228ms
[113.370s] GC(297) Eden regions: 1->0(236)
[113.370s] GC(297) Survivor regions: 0->0(21)
[113.370s] GC(297) Old regions: 5->5
[113.370s] GC(297) Humongous regions: 0->0
[113.370s] GC(297) Metaspace: 11419K(11648K)->11419K(11648K) NonClass: 9229K(9344K)->9229K(9344K) Class: 2190K(2304K)->2190K(2304K)
[113.370s] GC(297) Pause Full (System.gc()) 31M->11M(12608M) 3.753ms
[113.370s] GC(297) User=0.02s Sys=0.00s Real=0.01s
[113.386s] GC(298) Pause Full (System.gc())
[113.386s] GC(298) Using 7 workers of 14 for full compaction
[113.386s] GC(298) Phase 1: Mark live objects
[113.387s] GC(298) Phase 1: Mark live objects 0.980ms
[113.387s] GC(298) Phase 2: Prepare compaction
[113.388s] GC(298) Phase 2: Prepare compaction 0.365ms
[113.388s] GC(298) Phase 3: Adjust pointers
[113.388s] GC(298) Phase 3: Adjust pointers 0.463ms
[113.388s] GC(298) Phase 4: Compact heap
[113.389s] GC(298) Phase 4: Compact heap 0.322ms
[113.389s] GC(298) Phase 5: Reset Metadata
[113.389s] GC(298) Phase 5: Reset Metadata 0.222ms
[113.390s] GC(298) Eden regions: 1->0(236)
[113.390s] GC(298) Survivor regions: 0->0(21)
[113.390s] GC(298) Old regions: 5->5
[113.390s] GC(298) Humongous regions: 1->1
[113.390s] GC(298) Metaspace: 11419K(11648K)->11419K(11648K) NonClass: 9229K(9344K)->9229K(9344K) Class: 2190K(2304K)->2190K(2304K)
[113.390s] GC(298) Pause Full (System.gc()) 75M->35M(12608M) 3.833ms
[113.390s] GC(298) User=0.02s Sys=0.01s Real=0.01s
[113.424s] GC(299) Pause Full (System.gc())
[113.424s] GC(299) Using 10 workers of 14 for full compaction
[113.424s] GC(299) Phase 1: Mark live objects
[113.425s] GC(299) Phase 1: Mark live objects 1.059ms
[113.425s] GC(299) Phase 2: Prepare compaction
[113.425s] GC(299) Phase 2: Prepare compaction 0.322ms
[113.425s] GC(299) Phase 3: Adjust pointers
[113.426s] GC(299) Phase 3: Adjust pointers 0.469ms
[113.426s] GC(299) Phase 4: Compact heap
[113.426s] GC(299) Phase 4: Compact heap 0.319ms
[113.426s] GC(299) Phase 5: Reset Metadata
[113.426s] GC(299) Phase 5: Reset Metadata 0.228ms
[113.427s] GC(299) Eden regions: 2->0(236)
[113.427s] GC(299) Survivor regions: 0->0(21)
[113.427s] GC(299) Old regions: 5->5
[113.427s] GC(299) Humongous regions: 3->2
[113.427s] GC(299) Metaspace: 11419K(11648K)->11419K(11648K) NonClass: 9229K(9344K)->9229K(9344K) Class: 2190K(2304K)->2190K(2304K)
[113.427s] GC(299) Pause Full (System.gc()) 163M->67M(12608M) 3.884ms
[113.427s] GC(299) User=0.02s Sys=0.00s Real=0.00s
[113.495s] GC(300) Pause Full (System.gc())
[113.495s] GC(300) Using 14 workers of 14 for full compaction
[113.495s] GC(300) Phase 1: Mark live objects
[113.496s] GC(300) Phase 1: Mark live objects 1.110ms
[113.496s] GC(300) Phase 2: Prepare compaction
[113.497s] GC(300) Phase 2: Prepare compaction 0.460ms
[113.497s] GC(300) Phase 3: Adjust pointers
[113.497s] GC(300) Phase 3: Adjust pointers 0.628ms
[113.497s] GC(300) Phase 4: Compact heap
[113.498s] GC(300) Phase 4: Compact heap 0.289ms
[113.498s] GC(300) Phase 5: Reset Metadata
[113.498s] GC(300) Phase 5: Reset Metadata 0.227ms
[113.499s] GC(300) Eden regions: 4->0(236)
[113.499s] GC(300) Survivor regions: 0->0(21)
[113.499s] GC(300) Old regions: 5->5
[113.499s] GC(300) Humongous regions: 5->3
[113.499s] GC(300) Metaspace: 11419K(11648K)->11419K(11648K) NonClass: 9229K(9344K)->9229K(9344K) Class: 2190K(2304K)->2190K(2304K)
[113.499s] GC(300) Pause Full (System.gc()) 275M->99M(12608M) 4.246ms
[113.499s] GC(300) User=0.02s Sys=0.01s Real=0.01s
[113.632s] GC(301) Pause Full (System.gc())
[113.632s] GC(301) Using 14 workers of 14 for full compaction
[113.632s] GC(301) Phase 1: Mark live objects
[113.633s] GC(301) Phase 1: Mark live objects 1.040ms
[113.633s] GC(301) Phase 2: Prepare compaction
[113.633s] GC(301) Phase 2: Prepare compaction 0.331ms
[113.633s] GC(301) Phase 3: Adjust pointers
[113.634s] GC(301) Phase 3: Adjust pointers 0.502ms
[113.634s] GC(301) Phase 4: Compact heap
[113.634s] GC(301) Phase 4: Compact heap 0.360ms
[113.634s] GC(301) Phase 5: Reset Metadata
[113.634s] GC(301) Phase 5: Reset Metadata 0.229ms
[113.636s] GC(301) Eden regions: 7->0(236)
[113.636s] GC(301) Survivor regions: 0->0(21)
[113.636s] GC(301) Old regions: 5->5
[113.636s] GC(301) Humongous regions: 8->5
[113.636s] GC(301) Metaspace: 11419K(11648K)->11419K(11648K) NonClass: 9229K(9344K)->9229K(9344K) Class: 2190K(2304K)->2190K(2304K)
[113.636s] GC(301) Pause Full (System.gc()) 467M->163M(12608M) 3.957ms
[113.636s] GC(301) User=0.02s Sys=0.00s Real=0.00s
[113.997s] GC(302) Pause Full (System.gc())
[113.997s] GC(302) Using 14 workers of 14 for full compaction
[113.998s] GC(302) Phase 1: Mark live objects
[113.998s] GC(302) Phase 1: Mark live objects 0.922ms
[113.998s] GC(302) Phase 2: Prepare compaction
[113.999s] GC(302) Phase 2: Prepare compaction 0.354ms
[113.999s] GC(302) Phase 3: Adjust pointers
[113.999s] GC(302) Phase 3: Adjust pointers 0.487ms
[113.999s] GC(302) Phase 4: Compact heap
[114.000s] GC(302) Phase 4: Compact heap 0.304ms
[114.000s] GC(302) Phase 5: Reset Metadata
[114.000s] GC(302) Phase 5: Reset Metadata 0.230ms
[114.001s] GC(302) Eden regions: 13->0(236)
[114.001s] GC(302) Survivor regions: 0->0(21)
[114.001s] GC(302) Old regions: 5->5
[114.001s] GC(302) Humongous regions: 19->9
[114.001s] GC(302) Metaspace: 11419K(11648K)->11419K(11648K) NonClass: 9229K(9344K)->9229K(9344K) Class: 2190K(2304K)->2190K(2304K)
[114.001s] GC(302) Pause Full (System.gc()) 997M->291M(12608M) 3.799ms
[114.001s] GC(302) User=0.03s Sys=0.01s Real=0.01s
[114.778s] GC(303) Pause Full (System.gc())
[114.778s] GC(303) Using 14 workers of 14 for full compaction
[114.778s] GC(303) Phase 1: Mark live objects
[114.779s] GC(303) Phase 1: Mark live objects 1.113ms
[114.779s] GC(303) Phase 2: Prepare compaction
[114.780s] GC(303) Phase 2: Prepare compaction 0.364ms
[114.780s] GC(303) Phase 3: Adjust pointers
[114.780s] GC(303) Phase 3: Adjust pointers 0.560ms
[114.780s] GC(303) Phase 4: Compact heap
[114.780s] GC(303) Phase 4: Compact heap 0.320ms
[114.780s] GC(303) Phase 5: Reset Metadata
[114.781s] GC(303) Phase 5: Reset Metadata 0.244ms
[114.782s] GC(303) Eden regions: 25->0(236)
[114.782s] GC(303) Survivor regions: 0->0(21)
[114.782s] GC(303) Old regions: 5->5
[114.782s] GC(303) Humongous regions: 36->17
[114.782s] GC(303) Metaspace: 11419K(11648K)->11419K(11648K) NonClass: 9229K(9344K)->9229K(9344K) Class: 2190K(2304K)->2190K(2304K)
[114.782s] GC(303) Pause Full (System.gc()) 1931M->547M(12608M) 4.172ms
[114.782s] GC(303) User=0.03s Sys=0.01s Real=0.01s
[116.388s] GC(304) Pause Full (System.gc())
[116.388s] GC(304) Using 14 workers of 14 for full compaction
[116.388s] GC(304) Phase 1: Mark live objects
[116.389s] GC(304) Phase 1: Mark live objects 0.954ms
[116.389s] GC(304) Phase 2: Prepare compaction
[116.390s] GC(304) Phase 2: Prepare compaction 0.408ms
[116.390s] GC(304) Phase 3: Adjust pointers
[116.390s] GC(304) Phase 3: Adjust pointers 0.527ms
[116.390s] GC(304) Phase 4: Compact heap
[116.390s] GC(304) Phase 4: Compact heap 0.346ms
[116.390s] GC(304) Phase 5: Reset Metadata
[116.391s] GC(304) Phase 5: Reset Metadata 0.240ms
[116.392s] GC(304) Eden regions: 50->0(236)
[116.392s] GC(304) Survivor regions: 0->0(21)
[116.392s] GC(304) Old regions: 5->5
[116.392s] GC(304) Humongous regions: 71->33
[116.392s] GC(304) Metaspace: 11419K(11648K)->11419K(11648K) NonClass: 9229K(9344K)->9229K(9344K) Class: 2190K(2304K)->2190K(2304K)
[116.392s] GC(304) Pause Full (System.gc()) 3849M->1059M(12608M) 4.024ms
[116.392s] GC(304) User=0.02s Sys=0.01s Real=0.01s
[119.789s] GC(305) Pause Full (System.gc())
[119.789s] GC(305) Using 14 workers of 14 for full compaction
[119.789s] GC(305) Phase 1: Mark live objects
[119.790s] GC(305) Phase 1: Mark live objects 0.868ms
[119.790s] GC(305) Phase 2: Prepare compaction
[119.790s] GC(305) Phase 2: Prepare compaction 0.460ms
[119.790s] GC(305) Phase 3: Adjust pointers
[119.791s] GC(305) Phase 3: Adjust pointers 0.558ms
[119.791s] GC(305) Phase 4: Compact heap
[119.791s] GC(305) Phase 4: Compact heap 0.425ms
[119.791s] GC(305) Phase 5: Reset Metadata
[119.791s] GC(305) Phase 5: Reset Metadata 0.234ms
[119.793s] GC(305) Eden regions: 100->0(213)
[119.793s] GC(305) Survivor regions: 0->0(21)
[119.793s] GC(305) Old regions: 5->5
[119.793s] GC(305) Humongous regions: 136->65
[119.793s] GC(305) Metaspace: 11419K(11648K)->11419K(11648K) NonClass: 9229K(9344K)->9229K(9344K) Class: 2190K(2304K)->2190K(2304K)
[119.793s] GC(305) Pause Full (System.gc()) 7531M->2083M(12608M) 4.083ms
[119.793s] GC(305) User=0.03s Sys=0.00s Real=0.01s
[126.929s] GC(306) Pause Full (System.gc())
[126.929s] GC(306) Using 14 workers of 14 for full compaction
[126.929s] GC(306) Phase 1: Mark live objects
[126.930s] GC(306) Phase 1: Mark live objects 1.002ms
[126.930s] GC(306) Phase 2: Prepare compaction
[126.931s] GC(306) Phase 2: Prepare compaction 0.642ms
[126.931s] GC(306) Phase 3: Adjust pointers
[126.931s] GC(306) Phase 3: Adjust pointers 0.654ms
[126.931s] GC(306) Phase 4: Compact heap
[126.932s] GC(306) Phase 4: Compact heap 0.569ms
[126.932s] GC(306) Phase 5: Reset Metadata
[126.932s] GC(306) Phase 5: Reset Metadata 0.236ms
[126.933s] GC(306) Eden regions: 208->0(236)
[126.933s] GC(306) Survivor regions: 0->0(21)
[126.933s] GC(306) Old regions: 5->5
[126.933s] GC(306) Humongous regions: 147->0
[126.933s] GC(306) Metaspace: 11419K(11648K)->11419K(11648K) NonClass: 9229K(9344K)->9229K(9344K) Class: 2190K(2304K)->2190K(2304K)
[126.933s] GC(306) Pause Full (System.gc()) 11339M->3M(12608M) 4.606ms
[126.933s] GC(306) User=0.04s Sys=0.01s Real=0.01s
[126.934s] GC(307) Pause Full (System.gc())
[126.934s] GC(307) Using 6 workers of 14 for full compaction
[126.934s] GC(307) Phase 1: Mark live objects
[126.935s] GC(307) Phase 1: Mark live objects 0.805ms
[126.935s] GC(307) Phase 2: Prepare compaction
[126.935s] GC(307) Phase 2: Prepare compaction 0.321ms
[126.935s] GC(307) Phase 3: Adjust pointers
[126.935s] GC(307) Phase 3: Adjust pointers 0.575ms
[126.935s] GC(307) Phase 4: Compact heap
[126.936s] GC(307) Phase 4: Compact heap 0.307ms
[126.936s] GC(307) Phase 5: Reset Metadata
[126.936s] GC(307) Phase 5: Reset Metadata 0.233ms
[126.937s] GC(307) Eden regions: 1->0(236)
[126.937s] GC(307) Survivor regions: 0->0(21)
[126.937s] GC(307) Old regions: 5->5
[126.937s] GC(307) Humongous regions: 0->0
[126.937s] GC(307) Metaspace: 11419K(11648K)->11419K(11648K) NonClass: 9229K(9344K)->9229K(9344K) Class: 2190K(2304K)->2190K(2304K)
[126.937s] GC(307) Pause Full (System.gc()) 19M->3M(12608M) 3.671ms
[126.937s] GC(307) User=0.02s Sys=0.00s Real=0.00s
[126.938s] GC(308) Pause Full (System.gc())
[126.938s] GC(308) Using 6 workers of 14 for full compaction
[126.938s] GC(308) Phase 1: Mark live objects
[126.938s] GC(308) Phase 1: Mark live objects 0.803ms
[126.938s] GC(308) Phase 2: Prepare compaction
[126.939s] GC(308) Phase 2: Prepare compaction 0.337ms
[126.939s] GC(308) Phase 3: Adjust pointers
[126.939s] GC(308) Phase 3: Adjust pointers 0.483ms
[126.939s] GC(308) Phase 4: Compact heap
[126.940s] GC(308) Phase 4: Compact heap 0.284ms
[126.940s] GC(308) Phase 5: Reset Metadata
[126.940s] GC(308) Phase 5: Reset Metadata 0.228ms
[126.941s] GC(308) Eden regions: 1->0(236)
[126.941s] GC(308) Survivor regions: 0->0(21)
[126.941s] GC(308) Old regions: 5->5
[126.941s] GC(308) Humongous regions: 0->0
[126.941s] GC(308) Metaspace: 11419K(11648K)->11419K(11648K) NonClass: 9229K(9344K)->9229K(9344K) Class: 2190K(2304K)->2190K(2304K)
[126.941s] GC(308) Pause Full (System.gc()) 19M->3M(12608M) 3.542ms
[126.941s] GC(308) User=0.03s Sys=0.00s Real=0.01s
[126.941s] GC(309) Pause Full (System.gc())
[126.941s] GC(309) Using 6 workers of 14 for full compaction
[126.941s] GC(309) Phase 1: Mark live objects
[126.942s] GC(309) Phase 1: Mark live objects 0.771ms
[126.942s] GC(309) Phase 2: Prepare compaction
[126.942s] GC(309) Phase 2: Prepare compaction 0.310ms
[126.942s] GC(309) Phase 3: Adjust pointers
[126.943s] GC(309) Phase 3: Adjust pointers 0.501ms
[126.943s] GC(309) Phase 4: Compact heap
[126.943s] GC(309) Phase 4: Compact heap 0.286ms
[126.943s] GC(309) Phase 5: Reset Metadata
[126.944s] GC(309) Phase 5: Reset Metadata 0.231ms
[126.945s] GC(309) Eden regions: 1->0(236)
[126.945s] GC(309) Survivor regions: 0->0(21)
[126.945s] GC(309) Old regions: 5->5
[126.945s] GC(309) Humongous regions: 0->0
[126.945s] GC(309) Metaspace: 11419K(11648K)->11419K(11648K) NonClass: 9229K(9344K)->9229K(9344K) Class: 2190K(2304K)->2190K(2304K)
[126.945s] GC(309) Pause Full (System.gc()) 19M->3M(12608M) 3.517ms
[126.945s] GC(309) User=0.02s Sys=0.00s Real=0.00s
[126.945s] GC(310) Pause Full (System.gc())
[126.945s] GC(310) Using 6 workers of 14 for full compaction
[126.945s] GC(310) Phase 1: Mark live objects
[126.946s] GC(310) Phase 1: Mark live objects 0.715ms
[126.946s] GC(310) Phase 2: Prepare compaction
[126.946s] GC(310) Phase 2: Prepare compaction 0.321ms
[126.946s] GC(310) Phase 3: Adjust pointers
[126.947s] GC(310) Phase 3: Adjust pointers 0.487ms
[126.947s] GC(310) Phase 4: Compact heap
[126.947s] GC(310) Phase 4: Compact heap 0.307ms
[126.947s] GC(310) Phase 5: Reset Metadata
[126.947s] GC(310) Phase 5: Reset Metadata 0.221ms
[126.949s] GC(310) Eden regions: 1->0(236)
[126.949s] GC(310) Survivor regions: 0->0(21)
[126.949s] GC(310) Old regions: 5->5
[126.949s] GC(310) Humongous regions: 0->0
[126.949s] GC(310) Metaspace: 11419K(11648K)->11419K(11648K) NonClass: 9229K(9344K)->9229K(9344K) Class: 2190K(2304K)->2190K(2304K)
[126.949s] GC(310) Pause Full (System.gc()) 19M->3M(12608M) 3.441ms
[126.949s] GC(310) User=0.02s Sys=0.00s Real=0.00s
[126.949s] GC(311) Pause Full (System.gc())
[126.949s] GC(311) Using 6 workers of 14 for full compaction
[126.949s] GC(311) Phase 1: Mark live objects
[126.950s] GC(311) Phase 1: Mark live objects 0.778ms
[126.950s] GC(311) Phase 2: Prepare compaction
[126.950s] GC(311) Phase 2: Prepare compaction 0.320ms
[126.950s] GC(311) Phase 3: Adjust pointers
[126.950s] GC(311) Phase 3: Adjust pointers 0.443ms
[126.950s] GC(311) Phase 4: Compact heap
[126.951s] GC(311) Phase 4: Compact heap 0.282ms
[126.951s] GC(311) Phase 5: Reset Metadata
[126.951s] GC(311) Phase 5: Reset Metadata 0.223ms
[126.952s] GC(311) Eden regions: 1->0(236)
[126.952s] GC(311) Survivor regions: 0->0(21)
[126.952s] GC(311) Old regions: 5->5
[126.952s] GC(311) Humongous regions: 0->0
[126.952s] GC(311) Metaspace: 11419K(11648K)->11419K(11648K) NonClass: 9229K(9344K)->9229K(9344K) Class: 2190K(2304K)->2190K(2304K)
[126.952s] GC(311) Pause Full (System.gc()) 19M->3M(12608M) 3.440ms
[126.952s] GC(311) User=0.03s Sys=0.00s Real=0.01s
[126.953s] GC(312) Pause Full (System.gc())
[126.953s] GC(312) Using 6 workers of 14 for full compaction
[126.953s] GC(312) Phase 1: Mark live objects
[126.954s] GC(312) Phase 1: Mark live objects 0.814ms
[126.954s] GC(312) Phase 2: Prepare compaction
[126.954s] GC(312) Phase 2: Prepare compaction 0.327ms
[126.954s] GC(312) Phase 3: Adjust pointers
[126.954s] GC(312) Phase 3: Adjust pointers 0.579ms
[126.954s] GC(312) Phase 4: Compact heap
[126.955s] GC(312) Phase 4: Compact heap 0.293ms
[126.955s] GC(312) Phase 5: Reset Metadata
[126.955s] GC(312) Phase 5: Reset Metadata 0.224ms
[126.956s] GC(312) Eden regions: 1->0(236)
[126.956s] GC(312) Survivor regions: 0->0(21)
[126.956s] GC(312) Old regions: 5->5
[126.956s] GC(312) Humongous regions: 0->0
[126.956s] GC(312) Metaspace: 11419K(11648K)->11419K(11648K) NonClass: 9229K(9344K)->9229K(9344K) Class: 2190K(2304K)->2190K(2304K)
[126.956s] GC(312) Pause Full (System.gc()) 19M->3M(12608M) 3.627ms
[126.956s] GC(312) User=0.02s Sys=0.00s Real=0.00s
[126.957s] GC(313) Pause Full (System.gc())
[126.957s] GC(313) Using 6 workers of 14 for full compaction
[126.957s] GC(313) Phase 1: Mark live objects
[126.958s] GC(313) Phase 1: Mark live objects 0.971ms
[126.958s] GC(313) Phase 2: Prepare compaction
[126.958s] GC(313) Phase 2: Prepare compaction 0.319ms
[126.958s] GC(313) Phase 3: Adjust pointers
[126.959s] GC(313) Phase 3: Adjust pointers 0.473ms
[126.959s] GC(313) Phase 4: Compact heap
[126.959s] GC(313) Phase 4: Compact heap 0.296ms
[126.959s] GC(313) Phase 5: Reset Metadata
[126.959s] GC(313) Phase 5: Reset Metadata 0.220ms
[126.961s] GC(313) Eden regions: 1->0(236)
[126.961s] GC(313) Survivor regions: 0->0(21)
[126.961s] GC(313) Old regions: 5->5
[126.961s] GC(313) Humongous regions: 0->0
[126.961s] GC(313) Metaspace: 11419K(11648K)->11419K(11648K) NonClass: 9229K(9344K)->9229K(9344K) Class: 2190K(2304K)->2190K(2304K)
[126.961s] GC(313) Pause Full (System.gc()) 19M->3M(12608M) 3.672ms
[126.961s] GC(313) User=0.03s Sys=0.00s Real=0.01s
[126.962s] GC(314) Pause Full (System.gc())
[126.962s] GC(314) Using 6 workers of 14 for full compaction
[126.962s] GC(314) Phase 1: Mark live objects
[126.963s] GC(314) Phase 1: Mark live objects 0.891ms
[126.963s] GC(314) Phase 2: Prepare compaction
[126.963s] GC(314) Phase 2: Prepare compaction 0.317ms
[126.963s] GC(314) Phase 3: Adjust pointers
[126.964s] GC(314) Phase 3: Adjust pointers 0.556ms
[126.964s] GC(314) Phase 4: Compact heap
[126.964s] GC(314) Phase 4: Compact heap 0.308ms
[126.964s] GC(314) Phase 5: Reset Metadata
[126.964s] GC(314) Phase 5: Reset Metadata 0.222ms
[126.966s] GC(314) Eden regions: 1->0(236)
[126.966s] GC(314) Survivor regions: 0->0(21)
[126.966s] GC(314) Old regions: 5->5
[126.966s] GC(314) Humongous regions: 0->0
[126.966s] GC(314) Metaspace: 11419K(11648K)->11419K(11648K) NonClass: 9229K(9344K)->9229K(9344K) Class: 2190K(2304K)->2190K(2304K)
[126.966s] GC(314) Pause Full (System.gc()) 19M->4M(12608M) 3.674ms
[126.966s] GC(314) User=0.02s Sys=0.01s Real=0.00s
[126.968s] GC(315) Pause Full (System.gc())
[126.968s] GC(315) Using 6 workers of 14 for full compaction
[126.968s] GC(315) Phase 1: Mark live objects
[126.969s] GC(315) Phase 1: Mark live objects 0.905ms
[126.969s] GC(315) Phase 2: Prepare compaction
[126.969s] GC(315) Phase 2: Prepare compaction 0.320ms
[126.969s] GC(315) Phase 3: Adjust pointers
[126.970s] GC(315) Phase 3: Adjust pointers 0.574ms
[126.970s] GC(315) Phase 4: Compact heap
[126.970s] GC(315) Phase 4: Compact heap 0.298ms
[126.970s] GC(315) Phase 5: Reset Metadata
[126.970s] GC(315) Phase 5: Reset Metadata 0.226ms
[126.972s] GC(315) Eden regions: 1->0(236)
[126.972s] GC(315) Survivor regions: 0->0(21)
[126.972s] GC(315) Old regions: 5->5
[126.972s] GC(315) Humongous regions: 0->0
[126.972s] GC(315) Metaspace: 11419K(11648K)->11419K(11648K) NonClass: 9229K(9344K)->9229K(9344K) Class: 2190K(2304K)->2190K(2304K)
[126.972s] GC(315) Pause Full (System.gc()) 20M->5M(12608M) 3.752ms
[126.972s] GC(315) User=0.03s Sys=0.00s Real=0.01s
[126.976s] GC(316) Pause Full (System.gc())
[126.976s] GC(316) Using 6 workers of 14 for full compaction
[126.976s] GC(316) Phase 1: Mark live objects
[126.977s] GC(316) Phase 1: Mark live objects 0.928ms
[126.977s] GC(316) Phase 2: Prepare compaction
[126.977s] GC(316) Phase 2: Prepare compaction 0.316ms
[126.977s] GC(316) Phase 3: Adjust pointers
[126.978s] GC(316) Phase 3: Adjust pointers 0.482ms
[126.978s] GC(316) Phase 4: Compact heap
[126.978s] GC(316) Phase 4: Compact heap 0.286ms
[126.978s] GC(316) Phase 5: Reset Metadata
[126.978s] GC(316) Phase 5: Reset Metadata 0.221ms
[126.979s] GC(316) Eden regions: 1->0(236)
[126.979s] GC(316) Survivor regions: 0->0(21)
[126.979s] GC(316) Old regions: 5->5
[126.979s] GC(316) Humongous regions: 0->0
[126.979s] GC(316) Metaspace: 11419K(11648K)->11419K(11648K) NonClass: 9229K(9344K)->9229K(9344K) Class: 2190K(2304K)->2190K(2304K)
[126.979s] GC(316) Pause Full (System.gc()) 21M->7M(12608M) 3.673ms
[126.979s] GC(316) User=0.02s Sys=0.00s Real=0.01s
[126.988s] GC(317) Pause Full (System.gc())
[126.988s] GC(317) Using 6 workers of 14 for full compaction
[126.988s] GC(317) Phase 1: Mark live objects
[126.989s] GC(317) Phase 1: Mark live objects 0.938ms
[126.989s] GC(317) Phase 2: Prepare compaction
[126.989s] GC(317) Phase 2: Prepare compaction 0.328ms
[126.989s] GC(317) Phase 3: Adjust pointers
[126.990s] GC(317) Phase 3: Adjust pointers 0.466ms
[126.990s] GC(317) Phase 4: Compact heap
[126.990s] GC(317) Phase 4: Compact heap 0.289ms
[126.990s] GC(317) Phase 5: Reset Metadata
[126.990s] GC(317) Phase 5: Reset Metadata 0.225ms
[126.991s] GC(317) Eden regions: 1->0(236)
[126.991s] GC(317) Survivor regions: 0->0(21)
[126.991s] GC(317) Old regions: 5->5
[126.991s] GC(317) Humongous regions: 0->0
[126.992s] GC(317) Metaspace: 11419K(11648K)->11419K(11648K) NonClass: 9229K(9344K)->9229K(9344K) Class: 2190K(2304K)->2190K(2304K)
[126.992s] GC(317) Pause Full (System.gc()) 31M->11M(12608M) 3.711ms
[126.992s] GC(317) User=0.03s Sys=0.00s Real=0.01s
[127.008s] GC(318) Pause Full (System.gc())
[127.008s] GC(318) Using 7 workers of 14 for full compaction
[127.008s] GC(318) Phase 1: Mark live objects
[127.009s] GC(318) Phase 1: Mark live objects 0.926ms
[127.009s] GC(318) Phase 2: Prepare compaction
[127.009s] GC(318) Phase 2: Prepare compaction 0.337ms
[127.009s] GC(318) Phase 3: Adjust pointers
[127.010s] GC(318) Phase 3: Adjust pointers 0.482ms
[127.010s] GC(318) Phase 4: Compact heap
[127.010s] GC(318) Phase 4: Compact heap 0.309ms
[127.010s] GC(318) Phase 5: Reset Metadata
[127.010s] GC(318) Phase 5: Reset Metadata 0.222ms
[127.012s] GC(318) Eden regions: 1->0(236)
[127.012s] GC(318) Survivor regions: 0->0(21)
[127.012s] GC(318) Old regions: 5->5
[127.012s] GC(318) Humongous regions: 1->1
[127.012s] GC(318) Metaspace: 11420K(11648K)->11420K(11648K) NonClass: 9230K(9344K)->9230K(9344K) Class: 2190K(2304K)->2190K(2304K)
[127.012s] GC(318) Pause Full (System.gc()) 75M->35M(12608M) 3.722ms
[127.012s] GC(318) User=0.03s Sys=0.00s Real=0.01s
[127.045s] GC(319) Pause Full (System.gc())
[127.045s] GC(319) Using 10 workers of 14 for full compaction
[127.045s] GC(319) Phase 1: Mark live objects
[127.046s] GC(319) Phase 1: Mark live objects 1.128ms
[127.046s] GC(319) Phase 2: Prepare compaction
[127.046s] GC(319) Phase 2: Prepare compaction 0.352ms
[127.046s] GC(319) Phase 3: Adjust pointers
[127.047s] GC(319) Phase 3: Adjust pointers 0.476ms
[127.047s] GC(319) Phase 4: Compact heap
[127.047s] GC(319) Phase 4: Compact heap 0.316ms
[127.047s] GC(319) Phase 5: Reset Metadata
[127.047s] GC(319) Phase 5: Reset Metadata 0.226ms
[127.049s] GC(319) Eden regions: 2->0(236)
[127.049s] GC(319) Survivor regions: 0->0(21)
[127.049s] GC(319) Old regions: 5->5
[127.049s] GC(319) Humongous regions: 3->2
[127.049s] GC(319) Metaspace: 11420K(11648K)->11420K(11648K) NonClass: 9230K(9344K)->9230K(9344K) Class: 2190K(2304K)->2190K(2304K)
[127.049s] GC(319) Pause Full (System.gc()) 163M->67M(12608M) 3.953ms
[127.049s] GC(319) User=0.03s Sys=0.00s Real=0.00s
[127.115s] GC(320) Pause Full (System.gc())
[127.115s] GC(320) Using 14 workers of 14 for full compaction
[127.115s] GC(320) Phase 1: Mark live objects
[127.116s] GC(320) Phase 1: Mark live objects 0.927ms
[127.116s] GC(320) Phase 2: Prepare compaction
[127.116s] GC(320) Phase 2: Prepare compaction 0.325ms
[127.116s] GC(320) Phase 3: Adjust pointers
[127.117s] GC(320) Phase 3: Adjust pointers 0.457ms
[127.117s] GC(320) Phase 4: Compact heap
[127.117s] GC(320) Phase 4: Compact heap 0.286ms
[127.117s] GC(320) Phase 5: Reset Metadata
[127.117s] GC(320) Phase 5: Reset Metadata 0.295ms
[127.118s] GC(320) Eden regions: 4->0(236)
[127.118s] GC(320) Survivor regions: 0->0(21)
[127.118s] GC(320) Old regions: 5->5
[127.118s] GC(320) Humongous regions: 5->3
[127.118s] GC(320) Metaspace: 11420K(11648K)->11420K(11648K) NonClass: 9230K(9344K)->9230K(9344K) Class: 2190K(2304K)->2190K(2304K)
[127.119s] GC(320) Pause Full (System.gc()) 275M->99M(12608M) 3.757ms
[127.119s] GC(320) User=0.03s Sys=0.01s Real=0.00s
[127.251s] GC(321) Pause Full (System.gc())
[127.251s] GC(321) Using 14 workers of 14 for full compaction
[127.251s] GC(321) Phase 1: Mark live objects
[127.252s] GC(321) Phase 1: Mark live objects 0.892ms
[127.252s] GC(321) Phase 2: Prepare compaction
[127.252s] GC(321) Phase 2: Prepare compaction 0.314ms
[127.252s] GC(321) Phase 3: Adjust pointers
[127.253s] GC(321) Phase 3: Adjust pointers 0.495ms
[127.253s] GC(321) Phase 4: Compact heap
[127.253s] GC(321) Phase 4: Compact heap 0.277ms
[127.253s] GC(321) Phase 5: Reset Metadata
[127.253s] GC(321) Phase 5: Reset Metadata 0.227ms
[127.255s] GC(321) Eden regions: 7->0(236)
[127.255s] GC(321) Survivor regions: 0->0(21)
[127.255s] GC(321) Old regions: 5->5
[127.255s] GC(321) Humongous regions: 8->5
[127.255s] GC(321) Metaspace: 11420K(11648K)->11420K(11648K) NonClass: 9230K(9344K)->9230K(9344K) Class: 2190K(2304K)->2190K(2304K)
[127.255s] GC(321) Pause Full (System.gc()) 467M->163M(12608M) 3.669ms
[127.255s] GC(321) User=0.03s Sys=0.00s Real=0.00s
[127.620s] GC(322) Pause Full (System.gc())
[127.620s] GC(322) Using 14 workers of 14 for full compaction
[127.620s] GC(322) Phase 1: Mark live objects
[127.621s] GC(322) Phase 1: Mark live objects 1.057ms
[127.621s] GC(322) Phase 2: Prepare compaction
[127.622s] GC(322) Phase 2: Prepare compaction 0.442ms
[127.622s] GC(322) Phase 3: Adjust pointers
[127.622s] GC(322) Phase 3: Adjust pointers 0.510ms
[127.622s] GC(322) Phase 4: Compact heap
[127.622s] GC(322) Phase 4: Compact heap 0.316ms
[127.622s] GC(322) Phase 5: Reset Metadata
[127.623s] GC(322) Phase 5: Reset Metadata 0.225ms
[127.624s] GC(322) Eden regions: 13->0(236)
[127.624s] GC(322) Survivor regions: 0->0(21)
[127.624s] GC(322) Old regions: 5->5
[127.624s] GC(322) Humongous regions: 19->9
[127.624s] GC(322) Metaspace: 11420K(11648K)->11420K(11648K) NonClass: 9230K(9344K)->9230K(9344K) Class: 2190K(2304K)->2190K(2304K)
[127.624s] GC(322) Pause Full (System.gc()) 997M->291M(12608M) 4.071ms
[127.624s] GC(322) User=0.03s Sys=0.00s Real=0.00s
[128.364s] GC(323) Pause Full (System.gc())
[128.364s] GC(323) Using 14 workers of 14 for full compaction
[128.364s] GC(323) Phase 1: Mark live objects
[128.365s] GC(323) Phase 1: Mark live objects 0.813ms
[128.365s] GC(323) Phase 2: Prepare compaction
[128.365s] GC(323) Phase 2: Prepare compaction 0.348ms
[128.365s] GC(323) Phase 3: Adjust pointers
[128.366s] GC(323) Phase 3: Adjust pointers 0.556ms
[128.366s] GC(323) Phase 4: Compact heap
[128.366s] GC(323) Phase 4: Compact heap 0.333ms
[128.366s] GC(323) Phase 5: Reset Metadata
[128.366s] GC(323) Phase 5: Reset Metadata 0.226ms
[128.368s] GC(323) Eden regions: 25->0(236)
[128.368s] GC(323) Survivor regions: 0->0(21)
[128.368s] GC(323) Old regions: 5->5
[128.368s] GC(323) Humongous regions: 36->17
[128.368s] GC(323) Metaspace: 11420K(11648K)->11420K(11648K) NonClass: 9230K(9344K)->9230K(9344K) Class: 2190K(2304K)->2190K(2304K)
[128.368s] GC(323) Pause Full (System.gc()) 1932M->547M(12608M) 3.762ms
[128.368s] GC(323) User=0.03s Sys=0.01s Real=0.00s
[129.973s] GC(324) Pause Full (System.gc())
[129.973s] GC(324) Using 14 workers of 14 for full compaction
[129.973s] GC(324) Phase 1: Mark live objects
[129.974s] GC(324) Phase 1: Mark live objects 0.943ms
[129.974s] GC(324) Phase 2: Prepare compaction
[129.974s] GC(324) Phase 2: Prepare compaction 0.392ms
[129.974s] GC(324) Phase 3: Adjust pointers
[129.975s] GC(324) Phase 3: Adjust pointers 0.674ms
[129.975s] GC(324) Phase 4: Compact heap
[129.975s] GC(324) Phase 4: Compact heap 0.359ms
[129.975s] GC(324) Phase 5: Reset Metadata
[129.976s] GC(324) Phase 5: Reset Metadata 0.239ms
[129.977s] GC(324) Eden regions: 50->0(236)
[129.977s] GC(324) Survivor regions: 0->0(21)
[129.977s] GC(324) Old regions: 5->5
[129.977s] GC(324) Humongous regions: 71->33
[129.977s] GC(324) Metaspace: 11420K(11648K)->11420K(11648K) NonClass: 9230K(9344K)->9230K(9344K) Class: 2190K(2304K)->2190K(2304K)
[129.977s] GC(324) Pause Full (System.gc()) 3849M->1059M(12608M) 4.113ms
[129.977s] GC(324) User=0.03s Sys=0.00s Real=0.00s
[133.368s] GC(325) Pause Full (System.gc())
[133.368s] GC(325) Using 14 workers of 14 for full compaction
[133.368s] GC(325) Phase 1: Mark live objects
[133.369s] GC(325) Phase 1: Mark live objects 1.212ms
[133.369s] GC(325) Phase 2: Prepare compaction
[133.370s] GC(325) Phase 2: Prepare compaction 0.535ms
[133.370s] GC(325) Phase 3: Adjust pointers
[133.370s] GC(325) Phase 3: Adjust pointers 0.674ms
[133.370s] GC(325) Phase 4: Compact heap
[133.371s] GC(325) Phase 4: Compact heap 0.428ms
[133.371s] GC(325) Phase 5: Reset Metadata
[133.371s] GC(325) Phase 5: Reset Metadata 0.282ms
[133.372s] GC(325) Eden regions: 100->0(213)
[133.372s] GC(325) Survivor regions: 0->0(21)
[133.372s] GC(325) Old regions: 5->5
[133.372s] GC(325) Humongous regions: 137->65
[133.372s] GC(325) Metaspace: 11420K(11648K)->11420K(11648K) NonClass: 9230K(9344K)->9230K(9344K) Class: 2190K(2304K)->2190K(2304K)
[133.372s] GC(325) Pause Full (System.gc()) 7579M->2083M(12608M) 4.743ms
[133.372s] GC(325) User=0.04s Sys=0.01s Real=0.01s
[140.542s] Heap
[140.542s]  garbage-first heap   total reserved 16777216K, committed 12910592K, used 11595244K [0x0000007002000000, 0x0000007402000000)
[140.542s]   region size 32M, 211 eden (6752M), 0 survivor (0M), 5 old (160M), 143 humongous (4576M), 35 free (1120M)
[140.542s]  Metaspace       used 11422K, committed 11648K, reserved 1114112K
[140.542s]   class space    used 2190K, committed 2304K, reserved 1048576K
