profile=radix iterations=10 algorithms=8
--- warm up 1 of 2 ---
[0.241s] RadixSortWithDynamicListsAndCustomBase(10) (random) size=1,024 -> 0.610 ms
[0.248s] RadixSortWithDynamicListsAndCustomBase(10) (random) size=2,048 -> 0.499 ms
[0.254s] RadixSortWithDynamicListsAndCustomBase(10) (random) size=4,096 -> 0.852 ms
[0.260s] RadixSortWithDynamicListsAndCustomBase(10) (random) size=8,192 -> 1.593 ms
[0.267s] RadixSortWithDynamicListsAndCustomBase(10) (random) size=16,384 -> 1.205 ms
[0.274s] RadixSortWithDynamicListsAndCustomBase(10) (random) size=32,768 -> 1.936 ms
[0.281s] RadixSortWithDynamicListsAndCustomBase(10) (random) size=65,536 -> 2.396 ms
[0.290s] RadixSortWithDynamicListsAndCustomBase(10) (random) size=131,072 -> 3.745 ms
[0.303s] RadixSortWithDynamicListsAndCustomBase(10) (random) size=262,144 -> 6.914 ms
[0.328s] RadixSortWithDynamicListsAndCustomBase(10) (random) size=524,288 -> 18.951 ms
[0.392s] RadixSortWithDynamicListsAndCustomBase(10) (random) size=1,048,576 -> 57.029 ms
[0.493s] RadixSortWithDynamicListsAndCustomBase(10) (random) size=2,097,152 -> 96.386 ms
[0.696s] RadixSortWithDynamicListsAndCustomBase(10) (random) size=4,194,304 -> 195.242 ms
[0.700s] RadixSortWithDynamicListsAndCustomBase(10) (ascending) size=1,024 -> 0.033 ms
[0.703s] RadixSortWithDynamicListsAndCustomBase(10) (ascending) size=2,048 -> 0.041 ms
[0.706s] RadixSortWithDynamicListsAndCustomBase(10) (ascending) size=4,096 -> 0.076 ms
[0.709s] RadixSortWithDynamicListsAndCustomBase(10) (ascending) size=8,192 -> 0.124 ms
[0.713s] RadixSortWithDynamicListsAndCustomBase(10) (ascending) size=16,384 -> 0.294 ms
[0.716s] RadixSortWithDynamicListsAndCustomBase(10) (ascending) size=32,768 -> 0.591 ms
[0.721s] RadixSortWithDynamicListsAndCustomBase(10) (ascending) size=65,536 -> 1.168 ms
[0.727s] RadixSortWithDynamicListsAndCustomBase(10) (ascending) size=131,072 -> 2.736 ms
[0.736s] RadixSortWithDynamicListsAndCustomBase(10) (ascending) size=262,144 -> 5.748 ms
[0.750s] RadixSortWithDynamicListsAndCustomBase(10) (ascending) size=524,288 -> 11.513 ms
[0.782s] RadixSortWithDynamicListsAndCustomBase(10) (ascending) size=1,048,576 -> 27.817 ms
[0.849s] RadixSortWithDynamicListsAndCustomBase(10) (ascending) size=2,097,152 -> 63.698 ms
[0.988s] RadixSortWithDynamicListsAndCustomBase(10) (ascending) size=4,194,304 -> 134.017 ms
[0.991s] RadixSortWithDynamicListsAndCustomBase(10) (descending) size=1,024 -> 0.029 ms
[0.994s] RadixSortWithDynamicListsAndCustomBase(10) (descending) size=2,048 -> 0.037 ms
[0.997s] RadixSortWithDynamicListsAndCustomBase(10) (descending) size=4,096 -> 0.070 ms
[1.000s] RadixSortWithDynamicListsAndCustomBase(10) (descending) size=8,192 -> 0.121 ms
[1.004s] RadixSortWithDynamicListsAndCustomBase(10) (descending) size=16,384 -> 0.295 ms
[1.007s] RadixSortWithDynamicListsAndCustomBase(10) (descending) size=32,768 -> 0.617 ms
[1.012s] RadixSortWithDynamicListsAndCustomBase(10) (descending) size=65,536 -> 1.238 ms
[1.018s] RadixSortWithDynamicListsAndCustomBase(10) (descending) size=131,072 -> 2.814 ms
[1.026s] RadixSortWithDynamicListsAndCustomBase(10) (descending) size=262,144 -> 5.428 ms
[1.041s] RadixSortWithDynamicListsAndCustomBase(10) (descending) size=524,288 -> 11.523 ms
[1.072s] RadixSortWithDynamicListsAndCustomBase(10) (descending) size=1,048,576 -> 27.464 ms
[1.139s] RadixSortWithDynamicListsAndCustomBase(10) (descending) size=2,097,152 -> 62.989 ms
[1.277s] RadixSortWithDynamicListsAndCustomBase(10) (descending) size=4,194,304 -> 133.379 ms
[1.280s] RadixSortWithDynamicListsAndCustomBase(100) (random) size=1,024 -> 0.027 ms
[1.283s] RadixSortWithDynamicListsAndCustomBase(100) (random) size=2,048 -> 0.036 ms
[1.286s] RadixSortWithDynamicListsAndCustomBase(100) (random) size=4,096 -> 0.051 ms
[1.289s] RadixSortWithDynamicListsAndCustomBase(100) (random) size=8,192 -> 0.096 ms
[1.292s] RadixSortWithDynamicListsAndCustomBase(100) (random) size=16,384 -> 0.206 ms
[1.295s] RadixSortWithDynamicListsAndCustomBase(100) (random) size=32,768 -> 0.378 ms
[1.299s] RadixSortWithDynamicListsAndCustomBase(100) (random) size=65,536 -> 0.749 ms
[1.304s] RadixSortWithDynamicListsAndCustomBase(100) (random) size=131,072 -> 1.490 ms
[1.310s] RadixSortWithDynamicListsAndCustomBase(100) (random) size=262,144 -> 3.025 ms
[1.321s] RadixSortWithDynamicListsAndCustomBase(100) (random) size=524,288 -> 8.035 ms
[1.344s] RadixSortWithDynamicListsAndCustomBase(100) (random) size=1,048,576 -> 19.284 ms
[1.395s] RadixSortWithDynamicListsAndCustomBase(100) (random) size=2,097,152 -> 45.812 ms
[1.516s] RadixSortWithDynamicListsAndCustomBase(100) (random) size=4,194,304 -> 114.798 ms
[1.520s] RadixSortWithDynamicListsAndCustomBase(100) (ascending) size=1,024 -> 0.020 ms
[1.523s] RadixSortWithDynamicListsAndCustomBase(100) (ascending) size=2,048 -> 0.030 ms
[1.526s] RadixSortWithDynamicListsAndCustomBase(100) (ascending) size=4,096 -> 0.039 ms
[1.529s] RadixSortWithDynamicListsAndCustomBase(100) (ascending) size=8,192 -> 0.077 ms
[1.532s] RadixSortWithDynamicListsAndCustomBase(100) (ascending) size=16,384 -> 0.189 ms
[1.535s] RadixSortWithDynamicListsAndCustomBase(100) (ascending) size=32,768 -> 0.348 ms
[1.539s] RadixSortWithDynamicListsAndCustomBase(100) (ascending) size=65,536 -> 0.693 ms
[1.543s] RadixSortWithDynamicListsAndCustomBase(100) (ascending) size=131,072 -> 1.369 ms
[1.549s] RadixSortWithDynamicListsAndCustomBase(100) (ascending) size=262,144 -> 2.887 ms
[1.559s] RadixSortWithDynamicListsAndCustomBase(100) (ascending) size=524,288 -> 6.179 ms
[1.579s] RadixSortWithDynamicListsAndCustomBase(100) (ascending) size=1,048,576 -> 16.200 ms
[1.616s] RadixSortWithDynamicListsAndCustomBase(100) (ascending) size=2,097,152 -> 33.058 ms
[1.694s] RadixSortWithDynamicListsAndCustomBase(100) (ascending) size=4,194,304 -> 74.312 ms
[1.698s] RadixSortWithDynamicListsAndCustomBase(100) (descending) size=1,024 -> 0.022 ms
[1.701s] RadixSortWithDynamicListsAndCustomBase(100) (descending) size=2,048 -> 0.030 ms
[1.703s] RadixSortWithDynamicListsAndCustomBase(100) (descending) size=4,096 -> 0.040 ms
[1.706s] RadixSortWithDynamicListsAndCustomBase(100) (descending) size=8,192 -> 0.068 ms
[1.709s] RadixSortWithDynamicListsAndCustomBase(100) (descending) size=16,384 -> 0.175 ms
[1.713s] RadixSortWithDynamicListsAndCustomBase(100) (descending) size=32,768 -> 0.348 ms
[1.716s] RadixSortWithDynamicListsAndCustomBase(100) (descending) size=65,536 -> 0.703 ms
[1.720s] RadixSortWithDynamicListsAndCustomBase(100) (descending) size=131,072 -> 1.357 ms
[1.726s] RadixSortWithDynamicListsAndCustomBase(100) (descending) size=262,144 -> 2.787 ms
[1.736s] RadixSortWithDynamicListsAndCustomBase(100) (descending) size=524,288 -> 6.397 ms
[1.756s] RadixSortWithDynamicListsAndCustomBase(100) (descending) size=1,048,576 -> 16.526 ms
[1.793s] RadixSortWithDynamicListsAndCustomBase(100) (descending) size=2,097,152 -> 33.767 ms
[1.872s] RadixSortWithDynamicListsAndCustomBase(100) (descending) size=4,194,304 -> 74.488 ms
[1.876s] RadixSortWithArraysAndCustomBase(10) (random) size=1,024 -> 0.459 ms
[1.879s] RadixSortWithArraysAndCustomBase(10) (random) size=2,048 -> 0.295 ms
[1.883s] RadixSortWithArraysAndCustomBase(10) (random) size=4,096 -> 0.556 ms
[1.887s] RadixSortWithArraysAndCustomBase(10) (random) size=8,192 -> 1.114 ms
[1.890s] RadixSortWithArraysAndCustomBase(10) (random) size=16,384 -> 0.513 ms
[1.894s] RadixSortWithArraysAndCustomBase(10) (random) size=32,768 -> 0.855 ms
[1.899s] RadixSortWithArraysAndCustomBase(10) (random) size=65,536 -> 1.646 ms
[1.905s] RadixSortWithArraysAndCustomBase(10) (random) size=131,072 -> 3.293 ms
[1.912s] RadixSortWithArraysAndCustomBase(10) (random) size=262,144 -> 3.994 ms
[1.922s] RadixSortWithArraysAndCustomBase(10) (random) size=524,288 -> 6.613 ms
[1.941s] RadixSortWithArraysAndCustomBase(10) (random) size=1,048,576 -> 15.497 ms
[1.978s] RadixSortWithArraysAndCustomBase(10) (random) size=2,097,152 -> 32.181 ms
[2.047s] RadixSortWithArraysAndCustomBase(10) (random) size=4,194,304 -> 62.119 ms
[2.050s] RadixSortWithArraysAndCustomBase(10) (ascending) size=1,024 -> 0.019 ms
[2.053s] RadixSortWithArraysAndCustomBase(10) (ascending) size=2,048 -> 0.026 ms
[2.057s] RadixSortWithArraysAndCustomBase(10) (ascending) size=4,096 -> 0.051 ms
[2.060s] RadixSortWithArraysAndCustomBase(10) (ascending) size=8,192 -> 0.074 ms
[2.063s] RadixSortWithArraysAndCustomBase(10) (ascending) size=16,384 -> 0.189 ms
[2.066s] RadixSortWithArraysAndCustomBase(10) (ascending) size=32,768 -> 0.340 ms
[2.070s] RadixSortWithArraysAndCustomBase(10) (ascending) size=65,536 -> 0.682 ms
[2.074s] RadixSortWithArraysAndCustomBase(10) (ascending) size=131,072 -> 1.652 ms
[2.080s] RadixSortWithArraysAndCustomBase(10) (ascending) size=262,144 -> 3.185 ms
[2.090s] RadixSortWithArraysAndCustomBase(10) (ascending) size=524,288 -> 6.446 ms
[2.108s] RadixSortWithArraysAndCustomBase(10) (ascending) size=1,048,576 -> 15.296 ms
[2.142s] RadixSortWithArraysAndCustomBase(10) (ascending) size=2,097,152 -> 30.019 ms
[2.206s] RadixSortWithArraysAndCustomBase(10) (ascending) size=4,194,304 -> 59.905 ms
[2.210s] RadixSortWithArraysAndCustomBase(10) (descending) size=1,024 -> 0.020 ms
[2.213s] RadixSortWithArraysAndCustomBase(10) (descending) size=2,048 -> 0.029 ms
[2.216s] RadixSortWithArraysAndCustomBase(10) (descending) size=4,096 -> 0.044 ms
[2.219s] RadixSortWithArraysAndCustomBase(10) (descending) size=8,192 -> 0.078 ms
[2.222s] RadixSortWithArraysAndCustomBase(10) (descending) size=16,384 -> 0.178 ms
[2.225s] RadixSortWithArraysAndCustomBase(10) (descending) size=32,768 -> 0.347 ms
[2.229s] RadixSortWithArraysAndCustomBase(10) (descending) size=65,536 -> 0.665 ms
[2.234s] RadixSortWithArraysAndCustomBase(10) (descending) size=131,072 -> 1.617 ms
[2.240s] RadixSortWithArraysAndCustomBase(10) (descending) size=262,144 -> 3.147 ms
[2.249s] RadixSortWithArraysAndCustomBase(10) (descending) size=524,288 -> 6.303 ms
[2.267s] RadixSortWithArraysAndCustomBase(10) (descending) size=1,048,576 -> 14.975 ms
[2.300s] RadixSortWithArraysAndCustomBase(10) (descending) size=2,097,152 -> 29.633 ms
[2.364s] RadixSortWithArraysAndCustomBase(10) (descending) size=4,194,304 -> 59.660 ms
[2.368s] RadixSortWithArraysAndCustomBase(100) (random) size=1,024 -> 0.017 ms
[2.371s] RadixSortWithArraysAndCustomBase(100) (random) size=2,048 -> 0.022 ms
[2.374s] RadixSortWithArraysAndCustomBase(100) (random) size=4,096 -> 0.033 ms
[2.377s] RadixSortWithArraysAndCustomBase(100) (random) size=8,192 -> 0.045 ms
[2.380s] RadixSortWithArraysAndCustomBase(100) (random) size=16,384 -> 0.127 ms
[2.383s] RadixSortWithArraysAndCustomBase(100) (random) size=32,768 -> 0.229 ms
[2.387s] RadixSortWithArraysAndCustomBase(100) (random) size=65,536 -> 0.435 ms
[2.390s] RadixSortWithArraysAndCustomBase(100) (random) size=131,072 -> 0.822 ms
[2.395s] RadixSortWithArraysAndCustomBase(100) (random) size=262,144 -> 1.733 ms
[2.402s] RadixSortWithArraysAndCustomBase(100) (random) size=524,288 -> 3.351 ms
[2.415s] RadixSortWithArraysAndCustomBase(100) (random) size=1,048,576 -> 8.851 ms
[2.438s] RadixSortWithArraysAndCustomBase(100) (random) size=2,097,152 -> 18.942 ms
[2.480s] RadixSortWithArraysAndCustomBase(100) (random) size=4,194,304 -> 35.387 ms
[2.483s] RadixSortWithArraysAndCustomBase(100) (ascending) size=1,024 -> 0.016 ms
[2.487s] RadixSortWithArraysAndCustomBase(100) (ascending) size=2,048 -> 0.021 ms
[2.489s] RadixSortWithArraysAndCustomBase(100) (ascending) size=4,096 -> 0.030 ms
[2.492s] RadixSortWithArraysAndCustomBase(100) (ascending) size=8,192 -> 0.056 ms
[2.495s] RadixSortWithArraysAndCustomBase(100) (ascending) size=16,384 -> 0.125 ms
[2.499s] RadixSortWithArraysAndCustomBase(100) (ascending) size=32,768 -> 0.222 ms
[2.502s] RadixSortWithArraysAndCustomBase(100) (ascending) size=65,536 -> 0.431 ms
[2.506s] RadixSortWithArraysAndCustomBase(100) (ascending) size=131,072 -> 0.855 ms
[2.510s] RadixSortWithArraysAndCustomBase(100) (ascending) size=262,144 -> 1.668 ms
[2.517s] RadixSortWithArraysAndCustomBase(100) (ascending) size=524,288 -> 3.396 ms
[2.529s] RadixSortWithArraysAndCustomBase(100) (ascending) size=1,048,576 -> 8.945 ms
[2.550s] RadixSortWithArraysAndCustomBase(100) (ascending) size=2,097,152 -> 17.586 ms
[2.590s] RadixSortWithArraysAndCustomBase(100) (ascending) size=4,194,304 -> 35.651 ms
[2.593s] RadixSortWithArraysAndCustomBase(100) (descending) size=1,024 -> 0.015 ms
[2.596s] RadixSortWithArraysAndCustomBase(100) (descending) size=2,048 -> 0.020 ms
[2.599s] RadixSortWithArraysAndCustomBase(100) (descending) size=4,096 -> 0.032 ms
[2.602s] RadixSortWithArraysAndCustomBase(100) (descending) size=8,192 -> 0.048 ms
[2.605s] RadixSortWithArraysAndCustomBase(100) (descending) size=16,384 -> 0.114 ms
[2.608s] RadixSortWithArraysAndCustomBase(100) (descending) size=32,768 -> 0.220 ms
[2.611s] RadixSortWithArraysAndCustomBase(100) (descending) size=65,536 -> 0.428 ms
[2.615s] RadixSortWithArraysAndCustomBase(100) (descending) size=131,072 -> 0.834 ms
[2.620s] RadixSortWithArraysAndCustomBase(100) (descending) size=262,144 -> 1.624 ms
[2.626s] RadixSortWithArraysAndCustomBase(100) (descending) size=524,288 -> 3.253 ms
[2.638s] RadixSortWithArraysAndCustomBase(100) (descending) size=1,048,576 -> 8.961 ms
[2.659s] RadixSortWithArraysAndCustomBase(100) (descending) size=2,097,152 -> 17.320 ms
[2.699s] RadixSortWithArraysAndCustomBase(100) (descending) size=4,194,304 -> 35.287 ms
[2.702s] RadixSortWithCountingSortAndCustomBase(10) (random) size=1,024 -> 0.153 ms
[2.706s] RadixSortWithCountingSortAndCustomBase(10) (random) size=2,048 -> 0.275 ms
[2.709s] RadixSortWithCountingSortAndCustomBase(10) (random) size=4,096 -> 0.517 ms
[2.713s] RadixSortWithCountingSortAndCustomBase(10) (random) size=8,192 -> 1.072 ms
[2.716s] RadixSortWithCountingSortAndCustomBase(10) (random) size=16,384 -> 0.407 ms
[2.720s] RadixSortWithCountingSortAndCustomBase(10) (random) size=32,768 -> 0.505 ms
[2.724s] RadixSortWithCountingSortAndCustomBase(10) (random) size=65,536 -> 0.981 ms
[2.729s] RadixSortWithCountingSortAndCustomBase(10) (random) size=131,072 -> 1.914 ms
[2.735s] RadixSortWithCountingSortAndCustomBase(10) (random) size=262,144 -> 3.019 ms
[2.744s] RadixSortWithCountingSortAndCustomBase(10) (random) size=524,288 -> 5.754 ms
[2.761s] RadixSortWithCountingSortAndCustomBase(10) (random) size=1,048,576 -> 13.989 ms
[2.794s] RadixSortWithCountingSortAndCustomBase(10) (random) size=2,097,152 -> 28.437 ms
[2.854s] RadixSortWithCountingSortAndCustomBase(10) (random) size=4,194,304 -> 53.917 ms
[2.858s] RadixSortWithCountingSortAndCustomBase(10) (ascending) size=1,024 -> 0.017 ms
[2.861s] RadixSortWithCountingSortAndCustomBase(10) (ascending) size=2,048 -> 0.027 ms
[2.863s] RadixSortWithCountingSortAndCustomBase(10) (ascending) size=4,096 -> 0.041 ms
[2.866s] RadixSortWithCountingSortAndCustomBase(10) (ascending) size=8,192 -> 0.069 ms
[2.870s] RadixSortWithCountingSortAndCustomBase(10) (ascending) size=16,384 -> 0.171 ms
[2.873s] RadixSortWithCountingSortAndCustomBase(10) (ascending) size=32,768 -> 0.320 ms
[2.876s] RadixSortWithCountingSortAndCustomBase(10) (ascending) size=65,536 -> 0.621 ms
[2.881s] RadixSortWithCountingSortAndCustomBase(10) (ascending) size=131,072 -> 1.472 ms
[2.887s] RadixSortWithCountingSortAndCustomBase(10) (ascending) size=262,144 -> 2.919 ms
[2.895s] RadixSortWithCountingSortAndCustomBase(10) (ascending) size=524,288 -> 5.994 ms
[2.913s] RadixSortWithCountingSortAndCustomBase(10) (ascending) size=1,048,576 -> 13.537 ms
[2.943s] RadixSortWithCountingSortAndCustomBase(10) (ascending) size=2,097,152 -> 27.031 ms
[3.002s] RadixSortWithCountingSortAndCustomBase(10) (ascending) size=4,194,304 -> 54.186 ms
[3.005s] RadixSortWithCountingSortAndCustomBase(10) (descending) size=1,024 -> 0.018 ms
[3.008s] RadixSortWithCountingSortAndCustomBase(10) (descending) size=2,048 -> 0.027 ms
[3.011s] RadixSortWithCountingSortAndCustomBase(10) (descending) size=4,096 -> 0.043 ms
[3.014s] RadixSortWithCountingSortAndCustomBase(10) (descending) size=8,192 -> 0.069 ms
[3.017s] RadixSortWithCountingSortAndCustomBase(10) (descending) size=16,384 -> 0.159 ms
[3.020s] RadixSortWithCountingSortAndCustomBase(10) (descending) size=32,768 -> 0.311 ms
[3.024s] RadixSortWithCountingSortAndCustomBase(10) (descending) size=65,536 -> 0.610 ms
[3.028s] RadixSortWithCountingSortAndCustomBase(10) (descending) size=131,072 -> 1.461 ms
[3.034s] RadixSortWithCountingSortAndCustomBase(10) (descending) size=262,144 -> 2.903 ms
[3.043s] RadixSortWithCountingSortAndCustomBase(10) (descending) size=524,288 -> 5.773 ms
[3.059s] RadixSortWithCountingSortAndCustomBase(10) (descending) size=1,048,576 -> 13.508 ms
[3.090s] RadixSortWithCountingSortAndCustomBase(10) (descending) size=2,097,152 -> 26.853 ms
[3.148s] RadixSortWithCountingSortAndCustomBase(10) (descending) size=4,194,304 -> 53.854 ms
[3.151s] RadixSortWithCountingSortAndCustomBase(100) (random) size=1,024 -> 0.019 ms
[3.154s] RadixSortWithCountingSortAndCustomBase(100) (random) size=2,048 -> 0.014 ms
[3.157s] RadixSortWithCountingSortAndCustomBase(100) (random) size=4,096 -> 0.026 ms
[3.160s] RadixSortWithCountingSortAndCustomBase(100) (random) size=8,192 -> 0.038 ms
[3.163s] RadixSortWithCountingSortAndCustomBase(100) (random) size=16,384 -> 0.112 ms
[3.166s] RadixSortWithCountingSortAndCustomBase(100) (random) size=32,768 -> 0.192 ms
[3.169s] RadixSortWithCountingSortAndCustomBase(100) (random) size=65,536 -> 0.380 ms
[3.173s] RadixSortWithCountingSortAndCustomBase(100) (random) size=131,072 -> 0.740 ms
[3.178s] RadixSortWithCountingSortAndCustomBase(100) (random) size=262,144 -> 1.484 ms
[3.184s] RadixSortWithCountingSortAndCustomBase(100) (random) size=524,288 -> 2.952 ms
[3.196s] RadixSortWithCountingSortAndCustomBase(100) (random) size=1,048,576 -> 8.145 ms
[3.218s] RadixSortWithCountingSortAndCustomBase(100) (random) size=2,097,152 -> 17.156 ms
[3.255s] RadixSortWithCountingSortAndCustomBase(100) (random) size=4,194,304 -> 31.299 ms
[3.259s] RadixSortWithCountingSortAndCustomBase(100) (ascending) size=1,024 -> 0.011 ms
[3.262s] RadixSortWithCountingSortAndCustomBase(100) (ascending) size=2,048 -> 0.016 ms
[3.264s] RadixSortWithCountingSortAndCustomBase(100) (ascending) size=4,096 -> 0.027 ms
[3.267s] RadixSortWithCountingSortAndCustomBase(100) (ascending) size=8,192 -> 0.058 ms
[3.270s] RadixSortWithCountingSortAndCustomBase(100) (ascending) size=16,384 -> 0.111 ms
[3.273s] RadixSortWithCountingSortAndCustomBase(100) (ascending) size=32,768 -> 0.200 ms
[3.277s] RadixSortWithCountingSortAndCustomBase(100) (ascending) size=65,536 -> 0.396 ms
[3.280s] RadixSortWithCountingSortAndCustomBase(100) (ascending) size=131,072 -> 0.752 ms
[3.285s] RadixSortWithCountingSortAndCustomBase(100) (ascending) size=262,144 -> 1.504 ms
[3.291s] RadixSortWithCountingSortAndCustomBase(100) (ascending) size=524,288 -> 3.039 ms
[3.302s] RadixSortWithCountingSortAndCustomBase(100) (ascending) size=1,048,576 -> 8.003 ms
[3.322s] RadixSortWithCountingSortAndCustomBase(100) (ascending) size=2,097,152 -> 16.000 ms
[3.358s] RadixSortWithCountingSortAndCustomBase(100) (ascending) size=4,194,304 -> 32.409 ms
[3.361s] RadixSortWithCountingSortAndCustomBase(100) (descending) size=1,024 -> 0.011 ms
[3.364s] RadixSortWithCountingSortAndCustomBase(100) (descending) size=2,048 -> 0.016 ms
[3.367s] RadixSortWithCountingSortAndCustomBase(100) (descending) size=4,096 -> 0.022 ms
[3.370s] RadixSortWithCountingSortAndCustomBase(100) (descending) size=8,192 -> 0.043 ms
[3.373s] RadixSortWithCountingSortAndCustomBase(100) (descending) size=16,384 -> 0.099 ms
[3.376s] RadixSortWithCountingSortAndCustomBase(100) (descending) size=32,768 -> 0.197 ms
[3.379s] RadixSortWithCountingSortAndCustomBase(100) (descending) size=65,536 -> 0.380 ms
[3.383s] RadixSortWithCountingSortAndCustomBase(100) (descending) size=131,072 -> 0.744 ms
[3.387s] RadixSortWithCountingSortAndCustomBase(100) (descending) size=262,144 -> 1.481 ms
[3.393s] RadixSortWithCountingSortAndCustomBase(100) (descending) size=524,288 -> 2.931 ms
[3.404s] RadixSortWithCountingSortAndCustomBase(100) (descending) size=1,048,576 -> 7.880 ms
[3.423s] RadixSortWithCountingSortAndCustomBase(100) (descending) size=2,097,152 -> 15.796 ms
[3.459s] RadixSortWithCountingSortAndCustomBase(100) (descending) size=4,194,304 -> 31.865 ms
[3.463s] RecursiveMsdRadixSortWithArraysAndCustomBase(10) (random) size=1,024 -> 0.573 ms
[3.466s] RecursiveMsdRadixSortWithArraysAndCustomBase(10) (random) size=2,048 -> 0.186 ms
[3.470s] RecursiveMsdRadixSortWithArraysAndCustomBase(10) (random) size=4,096 -> 0.204 ms
[3.473s] RecursiveMsdRadixSortWithArraysAndCustomBase(10) (random) size=8,192 -> 0.299 ms
[3.476s] RecursiveMsdRadixSortWithArraysAndCustomBase(10) (random) size=16,384 -> 0.599 ms
[3.480s] RecursiveMsdRadixSortWithArraysAndCustomBase(10) (random) size=32,768 -> 1.086 ms
[3.485s] RecursiveMsdRadixSortWithArraysAndCustomBase(10) (random) size=65,536 -> 1.911 ms
[3.492s] RecursiveMsdRadixSortWithArraysAndCustomBase(10) (random) size=131,072 -> 3.869 ms
[3.503s] RecursiveMsdRadixSortWithArraysAndCustomBase(10) (random) size=262,144 -> 7.591 ms
[3.521s] RecursiveMsdRadixSortWithArraysAndCustomBase(10) (random) size=524,288 -> 14.408 ms
[3.557s] RecursiveMsdRadixSortWithArraysAndCustomBase(10) (random) size=1,048,576 -> 31.671 ms
[3.623s] RecursiveMsdRadixSortWithArraysAndCustomBase(10) (random) size=2,097,152 -> 61.629 ms
[3.750s] RecursiveMsdRadixSortWithArraysAndCustomBase(10) (random) size=4,194,304 -> 120.266 ms
[3.754s] RecursiveMsdRadixSortWithArraysAndCustomBase(10) (ascending) size=1,024 -> 0.026 ms
[3.757s] RecursiveMsdRadixSortWithArraysAndCustomBase(10) (ascending) size=2,048 -> 0.046 ms
[3.760s] RecursiveMsdRadixSortWithArraysAndCustomBase(10) (ascending) size=4,096 -> 0.075 ms
[3.763s] RecursiveMsdRadixSortWithArraysAndCustomBase(10) (ascending) size=8,192 -> 0.145 ms
[3.766s] RecursiveMsdRadixSortWithArraysAndCustomBase(10) (ascending) size=16,384 -> 0.285 ms
[3.770s] RecursiveMsdRadixSortWithArraysAndCustomBase(10) (ascending) size=32,768 -> 0.599 ms
[3.774s] RecursiveMsdRadixSortWithArraysAndCustomBase(10) (ascending) size=65,536 -> 1.155 ms
[3.779s] RecursiveMsdRadixSortWithArraysAndCustomBase(10) (ascending) size=131,072 -> 2.726 ms
[3.788s] RecursiveMsdRadixSortWithArraysAndCustomBase(10) (ascending) size=262,144 -> 5.499 ms
[3.803s] RecursiveMsdRadixSortWithArraysAndCustomBase(10) (ascending) size=524,288 -> 11.830 ms
[3.829s] RecursiveMsdRadixSortWithArraysAndCustomBase(10) (ascending) size=1,048,576 -> 23.385 ms
[3.883s] RecursiveMsdRadixSortWithArraysAndCustomBase(10) (ascending) size=2,097,152 -> 49.693 ms
[3.981s] RecursiveMsdRadixSortWithArraysAndCustomBase(10) (ascending) size=4,194,304 -> 93.272 ms
[3.984s] RecursiveMsdRadixSortWithArraysAndCustomBase(10) (descending) size=1,024 -> 0.029 ms
[3.987s] RecursiveMsdRadixSortWithArraysAndCustomBase(10) (descending) size=2,048 -> 0.048 ms
[3.990s] RecursiveMsdRadixSortWithArraysAndCustomBase(10) (descending) size=4,096 -> 0.080 ms
[3.993s] RecursiveMsdRadixSortWithArraysAndCustomBase(10) (descending) size=8,192 -> 0.144 ms
[3.996s] RecursiveMsdRadixSortWithArraysAndCustomBase(10) (descending) size=16,384 -> 0.290 ms
[4.000s] RecursiveMsdRadixSortWithArraysAndCustomBase(10) (descending) size=32,768 -> 0.590 ms
[4.004s] RecursiveMsdRadixSortWithArraysAndCustomBase(10) (descending) size=65,536 -> 1.119 ms
[4.010s] RecursiveMsdRadixSortWithArraysAndCustomBase(10) (descending) size=131,072 -> 3.035 ms
[4.019s] RecursiveMsdRadixSortWithArraysAndCustomBase(10) (descending) size=262,144 -> 6.380 ms
[4.035s] RecursiveMsdRadixSortWithArraysAndCustomBase(10) (descending) size=524,288 -> 12.057 ms
[4.062s] RecursiveMsdRadixSortWithArraysAndCustomBase(10) (descending) size=1,048,576 -> 24.013 ms
[4.114s] RecursiveMsdRadixSortWithArraysAndCustomBase(10) (descending) size=2,097,152 -> 48.510 ms
[4.216s] RecursiveMsdRadixSortWithArraysAndCustomBase(10) (descending) size=4,194,304 -> 97.117 ms
[4.219s] RecursiveMsdRadixSortWithArraysAndCustomBase(1000) (random) size=1,024 -> 0.034 ms
[4.222s] RecursiveMsdRadixSortWithArraysAndCustomBase(1000) (random) size=2,048 -> 0.050 ms
[4.225s] RecursiveMsdRadixSortWithArraysAndCustomBase(1000) (random) size=4,096 -> 0.077 ms
[4.228s] RecursiveMsdRadixSortWithArraysAndCustomBase(1000) (random) size=8,192 -> 0.126 ms
[4.231s] RecursiveMsdRadixSortWithArraysAndCustomBase(1000) (random) size=16,384 -> 0.240 ms
[4.235s] RecursiveMsdRadixSortWithArraysAndCustomBase(1000) (random) size=32,768 -> 0.468 ms
[4.239s] RecursiveMsdRadixSortWithArraysAndCustomBase(1000) (random) size=65,536 -> 0.905 ms
[4.243s] RecursiveMsdRadixSortWithArraysAndCustomBase(1000) (random) size=131,072 -> 1.810 ms
[4.250s] RecursiveMsdRadixSortWithArraysAndCustomBase(1000) (random) size=262,144 -> 3.558 ms
[4.261s] RecursiveMsdRadixSortWithArraysAndCustomBase(1000) (random) size=524,288 -> 7.192 ms
[4.283s] RecursiveMsdRadixSortWithArraysAndCustomBase(1000) (random) size=1,048,576 -> 17.814 ms
[4.322s] RecursiveMsdRadixSortWithArraysAndCustomBase(1000) (random) size=2,097,152 -> 34.532 ms
[4.397s] RecursiveMsdRadixSortWithArraysAndCustomBase(1000) (random) size=4,194,304 -> 69.046 ms
[4.401s] RecursiveMsdRadixSortWithArraysAndCustomBase(1000) (ascending) size=1,024 -> 0.023 ms
[4.404s] RecursiveMsdRadixSortWithArraysAndCustomBase(1000) (ascending) size=2,048 -> 0.030 ms
[4.407s] RecursiveMsdRadixSortWithArraysAndCustomBase(1000) (ascending) size=4,096 -> 0.052 ms
[4.410s] RecursiveMsdRadixSortWithArraysAndCustomBase(1000) (ascending) size=8,192 -> 0.088 ms
[4.413s] RecursiveMsdRadixSortWithArraysAndCustomBase(1000) (ascending) size=16,384 -> 0.162 ms
[4.417s] RecursiveMsdRadixSortWithArraysAndCustomBase(1000) (ascending) size=32,768 -> 0.304 ms
[4.420s] RecursiveMsdRadixSortWithArraysAndCustomBase(1000) (ascending) size=65,536 -> 0.623 ms
[4.424s] RecursiveMsdRadixSortWithArraysAndCustomBase(1000) (ascending) size=131,072 -> 1.176 ms
[4.430s] RecursiveMsdRadixSortWithArraysAndCustomBase(1000) (ascending) size=262,144 -> 2.498 ms
[4.438s] RecursiveMsdRadixSortWithArraysAndCustomBase(1000) (ascending) size=524,288 -> 4.936 ms
[4.453s] RecursiveMsdRadixSortWithArraysAndCustomBase(1000) (ascending) size=1,048,576 -> 11.364 ms
[4.479s] RecursiveMsdRadixSortWithArraysAndCustomBase(1000) (ascending) size=2,097,152 -> 22.156 ms
[4.528s] RecursiveMsdRadixSortWithArraysAndCustomBase(1000) (ascending) size=4,194,304 -> 44.565 ms
[4.532s] RecursiveMsdRadixSortWithArraysAndCustomBase(1000) (descending) size=1,024 -> 0.026 ms
[4.535s] RecursiveMsdRadixSortWithArraysAndCustomBase(1000) (descending) size=2,048 -> 0.032 ms
[4.538s] RecursiveMsdRadixSortWithArraysAndCustomBase(1000) (descending) size=4,096 -> 0.050 ms
[4.541s] RecursiveMsdRadixSortWithArraysAndCustomBase(1000) (descending) size=8,192 -> 0.080 ms
[4.545s] RecursiveMsdRadixSortWithArraysAndCustomBase(1000) (descending) size=16,384 -> 0.175 ms
[4.548s] RecursiveMsdRadixSortWithArraysAndCustomBase(1000) (descending) size=32,768 -> 0.315 ms
[4.552s] RecursiveMsdRadixSortWithArraysAndCustomBase(1000) (descending) size=65,536 -> 0.593 ms
[4.556s] RecursiveMsdRadixSortWithArraysAndCustomBase(1000) (descending) size=131,072 -> 1.109 ms
[4.561s] RecursiveMsdRadixSortWithArraysAndCustomBase(1000) (descending) size=262,144 -> 2.215 ms
[4.569s] RecursiveMsdRadixSortWithArraysAndCustomBase(1000) (descending) size=524,288 -> 4.410 ms
[4.582s] RecursiveMsdRadixSortWithArraysAndCustomBase(1000) (descending) size=1,048,576 -> 10.087 ms
[4.606s] RecursiveMsdRadixSortWithArraysAndCustomBase(1000) (descending) size=2,097,152 -> 20.286 ms
[4.650s] RecursiveMsdRadixSortWithArraysAndCustomBase(1000) (descending) size=4,194,304 -> 39.864 ms
--- warm up 2 of 2 ---
[4.654s] RadixSortWithDynamicListsAndCustomBase(10) (random) size=1,024 -> 0.043 ms
[4.657s] RadixSortWithDynamicListsAndCustomBase(10) (random) size=2,048 -> 0.045 ms
[4.659s] RadixSortWithDynamicListsAndCustomBase(10) (random) size=4,096 -> 0.076 ms
[4.662s] RadixSortWithDynamicListsAndCustomBase(10) (random) size=8,192 -> 0.135 ms
[4.666s] RadixSortWithDynamicListsAndCustomBase(10) (random) size=16,384 -> 0.303 ms
[4.669s] RadixSortWithDynamicListsAndCustomBase(10) (random) size=32,768 -> 0.583 ms
[4.673s] RadixSortWithDynamicListsAndCustomBase(10) (random) size=65,536 -> 1.163 ms
[4.679s] RadixSortWithDynamicListsAndCustomBase(10) (random) size=131,072 -> 2.793 ms
[4.688s] RadixSortWithDynamicListsAndCustomBase(10) (random) size=262,144 -> 5.511 ms
[4.703s] RadixSortWithDynamicListsAndCustomBase(10) (random) size=524,288 -> 11.772 ms
[4.739s] RadixSortWithDynamicListsAndCustomBase(10) (random) size=1,048,576 -> 31.966 ms
[4.837s] RadixSortWithDynamicListsAndCustomBase(10) (random) size=2,097,152 -> 92.848 ms
[5.014s] RadixSortWithDynamicListsAndCustomBase(10) (random) size=4,194,304 -> 171.039 ms
[5.018s] RadixSortWithDynamicListsAndCustomBase(10) (ascending) size=1,024 -> 0.033 ms
[5.021s] RadixSortWithDynamicListsAndCustomBase(10) (ascending) size=2,048 -> 0.045 ms
[5.024s] RadixSortWithDynamicListsAndCustomBase(10) (ascending) size=4,096 -> 0.073 ms
[5.027s] RadixSortWithDynamicListsAndCustomBase(10) (ascending) size=8,192 -> 0.125 ms
[5.030s] RadixSortWithDynamicListsAndCustomBase(10) (ascending) size=16,384 -> 0.303 ms
[5.034s] RadixSortWithDynamicListsAndCustomBase(10) (ascending) size=32,768 -> 0.591 ms
[5.038s] RadixSortWithDynamicListsAndCustomBase(10) (ascending) size=65,536 -> 1.179 ms
[5.044s] RadixSortWithDynamicListsAndCustomBase(10) (ascending) size=131,072 -> 2.686 ms
[5.053s] RadixSortWithDynamicListsAndCustomBase(10) (ascending) size=262,144 -> 5.636 ms
[5.067s] RadixSortWithDynamicListsAndCustomBase(10) (ascending) size=524,288 -> 11.529 ms
[5.099s] RadixSortWithDynamicListsAndCustomBase(10) (ascending) size=1,048,576 -> 27.649 ms
[5.171s] RadixSortWithDynamicListsAndCustomBase(10) (ascending) size=2,097,152 -> 68.461 ms
[5.309s] RadixSortWithDynamicListsAndCustomBase(10) (ascending) size=4,194,304 -> 133.537 ms
[5.313s] RadixSortWithDynamicListsAndCustomBase(10) (descending) size=1,024 -> 0.031 ms
[5.316s] RadixSortWithDynamicListsAndCustomBase(10) (descending) size=2,048 -> 0.047 ms
[5.319s] RadixSortWithDynamicListsAndCustomBase(10) (descending) size=4,096 -> 0.064 ms
[5.322s] RadixSortWithDynamicListsAndCustomBase(10) (descending) size=8,192 -> 0.125 ms
[5.325s] RadixSortWithDynamicListsAndCustomBase(10) (descending) size=16,384 -> 0.302 ms
[5.328s] RadixSortWithDynamicListsAndCustomBase(10) (descending) size=32,768 -> 0.580 ms
[5.332s] RadixSortWithDynamicListsAndCustomBase(10) (descending) size=65,536 -> 1.178 ms
[5.338s] RadixSortWithDynamicListsAndCustomBase(10) (descending) size=131,072 -> 2.788 ms
[5.347s] RadixSortWithDynamicListsAndCustomBase(10) (descending) size=262,144 -> 5.563 ms
[5.362s] RadixSortWithDynamicListsAndCustomBase(10) (descending) size=524,288 -> 11.386 ms
[5.393s] RadixSortWithDynamicListsAndCustomBase(10) (descending) size=1,048,576 -> 27.070 ms
[5.460s] RadixSortWithDynamicListsAndCustomBase(10) (descending) size=2,097,152 -> 63.457 ms
[5.600s] RadixSortWithDynamicListsAndCustomBase(10) (descending) size=4,194,304 -> 135.612 ms
[5.604s] RadixSortWithDynamicListsAndCustomBase(100) (random) size=1,024 -> 0.029 ms
[5.607s] RadixSortWithDynamicListsAndCustomBase(100) (random) size=2,048 -> 0.036 ms
[5.610s] RadixSortWithDynamicListsAndCustomBase(100) (random) size=4,096 -> 0.054 ms
[5.613s] RadixSortWithDynamicListsAndCustomBase(100) (random) size=8,192 -> 0.091 ms
[5.616s] RadixSortWithDynamicListsAndCustomBase(100) (random) size=16,384 -> 0.214 ms
[5.620s] RadixSortWithDynamicListsAndCustomBase(100) (random) size=32,768 -> 0.395 ms
[5.623s] RadixSortWithDynamicListsAndCustomBase(100) (random) size=65,536 -> 0.759 ms
[5.628s] RadixSortWithDynamicListsAndCustomBase(100) (random) size=131,072 -> 1.525 ms
[5.634s] RadixSortWithDynamicListsAndCustomBase(100) (random) size=262,144 -> 3.225 ms
[5.647s] RadixSortWithDynamicListsAndCustomBase(100) (random) size=524,288 -> 8.375 ms
[5.671s] RadixSortWithDynamicListsAndCustomBase(100) (random) size=1,048,576 -> 20.524 ms
[5.728s] RadixSortWithDynamicListsAndCustomBase(100) (random) size=2,097,152 -> 52.106 ms
[5.852s] RadixSortWithDynamicListsAndCustomBase(100) (random) size=4,194,304 -> 116.536 ms
[5.855s] RadixSortWithDynamicListsAndCustomBase(100) (ascending) size=1,024 -> 0.019 ms
[5.858s] RadixSortWithDynamicListsAndCustomBase(100) (ascending) size=2,048 -> 0.030 ms
[5.861s] RadixSortWithDynamicListsAndCustomBase(100) (ascending) size=4,096 -> 0.040 ms
[5.864s] RadixSortWithDynamicListsAndCustomBase(100) (ascending) size=8,192 -> 0.081 ms
[5.867s] RadixSortWithDynamicListsAndCustomBase(100) (ascending) size=16,384 -> 0.183 ms
[5.870s] RadixSortWithDynamicListsAndCustomBase(100) (ascending) size=32,768 -> 0.354 ms
[5.874s] RadixSortWithDynamicListsAndCustomBase(100) (ascending) size=65,536 -> 0.678 ms
[5.878s] RadixSortWithDynamicListsAndCustomBase(100) (ascending) size=131,072 -> 1.416 ms
[5.884s] RadixSortWithDynamicListsAndCustomBase(100) (ascending) size=262,144 -> 2.770 ms
[5.893s] RadixSortWithDynamicListsAndCustomBase(100) (ascending) size=524,288 -> 6.047 ms
[5.913s] RadixSortWithDynamicListsAndCustomBase(100) (ascending) size=1,048,576 -> 16.048 ms
[5.950s] RadixSortWithDynamicListsAndCustomBase(100) (ascending) size=2,097,152 -> 33.167 ms
[6.028s] RadixSortWithDynamicListsAndCustomBase(100) (ascending) size=4,194,304 -> 73.703 ms
[6.032s] RadixSortWithDynamicListsAndCustomBase(100) (descending) size=1,024 -> 0.020 ms
[6.035s] RadixSortWithDynamicListsAndCustomBase(100) (descending) size=2,048 -> 0.029 ms
[6.037s] RadixSortWithDynamicListsAndCustomBase(100) (descending) size=4,096 -> 0.039 ms
[6.040s] RadixSortWithDynamicListsAndCustomBase(100) (descending) size=8,192 -> 0.067 ms
[6.044s] RadixSortWithDynamicListsAndCustomBase(100) (descending) size=16,384 -> 0.184 ms
[6.047s] RadixSortWithDynamicListsAndCustomBase(100) (descending) size=32,768 -> 0.346 ms
[6.051s] RadixSortWithDynamicListsAndCustomBase(100) (descending) size=65,536 -> 0.674 ms
[6.055s] RadixSortWithDynamicListsAndCustomBase(100) (descending) size=131,072 -> 1.419 ms
[6.061s] RadixSortWithDynamicListsAndCustomBase(100) (descending) size=262,144 -> 2.724 ms
[6.071s] RadixSortWithDynamicListsAndCustomBase(100) (descending) size=524,288 -> 6.445 ms
[6.091s] RadixSortWithDynamicListsAndCustomBase(100) (descending) size=1,048,576 -> 16.520 ms
[6.128s] RadixSortWithDynamicListsAndCustomBase(100) (descending) size=2,097,152 -> 33.771 ms
[6.206s] RadixSortWithDynamicListsAndCustomBase(100) (descending) size=4,194,304 -> 74.417 ms
[6.209s] RadixSortWithArraysAndCustomBase(10) (random) size=1,024 -> 0.222 ms
[6.212s] RadixSortWithArraysAndCustomBase(10) (random) size=2,048 -> 0.367 ms
[6.215s] RadixSortWithArraysAndCustomBase(10) (random) size=4,096 -> 0.743 ms
[6.219s] RadixSortWithArraysAndCustomBase(10) (random) size=8,192 -> 1.053 ms
[6.222s] RadixSortWithArraysAndCustomBase(10) (random) size=16,384 -> 0.524 ms
[6.225s] RadixSortWithArraysAndCustomBase(10) (random) size=32,768 -> 0.525 ms
[6.229s] RadixSortWithArraysAndCustomBase(10) (random) size=65,536 -> 0.710 ms
[6.233s] RadixSortWithArraysAndCustomBase(10) (random) size=131,072 -> 1.780 ms
[6.239s] RadixSortWithArraysAndCustomBase(10) (random) size=262,144 -> 3.306 ms
[6.249s] RadixSortWithArraysAndCustomBase(10) (random) size=524,288 -> 6.590 ms
[6.268s] RadixSortWithArraysAndCustomBase(10) (random) size=1,048,576 -> 16.066 ms
[6.304s] RadixSortWithArraysAndCustomBase(10) (random) size=2,097,152 -> 32.020 ms
[6.372s] RadixSortWithArraysAndCustomBase(10) (random) size=4,194,304 -> 61.548 ms
[6.375s] RadixSortWithArraysAndCustomBase(10) (ascending) size=1,024 -> 0.020 ms
[6.377s] RadixSortWithArraysAndCustomBase(10) (ascending) size=2,048 -> 0.030 ms
[6.380s] RadixSortWithArraysAndCustomBase(10) (ascending) size=4,096 -> 0.041 ms
[6.382s] RadixSortWithArraysAndCustomBase(10) (ascending) size=8,192 -> 0.080 ms
[6.385s] RadixSortWithArraysAndCustomBase(10) (ascending) size=16,384 -> 0.181 ms
[6.387s] RadixSortWithArraysAndCustomBase(10) (ascending) size=32,768 -> 0.338 ms
[6.391s] RadixSortWithArraysAndCustomBase(10) (ascending) size=65,536 -> 0.678 ms
[6.395s] RadixSortWithArraysAndCustomBase(10) (ascending) size=131,072 -> 1.650 ms
[6.400s] RadixSortWithArraysAndCustomBase(10) (ascending) size=262,144 -> 3.312 ms
[6.410s] RadixSortWithArraysAndCustomBase(10) (ascending) size=524,288 -> 6.465 ms
[6.427s] RadixSortWithArraysAndCustomBase(10) (ascending) size=1,048,576 -> 14.941 ms
[6.461s] RadixSortWithArraysAndCustomBase(10) (ascending) size=2,097,152 -> 29.954 ms
[6.525s] RadixSortWithArraysAndCustomBase(10) (ascending) size=4,194,304 -> 60.007 ms
[6.527s] RadixSortWithArraysAndCustomBase(10) (descending) size=1,024 -> 0.020 ms
[6.530s] RadixSortWithArraysAndCustomBase(10) (descending) size=2,048 -> 0.029 ms
[6.532s] RadixSortWithArraysAndCustomBase(10) (descending) size=4,096 -> 0.049 ms
[6.535s] RadixSortWithArraysAndCustomBase(10) (descending) size=8,192 -> 0.079 ms
[6.537s] RadixSortWithArraysAndCustomBase(10) (descending) size=16,384 -> 0.174 ms
[6.540s] RadixSortWithArraysAndCustomBase(10) (descending) size=32,768 -> 0.335 ms
[6.543s] RadixSortWithArraysAndCustomBase(10) (descending) size=65,536 -> 0.669 ms
[6.548s] RadixSortWithArraysAndCustomBase(10) (descending) size=131,072 -> 1.623 ms
[6.553s] RadixSortWithArraysAndCustomBase(10) (descending) size=262,144 -> 3.175 ms
[6.562s] RadixSortWithArraysAndCustomBase(10) (descending) size=524,288 -> 6.440 ms
[6.580s] RadixSortWithArraysAndCustomBase(10) (descending) size=1,048,576 -> 14.957 ms
[6.613s] RadixSortWithArraysAndCustomBase(10) (descending) size=2,097,152 -> 29.630 ms
[6.676s] RadixSortWithArraysAndCustomBase(10) (descending) size=4,194,304 -> 59.426 ms
[6.679s] RadixSortWithArraysAndCustomBase(100) (random) size=1,024 -> 0.016 ms
[6.682s] RadixSortWithArraysAndCustomBase(100) (random) size=2,048 -> 0.022 ms
[6.684s] RadixSortWithArraysAndCustomBase(100) (random) size=4,096 -> 0.028 ms
[6.686s] RadixSortWithArraysAndCustomBase(100) (random) size=8,192 -> 0.045 ms
[6.689s] RadixSortWithArraysAndCustomBase(100) (random) size=16,384 -> 0.133 ms
[6.692s] RadixSortWithArraysAndCustomBase(100) (random) size=32,768 -> 0.227 ms
[6.695s] RadixSortWithArraysAndCustomBase(100) (random) size=65,536 -> 0.422 ms
[6.698s] RadixSortWithArraysAndCustomBase(100) (random) size=131,072 -> 0.837 ms
[6.703s] RadixSortWithArraysAndCustomBase(100) (random) size=262,144 -> 1.656 ms
[6.709s] RadixSortWithArraysAndCustomBase(100) (random) size=524,288 -> 3.358 ms
[6.722s] RadixSortWithArraysAndCustomBase(100) (random) size=1,048,576 -> 9.598 ms
[6.744s] RadixSortWithArraysAndCustomBase(100) (random) size=2,097,152 -> 18.832 ms
[6.785s] RadixSortWithArraysAndCustomBase(100) (random) size=4,194,304 -> 35.248 ms
[6.788s] RadixSortWithArraysAndCustomBase(100) (ascending) size=1,024 -> 0.014 ms
[6.791s] RadixSortWithArraysAndCustomBase(100) (ascending) size=2,048 -> 0.020 ms
[6.793s] RadixSortWithArraysAndCustomBase(100) (ascending) size=4,096 -> 0.025 ms
[6.796s] RadixSortWithArraysAndCustomBase(100) (ascending) size=8,192 -> 0.045 ms
[6.798s] RadixSortWithArraysAndCustomBase(100) (ascending) size=16,384 -> 0.118 ms
[6.801s] RadixSortWithArraysAndCustomBase(100) (ascending) size=32,768 -> 0.230 ms
[6.804s] RadixSortWithArraysAndCustomBase(100) (ascending) size=65,536 -> 0.438 ms
[6.807s] RadixSortWithArraysAndCustomBase(100) (ascending) size=131,072 -> 0.898 ms
[6.812s] RadixSortWithArraysAndCustomBase(100) (ascending) size=262,144 -> 1.811 ms
[6.818s] RadixSortWithArraysAndCustomBase(100) (ascending) size=524,288 -> 3.562 ms
[6.830s] RadixSortWithArraysAndCustomBase(100) (ascending) size=1,048,576 -> 9.406 ms
[6.852s] RadixSortWithArraysAndCustomBase(100) (ascending) size=2,097,152 -> 17.830 ms
[6.891s] RadixSortWithArraysAndCustomBase(100) (ascending) size=4,194,304 -> 35.947 ms
[6.894s] RadixSortWithArraysAndCustomBase(100) (descending) size=1,024 -> 0.014 ms
[6.897s] RadixSortWithArraysAndCustomBase(100) (descending) size=2,048 -> 0.020 ms
[6.899s] RadixSortWithArraysAndCustomBase(100) (descending) size=4,096 -> 0.025 ms
[6.902s] RadixSortWithArraysAndCustomBase(100) (descending) size=8,192 -> 0.052 ms
[6.904s] RadixSortWithArraysAndCustomBase(100) (descending) size=16,384 -> 0.116 ms
[6.907s] RadixSortWithArraysAndCustomBase(100) (descending) size=32,768 -> 0.218 ms
[6.910s] RadixSortWithArraysAndCustomBase(100) (descending) size=65,536 -> 0.421 ms
[6.913s] RadixSortWithArraysAndCustomBase(100) (descending) size=131,072 -> 0.826 ms
[6.917s] RadixSortWithArraysAndCustomBase(100) (descending) size=262,144 -> 1.636 ms
[6.923s] RadixSortWithArraysAndCustomBase(100) (descending) size=524,288 -> 3.276 ms
[6.935s] RadixSortWithArraysAndCustomBase(100) (descending) size=1,048,576 -> 8.969 ms
[6.955s] RadixSortWithArraysAndCustomBase(100) (descending) size=2,097,152 -> 17.358 ms
[6.994s] RadixSortWithArraysAndCustomBase(100) (descending) size=4,194,304 -> 35.286 ms
[6.998s] RadixSortWithCountingSortAndCustomBase(10) (random) size=1,024 -> 0.163 ms
[7.001s] RadixSortWithCountingSortAndCustomBase(10) (random) size=2,048 -> 0.281 ms
[7.004s] RadixSortWithCountingSortAndCustomBase(10) (random) size=4,096 -> 0.579 ms
[7.007s] RadixSortWithCountingSortAndCustomBase(10) (random) size=8,192 -> 0.792 ms
[7.011s] RadixSortWithCountingSortAndCustomBase(10) (random) size=16,384 -> 0.404 ms
[7.014s] RadixSortWithCountingSortAndCustomBase(10) (random) size=32,768 -> 0.527 ms
[7.017s] RadixSortWithCountingSortAndCustomBase(10) (random) size=65,536 -> 0.788 ms
[7.022s] RadixSortWithCountingSortAndCustomBase(10) (random) size=131,072 -> 1.786 ms
[7.028s] RadixSortWithCountingSortAndCustomBase(10) (random) size=262,144 -> 3.163 ms
[7.037s] RadixSortWithCountingSortAndCustomBase(10) (random) size=524,288 -> 6.141 ms
[7.055s] RadixSortWithCountingSortAndCustomBase(10) (random) size=1,048,576 -> 14.777 ms
[7.090s] RadixSortWithCountingSortAndCustomBase(10) (random) size=2,097,152 -> 30.313 ms
[7.154s] RadixSortWithCountingSortAndCustomBase(10) (random) size=4,194,304 -> 57.436 ms
[7.157s] RadixSortWithCountingSortAndCustomBase(10) (ascending) size=1,024 -> 0.018 ms
[7.160s] RadixSortWithCountingSortAndCustomBase(10) (ascending) size=2,048 -> 0.024 ms
[7.163s] RadixSortWithCountingSortAndCustomBase(10) (ascending) size=4,096 -> 0.044 ms
[7.165s] RadixSortWithCountingSortAndCustomBase(10) (ascending) size=8,192 -> 0.076 ms
[7.168s] RadixSortWithCountingSortAndCustomBase(10) (ascending) size=16,384 -> 0.181 ms
[7.171s] RadixSortWithCountingSortAndCustomBase(10) (ascending) size=32,768 -> 0.331 ms
[7.175s] RadixSortWithCountingSortAndCustomBase(10) (ascending) size=65,536 -> 0.668 ms
[7.179s] RadixSortWithCountingSortAndCustomBase(10) (ascending) size=131,072 -> 1.613 ms
[7.185s] RadixSortWithCountingSortAndCustomBase(10) (ascending) size=262,144 -> 3.107 ms
[7.193s] RadixSortWithCountingSortAndCustomBase(10) (ascending) size=524,288 -> 6.022 ms
[7.210s] RadixSortWithCountingSortAndCustomBase(10) (ascending) size=1,048,576 -> 13.982 ms
[7.241s] RadixSortWithCountingSortAndCustomBase(10) (ascending) size=2,097,152 -> 27.318 ms
[7.300s] RadixSortWithCountingSortAndCustomBase(10) (ascending) size=4,194,304 -> 54.945 ms
[7.302s] RadixSortWithCountingSortAndCustomBase(10) (descending) size=1,024 -> 0.017 ms
[7.305s] RadixSortWithCountingSortAndCustomBase(10) (descending) size=2,048 -> 0.021 ms
[7.307s] RadixSortWithCountingSortAndCustomBase(10) (descending) size=4,096 -> 0.042 ms
[7.310s] RadixSortWithCountingSortAndCustomBase(10) (descending) size=8,192 -> 0.067 ms
[7.313s] RadixSortWithCountingSortAndCustomBase(10) (descending) size=16,384 -> 0.172 ms
[7.315s] RadixSortWithCountingSortAndCustomBase(10) (descending) size=32,768 -> 0.313 ms
[7.318s] RadixSortWithCountingSortAndCustomBase(10) (descending) size=65,536 -> 0.619 ms
[7.323s] RadixSortWithCountingSortAndCustomBase(10) (descending) size=131,072 -> 1.477 ms
[7.328s] RadixSortWithCountingSortAndCustomBase(10) (descending) size=262,144 -> 2.897 ms
[7.336s] RadixSortWithCountingSortAndCustomBase(10) (descending) size=524,288 -> 5.768 ms
[7.353s] RadixSortWithCountingSortAndCustomBase(10) (descending) size=1,048,576 -> 13.965 ms
[7.383s] RadixSortWithCountingSortAndCustomBase(10) (descending) size=2,097,152 -> 27.069 ms
[7.441s] RadixSortWithCountingSortAndCustomBase(10) (descending) size=4,194,304 -> 54.089 ms
[7.444s] RadixSortWithCountingSortAndCustomBase(100) (random) size=1,024 -> 0.012 ms
[7.446s] RadixSortWithCountingSortAndCustomBase(100) (random) size=2,048 -> 0.013 ms
[7.449s] RadixSortWithCountingSortAndCustomBase(100) (random) size=4,096 -> 0.026 ms
[7.451s] RadixSortWithCountingSortAndCustomBase(100) (random) size=8,192 -> 0.037 ms
[7.454s] RadixSortWithCountingSortAndCustomBase(100) (random) size=16,384 -> 0.114 ms
[7.457s] RadixSortWithCountingSortAndCustomBase(100) (random) size=32,768 -> 0.198 ms
[7.459s] RadixSortWithCountingSortAndCustomBase(100) (random) size=65,536 -> 0.383 ms
[7.463s] RadixSortWithCountingSortAndCustomBase(100) (random) size=131,072 -> 0.744 ms
[7.467s] RadixSortWithCountingSortAndCustomBase(100) (random) size=262,144 -> 1.484 ms
[7.473s] RadixSortWithCountingSortAndCustomBase(100) (random) size=524,288 -> 2.946 ms
[7.484s] RadixSortWithCountingSortAndCustomBase(100) (random) size=1,048,576 -> 8.134 ms
[7.506s] RadixSortWithCountingSortAndCustomBase(100) (random) size=2,097,152 -> 17.337 ms
[7.543s] RadixSortWithCountingSortAndCustomBase(100) (random) size=4,194,304 -> 31.414 ms
[7.546s] RadixSortWithCountingSortAndCustomBase(100) (ascending) size=1,024 -> 0.012 ms
[7.548s] RadixSortWithCountingSortAndCustomBase(100) (ascending) size=2,048 -> 0.014 ms
[7.551s] RadixSortWithCountingSortAndCustomBase(100) (ascending) size=4,096 -> 0.027 ms
[7.553s] RadixSortWithCountingSortAndCustomBase(100) (ascending) size=8,192 -> 0.039 ms
[7.556s] RadixSortWithCountingSortAndCustomBase(100) (ascending) size=16,384 -> 0.099 ms
[7.558s] RadixSortWithCountingSortAndCustomBase(100) (ascending) size=32,768 -> 0.192 ms
[7.561s] RadixSortWithCountingSortAndCustomBase(100) (ascending) size=65,536 -> 0.379 ms
[7.564s] RadixSortWithCountingSortAndCustomBase(100) (ascending) size=131,072 -> 0.756 ms
[7.568s] RadixSortWithCountingSortAndCustomBase(100) (ascending) size=262,144 -> 1.504 ms
[7.574s] RadixSortWithCountingSortAndCustomBase(100) (ascending) size=524,288 -> 2.986 ms
[7.584s] RadixSortWithCountingSortAndCustomBase(100) (ascending) size=1,048,576 -> 7.964 ms
[7.604s] RadixSortWithCountingSortAndCustomBase(100) (ascending) size=2,097,152 -> 16.234 ms
[7.640s] RadixSortWithCountingSortAndCustomBase(100) (ascending) size=4,194,304 -> 32.532 ms
[7.643s] RadixSortWithCountingSortAndCustomBase(100) (descending) size=1,024 -> 0.012 ms
[7.645s] RadixSortWithCountingSortAndCustomBase(100) (descending) size=2,048 -> 0.013 ms
[7.648s] RadixSortWithCountingSortAndCustomBase(100) (descending) size=4,096 -> 0.020 ms
[7.650s] RadixSortWithCountingSortAndCustomBase(100) (descending) size=8,192 -> 0.037 ms
[7.653s] RadixSortWithCountingSortAndCustomBase(100) (descending) size=16,384 -> 0.100 ms
[7.655s] RadixSortWithCountingSortAndCustomBase(100) (descending) size=32,768 -> 0.191 ms
[7.658s] RadixSortWithCountingSortAndCustomBase(100) (descending) size=65,536 -> 0.374 ms
[7.661s] RadixSortWithCountingSortAndCustomBase(100) (descending) size=131,072 -> 0.744 ms
[7.665s] RadixSortWithCountingSortAndCustomBase(100) (descending) size=262,144 -> 1.483 ms
[7.671s] RadixSortWithCountingSortAndCustomBase(100) (descending) size=524,288 -> 2.956 ms
[7.681s] RadixSortWithCountingSortAndCustomBase(100) (descending) size=1,048,576 -> 7.796 ms
[7.700s] RadixSortWithCountingSortAndCustomBase(100) (descending) size=2,097,152 -> 15.793 ms
[7.736s] RadixSortWithCountingSortAndCustomBase(100) (descending) size=4,194,304 -> 31.896 ms
[7.739s] RecursiveMsdRadixSortWithArraysAndCustomBase(10) (random) size=1,024 -> 0.042 ms
[7.741s] RecursiveMsdRadixSortWithArraysAndCustomBase(10) (random) size=2,048 -> 0.055 ms
[7.744s] RecursiveMsdRadixSortWithArraysAndCustomBase(10) (random) size=4,096 -> 0.102 ms
[7.746s] RecursiveMsdRadixSortWithArraysAndCustomBase(10) (random) size=8,192 -> 0.188 ms
[7.749s] RecursiveMsdRadixSortWithArraysAndCustomBase(10) (random) size=16,384 -> 0.415 ms
[7.753s] RecursiveMsdRadixSortWithArraysAndCustomBase(10) (random) size=32,768 -> 0.825 ms
[7.757s] RecursiveMsdRadixSortWithArraysAndCustomBase(10) (random) size=65,536 -> 1.564 ms
[7.763s] RecursiveMsdRadixSortWithArraysAndCustomBase(10) (random) size=131,072 -> 3.675 ms
[7.773s] RecursiveMsdRadixSortWithArraysAndCustomBase(10) (random) size=262,144 -> 7.128 ms
[7.790s] RecursiveMsdRadixSortWithArraysAndCustomBase(10) (random) size=524,288 -> 14.300 ms
[7.825s] RecursiveMsdRadixSortWithArraysAndCustomBase(10) (random) size=1,048,576 -> 31.297 ms
[7.890s] RecursiveMsdRadixSortWithArraysAndCustomBase(10) (random) size=2,097,152 -> 61.216 ms
[8.016s] RecursiveMsdRadixSortWithArraysAndCustomBase(10) (random) size=4,194,304 -> 119.839 ms
[8.019s] RecursiveMsdRadixSortWithArraysAndCustomBase(10) (ascending) size=1,024 -> 0.028 ms
[8.022s] RecursiveMsdRadixSortWithArraysAndCustomBase(10) (ascending) size=2,048 -> 0.046 ms
[8.024s] RecursiveMsdRadixSortWithArraysAndCustomBase(10) (ascending) size=4,096 -> 0.077 ms
[8.027s] RecursiveMsdRadixSortWithArraysAndCustomBase(10) (ascending) size=8,192 -> 0.132 ms
[8.029s] RecursiveMsdRadixSortWithArraysAndCustomBase(10) (ascending) size=16,384 -> 0.285 ms
[8.032s] RecursiveMsdRadixSortWithArraysAndCustomBase(10) (ascending) size=32,768 -> 0.543 ms
[8.036s] RecursiveMsdRadixSortWithArraysAndCustomBase(10) (ascending) size=65,536 -> 1.160 ms
[8.041s] RecursiveMsdRadixSortWithArraysAndCustomBase(10) (ascending) size=131,072 -> 2.807 ms
[8.049s] RecursiveMsdRadixSortWithArraysAndCustomBase(10) (ascending) size=262,144 -> 5.729 ms
[8.064s] RecursiveMsdRadixSortWithArraysAndCustomBase(10) (ascending) size=524,288 -> 11.785 ms
[8.090s] RecursiveMsdRadixSortWithArraysAndCustomBase(10) (ascending) size=1,048,576 -> 23.682 ms
[8.140s] RecursiveMsdRadixSortWithArraysAndCustomBase(10) (ascending) size=2,097,152 -> 46.536 ms
[8.236s] RecursiveMsdRadixSortWithArraysAndCustomBase(10) (ascending) size=4,194,304 -> 91.624 ms
[8.238s] RecursiveMsdRadixSortWithArraysAndCustomBase(10) (descending) size=1,024 -> 0.027 ms
[8.241s] RecursiveMsdRadixSortWithArraysAndCustomBase(10) (descending) size=2,048 -> 0.038 ms
[8.243s] RecursiveMsdRadixSortWithArraysAndCustomBase(10) (descending) size=4,096 -> 0.077 ms
[8.246s] RecursiveMsdRadixSortWithArraysAndCustomBase(10) (descending) size=8,192 -> 0.150 ms
[8.249s] RecursiveMsdRadixSortWithArraysAndCustomBase(10) (descending) size=16,384 -> 0.304 ms
[8.252s] RecursiveMsdRadixSortWithArraysAndCustomBase(10) (descending) size=32,768 -> 0.568 ms
[8.255s] RecursiveMsdRadixSortWithArraysAndCustomBase(10) (descending) size=65,536 -> 1.142 ms
[8.261s] RecursiveMsdRadixSortWithArraysAndCustomBase(10) (descending) size=131,072 -> 2.989 ms
[8.269s] RecursiveMsdRadixSortWithArraysAndCustomBase(10) (descending) size=262,144 -> 5.967 ms
[8.284s] RecursiveMsdRadixSortWithArraysAndCustomBase(10) (descending) size=524,288 -> 12.419 ms
[8.311s] RecursiveMsdRadixSortWithArraysAndCustomBase(10) (descending) size=1,048,576 -> 23.972 ms
[8.363s] RecursiveMsdRadixSortWithArraysAndCustomBase(10) (descending) size=2,097,152 -> 49.299 ms
[8.464s] RecursiveMsdRadixSortWithArraysAndCustomBase(10) (descending) size=4,194,304 -> 96.708 ms
[8.467s] RecursiveMsdRadixSortWithArraysAndCustomBase(1000) (random) size=1,024 -> 0.033 ms
[8.470s] RecursiveMsdRadixSortWithArraysAndCustomBase(1000) (random) size=2,048 -> 0.045 ms
[8.472s] RecursiveMsdRadixSortWithArraysAndCustomBase(1000) (random) size=4,096 -> 0.069 ms
[8.475s] RecursiveMsdRadixSortWithArraysAndCustomBase(1000) (random) size=8,192 -> 0.132 ms
[8.477s] RecursiveMsdRadixSortWithArraysAndCustomBase(1000) (random) size=16,384 -> 0.232 ms
[8.480s] RecursiveMsdRadixSortWithArraysAndCustomBase(1000) (random) size=32,768 -> 0.450 ms
[8.483s] RecursiveMsdRadixSortWithArraysAndCustomBase(1000) (random) size=65,536 -> 0.894 ms
[8.488s] RecursiveMsdRadixSortWithArraysAndCustomBase(1000) (random) size=131,072 -> 1.777 ms
[8.494s] RecursiveMsdRadixSortWithArraysAndCustomBase(1000) (random) size=262,144 -> 3.582 ms
[8.504s] RecursiveMsdRadixSortWithArraysAndCustomBase(1000) (random) size=524,288 -> 7.159 ms
[8.525s] RecursiveMsdRadixSortWithArraysAndCustomBase(1000) (random) size=1,048,576 -> 17.921 ms
[8.564s] RecursiveMsdRadixSortWithArraysAndCustomBase(1000) (random) size=2,097,152 -> 34.508 ms
[8.636s] RecursiveMsdRadixSortWithArraysAndCustomBase(1000) (random) size=4,194,304 -> 66.667 ms
[8.639s] RecursiveMsdRadixSortWithArraysAndCustomBase(1000) (ascending) size=1,024 -> 0.025 ms
[8.642s] RecursiveMsdRadixSortWithArraysAndCustomBase(1000) (ascending) size=2,048 -> 0.030 ms
[8.644s] RecursiveMsdRadixSortWithArraysAndCustomBase(1000) (ascending) size=4,096 -> 0.046 ms
[8.647s] RecursiveMsdRadixSortWithArraysAndCustomBase(1000) (ascending) size=8,192 -> 0.082 ms
[8.649s] RecursiveMsdRadixSortWithArraysAndCustomBase(1000) (ascending) size=16,384 -> 0.156 ms
[8.652s] RecursiveMsdRadixSortWithArraysAndCustomBase(1000) (ascending) size=32,768 -> 0.306 ms
[8.655s] RecursiveMsdRadixSortWithArraysAndCustomBase(1000) (ascending) size=65,536 -> 0.591 ms
[8.659s] RecursiveMsdRadixSortWithArraysAndCustomBase(1000) (ascending) size=131,072 -> 1.151 ms
[8.664s] RecursiveMsdRadixSortWithArraysAndCustomBase(1000) (ascending) size=262,144 -> 2.388 ms
[8.671s] RecursiveMsdRadixSortWithArraysAndCustomBase(1000) (ascending) size=524,288 -> 4.370 ms
[8.684s] RecursiveMsdRadixSortWithArraysAndCustomBase(1000) (ascending) size=1,048,576 -> 10.632 ms
[8.709s] RecursiveMsdRadixSortWithArraysAndCustomBase(1000) (ascending) size=2,097,152 -> 21.419 ms
[8.753s] RecursiveMsdRadixSortWithArraysAndCustomBase(1000) (ascending) size=4,194,304 -> 40.084 ms
[8.755s] RecursiveMsdRadixSortWithArraysAndCustomBase(1000) (descending) size=1,024 -> 0.024 ms
[8.758s] RecursiveMsdRadixSortWithArraysAndCustomBase(1000) (descending) size=2,048 -> 0.028 ms
[8.760s] RecursiveMsdRadixSortWithArraysAndCustomBase(1000) (descending) size=4,096 -> 0.054 ms
[8.763s] RecursiveMsdRadixSortWithArraysAndCustomBase(1000) (descending) size=8,192 -> 0.080 ms
[8.765s] RecursiveMsdRadixSortWithArraysAndCustomBase(1000) (descending) size=16,384 -> 0.158 ms
[8.768s] RecursiveMsdRadixSortWithArraysAndCustomBase(1000) (descending) size=32,768 -> 0.301 ms
[8.771s] RecursiveMsdRadixSortWithArraysAndCustomBase(1000) (descending) size=65,536 -> 0.589 ms
[8.775s] RecursiveMsdRadixSortWithArraysAndCustomBase(1000) (descending) size=131,072 -> 1.153 ms
[8.779s] RecursiveMsdRadixSortWithArraysAndCustomBase(1000) (descending) size=262,144 -> 2.292 ms
[8.786s] RecursiveMsdRadixSortWithArraysAndCustomBase(1000) (descending) size=524,288 -> 4.596 ms
[8.799s] RecursiveMsdRadixSortWithArraysAndCustomBase(1000) (descending) size=1,048,576 -> 9.886 ms
[8.822s] RecursiveMsdRadixSortWithArraysAndCustomBase(1000) (descending) size=2,097,152 -> 19.892 ms
[8.866s] RecursiveMsdRadixSortWithArraysAndCustomBase(1000) (descending) size=4,194,304 -> 39.571 ms
--- iteration 1 of 10 ---
[8.869s] RadixSortWithDynamicListsAndCustomBase(10) (random) size=1,024 -> 0.036 ms
[8.871s] RadixSortWithDynamicListsAndCustomBase(10) (random) size=2,048 -> 0.052 ms
[8.874s] RadixSortWithDynamicListsAndCustomBase(10) (random) size=4,096 -> 0.069 ms
[8.876s] RadixSortWithDynamicListsAndCustomBase(10) (random) size=8,192 -> 0.134 ms
[8.879s] RadixSortWithDynamicListsAndCustomBase(10) (random) size=16,384 -> 0.298 ms
[8.882s] RadixSortWithDynamicListsAndCustomBase(10) (random) size=32,768 -> 0.581 ms
[8.886s] RadixSortWithDynamicListsAndCustomBase(10) (random) size=65,536 -> 1.151 ms
[8.891s] RadixSortWithDynamicListsAndCustomBase(10) (random) size=131,072 -> 2.740 ms
[8.900s] RadixSortWithDynamicListsAndCustomBase(10) (random) size=262,144 -> 5.554 ms
[8.915s] RadixSortWithDynamicListsAndCustomBase(10) (random) size=524,288 -> 11.791 ms
[8.951s] RadixSortWithDynamicListsAndCustomBase(10) (random) size=1,048,576 -> 32.712 ms
[9.044s] RadixSortWithDynamicListsAndCustomBase(10) (random) size=2,097,152 -> 89.243 ms
[9.223s] RadixSortWithDynamicListsAndCustomBase(10) (random) size=4,194,304 -> 172.662 ms
[9.670s] RadixSortWithDynamicListsAndCustomBase(10) (random) size=8,388,608 -> 438.353 ms
[10.631s] RadixSortWithDynamicListsAndCustomBase(10) (random) size=16,777,216 -> 941.889 ms
[12.890s] RadixSortWithDynamicListsAndCustomBase(10) (random) size=33,554,432 -> 2223.353 ms
[17.799s] RadixSortWithDynamicListsAndCustomBase(10) (random) size=67,108,864 -> 4738.774 ms
[17.805s] RadixSortWithDynamicListsAndCustomBase(10) (ascending) size=1,024 -> 0.035 ms
[17.810s] RadixSortWithDynamicListsAndCustomBase(10) (ascending) size=2,048 -> 0.042 ms
[17.814s] RadixSortWithDynamicListsAndCustomBase(10) (ascending) size=4,096 -> 0.080 ms
[17.819s] RadixSortWithDynamicListsAndCustomBase(10) (ascending) size=8,192 -> 0.134 ms
[17.824s] RadixSortWithDynamicListsAndCustomBase(10) (ascending) size=16,384 -> 0.294 ms
[17.829s] RadixSortWithDynamicListsAndCustomBase(10) (ascending) size=32,768 -> 0.603 ms
[17.835s] RadixSortWithDynamicListsAndCustomBase(10) (ascending) size=65,536 -> 1.241 ms
[17.842s] RadixSortWithDynamicListsAndCustomBase(10) (ascending) size=131,072 -> 2.814 ms
[17.853s] RadixSortWithDynamicListsAndCustomBase(10) (ascending) size=262,144 -> 5.647 ms
[17.870s] RadixSortWithDynamicListsAndCustomBase(10) (ascending) size=524,288 -> 11.694 ms
[17.903s] RadixSortWithDynamicListsAndCustomBase(10) (ascending) size=1,048,576 -> 28.140 ms
[17.970s] RadixSortWithDynamicListsAndCustomBase(10) (ascending) size=2,097,152 -> 61.746 ms
[18.106s] RadixSortWithDynamicListsAndCustomBase(10) (ascending) size=4,194,304 -> 130.215 ms
[18.502s] RadixSortWithDynamicListsAndCustomBase(10) (ascending) size=8,388,608 -> 389.465 ms
[19.660s] RadixSortWithDynamicListsAndCustomBase(10) (ascending) size=16,777,216 -> 1148.320 ms
[22.213s] RadixSortWithDynamicListsAndCustomBase(10) (ascending) size=33,554,432 -> 2539.764 ms
[27.739s] RadixSortWithDynamicListsAndCustomBase(10) (ascending) size=67,108,864 -> 5502.730 ms
[27.745s] RadixSortWithDynamicListsAndCustomBase(10) (descending) size=1,024 -> 0.044 ms
[27.749s] RadixSortWithDynamicListsAndCustomBase(10) (descending) size=2,048 -> 0.049 ms
[27.754s] RadixSortWithDynamicListsAndCustomBase(10) (descending) size=4,096 -> 0.078 ms
[27.759s] RadixSortWithDynamicListsAndCustomBase(10) (descending) size=8,192 -> 0.133 ms
[27.763s] RadixSortWithDynamicListsAndCustomBase(10) (descending) size=16,384 -> 0.321 ms
[27.769s] RadixSortWithDynamicListsAndCustomBase(10) (descending) size=32,768 -> 0.611 ms
[27.774s] RadixSortWithDynamicListsAndCustomBase(10) (descending) size=65,536 -> 1.223 ms
[27.782s] RadixSortWithDynamicListsAndCustomBase(10) (descending) size=131,072 -> 2.801 ms
[27.793s] RadixSortWithDynamicListsAndCustomBase(10) (descending) size=262,144 -> 5.616 ms
[27.810s] RadixSortWithDynamicListsAndCustomBase(10) (descending) size=524,288 -> 11.625 ms
[27.843s] RadixSortWithDynamicListsAndCustomBase(10) (descending) size=1,048,576 -> 27.907 ms
[27.910s] RadixSortWithDynamicListsAndCustomBase(10) (descending) size=2,097,152 -> 62.047 ms
[28.047s] RadixSortWithDynamicListsAndCustomBase(10) (descending) size=4,194,304 -> 130.697 ms
[28.444s] RadixSortWithDynamicListsAndCustomBase(10) (descending) size=8,388,608 -> 389.127 ms
[29.548s] RadixSortWithDynamicListsAndCustomBase(10) (descending) size=16,777,216 -> 1094.534 ms
[32.134s] RadixSortWithDynamicListsAndCustomBase(10) (descending) size=33,554,432 -> 2572.330 ms
[37.754s] RadixSortWithDynamicListsAndCustomBase(10) (descending) size=67,108,864 -> 5596.900 ms
[37.760s] RadixSortWithDynamicListsAndCustomBase(100) (random) size=1,024 -> 0.029 ms
[37.765s] RadixSortWithDynamicListsAndCustomBase(100) (random) size=2,048 -> 0.043 ms
[37.770s] RadixSortWithDynamicListsAndCustomBase(100) (random) size=4,096 -> 0.056 ms
[37.775s] RadixSortWithDynamicListsAndCustomBase(100) (random) size=8,192 -> 0.098 ms
[37.779s] RadixSortWithDynamicListsAndCustomBase(100) (random) size=16,384 -> 0.221 ms
[37.784s] RadixSortWithDynamicListsAndCustomBase(100) (random) size=32,768 -> 0.400 ms
[37.790s] RadixSortWithDynamicListsAndCustomBase(100) (random) size=65,536 -> 0.783 ms
[37.796s] RadixSortWithDynamicListsAndCustomBase(100) (random) size=131,072 -> 1.559 ms
[37.805s] RadixSortWithDynamicListsAndCustomBase(100) (random) size=262,144 -> 3.115 ms
[37.818s] RadixSortWithDynamicListsAndCustomBase(100) (random) size=524,288 -> 8.252 ms
[37.844s] RadixSortWithDynamicListsAndCustomBase(100) (random) size=1,048,576 -> 19.609 ms
[37.898s] RadixSortWithDynamicListsAndCustomBase(100) (random) size=2,097,152 -> 47.142 ms
[38.017s] RadixSortWithDynamicListsAndCustomBase(100) (random) size=4,194,304 -> 111.062 ms
[38.260s] RadixSortWithDynamicListsAndCustomBase(100) (random) size=8,388,608 -> 232.103 ms
[38.746s] RadixSortWithDynamicListsAndCustomBase(100) (random) size=16,777,216 -> 467.778 ms
[39.751s] RadixSortWithDynamicListsAndCustomBase(100) (random) size=33,554,432 -> 975.376 ms
[42.034s] RadixSortWithDynamicListsAndCustomBase(100) (random) size=67,108,864 -> 2228.098 ms
[42.040s] RadixSortWithDynamicListsAndCustomBase(100) (ascending) size=1,024 -> 0.020 ms
[42.044s] RadixSortWithDynamicListsAndCustomBase(100) (ascending) size=2,048 -> 0.026 ms
[42.049s] RadixSortWithDynamicListsAndCustomBase(100) (ascending) size=4,096 -> 0.042 ms
[42.054s] RadixSortWithDynamicListsAndCustomBase(100) (ascending) size=8,192 -> 0.071 ms
[42.058s] RadixSortWithDynamicListsAndCustomBase(100) (ascending) size=16,384 -> 0.189 ms
[42.063s] RadixSortWithDynamicListsAndCustomBase(100) (ascending) size=32,768 -> 0.369 ms
[42.069s] RadixSortWithDynamicListsAndCustomBase(100) (ascending) size=65,536 -> 0.714 ms
[42.075s] RadixSortWithDynamicListsAndCustomBase(100) (ascending) size=131,072 -> 1.463 ms
[42.083s] RadixSortWithDynamicListsAndCustomBase(100) (ascending) size=262,144 -> 2.934 ms
[42.094s] RadixSortWithDynamicListsAndCustomBase(100) (ascending) size=524,288 -> 6.160 ms
[42.116s] RadixSortWithDynamicListsAndCustomBase(100) (ascending) size=1,048,576 -> 16.605 ms
[42.156s] RadixSortWithDynamicListsAndCustomBase(100) (ascending) size=2,097,152 -> 34.215 ms
[42.235s] RadixSortWithDynamicListsAndCustomBase(100) (ascending) size=4,194,304 -> 73.125 ms
[42.407s] RadixSortWithDynamicListsAndCustomBase(100) (ascending) size=8,388,608 -> 165.188 ms
[42.857s] RadixSortWithDynamicListsAndCustomBase(100) (ascending) size=16,777,216 -> 441.107 ms
[43.897s] RadixSortWithDynamicListsAndCustomBase(100) (ascending) size=33,554,432 -> 1025.439 ms
[46.322s] RadixSortWithDynamicListsAndCustomBase(100) (ascending) size=67,108,864 -> 2402.774 ms
[46.328s] RadixSortWithDynamicListsAndCustomBase(100) (descending) size=1,024 -> 0.019 ms
[46.333s] RadixSortWithDynamicListsAndCustomBase(100) (descending) size=2,048 -> 0.029 ms
[46.337s] RadixSortWithDynamicListsAndCustomBase(100) (descending) size=4,096 -> 0.047 ms
[46.342s] RadixSortWithDynamicListsAndCustomBase(100) (descending) size=8,192 -> 0.077 ms
[46.347s] RadixSortWithDynamicListsAndCustomBase(100) (descending) size=16,384 -> 0.181 ms
[46.352s] RadixSortWithDynamicListsAndCustomBase(100) (descending) size=32,768 -> 0.348 ms
[46.357s] RadixSortWithDynamicListsAndCustomBase(100) (descending) size=65,536 -> 0.717 ms
[46.363s] RadixSortWithDynamicListsAndCustomBase(100) (descending) size=131,072 -> 1.437 ms
[46.371s] RadixSortWithDynamicListsAndCustomBase(100) (descending) size=262,144 -> 2.975 ms
[46.382s] RadixSortWithDynamicListsAndCustomBase(100) (descending) size=524,288 -> 6.487 ms
[46.405s] RadixSortWithDynamicListsAndCustomBase(100) (descending) size=1,048,576 -> 17.138 ms
[46.445s] RadixSortWithDynamicListsAndCustomBase(100) (descending) size=2,097,152 -> 34.265 ms
[46.524s] RadixSortWithDynamicListsAndCustomBase(100) (descending) size=4,194,304 -> 73.061 ms
[46.699s] RadixSortWithDynamicListsAndCustomBase(100) (descending) size=8,388,608 -> 167.767 ms
[47.149s] RadixSortWithDynamicListsAndCustomBase(100) (descending) size=16,777,216 -> 440.973 ms
[48.182s] RadixSortWithDynamicListsAndCustomBase(100) (descending) size=33,554,432 -> 1020.167 ms
[50.585s] RadixSortWithDynamicListsAndCustomBase(100) (descending) size=67,108,864 -> 2380.314 ms
[50.591s] RadixSortWithArraysAndCustomBase(10) (random) size=1,024 -> 0.025 ms
[50.596s] RadixSortWithArraysAndCustomBase(10) (random) size=2,048 -> 0.037 ms
[50.600s] RadixSortWithArraysAndCustomBase(10) (random) size=4,096 -> 0.055 ms
[50.605s] RadixSortWithArraysAndCustomBase(10) (random) size=8,192 -> 0.078 ms
[50.610s] RadixSortWithArraysAndCustomBase(10) (random) size=16,384 -> 0.193 ms
[50.615s] RadixSortWithArraysAndCustomBase(10) (random) size=32,768 -> 0.356 ms
[50.620s] RadixSortWithArraysAndCustomBase(10) (random) size=65,536 -> 0.691 ms
[50.626s] RadixSortWithArraysAndCustomBase(10) (random) size=131,072 -> 1.789 ms
[50.634s] RadixSortWithArraysAndCustomBase(10) (random) size=262,144 -> 3.409 ms
[50.646s] RadixSortWithArraysAndCustomBase(10) (random) size=524,288 -> 6.757 ms
[50.668s] RadixSortWithArraysAndCustomBase(10) (random) size=1,048,576 -> 16.068 ms
[50.707s] RadixSortWithArraysAndCustomBase(10) (random) size=2,097,152 -> 32.647 ms
[50.778s] RadixSortWithArraysAndCustomBase(10) (random) size=4,194,304 -> 63.273 ms
[50.915s] RadixSortWithArraysAndCustomBase(10) (random) size=8,388,608 -> 125.694 ms
[51.240s] RadixSortWithArraysAndCustomBase(10) (random) size=16,777,216 -> 306.991 ms
[51.867s] RadixSortWithArraysAndCustomBase(10) (random) size=33,554,432 -> 597.504 ms
[53.114s] RadixSortWithArraysAndCustomBase(10) (random) size=67,108,864 -> 1192.593 ms
[53.119s] RadixSortWithArraysAndCustomBase(10) (ascending) size=1,024 -> 0.023 ms
[53.124s] RadixSortWithArraysAndCustomBase(10) (ascending) size=2,048 -> 0.031 ms
[53.129s] RadixSortWithArraysAndCustomBase(10) (ascending) size=4,096 -> 0.049 ms
[53.134s] RadixSortWithArraysAndCustomBase(10) (ascending) size=8,192 -> 0.085 ms
[53.138s] RadixSortWithArraysAndCustomBase(10) (ascending) size=16,384 -> 0.184 ms
[53.144s] RadixSortWithArraysAndCustomBase(10) (ascending) size=32,768 -> 0.358 ms
[53.149s] RadixSortWithArraysAndCustomBase(10) (ascending) size=65,536 -> 0.686 ms
[53.155s] RadixSortWithArraysAndCustomBase(10) (ascending) size=131,072 -> 1.646 ms
[53.163s] RadixSortWithArraysAndCustomBase(10) (ascending) size=262,144 -> 3.298 ms
[53.175s] RadixSortWithArraysAndCustomBase(10) (ascending) size=524,288 -> 6.732 ms
[53.195s] RadixSortWithArraysAndCustomBase(10) (ascending) size=1,048,576 -> 15.409 ms
[53.232s] RadixSortWithArraysAndCustomBase(10) (ascending) size=2,097,152 -> 30.800 ms
[53.299s] RadixSortWithArraysAndCustomBase(10) (ascending) size=4,194,304 -> 61.452 ms
[53.430s] RadixSortWithArraysAndCustomBase(10) (ascending) size=8,388,608 -> 123.348 ms
[53.734s] RadixSortWithArraysAndCustomBase(10) (ascending) size=16,777,216 -> 294.815 ms
[54.339s] RadixSortWithArraysAndCustomBase(10) (ascending) size=33,554,432 -> 591.773 ms
[55.555s] RadixSortWithArraysAndCustomBase(10) (ascending) size=67,108,864 -> 1193.407 ms
[55.560s] RadixSortWithArraysAndCustomBase(10) (descending) size=1,024 -> 0.022 ms
[55.565s] RadixSortWithArraysAndCustomBase(10) (descending) size=2,048 -> 0.033 ms
[55.570s] RadixSortWithArraysAndCustomBase(10) (descending) size=4,096 -> 0.050 ms
[55.575s] RadixSortWithArraysAndCustomBase(10) (descending) size=8,192 -> 0.082 ms
[55.580s] RadixSortWithArraysAndCustomBase(10) (descending) size=16,384 -> 0.183 ms
[55.585s] RadixSortWithArraysAndCustomBase(10) (descending) size=32,768 -> 0.339 ms
[55.590s] RadixSortWithArraysAndCustomBase(10) (descending) size=65,536 -> 0.670 ms
[55.596s] RadixSortWithArraysAndCustomBase(10) (descending) size=131,072 -> 1.669 ms
[55.604s] RadixSortWithArraysAndCustomBase(10) (descending) size=262,144 -> 3.258 ms
[55.616s] RadixSortWithArraysAndCustomBase(10) (descending) size=524,288 -> 6.683 ms
[55.637s] RadixSortWithArraysAndCustomBase(10) (descending) size=1,048,576 -> 15.369 ms
[55.673s] RadixSortWithArraysAndCustomBase(10) (descending) size=2,097,152 -> 30.541 ms
[55.740s] RadixSortWithArraysAndCustomBase(10) (descending) size=4,194,304 -> 60.922 ms
[55.870s] RadixSortWithArraysAndCustomBase(10) (descending) size=8,388,608 -> 122.621 ms
[56.171s] RadixSortWithArraysAndCustomBase(10) (descending) size=16,777,216 -> 292.362 ms
[56.770s] RadixSortWithArraysAndCustomBase(10) (descending) size=33,554,432 -> 584.616 ms
[57.979s] RadixSortWithArraysAndCustomBase(10) (descending) size=67,108,864 -> 1187.008 ms
[57.984s] RadixSortWithArraysAndCustomBase(100) (random) size=1,024 -> 0.016 ms
[57.989s] RadixSortWithArraysAndCustomBase(100) (random) size=2,048 -> 0.024 ms
[57.993s] RadixSortWithArraysAndCustomBase(100) (random) size=4,096 -> 0.037 ms
[57.998s] RadixSortWithArraysAndCustomBase(100) (random) size=8,192 -> 0.054 ms
[58.003s] RadixSortWithArraysAndCustomBase(100) (random) size=16,384 -> 0.139 ms
[58.008s] RadixSortWithArraysAndCustomBase(100) (random) size=32,768 -> 0.235 ms
[58.013s] RadixSortWithArraysAndCustomBase(100) (random) size=65,536 -> 0.433 ms
[58.019s] RadixSortWithArraysAndCustomBase(100) (random) size=131,072 -> 0.847 ms
[58.025s] RadixSortWithArraysAndCustomBase(100) (random) size=262,144 -> 1.654 ms
[58.034s] RadixSortWithArraysAndCustomBase(100) (random) size=524,288 -> 3.358 ms
[58.049s] RadixSortWithArraysAndCustomBase(100) (random) size=1,048,576 -> 9.760 ms
[58.074s] RadixSortWithArraysAndCustomBase(100) (random) size=2,097,152 -> 19.117 ms
[58.119s] RadixSortWithArraysAndCustomBase(100) (random) size=4,194,304 -> 36.538 ms
[58.202s] RadixSortWithArraysAndCustomBase(100) (random) size=8,388,608 -> 71.709 ms
[58.362s] RadixSortWithArraysAndCustomBase(100) (random) size=16,777,216 -> 143.140 ms
[58.689s] RadixSortWithArraysAndCustomBase(100) (random) size=33,554,432 -> 297.548 ms
[59.440s] RadixSortWithArraysAndCustomBase(100) (random) size=67,108,864 -> 696.500 ms
[59.445s] RadixSortWithArraysAndCustomBase(100) (ascending) size=1,024 -> 0.017 ms
[59.450s] RadixSortWithArraysAndCustomBase(100) (ascending) size=2,048 -> 0.022 ms
[59.455s] RadixSortWithArraysAndCustomBase(100) (ascending) size=4,096 -> 0.032 ms
[59.459s] RadixSortWithArraysAndCustomBase(100) (ascending) size=8,192 -> 0.053 ms
[59.464s] RadixSortWithArraysAndCustomBase(100) (ascending) size=16,384 -> 0.136 ms
[59.469s] RadixSortWithArraysAndCustomBase(100) (ascending) size=32,768 -> 0.233 ms
[59.474s] RadixSortWithArraysAndCustomBase(100) (ascending) size=65,536 -> 0.435 ms
[59.480s] RadixSortWithArraysAndCustomBase(100) (ascending) size=131,072 -> 0.885 ms
[59.486s] RadixSortWithArraysAndCustomBase(100) (ascending) size=262,144 -> 1.680 ms
[59.495s] RadixSortWithArraysAndCustomBase(100) (ascending) size=524,288 -> 3.385 ms
[59.509s] RadixSortWithArraysAndCustomBase(100) (ascending) size=1,048,576 -> 9.288 ms
[59.532s] RadixSortWithArraysAndCustomBase(100) (ascending) size=2,097,152 -> 18.039 ms
[59.575s] RadixSortWithArraysAndCustomBase(100) (ascending) size=4,194,304 -> 36.498 ms
[59.654s] RadixSortWithArraysAndCustomBase(100) (ascending) size=8,388,608 -> 72.150 ms
[59.838s] RadixSortWithArraysAndCustomBase(100) (ascending) size=16,777,216 -> 174.411 ms
[60.286s] RadixSortWithArraysAndCustomBase(100) (ascending) size=33,554,432 -> 434.610 ms
[61.302s] RadixSortWithArraysAndCustomBase(100) (ascending) size=67,108,864 -> 993.927 ms
[61.307s] RadixSortWithArraysAndCustomBase(100) (descending) size=1,024 -> 0.014 ms
[61.312s] RadixSortWithArraysAndCustomBase(100) (descending) size=2,048 -> 0.020 ms
[61.317s] RadixSortWithArraysAndCustomBase(100) (descending) size=4,096 -> 0.030 ms
[61.321s] RadixSortWithArraysAndCustomBase(100) (descending) size=8,192 -> 0.050 ms
[61.326s] RadixSortWithArraysAndCustomBase(100) (descending) size=16,384 -> 0.123 ms
[61.331s] RadixSortWithArraysAndCustomBase(100) (descending) size=32,768 -> 0.233 ms
[61.336s] RadixSortWithArraysAndCustomBase(100) (descending) size=65,536 -> 0.426 ms
[61.342s] RadixSortWithArraysAndCustomBase(100) (descending) size=131,072 -> 0.848 ms
[61.348s] RadixSortWithArraysAndCustomBase(100) (descending) size=262,144 -> 1.655 ms
[61.357s] RadixSortWithArraysAndCustomBase(100) (descending) size=524,288 -> 3.346 ms
[61.371s] RadixSortWithArraysAndCustomBase(100) (descending) size=1,048,576 -> 9.172 ms
[61.394s] RadixSortWithArraysAndCustomBase(100) (descending) size=2,097,152 -> 17.830 ms
[61.436s] RadixSortWithArraysAndCustomBase(100) (descending) size=4,194,304 -> 35.776 ms
[61.514s] RadixSortWithArraysAndCustomBase(100) (descending) size=8,388,608 -> 70.854 ms
[61.695s] RadixSortWithArraysAndCustomBase(100) (descending) size=16,777,216 -> 172.480 ms
[62.140s] RadixSortWithArraysAndCustomBase(100) (descending) size=33,554,432 -> 431.220 ms
[63.147s] RadixSortWithArraysAndCustomBase(100) (descending) size=67,108,864 -> 985.263 ms
[63.152s] RadixSortWithCountingSortAndCustomBase(10) (random) size=1,024 -> 0.021 ms
[63.157s] RadixSortWithCountingSortAndCustomBase(10) (random) size=2,048 -> 0.033 ms
[63.162s] RadixSortWithCountingSortAndCustomBase(10) (random) size=4,096 -> 0.047 ms
[63.166s] RadixSortWithCountingSortAndCustomBase(10) (random) size=8,192 -> 0.077 ms
[63.171s] RadixSortWithCountingSortAndCustomBase(10) (random) size=16,384 -> 0.184 ms
[63.176s] RadixSortWithCountingSortAndCustomBase(10) (random) size=32,768 -> 0.317 ms
[63.181s] RadixSortWithCountingSortAndCustomBase(10) (random) size=65,536 -> 0.617 ms
[63.188s] RadixSortWithCountingSortAndCustomBase(10) (random) size=131,072 -> 1.536 ms
[63.196s] RadixSortWithCountingSortAndCustomBase(10) (random) size=262,144 -> 2.968 ms
[63.207s] RadixSortWithCountingSortAndCustomBase(10) (random) size=524,288 -> 5.950 ms
[63.227s] RadixSortWithCountingSortAndCustomBase(10) (random) size=1,048,576 -> 14.534 ms
[63.262s] RadixSortWithCountingSortAndCustomBase(10) (random) size=2,097,152 -> 29.022 ms
[63.325s] RadixSortWithCountingSortAndCustomBase(10) (random) size=4,194,304 -> 54.439 ms
[63.446s] RadixSortWithCountingSortAndCustomBase(10) (random) size=8,388,608 -> 110.409 ms
[63.724s] RadixSortWithCountingSortAndCustomBase(10) (random) size=16,777,216 -> 261.186 ms
[64.257s] RadixSortWithCountingSortAndCustomBase(10) (random) size=33,554,432 -> 502.727 ms
[65.316s] RadixSortWithCountingSortAndCustomBase(10) (random) size=67,108,864 -> 1005.186 ms
[65.322s] RadixSortWithCountingSortAndCustomBase(10) (ascending) size=1,024 -> 0.021 ms
[65.326s] RadixSortWithCountingSortAndCustomBase(10) (ascending) size=2,048 -> 0.029 ms
[65.331s] RadixSortWithCountingSortAndCustomBase(10) (ascending) size=4,096 -> 0.048 ms
[65.336s] RadixSortWithCountingSortAndCustomBase(10) (ascending) size=8,192 -> 0.082 ms
[65.341s] RadixSortWithCountingSortAndCustomBase(10) (ascending) size=16,384 -> 0.171 ms
[65.346s] RadixSortWithCountingSortAndCustomBase(10) (ascending) size=32,768 -> 0.318 ms
[65.352s] RadixSortWithCountingSortAndCustomBase(10) (ascending) size=65,536 -> 0.667 ms
[65.358s] RadixSortWithCountingSortAndCustomBase(10) (ascending) size=131,072 -> 1.485 ms
[65.366s] RadixSortWithCountingSortAndCustomBase(10) (ascending) size=262,144 -> 2.927 ms
[65.377s] RadixSortWithCountingSortAndCustomBase(10) (ascending) size=524,288 -> 5.975 ms
[65.395s] RadixSortWithCountingSortAndCustomBase(10) (ascending) size=1,048,576 -> 13.816 ms
[65.429s] RadixSortWithCountingSortAndCustomBase(10) (ascending) size=2,097,152 -> 27.693 ms
[65.489s] RadixSortWithCountingSortAndCustomBase(10) (ascending) size=4,194,304 -> 54.658 ms
[65.606s] RadixSortWithCountingSortAndCustomBase(10) (ascending) size=8,388,608 -> 109.595 ms
[65.866s] RadixSortWithCountingSortAndCustomBase(10) (ascending) size=16,777,216 -> 250.364 ms
[66.379s] RadixSortWithCountingSortAndCustomBase(10) (ascending) size=33,554,432 -> 499.440 ms
[67.407s] RadixSortWithCountingSortAndCustomBase(10) (ascending) size=67,108,864 -> 1006.035 ms
[67.412s] RadixSortWithCountingSortAndCustomBase(10) (descending) size=1,024 -> 0.018 ms
[67.417s] RadixSortWithCountingSortAndCustomBase(10) (descending) size=2,048 -> 0.031 ms
[67.421s] RadixSortWithCountingSortAndCustomBase(10) (descending) size=4,096 -> 0.047 ms
[67.426s] RadixSortWithCountingSortAndCustomBase(10) (descending) size=8,192 -> 0.079 ms
[67.431s] RadixSortWithCountingSortAndCustomBase(10) (descending) size=16,384 -> 0.171 ms
[67.436s] RadixSortWithCountingSortAndCustomBase(10) (descending) size=32,768 -> 0.318 ms
[67.442s] RadixSortWithCountingSortAndCustomBase(10) (descending) size=65,536 -> 0.620 ms
[67.448s] RadixSortWithCountingSortAndCustomBase(10) (descending) size=131,072 -> 1.476 ms
[67.456s] RadixSortWithCountingSortAndCustomBase(10) (descending) size=262,144 -> 2.890 ms
[67.466s] RadixSortWithCountingSortAndCustomBase(10) (descending) size=524,288 -> 5.877 ms
[67.485s] RadixSortWithCountingSortAndCustomBase(10) (descending) size=1,048,576 -> 13.530 ms
[67.518s] RadixSortWithCountingSortAndCustomBase(10) (descending) size=2,097,152 -> 27.168 ms
[67.578s] RadixSortWithCountingSortAndCustomBase(10) (descending) size=4,194,304 -> 54.219 ms
[67.694s] RadixSortWithCountingSortAndCustomBase(10) (descending) size=8,388,608 -> 109.195 ms
[67.953s] RadixSortWithCountingSortAndCustomBase(10) (descending) size=16,777,216 -> 249.335 ms
[68.464s] RadixSortWithCountingSortAndCustomBase(10) (descending) size=33,554,432 -> 497.633 ms
[69.490s] RadixSortWithCountingSortAndCustomBase(10) (descending) size=67,108,864 -> 1003.435 ms
[69.495s] RadixSortWithCountingSortAndCustomBase(100) (random) size=1,024 -> 0.013 ms
[69.500s] RadixSortWithCountingSortAndCustomBase(100) (random) size=2,048 -> 0.016 ms
[69.505s] RadixSortWithCountingSortAndCustomBase(100) (random) size=4,096 -> 0.025 ms
[69.510s] RadixSortWithCountingSortAndCustomBase(100) (random) size=8,192 -> 0.043 ms
[69.515s] RadixSortWithCountingSortAndCustomBase(100) (random) size=16,384 -> 0.129 ms
[69.520s] RadixSortWithCountingSortAndCustomBase(100) (random) size=32,768 -> 0.208 ms
[69.525s] RadixSortWithCountingSortAndCustomBase(100) (random) size=65,536 -> 0.406 ms
[69.531s] RadixSortWithCountingSortAndCustomBase(100) (random) size=131,072 -> 0.793 ms
[69.538s] RadixSortWithCountingSortAndCustomBase(100) (random) size=262,144 -> 1.580 ms
[69.547s] RadixSortWithCountingSortAndCustomBase(100) (random) size=524,288 -> 3.162 ms
[69.561s] RadixSortWithCountingSortAndCustomBase(100) (random) size=1,048,576 -> 8.693 ms
[69.586s] RadixSortWithCountingSortAndCustomBase(100) (random) size=2,097,152 -> 17.899 ms
[69.625s] RadixSortWithCountingSortAndCustomBase(100) (random) size=4,194,304 -> 31.707 ms
[69.700s] RadixSortWithCountingSortAndCustomBase(100) (random) size=8,388,608 -> 63.371 ms
[69.844s] RadixSortWithCountingSortAndCustomBase(100) (random) size=16,777,216 -> 126.521 ms
[70.126s] RadixSortWithCountingSortAndCustomBase(100) (random) size=33,554,432 -> 252.715 ms
[70.691s] RadixSortWithCountingSortAndCustomBase(100) (random) size=67,108,864 -> 510.870 ms
[70.696s] RadixSortWithCountingSortAndCustomBase(100) (ascending) size=1,024 -> 0.015 ms
[70.701s] RadixSortWithCountingSortAndCustomBase(100) (ascending) size=2,048 -> 0.018 ms
[70.705s] RadixSortWithCountingSortAndCustomBase(100) (ascending) size=4,096 -> 0.030 ms
[70.710s] RadixSortWithCountingSortAndCustomBase(100) (ascending) size=8,192 -> 0.045 ms
[70.715s] RadixSortWithCountingSortAndCustomBase(100) (ascending) size=16,384 -> 0.116 ms
[70.720s] RadixSortWithCountingSortAndCustomBase(100) (ascending) size=32,768 -> 0.217 ms
[70.726s] RadixSortWithCountingSortAndCustomBase(100) (ascending) size=65,536 -> 0.419 ms
[70.731s] RadixSortWithCountingSortAndCustomBase(100) (ascending) size=131,072 -> 0.822 ms
[70.738s] RadixSortWithCountingSortAndCustomBase(100) (ascending) size=262,144 -> 1.630 ms
[70.746s] RadixSortWithCountingSortAndCustomBase(100) (ascending) size=524,288 -> 3.237 ms
[70.760s] RadixSortWithCountingSortAndCustomBase(100) (ascending) size=1,048,576 -> 8.466 ms
[70.783s] RadixSortWithCountingSortAndCustomBase(100) (ascending) size=2,097,152 -> 17.006 ms
[70.823s] RadixSortWithCountingSortAndCustomBase(100) (ascending) size=4,194,304 -> 34.272 ms
[70.896s] RadixSortWithCountingSortAndCustomBase(100) (ascending) size=8,388,608 -> 65.578 ms
[71.036s] RadixSortWithCountingSortAndCustomBase(100) (ascending) size=16,777,216 -> 130.636 ms
[71.312s] RadixSortWithCountingSortAndCustomBase(100) (ascending) size=33,554,432 -> 262.820 ms
[71.864s] RadixSortWithCountingSortAndCustomBase(100) (ascending) size=67,108,864 -> 530.140 ms
[71.869s] RadixSortWithCountingSortAndCustomBase(100) (descending) size=1,024 -> 0.012 ms
[71.874s] RadixSortWithCountingSortAndCustomBase(100) (descending) size=2,048 -> 0.016 ms
[71.878s] RadixSortWithCountingSortAndCustomBase(100) (descending) size=4,096 -> 0.026 ms
[71.883s] RadixSortWithCountingSortAndCustomBase(100) (descending) size=8,192 -> 0.045 ms
[71.888s] RadixSortWithCountingSortAndCustomBase(100) (descending) size=16,384 -> 0.107 ms
[71.892s] RadixSortWithCountingSortAndCustomBase(100) (descending) size=32,768 -> 0.200 ms
[71.897s] RadixSortWithCountingSortAndCustomBase(100) (descending) size=65,536 -> 0.383 ms
[71.903s] RadixSortWithCountingSortAndCustomBase(100) (descending) size=131,072 -> 0.748 ms
[71.909s] RadixSortWithCountingSortAndCustomBase(100) (descending) size=262,144 -> 1.482 ms
[71.917s] RadixSortWithCountingSortAndCustomBase(100) (descending) size=524,288 -> 2.958 ms
[71.930s] RadixSortWithCountingSortAndCustomBase(100) (descending) size=1,048,576 -> 8.056 ms
[71.951s] RadixSortWithCountingSortAndCustomBase(100) (descending) size=2,097,152 -> 15.797 ms
[71.990s] RadixSortWithCountingSortAndCustomBase(100) (descending) size=4,194,304 -> 32.300 ms
[72.061s] RadixSortWithCountingSortAndCustomBase(100) (descending) size=8,388,608 -> 63.885 ms
[72.198s] RadixSortWithCountingSortAndCustomBase(100) (descending) size=16,777,216 -> 128.183 ms
[72.471s] RadixSortWithCountingSortAndCustomBase(100) (descending) size=33,554,432 -> 259.241 ms
[73.014s] RadixSortWithCountingSortAndCustomBase(100) (descending) size=67,108,864 -> 521.494 ms
[73.019s] RecursiveMsdRadixSortWithArraysAndCustomBase(10) (random) size=1,024 -> 0.042 ms
[73.024s] RecursiveMsdRadixSortWithArraysAndCustomBase(10) (random) size=2,048 -> 0.059 ms
[73.029s] RecursiveMsdRadixSortWithArraysAndCustomBase(10) (random) size=4,096 -> 0.114 ms
[73.034s] RecursiveMsdRadixSortWithArraysAndCustomBase(10) (random) size=8,192 -> 0.201 ms
[73.039s] RecursiveMsdRadixSortWithArraysAndCustomBase(10) (random) size=16,384 -> 0.425 ms
[73.044s] RecursiveMsdRadixSortWithArraysAndCustomBase(10) (random) size=32,768 -> 0.797 ms
[73.051s] RecursiveMsdRadixSortWithArraysAndCustomBase(10) (random) size=65,536 -> 1.578 ms
[73.059s] RecursiveMsdRadixSortWithArraysAndCustomBase(10) (random) size=131,072 -> 3.735 ms
[73.072s] RecursiveMsdRadixSortWithArraysAndCustomBase(10) (random) size=262,144 -> 7.327 ms
[73.092s] RecursiveMsdRadixSortWithArraysAndCustomBase(10) (random) size=524,288 -> 14.583 ms
[73.129s] RecursiveMsdRadixSortWithArraysAndCustomBase(10) (random) size=1,048,576 -> 31.502 ms
[73.198s] RecursiveMsdRadixSortWithArraysAndCustomBase(10) (random) size=2,097,152 -> 62.036 ms
[73.327s] RecursiveMsdRadixSortWithArraysAndCustomBase(10) (random) size=4,194,304 -> 121.209 ms
[73.581s] RecursiveMsdRadixSortWithArraysAndCustomBase(10) (random) size=8,388,608 -> 242.104 ms
[74.156s] RecursiveMsdRadixSortWithArraysAndCustomBase(10) (random) size=16,777,216 -> 557.260 ms
[75.275s] RecursiveMsdRadixSortWithArraysAndCustomBase(10) (random) size=33,554,432 -> 1089.307 ms
[77.503s] RecursiveMsdRadixSortWithArraysAndCustomBase(10) (random) size=67,108,864 -> 2172.859 ms
[77.509s] RecursiveMsdRadixSortWithArraysAndCustomBase(10) (ascending) size=1,024 -> 0.024 ms
[77.513s] RecursiveMsdRadixSortWithArraysAndCustomBase(10) (ascending) size=2,048 -> 0.048 ms
[77.518s] RecursiveMsdRadixSortWithArraysAndCustomBase(10) (ascending) size=4,096 -> 0.080 ms
[77.523s] RecursiveMsdRadixSortWithArraysAndCustomBase(10) (ascending) size=8,192 -> 0.142 ms
[77.528s] RecursiveMsdRadixSortWithArraysAndCustomBase(10) (ascending) size=16,384 -> 0.288 ms
[77.534s] RecursiveMsdRadixSortWithArraysAndCustomBase(10) (ascending) size=32,768 -> 0.569 ms
[77.540s] RecursiveMsdRadixSortWithArraysAndCustomBase(10) (ascending) size=65,536 -> 1.178 ms
[77.547s] RecursiveMsdRadixSortWithArraysAndCustomBase(10) (ascending) size=131,072 -> 2.698 ms
[77.557s] RecursiveMsdRadixSortWithArraysAndCustomBase(10) (ascending) size=262,144 -> 5.580 ms
[77.574s] RecursiveMsdRadixSortWithArraysAndCustomBase(10) (ascending) size=524,288 -> 11.474 ms
[77.602s] RecursiveMsdRadixSortWithArraysAndCustomBase(10) (ascending) size=1,048,576 -> 22.940 ms
[77.657s] RecursiveMsdRadixSortWithArraysAndCustomBase(10) (ascending) size=2,097,152 -> 48.772 ms
[77.757s] RecursiveMsdRadixSortWithArraysAndCustomBase(10) (ascending) size=4,194,304 -> 94.039 ms
[77.950s] RecursiveMsdRadixSortWithArraysAndCustomBase(10) (ascending) size=8,388,608 -> 186.300 ms
[78.395s] RecursiveMsdRadixSortWithArraysAndCustomBase(10) (ascending) size=16,777,216 -> 435.248 ms
[79.279s] RecursiveMsdRadixSortWithArraysAndCustomBase(10) (ascending) size=33,554,432 -> 870.138 ms
[81.054s] RecursiveMsdRadixSortWithArraysAndCustomBase(10) (ascending) size=67,108,864 -> 1752.146 ms
[81.060s] RecursiveMsdRadixSortWithArraysAndCustomBase(10) (descending) size=1,024 -> 0.028 ms
[81.065s] RecursiveMsdRadixSortWithArraysAndCustomBase(10) (descending) size=2,048 -> 0.050 ms
[81.069s] RecursiveMsdRadixSortWithArraysAndCustomBase(10) (descending) size=4,096 -> 0.082 ms
[81.074s] RecursiveMsdRadixSortWithArraysAndCustomBase(10) (descending) size=8,192 -> 0.153 ms
[81.079s] RecursiveMsdRadixSortWithArraysAndCustomBase(10) (descending) size=16,384 -> 0.305 ms
[81.085s] RecursiveMsdRadixSortWithArraysAndCustomBase(10) (descending) size=32,768 -> 0.583 ms
[81.091s] RecursiveMsdRadixSortWithArraysAndCustomBase(10) (descending) size=65,536 -> 1.179 ms
[81.098s] RecursiveMsdRadixSortWithArraysAndCustomBase(10) (descending) size=131,072 -> 2.964 ms
[81.110s] RecursiveMsdRadixSortWithArraysAndCustomBase(10) (descending) size=262,144 -> 6.400 ms
[81.127s] RecursiveMsdRadixSortWithArraysAndCustomBase(10) (descending) size=524,288 -> 12.420 ms
[81.157s] RecursiveMsdRadixSortWithArraysAndCustomBase(10) (descending) size=1,048,576 -> 24.618 ms
[81.212s] RecursiveMsdRadixSortWithArraysAndCustomBase(10) (descending) size=2,097,152 -> 49.372 ms
[81.316s] RecursiveMsdRadixSortWithArraysAndCustomBase(10) (descending) size=4,194,304 -> 98.115 ms
[81.517s] RecursiveMsdRadixSortWithArraysAndCustomBase(10) (descending) size=8,388,608 -> 193.764 ms
[81.992s] RecursiveMsdRadixSortWithArraysAndCustomBase(10) (descending) size=16,777,216 -> 465.148 ms
[82.928s] RecursiveMsdRadixSortWithArraysAndCustomBase(10) (descending) size=33,554,432 -> 922.253 ms
[84.791s] RecursiveMsdRadixSortWithArraysAndCustomBase(10) (descending) size=67,108,864 -> 1840.755 ms
[84.797s] RecursiveMsdRadixSortWithArraysAndCustomBase(1000) (random) size=1,024 -> 0.031 ms
[84.802s] RecursiveMsdRadixSortWithArraysAndCustomBase(1000) (random) size=2,048 -> 0.046 ms
[84.807s] RecursiveMsdRadixSortWithArraysAndCustomBase(1000) (random) size=4,096 -> 0.072 ms
[84.812s] RecursiveMsdRadixSortWithArraysAndCustomBase(1000) (random) size=8,192 -> 0.129 ms
[84.817s] RecursiveMsdRadixSortWithArraysAndCustomBase(1000) (random) size=16,384 -> 0.239 ms
[84.822s] RecursiveMsdRadixSortWithArraysAndCustomBase(1000) (random) size=32,768 -> 0.465 ms
[84.828s] RecursiveMsdRadixSortWithArraysAndCustomBase(1000) (random) size=65,536 -> 0.913 ms
[84.835s] RecursiveMsdRadixSortWithArraysAndCustomBase(1000) (random) size=131,072 -> 1.850 ms
[84.843s] RecursiveMsdRadixSortWithArraysAndCustomBase(1000) (random) size=262,144 -> 3.616 ms
[84.856s] RecursiveMsdRadixSortWithArraysAndCustomBase(1000) (random) size=524,288 -> 7.372 ms
[84.880s] RecursiveMsdRadixSortWithArraysAndCustomBase(1000) (random) size=1,048,576 -> 18.215 ms
[84.921s] RecursiveMsdRadixSortWithArraysAndCustomBase(1000) (random) size=2,097,152 -> 34.516 ms
[84.996s] RecursiveMsdRadixSortWithArraysAndCustomBase(1000) (random) size=4,194,304 -> 67.070 ms
[85.141s] RecursiveMsdRadixSortWithArraysAndCustomBase(1000) (random) size=8,388,608 -> 134.171 ms
[85.427s] RecursiveMsdRadixSortWithArraysAndCustomBase(1000) (random) size=16,777,216 -> 268.504 ms
[85.993s] RecursiveMsdRadixSortWithArraysAndCustomBase(1000) (random) size=33,554,432 -> 536.423 ms
[87.150s] RecursiveMsdRadixSortWithArraysAndCustomBase(1000) (random) size=67,108,864 -> 1103.180 ms
[87.155s] RecursiveMsdRadixSortWithArraysAndCustomBase(1000) (ascending) size=1,024 -> 0.028 ms
[87.160s] RecursiveMsdRadixSortWithArraysAndCustomBase(1000) (ascending) size=2,048 -> 0.039 ms
[87.165s] RecursiveMsdRadixSortWithArraysAndCustomBase(1000) (ascending) size=4,096 -> 0.057 ms
[87.170s] RecursiveMsdRadixSortWithArraysAndCustomBase(1000) (ascending) size=8,192 -> 0.096 ms
[87.175s] RecursiveMsdRadixSortWithArraysAndCustomBase(1000) (ascending) size=16,384 -> 0.168 ms
[87.180s] RecursiveMsdRadixSortWithArraysAndCustomBase(1000) (ascending) size=32,768 -> 0.310 ms
[87.186s] RecursiveMsdRadixSortWithArraysAndCustomBase(1000) (ascending) size=65,536 -> 0.614 ms
[87.192s] RecursiveMsdRadixSortWithArraysAndCustomBase(1000) (ascending) size=131,072 -> 1.195 ms
[87.199s] RecursiveMsdRadixSortWithArraysAndCustomBase(1000) (ascending) size=262,144 -> 2.321 ms
[87.209s] RecursiveMsdRadixSortWithArraysAndCustomBase(1000) (ascending) size=524,288 -> 4.720 ms
[87.225s] RecursiveMsdRadixSortWithArraysAndCustomBase(1000) (ascending) size=1,048,576 -> 10.695 ms
[87.251s] RecursiveMsdRadixSortWithArraysAndCustomBase(1000) (ascending) size=2,097,152 -> 20.499 ms
[87.297s] RecursiveMsdRadixSortWithArraysAndCustomBase(1000) (ascending) size=4,194,304 -> 40.714 ms
[87.385s] RecursiveMsdRadixSortWithArraysAndCustomBase(1000) (ascending) size=8,388,608 -> 80.916 ms
[87.556s] RecursiveMsdRadixSortWithArraysAndCustomBase(1000) (ascending) size=16,777,216 -> 161.766 ms
[87.894s] RecursiveMsdRadixSortWithArraysAndCustomBase(1000) (ascending) size=33,554,432 -> 323.841 ms
[88.563s] RecursiveMsdRadixSortWithArraysAndCustomBase(1000) (ascending) size=67,108,864 -> 647.575 ms
[88.569s] RecursiveMsdRadixSortWithArraysAndCustomBase(1000) (descending) size=1,024 -> 0.026 ms
[88.573s] RecursiveMsdRadixSortWithArraysAndCustomBase(1000) (descending) size=2,048 -> 0.038 ms
[88.578s] RecursiveMsdRadixSortWithArraysAndCustomBase(1000) (descending) size=4,096 -> 0.055 ms
[88.583s] RecursiveMsdRadixSortWithArraysAndCustomBase(1000) (descending) size=8,192 -> 0.084 ms
[88.588s] RecursiveMsdRadixSortWithArraysAndCustomBase(1000) (descending) size=16,384 -> 0.162 ms
[88.593s] RecursiveMsdRadixSortWithArraysAndCustomBase(1000) (descending) size=32,768 -> 0.280 ms
[88.598s] RecursiveMsdRadixSortWithArraysAndCustomBase(1000) (descending) size=65,536 -> 0.585 ms
[88.604s] RecursiveMsdRadixSortWithArraysAndCustomBase(1000) (descending) size=131,072 -> 1.170 ms
[88.611s] RecursiveMsdRadixSortWithArraysAndCustomBase(1000) (descending) size=262,144 -> 2.339 ms
[88.621s] RecursiveMsdRadixSortWithArraysAndCustomBase(1000) (descending) size=524,288 -> 4.649 ms
[88.637s] RecursiveMsdRadixSortWithArraysAndCustomBase(1000) (descending) size=1,048,576 -> 10.564 ms
[88.663s] RecursiveMsdRadixSortWithArraysAndCustomBase(1000) (descending) size=2,097,152 -> 21.014 ms
[88.710s] RecursiveMsdRadixSortWithArraysAndCustomBase(1000) (descending) size=4,194,304 -> 40.289 ms
[88.797s] RecursiveMsdRadixSortWithArraysAndCustomBase(1000) (descending) size=8,388,608 -> 80.277 ms
[88.966s] RecursiveMsdRadixSortWithArraysAndCustomBase(1000) (descending) size=16,777,216 -> 159.779 ms
[89.298s] RecursiveMsdRadixSortWithArraysAndCustomBase(1000) (descending) size=33,554,432 -> 318.661 ms
[89.955s] RecursiveMsdRadixSortWithArraysAndCustomBase(1000) (descending) size=67,108,864 -> 634.763 ms
--- iteration 2 of 10 ---
[89.960s] RadixSortWithDynamicListsAndCustomBase(10) (random) size=1,024 -> 0.028 ms
[89.965s] RadixSortWithDynamicListsAndCustomBase(10) (random) size=2,048 -> 0.042 ms
[89.970s] RadixSortWithDynamicListsAndCustomBase(10) (random) size=4,096 -> 0.071 ms
[89.975s] RadixSortWithDynamicListsAndCustomBase(10) (random) size=8,192 -> 0.129 ms
[89.980s] RadixSortWithDynamicListsAndCustomBase(10) (random) size=16,384 -> 0.298 ms
[89.986s] RadixSortWithDynamicListsAndCustomBase(10) (random) size=32,768 -> 0.609 ms
[89.992s] RadixSortWithDynamicListsAndCustomBase(10) (random) size=65,536 -> 1.169 ms
[89.999s] RadixSortWithDynamicListsAndCustomBase(10) (random) size=131,072 -> 2.779 ms
[90.010s] RadixSortWithDynamicListsAndCustomBase(10) (random) size=262,144 -> 5.563 ms
[90.027s] RadixSortWithDynamicListsAndCustomBase(10) (random) size=524,288 -> 11.695 ms
[90.065s] RadixSortWithDynamicListsAndCustomBase(10) (random) size=1,048,576 -> 32.537 ms
[90.160s] RadixSortWithDynamicListsAndCustomBase(10) (random) size=2,097,152 -> 87.427 ms
[90.332s] RadixSortWithDynamicListsAndCustomBase(10) (random) size=4,194,304 -> 164.470 ms
[90.646s] RadixSortWithDynamicListsAndCustomBase(10) (random) size=8,388,608 -> 302.617 ms
[91.310s] RadixSortWithDynamicListsAndCustomBase(10) (random) size=16,777,216 -> 646.867 ms
[92.651s] RadixSortWithDynamicListsAndCustomBase(10) (random) size=33,554,432 -> 1311.588 ms
[98.022s] RadixSortWithDynamicListsAndCustomBase(10) (random) size=67,108,864 -> 5315.593 ms
[98.030s] RadixSortWithDynamicListsAndCustomBase(10) (ascending) size=1,024 -> 0.026 ms
[98.034s] RadixSortWithDynamicListsAndCustomBase(10) (ascending) size=2,048 -> 0.045 ms
[98.039s] RadixSortWithDynamicListsAndCustomBase(10) (ascending) size=4,096 -> 0.068 ms
[98.044s] RadixSortWithDynamicListsAndCustomBase(10) (ascending) size=8,192 -> 0.137 ms
[98.049s] RadixSortWithDynamicListsAndCustomBase(10) (ascending) size=16,384 -> 0.298 ms
[98.054s] RadixSortWithDynamicListsAndCustomBase(10) (ascending) size=32,768 -> 0.603 ms
[98.060s] RadixSortWithDynamicListsAndCustomBase(10) (ascending) size=65,536 -> 1.252 ms
[98.068s] RadixSortWithDynamicListsAndCustomBase(10) (ascending) size=131,072 -> 2.833 ms
[98.079s] RadixSortWithDynamicListsAndCustomBase(10) (ascending) size=262,144 -> 5.770 ms
[98.095s] RadixSortWithDynamicListsAndCustomBase(10) (ascending) size=524,288 -> 11.607 ms
[98.129s] RadixSortWithDynamicListsAndCustomBase(10) (ascending) size=1,048,576 -> 28.094 ms
[98.196s] RadixSortWithDynamicListsAndCustomBase(10) (ascending) size=2,097,152 -> 61.421 ms
[98.333s] RadixSortWithDynamicListsAndCustomBase(10) (ascending) size=4,194,304 -> 131.067 ms
[98.625s] RadixSortWithDynamicListsAndCustomBase(10) (ascending) size=8,388,608 -> 284.836 ms
[99.680s] RadixSortWithDynamicListsAndCustomBase(10) (ascending) size=16,777,216 -> 1045.821 ms
[102.280s] RadixSortWithDynamicListsAndCustomBase(10) (ascending) size=33,554,432 -> 2585.788 ms
[107.814s] RadixSortWithDynamicListsAndCustomBase(10) (ascending) size=67,108,864 -> 5510.616 ms
[107.819s] RadixSortWithDynamicListsAndCustomBase(10) (descending) size=1,024 -> 0.029 ms
[107.824s] RadixSortWithDynamicListsAndCustomBase(10) (descending) size=2,048 -> 0.046 ms
[107.829s] RadixSortWithDynamicListsAndCustomBase(10) (descending) size=4,096 -> 0.069 ms
[107.834s] RadixSortWithDynamicListsAndCustomBase(10) (descending) size=8,192 -> 0.126 ms
[107.838s] RadixSortWithDynamicListsAndCustomBase(10) (descending) size=16,384 -> 0.298 ms
[107.844s] RadixSortWithDynamicListsAndCustomBase(10) (descending) size=32,768 -> 0.604 ms
[107.850s] RadixSortWithDynamicListsAndCustomBase(10) (descending) size=65,536 -> 1.241 ms
[107.857s] RadixSortWithDynamicListsAndCustomBase(10) (descending) size=131,072 -> 2.820 ms
[107.868s] RadixSortWithDynamicListsAndCustomBase(10) (descending) size=262,144 -> 5.659 ms
[107.885s] RadixSortWithDynamicListsAndCustomBase(10) (descending) size=524,288 -> 11.598 ms
[107.918s] RadixSortWithDynamicListsAndCustomBase(10) (descending) size=1,048,576 -> 27.962 ms
[107.986s] RadixSortWithDynamicListsAndCustomBase(10) (descending) size=2,097,152 -> 62.094 ms
[108.121s] RadixSortWithDynamicListsAndCustomBase(10) (descending) size=4,194,304 -> 129.496 ms
[108.517s] RadixSortWithDynamicListsAndCustomBase(10) (descending) size=8,388,608 -> 388.204 ms
[109.592s] RadixSortWithDynamicListsAndCustomBase(10) (descending) size=16,777,216 -> 1066.369 ms
[112.233s] RadixSortWithDynamicListsAndCustomBase(10) (descending) size=33,554,432 -> 2626.739 ms
[117.958s] RadixSortWithDynamicListsAndCustomBase(10) (descending) size=67,108,864 -> 5701.918 ms
[117.963s] RadixSortWithDynamicListsAndCustomBase(100) (random) size=1,024 -> 0.024 ms
[117.968s] RadixSortWithDynamicListsAndCustomBase(100) (random) size=2,048 -> 0.038 ms
[117.973s] RadixSortWithDynamicListsAndCustomBase(100) (random) size=4,096 -> 0.053 ms
[117.977s] RadixSortWithDynamicListsAndCustomBase(100) (random) size=8,192 -> 0.093 ms
[117.982s] RadixSortWithDynamicListsAndCustomBase(100) (random) size=16,384 -> 0.209 ms
[117.987s] RadixSortWithDynamicListsAndCustomBase(100) (random) size=32,768 -> 0.397 ms
[117.993s] RadixSortWithDynamicListsAndCustomBase(100) (random) size=65,536 -> 0.760 ms
[117.999s] RadixSortWithDynamicListsAndCustomBase(100) (random) size=131,072 -> 1.524 ms
[118.008s] RadixSortWithDynamicListsAndCustomBase(100) (random) size=262,144 -> 3.119 ms
[118.021s] RadixSortWithDynamicListsAndCustomBase(100) (random) size=524,288 -> 8.214 ms
[118.047s] RadixSortWithDynamicListsAndCustomBase(100) (random) size=1,048,576 -> 19.726 ms
[118.101s] RadixSortWithDynamicListsAndCustomBase(100) (random) size=2,097,152 -> 47.293 ms
[118.219s] RadixSortWithDynamicListsAndCustomBase(100) (random) size=4,194,304 -> 110.492 ms
[118.457s] RadixSortWithDynamicListsAndCustomBase(100) (random) size=8,388,608 -> 226.696 ms
[118.946s] RadixSortWithDynamicListsAndCustomBase(100) (random) size=16,777,216 -> 471.387 ms
[119.979s] RadixSortWithDynamicListsAndCustomBase(100) (random) size=33,554,432 -> 1002.897 ms
[121.993s] RadixSortWithDynamicListsAndCustomBase(100) (random) size=67,108,864 -> 1958.881 ms
[121.998s] RadixSortWithDynamicListsAndCustomBase(100) (ascending) size=1,024 -> 0.018 ms
[122.003s] RadixSortWithDynamicListsAndCustomBase(100) (ascending) size=2,048 -> 0.027 ms
[122.008s] RadixSortWithDynamicListsAndCustomBase(100) (ascending) size=4,096 -> 0.038 ms
[122.013s] RadixSortWithDynamicListsAndCustomBase(100) (ascending) size=8,192 -> 0.079 ms
[122.017s] RadixSortWithDynamicListsAndCustomBase(100) (ascending) size=16,384 -> 0.187 ms
[122.022s] RadixSortWithDynamicListsAndCustomBase(100) (ascending) size=32,768 -> 0.347 ms
[122.028s] RadixSortWithDynamicListsAndCustomBase(100) (ascending) size=65,536 -> 0.694 ms
[122.034s] RadixSortWithDynamicListsAndCustomBase(100) (ascending) size=131,072 -> 1.422 ms
[122.042s] RadixSortWithDynamicListsAndCustomBase(100) (ascending) size=262,144 -> 2.874 ms
[122.053s] RadixSortWithDynamicListsAndCustomBase(100) (ascending) size=524,288 -> 6.148 ms
[122.075s] RadixSortWithDynamicListsAndCustomBase(100) (ascending) size=1,048,576 -> 16.552 ms
[122.115s] RadixSortWithDynamicListsAndCustomBase(100) (ascending) size=2,097,152 -> 33.845 ms
[122.194s] RadixSortWithDynamicListsAndCustomBase(100) (ascending) size=4,194,304 -> 72.929 ms
[122.369s] RadixSortWithDynamicListsAndCustomBase(100) (ascending) size=8,388,608 -> 168.282 ms
[122.820s] RadixSortWithDynamicListsAndCustomBase(100) (ascending) size=16,777,216 -> 441.211 ms
[123.805s] RadixSortWithDynamicListsAndCustomBase(100) (ascending) size=33,554,432 -> 972.145 ms
[126.239s] RadixSortWithDynamicListsAndCustomBase(100) (ascending) size=67,108,864 -> 2411.720 ms
[126.245s] RadixSortWithDynamicListsAndCustomBase(100) (descending) size=1,024 -> 0.019 ms
[126.249s] RadixSortWithDynamicListsAndCustomBase(100) (descending) size=2,048 -> 0.023 ms
[126.254s] RadixSortWithDynamicListsAndCustomBase(100) (descending) size=4,096 -> 0.043 ms
[126.259s] RadixSortWithDynamicListsAndCustomBase(100) (descending) size=8,192 -> 0.071 ms
[126.264s] RadixSortWithDynamicListsAndCustomBase(100) (descending) size=16,384 -> 0.185 ms
[126.268s] RadixSortWithDynamicListsAndCustomBase(100) (descending) size=32,768 -> 0.337 ms
[126.274s] RadixSortWithDynamicListsAndCustomBase(100) (descending) size=65,536 -> 0.689 ms
[126.280s] RadixSortWithDynamicListsAndCustomBase(100) (descending) size=131,072 -> 1.410 ms
[126.287s] RadixSortWithDynamicListsAndCustomBase(100) (descending) size=262,144 -> 2.871 ms
[126.299s] RadixSortWithDynamicListsAndCustomBase(100) (descending) size=524,288 -> 6.545 ms
[126.321s] RadixSortWithDynamicListsAndCustomBase(100) (descending) size=1,048,576 -> 17.045 ms
[126.361s] RadixSortWithDynamicListsAndCustomBase(100) (descending) size=2,097,152 -> 34.273 ms
[126.440s] RadixSortWithDynamicListsAndCustomBase(100) (descending) size=4,194,304 -> 73.163 ms
[126.614s] RadixSortWithDynamicListsAndCustomBase(100) (descending) size=8,388,608 -> 166.523 ms
[127.064s] RadixSortWithDynamicListsAndCustomBase(100) (descending) size=16,777,216 -> 440.347 ms
[128.099s] RadixSortWithDynamicListsAndCustomBase(100) (descending) size=33,554,432 -> 1022.198 ms
[130.476s] RadixSortWithDynamicListsAndCustomBase(100) (descending) size=67,108,864 -> 2354.041 ms
[130.481s] RadixSortWithArraysAndCustomBase(10) (random) size=1,024 -> 0.018 ms
[130.486s] RadixSortWithArraysAndCustomBase(10) (random) size=2,048 -> 0.036 ms
[130.491s] RadixSortWithArraysAndCustomBase(10) (random) size=4,096 -> 0.050 ms
[130.496s] RadixSortWithArraysAndCustomBase(10) (random) size=8,192 -> 0.091 ms
[130.500s] RadixSortWithArraysAndCustomBase(10) (random) size=16,384 -> 0.201 ms
[130.505s] RadixSortWithArraysAndCustomBase(10) (random) size=32,768 -> 0.363 ms
[130.511s] RadixSortWithArraysAndCustomBase(10) (random) size=65,536 -> 0.697 ms
[130.517s] RadixSortWithArraysAndCustomBase(10) (random) size=131,072 -> 1.804 ms
[130.525s] RadixSortWithArraysAndCustomBase(10) (random) size=262,144 -> 3.454 ms
[130.537s] RadixSortWithArraysAndCustomBase(10) (random) size=524,288 -> 6.863 ms
[130.559s] RadixSortWithArraysAndCustomBase(10) (random) size=1,048,576 -> 16.026 ms
[130.599s] RadixSortWithArraysAndCustomBase(10) (random) size=2,097,152 -> 33.738 ms
[130.672s] RadixSortWithArraysAndCustomBase(10) (random) size=4,194,304 -> 63.854 ms
[130.809s] RadixSortWithArraysAndCustomBase(10) (random) size=8,388,608 -> 126.021 ms
[131.134s] RadixSortWithArraysAndCustomBase(10) (random) size=16,777,216 -> 307.024 ms
[131.762s] RadixSortWithArraysAndCustomBase(10) (random) size=33,554,432 -> 599.292 ms
[133.015s] RadixSortWithArraysAndCustomBase(10) (random) size=67,108,864 -> 1197.701 ms
[133.020s] RadixSortWithArraysAndCustomBase(10) (ascending) size=1,024 -> 0.017 ms
[133.025s] RadixSortWithArraysAndCustomBase(10) (ascending) size=2,048 -> 0.025 ms
[133.029s] RadixSortWithArraysAndCustomBase(10) (ascending) size=4,096 -> 0.050 ms
[133.034s] RadixSortWithArraysAndCustomBase(10) (ascending) size=8,192 -> 0.083 ms
[133.039s] RadixSortWithArraysAndCustomBase(10) (ascending) size=16,384 -> 0.187 ms
[133.044s] RadixSortWithArraysAndCustomBase(10) (ascending) size=32,768 -> 0.360 ms
[133.050s] RadixSortWithArraysAndCustomBase(10) (ascending) size=65,536 -> 0.683 ms
[133.056s] RadixSortWithArraysAndCustomBase(10) (ascending) size=131,072 -> 1.639 ms
[133.064s] RadixSortWithArraysAndCustomBase(10) (ascending) size=262,144 -> 3.250 ms
[133.076s] RadixSortWithArraysAndCustomBase(10) (ascending) size=524,288 -> 6.696 ms
[133.097s] RadixSortWithArraysAndCustomBase(10) (ascending) size=1,048,576 -> 15.562 ms
[133.133s] RadixSortWithArraysAndCustomBase(10) (ascending) size=2,097,152 -> 30.621 ms
[133.200s] RadixSortWithArraysAndCustomBase(10) (ascending) size=4,194,304 -> 61.421 ms
[133.331s] RadixSortWithArraysAndCustomBase(10) (ascending) size=8,388,608 -> 123.704 ms
[133.636s] RadixSortWithArraysAndCustomBase(10) (ascending) size=16,777,216 -> 295.930 ms
[134.242s] RadixSortWithArraysAndCustomBase(10) (ascending) size=33,554,432 -> 592.569 ms
[135.469s] RadixSortWithArraysAndCustomBase(10) (ascending) size=67,108,864 -> 1203.937 ms
[135.474s] RadixSortWithArraysAndCustomBase(10) (descending) size=1,024 -> 0.019 ms
[135.479s] RadixSortWithArraysAndCustomBase(10) (descending) size=2,048 -> 0.031 ms
[135.483s] RadixSortWithArraysAndCustomBase(10) (descending) size=4,096 -> 0.049 ms
[135.488s] RadixSortWithArraysAndCustomBase(10) (descending) size=8,192 -> 0.085 ms
[135.493s] RadixSortWithArraysAndCustomBase(10) (descending) size=16,384 -> 0.187 ms
[135.498s] RadixSortWithArraysAndCustomBase(10) (descending) size=32,768 -> 0.349 ms
[135.504s] RadixSortWithArraysAndCustomBase(10) (descending) size=65,536 -> 0.673 ms
[135.510s] RadixSortWithArraysAndCustomBase(10) (descending) size=131,072 -> 1.637 ms
[135.518s] RadixSortWithArraysAndCustomBase(10) (descending) size=262,144 -> 3.248 ms
[135.530s] RadixSortWithArraysAndCustomBase(10) (descending) size=524,288 -> 6.588 ms
[135.550s] RadixSortWithArraysAndCustomBase(10) (descending) size=1,048,576 -> 15.361 ms
[135.586s] RadixSortWithArraysAndCustomBase(10) (descending) size=2,097,152 -> 30.516 ms
[135.653s] RadixSortWithArraysAndCustomBase(10) (descending) size=4,194,304 -> 61.135 ms
[135.787s] RadixSortWithArraysAndCustomBase(10) (descending) size=8,388,608 -> 126.406 ms
[136.094s] RadixSortWithArraysAndCustomBase(10) (descending) size=16,777,216 -> 297.097 ms
[136.696s] RadixSortWithArraysAndCustomBase(10) (descending) size=33,554,432 -> 588.913 ms
[137.908s] RadixSortWithArraysAndCustomBase(10) (descending) size=67,108,864 -> 1189.555 ms
[137.913s] RadixSortWithArraysAndCustomBase(100) (random) size=1,024 -> 0.016 ms
[137.918s] RadixSortWithArraysAndCustomBase(100) (random) size=2,048 -> 0.023 ms
[137.923s] RadixSortWithArraysAndCustomBase(100) (random) size=4,096 -> 0.033 ms
[137.928s] RadixSortWithArraysAndCustomBase(100) (random) size=8,192 -> 0.054 ms
[137.933s] RadixSortWithArraysAndCustomBase(100) (random) size=16,384 -> 0.136 ms
[137.938s] RadixSortWithArraysAndCustomBase(100) (random) size=32,768 -> 0.230 ms
[137.943s] RadixSortWithArraysAndCustomBase(100) (random) size=65,536 -> 0.443 ms
[137.949s] RadixSortWithArraysAndCustomBase(100) (random) size=131,072 -> 0.846 ms
[137.955s] RadixSortWithArraysAndCustomBase(100) (random) size=262,144 -> 1.674 ms
[137.964s] RadixSortWithArraysAndCustomBase(100) (random) size=524,288 -> 3.358 ms
[137.979s] RadixSortWithArraysAndCustomBase(100) (random) size=1,048,576 -> 9.116 ms
[138.004s] RadixSortWithArraysAndCustomBase(100) (random) size=2,097,152 -> 19.342 ms
[138.048s] RadixSortWithArraysAndCustomBase(100) (random) size=4,194,304 -> 36.113 ms
[138.132s] RadixSortWithArraysAndCustomBase(100) (random) size=8,388,608 -> 71.884 ms
[138.292s] RadixSortWithArraysAndCustomBase(100) (random) size=16,777,216 -> 143.300 ms
[138.619s] RadixSortWithArraysAndCustomBase(100) (random) size=33,554,432 -> 297.076 ms
[139.377s] RadixSortWithArraysAndCustomBase(100) (random) size=67,108,864 -> 703.268 ms
[139.382s] RadixSortWithArraysAndCustomBase(100) (ascending) size=1,024 -> 0.013 ms
[139.387s] RadixSortWithArraysAndCustomBase(100) (ascending) size=2,048 -> 0.020 ms
[139.391s] RadixSortWithArraysAndCustomBase(100) (ascending) size=4,096 -> 0.031 ms
[139.396s] RadixSortWithArraysAndCustomBase(100) (ascending) size=8,192 -> 0.050 ms
[139.401s] RadixSortWithArraysAndCustomBase(100) (ascending) size=16,384 -> 0.120 ms
[139.406s] RadixSortWithArraysAndCustomBase(100) (ascending) size=32,768 -> 0.230 ms
[139.412s] RadixSortWithArraysAndCustomBase(100) (ascending) size=65,536 -> 0.440 ms
[139.417s] RadixSortWithArraysAndCustomBase(100) (ascending) size=131,072 -> 0.859 ms
[139.424s] RadixSortWithArraysAndCustomBase(100) (ascending) size=262,144 -> 1.698 ms
[139.432s] RadixSortWithArraysAndCustomBase(100) (ascending) size=524,288 -> 3.451 ms
[139.446s] RadixSortWithArraysAndCustomBase(100) (ascending) size=1,048,576 -> 9.161 ms
[139.470s] RadixSortWithArraysAndCustomBase(100) (ascending) size=2,097,152 -> 17.879 ms
[139.512s] RadixSortWithArraysAndCustomBase(100) (ascending) size=4,194,304 -> 36.200 ms
[139.591s] RadixSortWithArraysAndCustomBase(100) (ascending) size=8,388,608 -> 72.343 ms
[139.779s] RadixSortWithArraysAndCustomBase(100) (ascending) size=16,777,216 -> 178.412 ms
[140.230s] RadixSortWithArraysAndCustomBase(100) (ascending) size=33,554,432 -> 436.930 ms
[141.249s] RadixSortWithArraysAndCustomBase(100) (ascending) size=67,108,864 -> 996.999 ms
[141.254s] RadixSortWithArraysAndCustomBase(100) (descending) size=1,024 -> 0.014 ms
[141.258s] RadixSortWithArraysAndCustomBase(100) (descending) size=2,048 -> 0.020 ms
[141.263s] RadixSortWithArraysAndCustomBase(100) (descending) size=4,096 -> 0.030 ms
[141.268s] RadixSortWithArraysAndCustomBase(100) (descending) size=8,192 -> 0.051 ms
[141.273s] RadixSortWithArraysAndCustomBase(100) (descending) size=16,384 -> 0.120 ms
[141.278s] RadixSortWithArraysAndCustomBase(100) (descending) size=32,768 -> 0.221 ms
[141.283s] RadixSortWithArraysAndCustomBase(100) (descending) size=65,536 -> 0.437 ms
[141.289s] RadixSortWithArraysAndCustomBase(100) (descending) size=131,072 -> 0.833 ms
[141.295s] RadixSortWithArraysAndCustomBase(100) (descending) size=262,144 -> 1.650 ms
[141.303s] RadixSortWithArraysAndCustomBase(100) (descending) size=524,288 -> 3.379 ms
[141.317s] RadixSortWithArraysAndCustomBase(100) (descending) size=1,048,576 -> 9.047 ms
[141.341s] RadixSortWithArraysAndCustomBase(100) (descending) size=2,097,152 -> 17.887 ms
[141.383s] RadixSortWithArraysAndCustomBase(100) (descending) size=4,194,304 -> 35.966 ms
[141.462s] RadixSortWithArraysAndCustomBase(100) (descending) size=8,388,608 -> 71.734 ms
[141.646s] RadixSortWithArraysAndCustomBase(100) (descending) size=16,777,216 -> 174.895 ms
[142.090s] RadixSortWithArraysAndCustomBase(100) (descending) size=33,554,432 -> 431.376 ms
[143.099s] RadixSortWithArraysAndCustomBase(100) (descending) size=67,108,864 -> 986.938 ms
[143.105s] RadixSortWithCountingSortAndCustomBase(10) (random) size=1,024 -> 0.018 ms
[143.109s] RadixSortWithCountingSortAndCustomBase(10) (random) size=2,048 -> 0.028 ms
[143.114s] RadixSortWithCountingSortAndCustomBase(10) (random) size=4,096 -> 0.046 ms
[143.119s] RadixSortWithCountingSortAndCustomBase(10) (random) size=8,192 -> 0.079 ms
[143.124s] RadixSortWithCountingSortAndCustomBase(10) (random) size=16,384 -> 0.180 ms
[143.129s] RadixSortWithCountingSortAndCustomBase(10) (random) size=32,768 -> 0.324 ms
[143.134s] RadixSortWithCountingSortAndCustomBase(10) (random) size=65,536 -> 0.623 ms
[143.141s] RadixSortWithCountingSortAndCustomBase(10) (random) size=131,072 -> 1.541 ms
[143.149s] RadixSortWithCountingSortAndCustomBase(10) (random) size=262,144 -> 2.985 ms
[143.160s] RadixSortWithCountingSortAndCustomBase(10) (random) size=524,288 -> 5.994 ms
[143.180s] RadixSortWithCountingSortAndCustomBase(10) (random) size=1,048,576 -> 14.578 ms
[143.215s] RadixSortWithCountingSortAndCustomBase(10) (random) size=2,097,152 -> 28.926 ms
[143.278s] RadixSortWithCountingSortAndCustomBase(10) (random) size=4,194,304 -> 54.972 ms
[143.399s] RadixSortWithCountingSortAndCustomBase(10) (random) size=8,388,608 -> 110.128 ms
[143.679s] RadixSortWithCountingSortAndCustomBase(10) (random) size=16,777,216 -> 262.893 ms
[144.218s] RadixSortWithCountingSortAndCustomBase(10) (random) size=33,554,432 -> 508.767 ms
[145.282s] RadixSortWithCountingSortAndCustomBase(10) (random) size=67,108,864 -> 1010.297 ms
[145.287s] RadixSortWithCountingSortAndCustomBase(10) (ascending) size=1,024 -> 0.017 ms
[145.292s] RadixSortWithCountingSortAndCustomBase(10) (ascending) size=2,048 -> 0.027 ms
[145.297s] RadixSortWithCountingSortAndCustomBase(10) (ascending) size=4,096 -> 0.045 ms
[145.302s] RadixSortWithCountingSortAndCustomBase(10) (ascending) size=8,192 -> 0.076 ms
[145.307s] RadixSortWithCountingSortAndCustomBase(10) (ascending) size=16,384 -> 0.175 ms
[145.312s] RadixSortWithCountingSortAndCustomBase(10) (ascending) size=32,768 -> 0.318 ms
[145.317s] RadixSortWithCountingSortAndCustomBase(10) (ascending) size=65,536 -> 0.619 ms
[145.323s] RadixSortWithCountingSortAndCustomBase(10) (ascending) size=131,072 -> 1.481 ms
[145.331s] RadixSortWithCountingSortAndCustomBase(10) (ascending) size=262,144 -> 2.958 ms
[145.342s] RadixSortWithCountingSortAndCustomBase(10) (ascending) size=524,288 -> 5.935 ms
[145.361s] RadixSortWithCountingSortAndCustomBase(10) (ascending) size=1,048,576 -> 13.821 ms
[145.394s] RadixSortWithCountingSortAndCustomBase(10) (ascending) size=2,097,152 -> 27.456 ms
[145.455s] RadixSortWithCountingSortAndCustomBase(10) (ascending) size=4,194,304 -> 55.138 ms
[145.572s] RadixSortWithCountingSortAndCustomBase(10) (ascending) size=8,388,608 -> 109.974 ms
[145.833s] RadixSortWithCountingSortAndCustomBase(10) (ascending) size=16,777,216 -> 251.710 ms
[146.351s] RadixSortWithCountingSortAndCustomBase(10) (ascending) size=33,554,432 -> 504.004 ms
[147.381s] RadixSortWithCountingSortAndCustomBase(10) (ascending) size=67,108,864 -> 1008.823 ms
[147.386s] RadixSortWithCountingSortAndCustomBase(10) (descending) size=1,024 -> 0.016 ms
[147.391s] RadixSortWithCountingSortAndCustomBase(10) (descending) size=2,048 -> 0.026 ms
[147.396s] RadixSortWithCountingSortAndCustomBase(10) (descending) size=4,096 -> 0.044 ms
[147.401s] RadixSortWithCountingSortAndCustomBase(10) (descending) size=8,192 -> 0.074 ms
[147.406s] RadixSortWithCountingSortAndCustomBase(10) (descending) size=16,384 -> 0.163 ms
[147.411s] RadixSortWithCountingSortAndCustomBase(10) (descending) size=32,768 -> 0.317 ms
[147.416s] RadixSortWithCountingSortAndCustomBase(10) (descending) size=65,536 -> 0.620 ms
[147.423s] RadixSortWithCountingSortAndCustomBase(10) (descending) size=131,072 -> 1.509 ms
[147.430s] RadixSortWithCountingSortAndCustomBase(10) (descending) size=262,144 -> 2.928 ms
[147.441s] RadixSortWithCountingSortAndCustomBase(10) (descending) size=524,288 -> 5.839 ms
[147.460s] RadixSortWithCountingSortAndCustomBase(10) (descending) size=1,048,576 -> 13.685 ms
[147.493s] RadixSortWithCountingSortAndCustomBase(10) (descending) size=2,097,152 -> 27.021 ms
[147.554s] RadixSortWithCountingSortAndCustomBase(10) (descending) size=4,194,304 -> 55.073 ms
[147.670s] RadixSortWithCountingSortAndCustomBase(10) (descending) size=8,388,608 -> 109.038 ms
[147.927s] RadixSortWithCountingSortAndCustomBase(10) (descending) size=16,777,216 -> 248.057 ms
[148.439s] RadixSortWithCountingSortAndCustomBase(10) (descending) size=33,554,432 -> 498.115 ms
[149.459s] RadixSortWithCountingSortAndCustomBase(10) (descending) size=67,108,864 -> 998.306 ms
[149.465s] RadixSortWithCountingSortAndCustomBase(100) (random) size=1,024 -> 0.011 ms
[149.469s] RadixSortWithCountingSortAndCustomBase(100) (random) size=2,048 -> 0.016 ms
[149.474s] RadixSortWithCountingSortAndCustomBase(100) (random) size=4,096 -> 0.022 ms
[149.479s] RadixSortWithCountingSortAndCustomBase(100) (random) size=8,192 -> 0.046 ms
[149.484s] RadixSortWithCountingSortAndCustomBase(100) (random) size=16,384 -> 0.127 ms
[149.489s] RadixSortWithCountingSortAndCustomBase(100) (random) size=32,768 -> 0.203 ms
[149.494s] RadixSortWithCountingSortAndCustomBase(100) (random) size=65,536 -> 0.381 ms
[149.499s] RadixSortWithCountingSortAndCustomBase(100) (random) size=131,072 -> 0.747 ms
[149.506s] RadixSortWithCountingSortAndCustomBase(100) (random) size=262,144 -> 1.481 ms
[149.514s] RadixSortWithCountingSortAndCustomBase(100) (random) size=524,288 -> 2.953 ms
[149.528s] RadixSortWithCountingSortAndCustomBase(100) (random) size=1,048,576 -> 8.538 ms
[149.552s] RadixSortWithCountingSortAndCustomBase(100) (random) size=2,097,152 -> 17.320 ms
[149.592s] RadixSortWithCountingSortAndCustomBase(100) (random) size=4,194,304 -> 31.988 ms
[149.666s] RadixSortWithCountingSortAndCustomBase(100) (random) size=8,388,608 -> 63.379 ms
[149.810s] RadixSortWithCountingSortAndCustomBase(100) (random) size=16,777,216 -> 126.410 ms
[150.096s] RadixSortWithCountingSortAndCustomBase(100) (random) size=33,554,432 -> 256.149 ms
[150.659s] RadixSortWithCountingSortAndCustomBase(100) (random) size=67,108,864 -> 509.150 ms
[150.664s] RadixSortWithCountingSortAndCustomBase(100) (ascending) size=1,024 -> 0.011 ms
[150.669s] RadixSortWithCountingSortAndCustomBase(100) (ascending) size=2,048 -> 0.016 ms
[150.674s] RadixSortWithCountingSortAndCustomBase(100) (ascending) size=4,096 -> 0.028 ms
[150.679s] RadixSortWithCountingSortAndCustomBase(100) (ascending) size=8,192 -> 0.046 ms
[150.683s] RadixSortWithCountingSortAndCustomBase(100) (ascending) size=16,384 -> 0.110 ms
[150.688s] RadixSortWithCountingSortAndCustomBase(100) (ascending) size=32,768 -> 0.202 ms
[150.693s] RadixSortWithCountingSortAndCustomBase(100) (ascending) size=65,536 -> 0.385 ms
[150.699s] RadixSortWithCountingSortAndCustomBase(100) (ascending) size=131,072 -> 0.761 ms
[150.705s] RadixSortWithCountingSortAndCustomBase(100) (ascending) size=262,144 -> 1.549 ms
[150.713s] RadixSortWithCountingSortAndCustomBase(100) (ascending) size=524,288 -> 3.024 ms
[150.726s] RadixSortWithCountingSortAndCustomBase(100) (ascending) size=1,048,576 -> 8.026 ms
[150.748s] RadixSortWithCountingSortAndCustomBase(100) (ascending) size=2,097,152 -> 16.042 ms
[150.786s] RadixSortWithCountingSortAndCustomBase(100) (ascending) size=4,194,304 -> 32.470 ms
[150.859s] RadixSortWithCountingSortAndCustomBase(100) (ascending) size=8,388,608 -> 65.434 ms
[150.998s] RadixSortWithCountingSortAndCustomBase(100) (ascending) size=16,777,216 -> 130.076 ms
[151.276s] RadixSortWithCountingSortAndCustomBase(100) (ascending) size=33,554,432 -> 264.428 ms
[151.826s] RadixSortWithCountingSortAndCustomBase(100) (ascending) size=67,108,864 -> 528.320 ms
[151.831s] RadixSortWithCountingSortAndCustomBase(100) (descending) size=1,024 -> 0.011 ms
[151.836s] RadixSortWithCountingSortAndCustomBase(100) (descending) size=2,048 -> 0.015 ms
[151.841s] RadixSortWithCountingSortAndCustomBase(100) (descending) size=4,096 -> 0.027 ms
[151.846s] RadixSortWithCountingSortAndCustomBase(100) (descending) size=8,192 -> 0.046 ms
[151.851s] RadixSortWithCountingSortAndCustomBase(100) (descending) size=16,384 -> 0.109 ms
[151.856s] RadixSortWithCountingSortAndCustomBase(100) (descending) size=32,768 -> 0.198 ms
[151.861s] RadixSortWithCountingSortAndCustomBase(100) (descending) size=65,536 -> 0.384 ms
[151.866s] RadixSortWithCountingSortAndCustomBase(100) (descending) size=131,072 -> 0.746 ms
[151.873s] RadixSortWithCountingSortAndCustomBase(100) (descending) size=262,144 -> 1.476 ms
[151.880s] RadixSortWithCountingSortAndCustomBase(100) (descending) size=524,288 -> 2.962 ms
[151.893s] RadixSortWithCountingSortAndCustomBase(100) (descending) size=1,048,576 -> 7.922 ms
[151.915s] RadixSortWithCountingSortAndCustomBase(100) (descending) size=2,097,152 -> 16.241 ms
[151.953s] RadixSortWithCountingSortAndCustomBase(100) (descending) size=4,194,304 -> 31.965 ms
[152.025s] RadixSortWithCountingSortAndCustomBase(100) (descending) size=8,388,608 -> 64.366 ms
[152.162s] RadixSortWithCountingSortAndCustomBase(100) (descending) size=16,777,216 -> 128.406 ms
[152.435s] RadixSortWithCountingSortAndCustomBase(100) (descending) size=33,554,432 -> 259.439 ms
[152.979s] RadixSortWithCountingSortAndCustomBase(100) (descending) size=67,108,864 -> 521.853 ms
[152.984s] RecursiveMsdRadixSortWithArraysAndCustomBase(10) (random) size=1,024 -> 0.039 ms
[152.988s] RecursiveMsdRadixSortWithArraysAndCustomBase(10) (random) size=2,048 -> 0.062 ms
[152.993s] RecursiveMsdRadixSortWithArraysAndCustomBase(10) (random) size=4,096 -> 0.110 ms
[152.998s] RecursiveMsdRadixSortWithArraysAndCustomBase(10) (random) size=8,192 -> 0.204 ms
[153.004s] RecursiveMsdRadixSortWithArraysAndCustomBase(10) (random) size=16,384 -> 0.426 ms
[153.009s] RecursiveMsdRadixSortWithArraysAndCustomBase(10) (random) size=32,768 -> 0.815 ms
[153.016s] RecursiveMsdRadixSortWithArraysAndCustomBase(10) (random) size=65,536 -> 1.600 ms
[153.024s] RecursiveMsdRadixSortWithArraysAndCustomBase(10) (random) size=131,072 -> 3.766 ms
[153.036s] RecursiveMsdRadixSortWithArraysAndCustomBase(10) (random) size=262,144 -> 7.260 ms
[153.056s] RecursiveMsdRadixSortWithArraysAndCustomBase(10) (random) size=524,288 -> 14.616 ms
[153.094s] RecursiveMsdRadixSortWithArraysAndCustomBase(10) (random) size=1,048,576 -> 31.761 ms
[153.162s] RecursiveMsdRadixSortWithArraysAndCustomBase(10) (random) size=2,097,152 -> 62.054 ms
[153.292s] RecursiveMsdRadixSortWithArraysAndCustomBase(10) (random) size=4,194,304 -> 121.312 ms
[153.547s] RecursiveMsdRadixSortWithArraysAndCustomBase(10) (random) size=8,388,608 -> 243.530 ms
[154.130s] RecursiveMsdRadixSortWithArraysAndCustomBase(10) (random) size=16,777,216 -> 565.768 ms
[155.253s] RecursiveMsdRadixSortWithArraysAndCustomBase(10) (random) size=33,554,432 -> 1093.382 ms
[157.482s] RecursiveMsdRadixSortWithArraysAndCustomBase(10) (random) size=67,108,864 -> 2174.881 ms
[157.488s] RecursiveMsdRadixSortWithArraysAndCustomBase(10) (ascending) size=1,024 -> 0.022 ms
[157.493s] RecursiveMsdRadixSortWithArraysAndCustomBase(10) (ascending) size=2,048 -> 0.043 ms
[157.498s] RecursiveMsdRadixSortWithArraysAndCustomBase(10) (ascending) size=4,096 -> 0.075 ms
[157.503s] RecursiveMsdRadixSortWithArraysAndCustomBase(10) (ascending) size=8,192 -> 0.144 ms
[157.508s] RecursiveMsdRadixSortWithArraysAndCustomBase(10) (ascending) size=16,384 -> 0.276 ms
[157.513s] RecursiveMsdRadixSortWithArraysAndCustomBase(10) (ascending) size=32,768 -> 0.563 ms
[157.519s] RecursiveMsdRadixSortWithArraysAndCustomBase(10) (ascending) size=65,536 -> 1.185 ms
[157.526s] RecursiveMsdRadixSortWithArraysAndCustomBase(10) (ascending) size=131,072 -> 2.648 ms
[157.537s] RecursiveMsdRadixSortWithArraysAndCustomBase(10) (ascending) size=262,144 -> 5.795 ms
[157.554s] RecursiveMsdRadixSortWithArraysAndCustomBase(10) (ascending) size=524,288 -> 11.973 ms
[157.582s] RecursiveMsdRadixSortWithArraysAndCustomBase(10) (ascending) size=1,048,576 -> 22.651 ms
[157.635s] RecursiveMsdRadixSortWithArraysAndCustomBase(10) (ascending) size=2,097,152 -> 46.880 ms
[157.733s] RecursiveMsdRadixSortWithArraysAndCustomBase(10) (ascending) size=4,194,304 -> 92.848 ms
[157.930s] RecursiveMsdRadixSortWithArraysAndCustomBase(10) (ascending) size=8,388,608 -> 189.477 ms
[158.379s] RecursiveMsdRadixSortWithArraysAndCustomBase(10) (ascending) size=16,777,216 -> 439.423 ms
[159.272s] RecursiveMsdRadixSortWithArraysAndCustomBase(10) (ascending) size=33,554,432 -> 878.765 ms
[161.047s] RecursiveMsdRadixSortWithArraysAndCustomBase(10) (ascending) size=67,108,864 -> 1753.481 ms
[161.053s] RecursiveMsdRadixSortWithArraysAndCustomBase(10) (descending) size=1,024 -> 0.023 ms
[161.058s] RecursiveMsdRadixSortWithArraysAndCustomBase(10) (descending) size=2,048 -> 0.048 ms
[161.063s] RecursiveMsdRadixSortWithArraysAndCustomBase(10) (descending) size=4,096 -> 0.088 ms
[161.068s] RecursiveMsdRadixSortWithArraysAndCustomBase(10) (descending) size=8,192 -> 0.157 ms
[161.073s] RecursiveMsdRadixSortWithArraysAndCustomBase(10) (descending) size=16,384 -> 0.301 ms
[161.078s] RecursiveMsdRadixSortWithArraysAndCustomBase(10) (descending) size=32,768 -> 0.611 ms
[161.084s] RecursiveMsdRadixSortWithArraysAndCustomBase(10) (descending) size=65,536 -> 1.214 ms
[161.092s] RecursiveMsdRadixSortWithArraysAndCustomBase(10) (descending) size=131,072 -> 2.995 ms
[161.103s] RecursiveMsdRadixSortWithArraysAndCustomBase(10) (descending) size=262,144 -> 6.073 ms
[161.120s] RecursiveMsdRadixSortWithArraysAndCustomBase(10) (descending) size=524,288 -> 12.401 ms
[161.149s] RecursiveMsdRadixSortWithArraysAndCustomBase(10) (descending) size=1,048,576 -> 24.100 ms
[161.204s] RecursiveMsdRadixSortWithArraysAndCustomBase(10) (descending) size=2,097,152 -> 49.697 ms
[161.308s] RecursiveMsdRadixSortWithArraysAndCustomBase(10) (descending) size=4,194,304 -> 97.405 ms
[161.509s] RecursiveMsdRadixSortWithArraysAndCustomBase(10) (descending) size=8,388,608 -> 193.392 ms
[161.982s] RecursiveMsdRadixSortWithArraysAndCustomBase(10) (descending) size=16,777,216 -> 463.226 ms
[162.924s] RecursiveMsdRadixSortWithArraysAndCustomBase(10) (descending) size=33,554,432 -> 928.590 ms
[164.808s] RecursiveMsdRadixSortWithArraysAndCustomBase(10) (descending) size=67,108,864 -> 1861.413 ms
[164.813s] RecursiveMsdRadixSortWithArraysAndCustomBase(1000) (random) size=1,024 -> 0.033 ms
[164.818s] RecursiveMsdRadixSortWithArraysAndCustomBase(1000) (random) size=2,048 -> 0.044 ms
[164.823s] RecursiveMsdRadixSortWithArraysAndCustomBase(1000) (random) size=4,096 -> 0.071 ms
[164.828s] RecursiveMsdRadixSortWithArraysAndCustomBase(1000) (random) size=8,192 -> 0.125 ms
[164.833s] RecursiveMsdRadixSortWithArraysAndCustomBase(1000) (random) size=16,384 -> 0.236 ms
[164.838s] RecursiveMsdRadixSortWithArraysAndCustomBase(1000) (random) size=32,768 -> 0.469 ms
[164.844s] RecursiveMsdRadixSortWithArraysAndCustomBase(1000) (random) size=65,536 -> 0.936 ms
[164.850s] RecursiveMsdRadixSortWithArraysAndCustomBase(1000) (random) size=131,072 -> 1.808 ms
[164.859s] RecursiveMsdRadixSortWithArraysAndCustomBase(1000) (random) size=262,144 -> 3.584 ms
[164.872s] RecursiveMsdRadixSortWithArraysAndCustomBase(1000) (random) size=524,288 -> 7.318 ms
[164.895s] RecursiveMsdRadixSortWithArraysAndCustomBase(1000) (random) size=1,048,576 -> 17.918 ms
[164.937s] RecursiveMsdRadixSortWithArraysAndCustomBase(1000) (random) size=2,097,152 -> 34.708 ms
[165.012s] RecursiveMsdRadixSortWithArraysAndCustomBase(1000) (random) size=4,194,304 -> 67.004 ms
[165.156s] RecursiveMsdRadixSortWithArraysAndCustomBase(1000) (random) size=8,388,608 -> 133.650 ms
[165.440s] RecursiveMsdRadixSortWithArraysAndCustomBase(1000) (random) size=16,777,216 -> 266.796 ms
[166.006s] RecursiveMsdRadixSortWithArraysAndCustomBase(1000) (random) size=33,554,432 -> 535.953 ms
[167.174s] RecursiveMsdRadixSortWithArraysAndCustomBase(1000) (random) size=67,108,864 -> 1114.286 ms
[167.179s] RecursiveMsdRadixSortWithArraysAndCustomBase(1000) (ascending) size=1,024 -> 0.021 ms
[167.184s] RecursiveMsdRadixSortWithArraysAndCustomBase(1000) (ascending) size=2,048 -> 0.039 ms
[167.189s] RecursiveMsdRadixSortWithArraysAndCustomBase(1000) (ascending) size=4,096 -> 0.056 ms
[167.194s] RecursiveMsdRadixSortWithArraysAndCustomBase(1000) (ascending) size=8,192 -> 0.089 ms
[167.199s] RecursiveMsdRadixSortWithArraysAndCustomBase(1000) (ascending) size=16,384 -> 0.165 ms
[167.204s] RecursiveMsdRadixSortWithArraysAndCustomBase(1000) (ascending) size=32,768 -> 0.318 ms
[167.209s] RecursiveMsdRadixSortWithArraysAndCustomBase(1000) (ascending) size=65,536 -> 0.578 ms
[167.215s] RecursiveMsdRadixSortWithArraysAndCustomBase(1000) (ascending) size=131,072 -> 1.203 ms
[167.223s] RecursiveMsdRadixSortWithArraysAndCustomBase(1000) (ascending) size=262,144 -> 2.369 ms
[167.232s] RecursiveMsdRadixSortWithArraysAndCustomBase(1000) (ascending) size=524,288 -> 4.666 ms
[167.248s] RecursiveMsdRadixSortWithArraysAndCustomBase(1000) (ascending) size=1,048,576 -> 10.348 ms
[167.275s] RecursiveMsdRadixSortWithArraysAndCustomBase(1000) (ascending) size=2,097,152 -> 21.342 ms
[167.322s] RecursiveMsdRadixSortWithArraysAndCustomBase(1000) (ascending) size=4,194,304 -> 41.168 ms
[167.411s] RecursiveMsdRadixSortWithArraysAndCustomBase(1000) (ascending) size=8,388,608 -> 81.847 ms
[167.582s] RecursiveMsdRadixSortWithArraysAndCustomBase(1000) (ascending) size=16,777,216 -> 162.182 ms
[167.919s] RecursiveMsdRadixSortWithArraysAndCustomBase(1000) (ascending) size=33,554,432 -> 323.108 ms
[168.597s] RecursiveMsdRadixSortWithArraysAndCustomBase(1000) (ascending) size=67,108,864 -> 656.418 ms
[168.603s] RecursiveMsdRadixSortWithArraysAndCustomBase(1000) (descending) size=1,024 -> 0.020 ms
[168.607s] RecursiveMsdRadixSortWithArraysAndCustomBase(1000) (descending) size=2,048 -> 0.037 ms
[168.612s] RecursiveMsdRadixSortWithArraysAndCustomBase(1000) (descending) size=4,096 -> 0.057 ms
[168.617s] RecursiveMsdRadixSortWithArraysAndCustomBase(1000) (descending) size=8,192 -> 0.090 ms
[168.622s] RecursiveMsdRadixSortWithArraysAndCustomBase(1000) (descending) size=16,384 -> 0.161 ms
[168.627s] RecursiveMsdRadixSortWithArraysAndCustomBase(1000) (descending) size=32,768 -> 0.309 ms
[168.632s] RecursiveMsdRadixSortWithArraysAndCustomBase(1000) (descending) size=65,536 -> 0.590 ms
[168.638s] RecursiveMsdRadixSortWithArraysAndCustomBase(1000) (descending) size=131,072 -> 1.174 ms
[168.645s] RecursiveMsdRadixSortWithArraysAndCustomBase(1000) (descending) size=262,144 -> 2.335 ms
[168.655s] RecursiveMsdRadixSortWithArraysAndCustomBase(1000) (descending) size=524,288 -> 4.617 ms
[168.671s] RecursiveMsdRadixSortWithArraysAndCustomBase(1000) (descending) size=1,048,576 -> 10.472 ms
[168.696s] RecursiveMsdRadixSortWithArraysAndCustomBase(1000) (descending) size=2,097,152 -> 20.543 ms
[168.744s] RecursiveMsdRadixSortWithArraysAndCustomBase(1000) (descending) size=4,194,304 -> 41.700 ms
[168.831s] RecursiveMsdRadixSortWithArraysAndCustomBase(1000) (descending) size=8,388,608 -> 80.016 ms
[168.999s] RecursiveMsdRadixSortWithArraysAndCustomBase(1000) (descending) size=16,777,216 -> 157.936 ms
[169.330s] RecursiveMsdRadixSortWithArraysAndCustomBase(1000) (descending) size=33,554,432 -> 317.681 ms
[169.991s] RecursiveMsdRadixSortWithArraysAndCustomBase(1000) (descending) size=67,108,864 -> 639.084 ms
--- iteration 3 of 10 ---
[169.996s] RadixSortWithDynamicListsAndCustomBase(10) (random) size=1,024 -> 0.034 ms
[170.001s] RadixSortWithDynamicListsAndCustomBase(10) (random) size=2,048 -> 0.050 ms
[170.006s] RadixSortWithDynamicListsAndCustomBase(10) (random) size=4,096 -> 0.077 ms
[170.011s] RadixSortWithDynamicListsAndCustomBase(10) (random) size=8,192 -> 0.136 ms
[170.015s] RadixSortWithDynamicListsAndCustomBase(10) (random) size=16,384 -> 0.308 ms
[170.021s] RadixSortWithDynamicListsAndCustomBase(10) (random) size=32,768 -> 0.586 ms
[170.027s] RadixSortWithDynamicListsAndCustomBase(10) (random) size=65,536 -> 1.190 ms
[170.035s] RadixSortWithDynamicListsAndCustomBase(10) (random) size=131,072 -> 2.843 ms
[170.045s] RadixSortWithDynamicListsAndCustomBase(10) (random) size=262,144 -> 5.624 ms
[170.062s] RadixSortWithDynamicListsAndCustomBase(10) (random) size=524,288 -> 11.728 ms
[170.101s] RadixSortWithDynamicListsAndCustomBase(10) (random) size=1,048,576 -> 32.713 ms
[170.194s] RadixSortWithDynamicListsAndCustomBase(10) (random) size=2,097,152 -> 86.341 ms
[170.366s] RadixSortWithDynamicListsAndCustomBase(10) (random) size=4,194,304 -> 164.477 ms
[170.681s] RadixSortWithDynamicListsAndCustomBase(10) (random) size=8,388,608 -> 303.830 ms
[171.346s] RadixSortWithDynamicListsAndCustomBase(10) (random) size=16,777,216 -> 647.537 ms
[172.688s] RadixSortWithDynamicListsAndCustomBase(10) (random) size=33,554,432 -> 1312.635 ms
[177.873s] RadixSortWithDynamicListsAndCustomBase(10) (random) size=67,108,864 -> 5129.919 ms
[177.879s] RadixSortWithDynamicListsAndCustomBase(10) (ascending) size=1,024 -> 0.029 ms
[177.883s] RadixSortWithDynamicListsAndCustomBase(10) (ascending) size=2,048 -> 0.053 ms
[177.888s] RadixSortWithDynamicListsAndCustomBase(10) (ascending) size=4,096 -> 0.078 ms
[177.893s] RadixSortWithDynamicListsAndCustomBase(10) (ascending) size=8,192 -> 0.126 ms
[177.898s] RadixSortWithDynamicListsAndCustomBase(10) (ascending) size=16,384 -> 0.309 ms
[177.903s] RadixSortWithDynamicListsAndCustomBase(10) (ascending) size=32,768 -> 0.589 ms
[177.909s] RadixSortWithDynamicListsAndCustomBase(10) (ascending) size=65,536 -> 1.204 ms
[177.916s] RadixSortWithDynamicListsAndCustomBase(10) (ascending) size=131,072 -> 2.796 ms
[177.927s] RadixSortWithDynamicListsAndCustomBase(10) (ascending) size=262,144 -> 5.712 ms
[177.944s] RadixSortWithDynamicListsAndCustomBase(10) (ascending) size=524,288 -> 11.661 ms
[177.977s] RadixSortWithDynamicListsAndCustomBase(10) (ascending) size=1,048,576 -> 28.072 ms
[178.045s] RadixSortWithDynamicListsAndCustomBase(10) (ascending) size=2,097,152 -> 61.993 ms
[178.181s] RadixSortWithDynamicListsAndCustomBase(10) (ascending) size=4,194,304 -> 129.800 ms
[178.472s] RadixSortWithDynamicListsAndCustomBase(10) (ascending) size=8,388,608 -> 283.559 ms
[179.644s] RadixSortWithDynamicListsAndCustomBase(10) (ascending) size=16,777,216 -> 1162.651 ms
[182.211s] RadixSortWithDynamicListsAndCustomBase(10) (ascending) size=33,554,432 -> 2552.972 ms
[187.677s] RadixSortWithDynamicListsAndCustomBase(10) (ascending) size=67,108,864 -> 5442.753 ms
[187.682s] RadixSortWithDynamicListsAndCustomBase(10) (descending) size=1,024 -> 0.030 ms
[187.687s] RadixSortWithDynamicListsAndCustomBase(10) (descending) size=2,048 -> 0.048 ms
[187.691s] RadixSortWithDynamicListsAndCustomBase(10) (descending) size=4,096 -> 0.078 ms
[187.696s] RadixSortWithDynamicListsAndCustomBase(10) (descending) size=8,192 -> 0.121 ms
[187.701s] RadixSortWithDynamicListsAndCustomBase(10) (descending) size=16,384 -> 0.305 ms
[187.706s] RadixSortWithDynamicListsAndCustomBase(10) (descending) size=32,768 -> 0.599 ms
[187.712s] RadixSortWithDynamicListsAndCustomBase(10) (descending) size=65,536 -> 1.259 ms
[187.720s] RadixSortWithDynamicListsAndCustomBase(10) (descending) size=131,072 -> 2.811 ms
[187.731s] RadixSortWithDynamicListsAndCustomBase(10) (descending) size=262,144 -> 5.637 ms
[187.747s] RadixSortWithDynamicListsAndCustomBase(10) (descending) size=524,288 -> 11.629 ms
[187.781s] RadixSortWithDynamicListsAndCustomBase(10) (descending) size=1,048,576 -> 27.978 ms
[187.849s] RadixSortWithDynamicListsAndCustomBase(10) (descending) size=2,097,152 -> 62.624 ms
[187.984s] RadixSortWithDynamicListsAndCustomBase(10) (descending) size=4,194,304 -> 129.056 ms
[188.277s] RadixSortWithDynamicListsAndCustomBase(10) (descending) size=8,388,608 -> 285.788 ms
[189.445s] RadixSortWithDynamicListsAndCustomBase(10) (descending) size=16,777,216 -> 1159.345 ms
[192.020s] RadixSortWithDynamicListsAndCustomBase(10) (descending) size=33,554,432 -> 2560.935 ms
[197.783s] RadixSortWithDynamicListsAndCustomBase(10) (descending) size=67,108,864 -> 5739.381 ms
[197.788s] RadixSortWithDynamicListsAndCustomBase(100) (random) size=1,024 -> 0.022 ms
[197.793s] RadixSortWithDynamicListsAndCustomBase(100) (random) size=2,048 -> 0.034 ms
[197.798s] RadixSortWithDynamicListsAndCustomBase(100) (random) size=4,096 -> 0.054 ms
[197.803s] RadixSortWithDynamicListsAndCustomBase(100) (random) size=8,192 -> 0.096 ms
[197.808s] RadixSortWithDynamicListsAndCustomBase(100) (random) size=16,384 -> 0.226 ms
[197.813s] RadixSortWithDynamicListsAndCustomBase(100) (random) size=32,768 -> 0.398 ms
[197.818s] RadixSortWithDynamicListsAndCustomBase(100) (random) size=65,536 -> 0.765 ms
[197.825s] RadixSortWithDynamicListsAndCustomBase(100) (random) size=131,072 -> 1.588 ms
[197.833s] RadixSortWithDynamicListsAndCustomBase(100) (random) size=262,144 -> 3.138 ms
[197.847s] RadixSortWithDynamicListsAndCustomBase(100) (random) size=524,288 -> 8.275 ms
[197.872s] RadixSortWithDynamicListsAndCustomBase(100) (random) size=1,048,576 -> 19.848 ms
[197.926s] RadixSortWithDynamicListsAndCustomBase(100) (random) size=2,097,152 -> 46.617 ms
[198.043s] RadixSortWithDynamicListsAndCustomBase(100) (random) size=4,194,304 -> 109.521 ms
[198.282s] RadixSortWithDynamicListsAndCustomBase(100) (random) size=8,388,608 -> 227.731 ms
[198.774s] RadixSortWithDynamicListsAndCustomBase(100) (random) size=16,777,216 -> 474.299 ms
[199.798s] RadixSortWithDynamicListsAndCustomBase(100) (random) size=33,554,432 -> 994.077 ms
[201.909s] RadixSortWithDynamicListsAndCustomBase(100) (random) size=67,108,864 -> 2055.866 ms
[201.914s] RadixSortWithDynamicListsAndCustomBase(100) (ascending) size=1,024 -> 0.016 ms
[201.919s] RadixSortWithDynamicListsAndCustomBase(100) (ascending) size=2,048 -> 0.028 ms
[201.924s] RadixSortWithDynamicListsAndCustomBase(100) (ascending) size=4,096 -> 0.051 ms
[201.928s] RadixSortWithDynamicListsAndCustomBase(100) (ascending) size=8,192 -> 0.072 ms
[201.933s] RadixSortWithDynamicListsAndCustomBase(100) (ascending) size=16,384 -> 0.194 ms
[201.938s] RadixSortWithDynamicListsAndCustomBase(100) (ascending) size=32,768 -> 0.357 ms
[201.944s] RadixSortWithDynamicListsAndCustomBase(100) (ascending) size=65,536 -> 0.742 ms
[201.950s] RadixSortWithDynamicListsAndCustomBase(100) (ascending) size=131,072 -> 1.468 ms
[201.958s] RadixSortWithDynamicListsAndCustomBase(100) (ascending) size=262,144 -> 2.964 ms
[201.969s] RadixSortWithDynamicListsAndCustomBase(100) (ascending) size=524,288 -> 6.349 ms
[201.991s] RadixSortWithDynamicListsAndCustomBase(100) (ascending) size=1,048,576 -> 16.269 ms
[202.030s] RadixSortWithDynamicListsAndCustomBase(100) (ascending) size=2,097,152 -> 33.669 ms
[202.109s] RadixSortWithDynamicListsAndCustomBase(100) (ascending) size=4,194,304 -> 72.770 ms
[202.283s] RadixSortWithDynamicListsAndCustomBase(100) (ascending) size=8,388,608 -> 166.673 ms
[202.734s] RadixSortWithDynamicListsAndCustomBase(100) (ascending) size=16,777,216 -> 441.691 ms
[203.763s] RadixSortWithDynamicListsAndCustomBase(100) (ascending) size=33,554,432 -> 1015.649 ms
[205.988s] RadixSortWithDynamicListsAndCustomBase(100) (ascending) size=67,108,864 -> 2203.231 ms
[205.994s] RadixSortWithDynamicListsAndCustomBase(100) (descending) size=1,024 -> 0.016 ms
[205.999s] RadixSortWithDynamicListsAndCustomBase(100) (descending) size=2,048 -> 0.028 ms
[206.003s] RadixSortWithDynamicListsAndCustomBase(100) (descending) size=4,096 -> 0.045 ms
[206.008s] RadixSortWithDynamicListsAndCustomBase(100) (descending) size=8,192 -> 0.070 ms
[206.013s] RadixSortWithDynamicListsAndCustomBase(100) (descending) size=16,384 -> 0.177 ms
[206.018s] RadixSortWithDynamicListsAndCustomBase(100) (descending) size=32,768 -> 0.345 ms
[206.023s] RadixSortWithDynamicListsAndCustomBase(100) (descending) size=65,536 -> 0.722 ms
[206.029s] RadixSortWithDynamicListsAndCustomBase(100) (descending) size=131,072 -> 1.426 ms
[206.037s] RadixSortWithDynamicListsAndCustomBase(100) (descending) size=262,144 -> 2.881 ms
[206.048s] RadixSortWithDynamicListsAndCustomBase(100) (descending) size=524,288 -> 6.403 ms
[206.071s] RadixSortWithDynamicListsAndCustomBase(100) (descending) size=1,048,576 -> 17.250 ms
[206.111s] RadixSortWithDynamicListsAndCustomBase(100) (descending) size=2,097,152 -> 34.254 ms
[206.190s] RadixSortWithDynamicListsAndCustomBase(100) (descending) size=4,194,304 -> 73.315 ms
[206.362s] RadixSortWithDynamicListsAndCustomBase(100) (descending) size=8,388,608 -> 165.262 ms
[206.815s] RadixSortWithDynamicListsAndCustomBase(100) (descending) size=16,777,216 -> 443.818 ms
[207.848s] RadixSortWithDynamicListsAndCustomBase(100) (descending) size=33,554,432 -> 1019.426 ms
[210.122s] RadixSortWithDynamicListsAndCustomBase(100) (descending) size=67,108,864 -> 2251.181 ms
[210.127s] RadixSortWithArraysAndCustomBase(10) (random) size=1,024 -> 0.019 ms
[210.132s] RadixSortWithArraysAndCustomBase(10) (random) size=2,048 -> 0.033 ms
[210.136s] RadixSortWithArraysAndCustomBase(10) (random) size=4,096 -> 0.050 ms
[210.141s] RadixSortWithArraysAndCustomBase(10) (random) size=8,192 -> 0.083 ms
[210.146s] RadixSortWithArraysAndCustomBase(10) (random) size=16,384 -> 0.204 ms
[210.151s] RadixSortWithArraysAndCustomBase(10) (random) size=32,768 -> 0.360 ms
[210.156s] RadixSortWithArraysAndCustomBase(10) (random) size=65,536 -> 0.692 ms
[210.162s] RadixSortWithArraysAndCustomBase(10) (random) size=131,072 -> 1.847 ms
[210.171s] RadixSortWithArraysAndCustomBase(10) (random) size=262,144 -> 3.476 ms
[210.183s] RadixSortWithArraysAndCustomBase(10) (random) size=524,288 -> 6.831 ms
[210.204s] RadixSortWithArraysAndCustomBase(10) (random) size=1,048,576 -> 16.022 ms
[210.244s] RadixSortWithArraysAndCustomBase(10) (random) size=2,097,152 -> 32.935 ms
[210.315s] RadixSortWithArraysAndCustomBase(10) (random) size=4,194,304 -> 63.582 ms
[210.454s] RadixSortWithArraysAndCustomBase(10) (random) size=8,388,608 -> 126.919 ms
[210.780s] RadixSortWithArraysAndCustomBase(10) (random) size=16,777,216 -> 309.052 ms
[211.411s] RadixSortWithArraysAndCustomBase(10) (random) size=33,554,432 -> 601.497 ms
[212.665s] RadixSortWithArraysAndCustomBase(10) (random) size=67,108,864 -> 1199.284 ms
[212.670s] RadixSortWithArraysAndCustomBase(10) (ascending) size=1,024 -> 0.019 ms
[212.675s] RadixSortWithArraysAndCustomBase(10) (ascending) size=2,048 -> 0.024 ms
[212.680s] RadixSortWithArraysAndCustomBase(10) (ascending) size=4,096 -> 0.053 ms
[212.685s] RadixSortWithArraysAndCustomBase(10) (ascending) size=8,192 -> 0.083 ms
[212.690s] RadixSortWithArraysAndCustomBase(10) (ascending) size=16,384 -> 0.185 ms
[212.695s] RadixSortWithArraysAndCustomBase(10) (ascending) size=32,768 -> 0.348 ms
[212.700s] RadixSortWithArraysAndCustomBase(10) (ascending) size=65,536 -> 0.710 ms
[212.707s] RadixSortWithArraysAndCustomBase(10) (ascending) size=131,072 -> 1.714 ms
[212.715s] RadixSortWithArraysAndCustomBase(10) (ascending) size=262,144 -> 3.243 ms
[212.726s] RadixSortWithArraysAndCustomBase(10) (ascending) size=524,288 -> 6.751 ms
[212.747s] RadixSortWithArraysAndCustomBase(10) (ascending) size=1,048,576 -> 15.543 ms
[212.783s] RadixSortWithArraysAndCustomBase(10) (ascending) size=2,097,152 -> 30.869 ms
[212.851s] RadixSortWithArraysAndCustomBase(10) (ascending) size=4,194,304 -> 61.965 ms
[212.983s] RadixSortWithArraysAndCustomBase(10) (ascending) size=8,388,608 -> 124.214 ms
[213.291s] RadixSortWithArraysAndCustomBase(10) (ascending) size=16,777,216 -> 299.223 ms
[213.898s] RadixSortWithArraysAndCustomBase(10) (ascending) size=33,554,432 -> 593.560 ms
[215.120s] RadixSortWithArraysAndCustomBase(10) (ascending) size=67,108,864 -> 1199.593 ms
[215.125s] RadixSortWithArraysAndCustomBase(10) (descending) size=1,024 -> 0.019 ms
[215.130s] RadixSortWithArraysAndCustomBase(10) (descending) size=2,048 -> 0.030 ms
[215.135s] RadixSortWithArraysAndCustomBase(10) (descending) size=4,096 -> 0.050 ms
[215.140s] RadixSortWithArraysAndCustomBase(10) (descending) size=8,192 -> 0.076 ms
[215.145s] RadixSortWithArraysAndCustomBase(10) (descending) size=16,384 -> 0.185 ms
[215.150s] RadixSortWithArraysAndCustomBase(10) (descending) size=32,768 -> 0.345 ms
[215.155s] RadixSortWithArraysAndCustomBase(10) (descending) size=65,536 -> 0.678 ms
[215.162s] RadixSortWithArraysAndCustomBase(10) (descending) size=131,072 -> 1.670 ms
[215.170s] RadixSortWithArraysAndCustomBase(10) (descending) size=262,144 -> 3.294 ms
[215.181s] RadixSortWithArraysAndCustomBase(10) (descending) size=524,288 -> 6.574 ms
[215.202s] RadixSortWithArraysAndCustomBase(10) (descending) size=1,048,576 -> 15.444 ms
[215.238s] RadixSortWithArraysAndCustomBase(10) (descending) size=2,097,152 -> 30.594 ms
[215.305s] RadixSortWithArraysAndCustomBase(10) (descending) size=4,194,304 -> 61.087 ms
[215.435s] RadixSortWithArraysAndCustomBase(10) (descending) size=8,388,608 -> 123.159 ms
[215.737s] RadixSortWithArraysAndCustomBase(10) (descending) size=16,777,216 -> 292.615 ms
[216.340s] RadixSortWithArraysAndCustomBase(10) (descending) size=33,554,432 -> 588.715 ms
[217.551s] RadixSortWithArraysAndCustomBase(10) (descending) size=67,108,864 -> 1188.248 ms
[217.556s] RadixSortWithArraysAndCustomBase(100) (random) size=1,024 -> 0.014 ms
[217.560s] RadixSortWithArraysAndCustomBase(100) (random) size=2,048 -> 0.022 ms
[217.565s] RadixSortWithArraysAndCustomBase(100) (random) size=4,096 -> 0.033 ms
[217.570s] RadixSortWithArraysAndCustomBase(100) (random) size=8,192 -> 0.050 ms
[217.575s] RadixSortWithArraysAndCustomBase(100) (random) size=16,384 -> 0.137 ms
[217.580s] RadixSortWithArraysAndCustomBase(100) (random) size=32,768 -> 0.229 ms
[217.585s] RadixSortWithArraysAndCustomBase(100) (random) size=65,536 -> 0.444 ms
[217.591s] RadixSortWithArraysAndCustomBase(100) (random) size=131,072 -> 0.856 ms
[217.597s] RadixSortWithArraysAndCustomBase(100) (random) size=262,144 -> 1.725 ms
[217.606s] RadixSortWithArraysAndCustomBase(100) (random) size=524,288 -> 3.366 ms
[217.621s] RadixSortWithArraysAndCustomBase(100) (random) size=1,048,576 -> 9.418 ms
[217.646s] RadixSortWithArraysAndCustomBase(100) (random) size=2,097,152 -> 19.389 ms
[217.691s] RadixSortWithArraysAndCustomBase(100) (random) size=4,194,304 -> 36.343 ms
[217.774s] RadixSortWithArraysAndCustomBase(100) (random) size=8,388,608 -> 71.548 ms
[217.935s] RadixSortWithArraysAndCustomBase(100) (random) size=16,777,216 -> 143.768 ms
[218.261s] RadixSortWithArraysAndCustomBase(100) (random) size=33,554,432 -> 296.481 ms
[219.010s] RadixSortWithArraysAndCustomBase(100) (random) size=67,108,864 -> 695.098 ms
[219.015s] RadixSortWithArraysAndCustomBase(100) (ascending) size=1,024 -> 0.014 ms
[219.020s] RadixSortWithArraysAndCustomBase(100) (ascending) size=2,048 -> 0.020 ms
[219.025s] RadixSortWithArraysAndCustomBase(100) (ascending) size=4,096 -> 0.030 ms
[219.030s] RadixSortWithArraysAndCustomBase(100) (ascending) size=8,192 -> 0.054 ms
[219.035s] RadixSortWithArraysAndCustomBase(100) (ascending) size=16,384 -> 0.129 ms
[219.040s] RadixSortWithArraysAndCustomBase(100) (ascending) size=32,768 -> 0.227 ms
[219.045s] RadixSortWithArraysAndCustomBase(100) (ascending) size=65,536 -> 0.440 ms
[219.050s] RadixSortWithArraysAndCustomBase(100) (ascending) size=131,072 -> 0.862 ms
[219.057s] RadixSortWithArraysAndCustomBase(100) (ascending) size=262,144 -> 1.670 ms
[219.065s] RadixSortWithArraysAndCustomBase(100) (ascending) size=524,288 -> 3.403 ms
[219.079s] RadixSortWithArraysAndCustomBase(100) (ascending) size=1,048,576 -> 9.341 ms
[219.103s] RadixSortWithArraysAndCustomBase(100) (ascending) size=2,097,152 -> 18.040 ms
[219.145s] RadixSortWithArraysAndCustomBase(100) (ascending) size=4,194,304 -> 36.321 ms
[219.225s] RadixSortWithArraysAndCustomBase(100) (ascending) size=8,388,608 -> 72.579 ms
[219.413s] RadixSortWithArraysAndCustomBase(100) (ascending) size=16,777,216 -> 178.579 ms
[219.864s] RadixSortWithArraysAndCustomBase(100) (ascending) size=33,554,432 -> 437.179 ms
[220.880s] RadixSortWithArraysAndCustomBase(100) (ascending) size=67,108,864 -> 994.439 ms
[220.886s] RadixSortWithArraysAndCustomBase(100) (descending) size=1,024 -> 0.013 ms
[220.890s] RadixSortWithArraysAndCustomBase(100) (descending) size=2,048 -> 0.019 ms
[220.895s] RadixSortWithArraysAndCustomBase(100) (descending) size=4,096 -> 0.026 ms
[220.900s] RadixSortWithArraysAndCustomBase(100) (descending) size=8,192 -> 0.044 ms
[220.905s] RadixSortWithArraysAndCustomBase(100) (descending) size=16,384 -> 0.125 ms
[220.910s] RadixSortWithArraysAndCustomBase(100) (descending) size=32,768 -> 0.227 ms
[220.915s] RadixSortWithArraysAndCustomBase(100) (descending) size=65,536 -> 0.424 ms
[220.920s] RadixSortWithArraysAndCustomBase(100) (descending) size=131,072 -> 0.840 ms
[220.927s] RadixSortWithArraysAndCustomBase(100) (descending) size=262,144 -> 1.651 ms
[220.935s] RadixSortWithArraysAndCustomBase(100) (descending) size=524,288 -> 3.316 ms
[220.949s] RadixSortWithArraysAndCustomBase(100) (descending) size=1,048,576 -> 9.108 ms
[220.972s] RadixSortWithArraysAndCustomBase(100) (descending) size=2,097,152 -> 17.892 ms
[221.014s] RadixSortWithArraysAndCustomBase(100) (descending) size=4,194,304 -> 35.827 ms
[221.093s] RadixSortWithArraysAndCustomBase(100) (descending) size=8,388,608 -> 71.631 ms
[221.278s] RadixSortWithArraysAndCustomBase(100) (descending) size=16,777,216 -> 175.998 ms
[221.724s] RadixSortWithArraysAndCustomBase(100) (descending) size=33,554,432 -> 432.515 ms
[222.734s] RadixSortWithArraysAndCustomBase(100) (descending) size=67,108,864 -> 987.813 ms
[222.739s] RadixSortWithCountingSortAndCustomBase(10) (random) size=1,024 -> 0.018 ms
[222.744s] RadixSortWithCountingSortAndCustomBase(10) (random) size=2,048 -> 0.028 ms
[222.749s] RadixSortWithCountingSortAndCustomBase(10) (random) size=4,096 -> 0.045 ms
[222.754s] RadixSortWithCountingSortAndCustomBase(10) (random) size=8,192 -> 0.066 ms
[222.758s] RadixSortWithCountingSortAndCustomBase(10) (random) size=16,384 -> 0.180 ms
[222.764s] RadixSortWithCountingSortAndCustomBase(10) (random) size=32,768 -> 0.316 ms
[222.769s] RadixSortWithCountingSortAndCustomBase(10) (random) size=65,536 -> 0.619 ms
[222.775s] RadixSortWithCountingSortAndCustomBase(10) (random) size=131,072 -> 1.529 ms
[222.783s] RadixSortWithCountingSortAndCustomBase(10) (random) size=262,144 -> 2.964 ms
[222.794s] RadixSortWithCountingSortAndCustomBase(10) (random) size=524,288 -> 5.838 ms
[222.814s] RadixSortWithCountingSortAndCustomBase(10) (random) size=1,048,576 -> 13.919 ms
[222.849s] RadixSortWithCountingSortAndCustomBase(10) (random) size=2,097,152 -> 29.182 ms
[222.912s] RadixSortWithCountingSortAndCustomBase(10) (random) size=4,194,304 -> 55.213 ms
[223.034s] RadixSortWithCountingSortAndCustomBase(10) (random) size=8,388,608 -> 110.306 ms
[223.315s] RadixSortWithCountingSortAndCustomBase(10) (random) size=16,777,216 -> 263.985 ms
[223.847s] RadixSortWithCountingSortAndCustomBase(10) (random) size=33,554,432 -> 502.868 ms
[224.911s] RadixSortWithCountingSortAndCustomBase(10) (random) size=67,108,864 -> 1008.933 ms
[224.916s] RadixSortWithCountingSortAndCustomBase(10) (ascending) size=1,024 -> 0.017 ms
[224.920s] RadixSortWithCountingSortAndCustomBase(10) (ascending) size=2,048 -> 0.026 ms
[224.925s] RadixSortWithCountingSortAndCustomBase(10) (ascending) size=4,096 -> 0.045 ms
[224.930s] RadixSortWithCountingSortAndCustomBase(10) (ascending) size=8,192 -> 0.075 ms
[224.935s] RadixSortWithCountingSortAndCustomBase(10) (ascending) size=16,384 -> 0.170 ms
[224.940s] RadixSortWithCountingSortAndCustomBase(10) (ascending) size=32,768 -> 0.319 ms
[224.945s] RadixSortWithCountingSortAndCustomBase(10) (ascending) size=65,536 -> 0.621 ms
[224.952s] RadixSortWithCountingSortAndCustomBase(10) (ascending) size=131,072 -> 1.482 ms
[224.960s] RadixSortWithCountingSortAndCustomBase(10) (ascending) size=262,144 -> 2.955 ms
[224.970s] RadixSortWithCountingSortAndCustomBase(10) (ascending) size=524,288 -> 5.948 ms
[224.989s] RadixSortWithCountingSortAndCustomBase(10) (ascending) size=1,048,576 -> 13.745 ms
[225.023s] RadixSortWithCountingSortAndCustomBase(10) (ascending) size=2,097,152 -> 27.877 ms
[225.084s] RadixSortWithCountingSortAndCustomBase(10) (ascending) size=4,194,304 -> 55.483 ms
[225.202s] RadixSortWithCountingSortAndCustomBase(10) (ascending) size=8,388,608 -> 110.741 ms
[225.464s] RadixSortWithCountingSortAndCustomBase(10) (ascending) size=16,777,216 -> 252.381 ms
[225.980s] RadixSortWithCountingSortAndCustomBase(10) (ascending) size=33,554,432 -> 502.540 ms
[227.011s] RadixSortWithCountingSortAndCustomBase(10) (ascending) size=67,108,864 -> 1009.283 ms
[227.016s] RadixSortWithCountingSortAndCustomBase(10) (descending) size=1,024 -> 0.017 ms
[227.021s] RadixSortWithCountingSortAndCustomBase(10) (descending) size=2,048 -> 0.026 ms
[227.025s] RadixSortWithCountingSortAndCustomBase(10) (descending) size=4,096 -> 0.044 ms
[227.030s] RadixSortWithCountingSortAndCustomBase(10) (descending) size=8,192 -> 0.075 ms
[227.035s] RadixSortWithCountingSortAndCustomBase(10) (descending) size=16,384 -> 0.169 ms
[227.040s] RadixSortWithCountingSortAndCustomBase(10) (descending) size=32,768 -> 0.318 ms
[227.045s] RadixSortWithCountingSortAndCustomBase(10) (descending) size=65,536 -> 0.617 ms
[227.052s] RadixSortWithCountingSortAndCustomBase(10) (descending) size=131,072 -> 1.481 ms
[227.059s] RadixSortWithCountingSortAndCustomBase(10) (descending) size=262,144 -> 2.907 ms
[227.070s] RadixSortWithCountingSortAndCustomBase(10) (descending) size=524,288 -> 5.774 ms
[227.089s] RadixSortWithCountingSortAndCustomBase(10) (descending) size=1,048,576 -> 13.692 ms
[227.121s] RadixSortWithCountingSortAndCustomBase(10) (descending) size=2,097,152 -> 27.217 ms
[227.183s] RadixSortWithCountingSortAndCustomBase(10) (descending) size=4,194,304 -> 55.975 ms
[227.300s] RadixSortWithCountingSortAndCustomBase(10) (descending) size=8,388,608 -> 109.692 ms
[227.558s] RadixSortWithCountingSortAndCustomBase(10) (descending) size=16,777,216 -> 248.771 ms
[228.071s] RadixSortWithCountingSortAndCustomBase(10) (descending) size=33,554,432 -> 498.836 ms
[229.093s] RadixSortWithCountingSortAndCustomBase(10) (descending) size=67,108,864 -> 1000.063 ms
[229.098s] RadixSortWithCountingSortAndCustomBase(100) (random) size=1,024 -> 0.010 ms
[229.103s] RadixSortWithCountingSortAndCustomBase(100) (random) size=2,048 -> 0.016 ms
[229.108s] RadixSortWithCountingSortAndCustomBase(100) (random) size=4,096 -> 0.026 ms
[229.113s] RadixSortWithCountingSortAndCustomBase(100) (random) size=8,192 -> 0.046 ms
[229.117s] RadixSortWithCountingSortAndCustomBase(100) (random) size=16,384 -> 0.116 ms
[229.122s] RadixSortWithCountingSortAndCustomBase(100) (random) size=32,768 -> 0.203 ms
[229.127s] RadixSortWithCountingSortAndCustomBase(100) (random) size=65,536 -> 0.385 ms
[229.133s] RadixSortWithCountingSortAndCustomBase(100) (random) size=131,072 -> 0.745 ms
[229.139s] RadixSortWithCountingSortAndCustomBase(100) (random) size=262,144 -> 1.502 ms
[229.147s] RadixSortWithCountingSortAndCustomBase(100) (random) size=524,288 -> 2.947 ms
[229.162s] RadixSortWithCountingSortAndCustomBase(100) (random) size=1,048,576 -> 8.380 ms
[229.185s] RadixSortWithCountingSortAndCustomBase(100) (random) size=2,097,152 -> 17.190 ms
[229.225s] RadixSortWithCountingSortAndCustomBase(100) (random) size=4,194,304 -> 31.961 ms
[229.300s] RadixSortWithCountingSortAndCustomBase(100) (random) size=8,388,608 -> 63.408 ms
[229.443s] RadixSortWithCountingSortAndCustomBase(100) (random) size=16,777,216 -> 126.437 ms
[229.727s] RadixSortWithCountingSortAndCustomBase(100) (random) size=33,554,432 -> 253.930 ms
[230.291s] RadixSortWithCountingSortAndCustomBase(100) (random) size=67,108,864 -> 509.921 ms
[230.296s] RadixSortWithCountingSortAndCustomBase(100) (ascending) size=1,024 -> 0.012 ms
[230.301s] RadixSortWithCountingSortAndCustomBase(100) (ascending) size=2,048 -> 0.017 ms
[230.305s] RadixSortWithCountingSortAndCustomBase(100) (ascending) size=4,096 -> 0.025 ms
[230.310s] RadixSortWithCountingSortAndCustomBase(100) (ascending) size=8,192 -> 0.047 ms
[230.315s] RadixSortWithCountingSortAndCustomBase(100) (ascending) size=16,384 -> 0.109 ms
[230.320s] RadixSortWithCountingSortAndCustomBase(100) (ascending) size=32,768 -> 0.206 ms
[230.325s] RadixSortWithCountingSortAndCustomBase(100) (ascending) size=65,536 -> 0.398 ms
[230.331s] RadixSortWithCountingSortAndCustomBase(100) (ascending) size=131,072 -> 0.775 ms
[230.337s] RadixSortWithCountingSortAndCustomBase(100) (ascending) size=262,144 -> 1.515 ms
[230.345s] RadixSortWithCountingSortAndCustomBase(100) (ascending) size=524,288 -> 3.067 ms
[230.358s] RadixSortWithCountingSortAndCustomBase(100) (ascending) size=1,048,576 -> 8.034 ms
[230.380s] RadixSortWithCountingSortAndCustomBase(100) (ascending) size=2,097,152 -> 16.108 ms
[230.419s] RadixSortWithCountingSortAndCustomBase(100) (ascending) size=4,194,304 -> 32.754 ms
[230.491s] RadixSortWithCountingSortAndCustomBase(100) (ascending) size=8,388,608 -> 64.995 ms
[230.631s] RadixSortWithCountingSortAndCustomBase(100) (ascending) size=16,777,216 -> 131.172 ms
[230.909s] RadixSortWithCountingSortAndCustomBase(100) (ascending) size=33,554,432 -> 264.483 ms
[231.475s] RadixSortWithCountingSortAndCustomBase(100) (ascending) size=67,108,864 -> 544.431 ms
[231.480s] RadixSortWithCountingSortAndCustomBase(100) (descending) size=1,024 -> 0.011 ms
[231.485s] RadixSortWithCountingSortAndCustomBase(100) (descending) size=2,048 -> 0.016 ms
[231.490s] RadixSortWithCountingSortAndCustomBase(100) (descending) size=4,096 -> 0.027 ms
[231.494s] RadixSortWithCountingSortAndCustomBase(100) (descending) size=8,192 -> 0.045 ms
[231.499s] RadixSortWithCountingSortAndCustomBase(100) (descending) size=16,384 -> 0.108 ms
[231.504s] RadixSortWithCountingSortAndCustomBase(100) (descending) size=32,768 -> 0.189 ms
[231.509s] RadixSortWithCountingSortAndCustomBase(100) (descending) size=65,536 -> 0.385 ms
[231.515s] RadixSortWithCountingSortAndCustomBase(100) (descending) size=131,072 -> 0.750 ms
[231.521s] RadixSortWithCountingSortAndCustomBase(100) (descending) size=262,144 -> 1.495 ms
[231.529s] RadixSortWithCountingSortAndCustomBase(100) (descending) size=524,288 -> 2.990 ms
[231.542s] RadixSortWithCountingSortAndCustomBase(100) (descending) size=1,048,576 -> 8.175 ms
[231.564s] RadixSortWithCountingSortAndCustomBase(100) (descending) size=2,097,152 -> 15.903 ms
[231.602s] RadixSortWithCountingSortAndCustomBase(100) (descending) size=4,194,304 -> 32.072 ms
[231.673s] RadixSortWithCountingSortAndCustomBase(100) (descending) size=8,388,608 -> 64.229 ms
[231.811s] RadixSortWithCountingSortAndCustomBase(100) (descending) size=16,777,216 -> 128.974 ms
[232.090s] RadixSortWithCountingSortAndCustomBase(100) (descending) size=33,554,432 -> 265.286 ms
[232.641s] RadixSortWithCountingSortAndCustomBase(100) (descending) size=67,108,864 -> 528.161 ms
[232.646s] RecursiveMsdRadixSortWithArraysAndCustomBase(10) (random) size=1,024 -> 0.041 ms
[232.651s] RecursiveMsdRadixSortWithArraysAndCustomBase(10) (random) size=2,048 -> 0.063 ms
[232.656s] RecursiveMsdRadixSortWithArraysAndCustomBase(10) (random) size=4,096 -> 0.107 ms
[232.661s] RecursiveMsdRadixSortWithArraysAndCustomBase(10) (random) size=8,192 -> 0.201 ms
[232.666s] RecursiveMsdRadixSortWithArraysAndCustomBase(10) (random) size=16,384 -> 0.425 ms
[232.671s] RecursiveMsdRadixSortWithArraysAndCustomBase(10) (random) size=32,768 -> 0.811 ms
[232.678s] RecursiveMsdRadixSortWithArraysAndCustomBase(10) (random) size=65,536 -> 1.625 ms
[232.686s] RecursiveMsdRadixSortWithArraysAndCustomBase(10) (random) size=131,072 -> 3.778 ms
[232.699s] RecursiveMsdRadixSortWithArraysAndCustomBase(10) (random) size=262,144 -> 7.319 ms
[232.719s] RecursiveMsdRadixSortWithArraysAndCustomBase(10) (random) size=524,288 -> 14.638 ms
[232.756s] RecursiveMsdRadixSortWithArraysAndCustomBase(10) (random) size=1,048,576 -> 32.028 ms
[232.825s] RecursiveMsdRadixSortWithArraysAndCustomBase(10) (random) size=2,097,152 -> 62.148 ms
[232.955s] RecursiveMsdRadixSortWithArraysAndCustomBase(10) (random) size=4,194,304 -> 121.726 ms
[233.211s] RecursiveMsdRadixSortWithArraysAndCustomBase(10) (random) size=8,388,608 -> 244.331 ms
[233.792s] RecursiveMsdRadixSortWithArraysAndCustomBase(10) (random) size=16,777,216 -> 563.627 ms
[234.922s] RecursiveMsdRadixSortWithArraysAndCustomBase(10) (random) size=33,554,432 -> 1100.082 ms
[237.161s] RecursiveMsdRadixSortWithArraysAndCustomBase(10) (random) size=67,108,864 -> 2184.706 ms
[237.167s] RecursiveMsdRadixSortWithArraysAndCustomBase(10) (ascending) size=1,024 -> 0.026 ms
[237.172s] RecursiveMsdRadixSortWithArraysAndCustomBase(10) (ascending) size=2,048 -> 0.042 ms
[237.177s] RecursiveMsdRadixSortWithArraysAndCustomBase(10) (ascending) size=4,096 -> 0.080 ms
[237.182s] RecursiveMsdRadixSortWithArraysAndCustomBase(10) (ascending) size=8,192 -> 0.143 ms
[237.187s] RecursiveMsdRadixSortWithArraysAndCustomBase(10) (ascending) size=16,384 -> 0.299 ms
[237.192s] RecursiveMsdRadixSortWithArraysAndCustomBase(10) (ascending) size=32,768 -> 0.553 ms
[237.198s] RecursiveMsdRadixSortWithArraysAndCustomBase(10) (ascending) size=65,536 -> 1.114 ms
[237.205s] RecursiveMsdRadixSortWithArraysAndCustomBase(10) (ascending) size=131,072 -> 2.742 ms
[237.216s] RecursiveMsdRadixSortWithArraysAndCustomBase(10) (ascending) size=262,144 -> 6.031 ms
[237.233s] RecursiveMsdRadixSortWithArraysAndCustomBase(10) (ascending) size=524,288 -> 11.992 ms
[237.262s] RecursiveMsdRadixSortWithArraysAndCustomBase(10) (ascending) size=1,048,576 -> 23.602 ms
[237.316s] RecursiveMsdRadixSortWithArraysAndCustomBase(10) (ascending) size=2,097,152 -> 48.217 ms
[237.417s] RecursiveMsdRadixSortWithArraysAndCustomBase(10) (ascending) size=4,194,304 -> 94.941 ms
[237.610s] RecursiveMsdRadixSortWithArraysAndCustomBase(10) (ascending) size=8,388,608 -> 186.444 ms
[238.058s] RecursiveMsdRadixSortWithArraysAndCustomBase(10) (ascending) size=16,777,216 -> 438.053 ms
[238.951s] RecursiveMsdRadixSortWithArraysAndCustomBase(10) (ascending) size=33,554,432 -> 879.094 ms
[240.741s] RecursiveMsdRadixSortWithArraysAndCustomBase(10) (ascending) size=67,108,864 -> 1767.625 ms
[240.747s] RecursiveMsdRadixSortWithArraysAndCustomBase(10) (descending) size=1,024 -> 0.022 ms
[240.751s] RecursiveMsdRadixSortWithArraysAndCustomBase(10) (descending) size=2,048 -> 0.050 ms
[240.756s] RecursiveMsdRadixSortWithArraysAndCustomBase(10) (descending) size=4,096 -> 0.087 ms
[240.761s] RecursiveMsdRadixSortWithArraysAndCustomBase(10) (descending) size=8,192 -> 0.148 ms
[240.766s] RecursiveMsdRadixSortWithArraysAndCustomBase(10) (descending) size=16,384 -> 0.298 ms
[240.771s] RecursiveMsdRadixSortWithArraysAndCustomBase(10) (descending) size=32,768 -> 0.569 ms
[240.777s] RecursiveMsdRadixSortWithArraysAndCustomBase(10) (descending) size=65,536 -> 1.171 ms
[240.785s] RecursiveMsdRadixSortWithArraysAndCustomBase(10) (descending) size=131,072 -> 3.062 ms
[240.796s] RecursiveMsdRadixSortWithArraysAndCustomBase(10) (descending) size=262,144 -> 6.117 ms
[240.814s] RecursiveMsdRadixSortWithArraysAndCustomBase(10) (descending) size=524,288 -> 12.447 ms
[240.843s] RecursiveMsdRadixSortWithArraysAndCustomBase(10) (descending) size=1,048,576 -> 24.582 ms
[240.898s] RecursiveMsdRadixSortWithArraysAndCustomBase(10) (descending) size=2,097,152 -> 49.061 ms
[241.001s] RecursiveMsdRadixSortWithArraysAndCustomBase(10) (descending) size=4,194,304 -> 97.021 ms
[241.202s] RecursiveMsdRadixSortWithArraysAndCustomBase(10) (descending) size=8,388,608 -> 193.877 ms
[241.676s] RecursiveMsdRadixSortWithArraysAndCustomBase(10) (descending) size=16,777,216 -> 464.529 ms
[242.623s] RecursiveMsdRadixSortWithArraysAndCustomBase(10) (descending) size=33,554,432 -> 932.990 ms
[244.512s] RecursiveMsdRadixSortWithArraysAndCustomBase(10) (descending) size=67,108,864 -> 1866.779 ms
[244.518s] RecursiveMsdRadixSortWithArraysAndCustomBase(1000) (random) size=1,024 -> 0.030 ms
[244.522s] RecursiveMsdRadixSortWithArraysAndCustomBase(1000) (random) size=2,048 -> 0.051 ms
[244.527s] RecursiveMsdRadixSortWithArraysAndCustomBase(1000) (random) size=4,096 -> 0.077 ms
[244.532s] RecursiveMsdRadixSortWithArraysAndCustomBase(1000) (random) size=8,192 -> 0.133 ms
[244.537s] RecursiveMsdRadixSortWithArraysAndCustomBase(1000) (random) size=16,384 -> 0.248 ms
[244.542s] RecursiveMsdRadixSortWithArraysAndCustomBase(1000) (random) size=32,768 -> 0.467 ms
[244.548s] RecursiveMsdRadixSortWithArraysAndCustomBase(1000) (random) size=65,536 -> 0.913 ms
[244.554s] RecursiveMsdRadixSortWithArraysAndCustomBase(1000) (random) size=131,072 -> 1.814 ms
[244.563s] RecursiveMsdRadixSortWithArraysAndCustomBase(1000) (random) size=262,144 -> 3.604 ms
[244.575s] RecursiveMsdRadixSortWithArraysAndCustomBase(1000) (random) size=524,288 -> 7.216 ms
[244.599s] RecursiveMsdRadixSortWithArraysAndCustomBase(1000) (random) size=1,048,576 -> 17.986 ms
[244.641s] RecursiveMsdRadixSortWithArraysAndCustomBase(1000) (random) size=2,097,152 -> 34.888 ms
[244.716s] RecursiveMsdRadixSortWithArraysAndCustomBase(1000) (random) size=4,194,304 -> 67.509 ms
[244.861s] RecursiveMsdRadixSortWithArraysAndCustomBase(1000) (random) size=8,388,608 -> 134.205 ms
[245.148s] RecursiveMsdRadixSortWithArraysAndCustomBase(1000) (random) size=16,777,216 -> 269.665 ms
[245.716s] RecursiveMsdRadixSortWithArraysAndCustomBase(1000) (random) size=33,554,432 -> 538.520 ms
[246.874s] RecursiveMsdRadixSortWithArraysAndCustomBase(1000) (random) size=67,108,864 -> 1103.926 ms
[246.879s] RecursiveMsdRadixSortWithArraysAndCustomBase(1000) (ascending) size=1,024 -> 0.025 ms
[246.884s] RecursiveMsdRadixSortWithArraysAndCustomBase(1000) (ascending) size=2,048 -> 0.037 ms
[246.889s] RecursiveMsdRadixSortWithArraysAndCustomBase(1000) (ascending) size=4,096 -> 0.056 ms
[246.894s] RecursiveMsdRadixSortWithArraysAndCustomBase(1000) (ascending) size=8,192 -> 0.092 ms
[246.899s] RecursiveMsdRadixSortWithArraysAndCustomBase(1000) (ascending) size=16,384 -> 0.165 ms
[246.904s] RecursiveMsdRadixSortWithArraysAndCustomBase(1000) (ascending) size=32,768 -> 0.313 ms
[246.909s] RecursiveMsdRadixSortWithArraysAndCustomBase(1000) (ascending) size=65,536 -> 0.607 ms
[246.915s] RecursiveMsdRadixSortWithArraysAndCustomBase(1000) (ascending) size=131,072 -> 1.199 ms
[246.922s] RecursiveMsdRadixSortWithArraysAndCustomBase(1000) (ascending) size=262,144 -> 2.385 ms
[246.932s] RecursiveMsdRadixSortWithArraysAndCustomBase(1000) (ascending) size=524,288 -> 4.715 ms
[246.948s] RecursiveMsdRadixSortWithArraysAndCustomBase(1000) (ascending) size=1,048,576 -> 10.634 ms
[246.974s] RecursiveMsdRadixSortWithArraysAndCustomBase(1000) (ascending) size=2,097,152 -> 21.331 ms
[247.022s] RecursiveMsdRadixSortWithArraysAndCustomBase(1000) (ascending) size=4,194,304 -> 42.193 ms
[247.111s] RecursiveMsdRadixSortWithArraysAndCustomBase(1000) (ascending) size=8,388,608 -> 81.809 ms
[247.283s] RecursiveMsdRadixSortWithArraysAndCustomBase(1000) (ascending) size=16,777,216 -> 162.637 ms
[247.622s] RecursiveMsdRadixSortWithArraysAndCustomBase(1000) (ascending) size=33,554,432 -> 325.314 ms
[248.291s] RecursiveMsdRadixSortWithArraysAndCustomBase(1000) (ascending) size=67,108,864 -> 647.002 ms
[248.296s] RecursiveMsdRadixSortWithArraysAndCustomBase(1000) (descending) size=1,024 -> 0.025 ms
[248.301s] RecursiveMsdRadixSortWithArraysAndCustomBase(1000) (descending) size=2,048 -> 0.036 ms
[248.305s] RecursiveMsdRadixSortWithArraysAndCustomBase(1000) (descending) size=4,096 -> 0.057 ms
[248.310s] RecursiveMsdRadixSortWithArraysAndCustomBase(1000) (descending) size=8,192 -> 0.089 ms
[248.315s] RecursiveMsdRadixSortWithArraysAndCustomBase(1000) (descending) size=16,384 -> 0.162 ms
[248.320s] RecursiveMsdRadixSortWithArraysAndCustomBase(1000) (descending) size=32,768 -> 0.296 ms
[248.326s] RecursiveMsdRadixSortWithArraysAndCustomBase(1000) (descending) size=65,536 -> 0.593 ms
[248.331s] RecursiveMsdRadixSortWithArraysAndCustomBase(1000) (descending) size=131,072 -> 1.120 ms
[248.339s] RecursiveMsdRadixSortWithArraysAndCustomBase(1000) (descending) size=262,144 -> 2.204 ms
[248.348s] RecursiveMsdRadixSortWithArraysAndCustomBase(1000) (descending) size=524,288 -> 4.684 ms
[248.364s] RecursiveMsdRadixSortWithArraysAndCustomBase(1000) (descending) size=1,048,576 -> 10.445 ms
[248.390s] RecursiveMsdRadixSortWithArraysAndCustomBase(1000) (descending) size=2,097,152 -> 20.846 ms
[248.436s] RecursiveMsdRadixSortWithArraysAndCustomBase(1000) (descending) size=4,194,304 -> 40.394 ms
[248.524s] RecursiveMsdRadixSortWithArraysAndCustomBase(1000) (descending) size=8,388,608 -> 80.037 ms
[248.692s] RecursiveMsdRadixSortWithArraysAndCustomBase(1000) (descending) size=16,777,216 -> 158.995 ms
[249.024s] RecursiveMsdRadixSortWithArraysAndCustomBase(1000) (descending) size=33,554,432 -> 317.864 ms
[249.684s] RecursiveMsdRadixSortWithArraysAndCustomBase(1000) (descending) size=67,108,864 -> 639.063 ms
--- iteration 4 of 10 ---
[249.690s] RadixSortWithDynamicListsAndCustomBase(10) (random) size=1,024 -> 0.035 ms
[249.695s] RadixSortWithDynamicListsAndCustomBase(10) (random) size=2,048 -> 0.051 ms
[249.699s] RadixSortWithDynamicListsAndCustomBase(10) (random) size=4,096 -> 0.081 ms
[249.704s] RadixSortWithDynamicListsAndCustomBase(10) (random) size=8,192 -> 0.136 ms
[249.709s] RadixSortWithDynamicListsAndCustomBase(10) (random) size=16,384 -> 0.309 ms
[249.715s] RadixSortWithDynamicListsAndCustomBase(10) (random) size=32,768 -> 0.594 ms
[249.721s] RadixSortWithDynamicListsAndCustomBase(10) (random) size=65,536 -> 1.191 ms
[249.728s] RadixSortWithDynamicListsAndCustomBase(10) (random) size=131,072 -> 2.792 ms
[249.739s] RadixSortWithDynamicListsAndCustomBase(10) (random) size=262,144 -> 5.611 ms
[249.756s] RadixSortWithDynamicListsAndCustomBase(10) (random) size=524,288 -> 11.718 ms
[249.794s] RadixSortWithDynamicListsAndCustomBase(10) (random) size=1,048,576 -> 32.411 ms
[249.887s] RadixSortWithDynamicListsAndCustomBase(10) (random) size=2,097,152 -> 86.532 ms
[250.060s] RadixSortWithDynamicListsAndCustomBase(10) (random) size=4,194,304 -> 164.528 ms
[250.374s] RadixSortWithDynamicListsAndCustomBase(10) (random) size=8,388,608 -> 303.011 ms
[251.042s] RadixSortWithDynamicListsAndCustomBase(10) (random) size=16,777,216 -> 650.913 ms
[252.391s] RadixSortWithDynamicListsAndCustomBase(10) (random) size=33,554,432 -> 1319.618 ms
[257.036s] RadixSortWithDynamicListsAndCustomBase(10) (random) size=67,108,864 -> 4590.121 ms
[257.042s] RadixSortWithDynamicListsAndCustomBase(10) (ascending) size=1,024 -> 0.027 ms
[257.047s] RadixSortWithDynamicListsAndCustomBase(10) (ascending) size=2,048 -> 0.037 ms
[257.051s] RadixSortWithDynamicListsAndCustomBase(10) (ascending) size=4,096 -> 0.076 ms
[257.056s] RadixSortWithDynamicListsAndCustomBase(10) (ascending) size=8,192 -> 0.134 ms
[257.061s] RadixSortWithDynamicListsAndCustomBase(10) (ascending) size=16,384 -> 0.300 ms
[257.066s] RadixSortWithDynamicListsAndCustomBase(10) (ascending) size=32,768 -> 0.606 ms
[257.072s] RadixSortWithDynamicListsAndCustomBase(10) (ascending) size=65,536 -> 1.226 ms
[257.080s] RadixSortWithDynamicListsAndCustomBase(10) (ascending) size=131,072 -> 2.831 ms
[257.091s] RadixSortWithDynamicListsAndCustomBase(10) (ascending) size=262,144 -> 5.716 ms
[257.108s] RadixSortWithDynamicListsAndCustomBase(10) (ascending) size=524,288 -> 11.764 ms
[257.141s] RadixSortWithDynamicListsAndCustomBase(10) (ascending) size=1,048,576 -> 28.124 ms
[257.209s] RadixSortWithDynamicListsAndCustomBase(10) (ascending) size=2,097,152 -> 62.029 ms
[257.343s] RadixSortWithDynamicListsAndCustomBase(10) (ascending) size=4,194,304 -> 128.567 ms
[257.636s] RadixSortWithDynamicListsAndCustomBase(10) (ascending) size=8,388,608 -> 285.526 ms
[258.726s] RadixSortWithDynamicListsAndCustomBase(10) (ascending) size=16,777,216 -> 1080.097 ms
[261.188s] RadixSortWithDynamicListsAndCustomBase(10) (ascending) size=33,554,432 -> 2448.686 ms
[266.893s] RadixSortWithDynamicListsAndCustomBase(10) (ascending) size=67,108,864 -> 5681.829 ms
[266.899s] RadixSortWithDynamicListsAndCustomBase(10) (descending) size=1,024 -> 0.029 ms
[266.904s] RadixSortWithDynamicListsAndCustomBase(10) (descending) size=2,048 -> 0.046 ms
[266.908s] RadixSortWithDynamicListsAndCustomBase(10) (descending) size=4,096 -> 0.079 ms
[266.913s] RadixSortWithDynamicListsAndCustomBase(10) (descending) size=8,192 -> 0.128 ms
[266.918s] RadixSortWithDynamicListsAndCustomBase(10) (descending) size=16,384 -> 0.302 ms
[266.923s] RadixSortWithDynamicListsAndCustomBase(10) (descending) size=32,768 -> 0.615 ms
[266.929s] RadixSortWithDynamicListsAndCustomBase(10) (descending) size=65,536 -> 1.255 ms
[266.937s] RadixSortWithDynamicListsAndCustomBase(10) (descending) size=131,072 -> 2.798 ms
[266.947s] RadixSortWithDynamicListsAndCustomBase(10) (descending) size=262,144 -> 5.638 ms
[266.964s] RadixSortWithDynamicListsAndCustomBase(10) (descending) size=524,288 -> 11.680 ms
[267.000s] RadixSortWithDynamicListsAndCustomBase(10) (descending) size=1,048,576 -> 30.364 ms
[267.068s] RadixSortWithDynamicListsAndCustomBase(10) (descending) size=2,097,152 -> 62.057 ms
[267.204s] RadixSortWithDynamicListsAndCustomBase(10) (descending) size=4,194,304 -> 130.641 ms
[267.592s] RadixSortWithDynamicListsAndCustomBase(10) (descending) size=8,388,608 -> 380.708 ms
[268.713s] RadixSortWithDynamicListsAndCustomBase(10) (descending) size=16,777,216 -> 1111.295 ms
[271.202s] RadixSortWithDynamicListsAndCustomBase(10) (descending) size=33,554,432 -> 2474.842 ms
[276.810s] RadixSortWithDynamicListsAndCustomBase(10) (descending) size=67,108,864 -> 5584.724 ms
[276.815s] RadixSortWithDynamicListsAndCustomBase(100) (random) size=1,024 -> 0.023 ms
[276.820s] RadixSortWithDynamicListsAndCustomBase(100) (random) size=2,048 -> 0.034 ms
[276.825s] RadixSortWithDynamicListsAndCustomBase(100) (random) size=4,096 -> 0.054 ms
[276.829s] RadixSortWithDynamicListsAndCustomBase(100) (random) size=8,192 -> 0.094 ms
[276.834s] RadixSortWithDynamicListsAndCustomBase(100) (random) size=16,384 -> 0.218 ms
[276.839s] RadixSortWithDynamicListsAndCustomBase(100) (random) size=32,768 -> 0.403 ms
[276.845s] RadixSortWithDynamicListsAndCustomBase(100) (random) size=65,536 -> 0.773 ms
[276.851s] RadixSortWithDynamicListsAndCustomBase(100) (random) size=131,072 -> 1.553 ms
[276.860s] RadixSortWithDynamicListsAndCustomBase(100) (random) size=262,144 -> 3.078 ms
[276.873s] RadixSortWithDynamicListsAndCustomBase(100) (random) size=524,288 -> 8.491 ms
[276.899s] RadixSortWithDynamicListsAndCustomBase(100) (random) size=1,048,576 -> 19.446 ms
[276.953s] RadixSortWithDynamicListsAndCustomBase(100) (random) size=2,097,152 -> 47.718 ms
[277.071s] RadixSortWithDynamicListsAndCustomBase(100) (random) size=4,194,304 -> 109.930 ms
[277.310s] RadixSortWithDynamicListsAndCustomBase(100) (random) size=8,388,608 -> 227.426 ms
[277.798s] RadixSortWithDynamicListsAndCustomBase(100) (random) size=16,777,216 -> 471.138 ms
[278.786s] RadixSortWithDynamicListsAndCustomBase(100) (random) size=33,554,432 -> 957.476 ms
[280.860s] RadixSortWithDynamicListsAndCustomBase(100) (random) size=67,108,864 -> 2019.313 ms
[280.865s] RadixSortWithDynamicListsAndCustomBase(100) (ascending) size=1,024 -> 0.017 ms
[280.870s] RadixSortWithDynamicListsAndCustomBase(100) (ascending) size=2,048 -> 0.029 ms
[280.874s] RadixSortWithDynamicListsAndCustomBase(100) (ascending) size=4,096 -> 0.049 ms
[280.879s] RadixSortWithDynamicListsAndCustomBase(100) (ascending) size=8,192 -> 0.078 ms
[280.884s] RadixSortWithDynamicListsAndCustomBase(100) (ascending) size=16,384 -> 0.184 ms
[280.889s] RadixSortWithDynamicListsAndCustomBase(100) (ascending) size=32,768 -> 0.346 ms
[280.894s] RadixSortWithDynamicListsAndCustomBase(100) (ascending) size=65,536 -> 0.707 ms
[280.900s] RadixSortWithDynamicListsAndCustomBase(100) (ascending) size=131,072 -> 1.434 ms
[280.908s] RadixSortWithDynamicListsAndCustomBase(100) (ascending) size=262,144 -> 2.901 ms
[280.919s] RadixSortWithDynamicListsAndCustomBase(100) (ascending) size=524,288 -> 6.194 ms
[280.941s] RadixSortWithDynamicListsAndCustomBase(100) (ascending) size=1,048,576 -> 16.500 ms
[280.980s] RadixSortWithDynamicListsAndCustomBase(100) (ascending) size=2,097,152 -> 33.921 ms
[281.059s] RadixSortWithDynamicListsAndCustomBase(100) (ascending) size=4,194,304 -> 72.638 ms
[281.232s] RadixSortWithDynamicListsAndCustomBase(100) (ascending) size=8,388,608 -> 166.053 ms
[281.683s] RadixSortWithDynamicListsAndCustomBase(100) (ascending) size=16,777,216 -> 441.632 ms
[282.722s] RadixSortWithDynamicListsAndCustomBase(100) (ascending) size=33,554,432 -> 1025.704 ms
[285.036s] RadixSortWithDynamicListsAndCustomBase(100) (ascending) size=67,108,864 -> 2291.398 ms
[285.041s] RadixSortWithDynamicListsAndCustomBase(100) (descending) size=1,024 -> 0.019 ms
[285.046s] RadixSortWithDynamicListsAndCustomBase(100) (descending) size=2,048 -> 0.028 ms
[285.051s] RadixSortWithDynamicListsAndCustomBase(100) (descending) size=4,096 -> 0.047 ms
[285.055s] RadixSortWithDynamicListsAndCustomBase(100) (descending) size=8,192 -> 0.075 ms
[285.060s] RadixSortWithDynamicListsAndCustomBase(100) (descending) size=16,384 -> 0.188 ms
[285.065s] RadixSortWithDynamicListsAndCustomBase(100) (descending) size=32,768 -> 0.348 ms
[285.070s] RadixSortWithDynamicListsAndCustomBase(100) (descending) size=65,536 -> 0.702 ms
[285.076s] RadixSortWithDynamicListsAndCustomBase(100) (descending) size=131,072 -> 1.408 ms
[285.084s] RadixSortWithDynamicListsAndCustomBase(100) (descending) size=262,144 -> 2.885 ms
[285.096s] RadixSortWithDynamicListsAndCustomBase(100) (descending) size=524,288 -> 6.386 ms
[285.118s] RadixSortWithDynamicListsAndCustomBase(100) (descending) size=1,048,576 -> 17.110 ms
[285.158s] RadixSortWithDynamicListsAndCustomBase(100) (descending) size=2,097,152 -> 34.350 ms
[285.238s] RadixSortWithDynamicListsAndCustomBase(100) (descending) size=4,194,304 -> 73.269 ms
[285.410s] RadixSortWithDynamicListsAndCustomBase(100) (descending) size=8,388,608 -> 165.344 ms
[285.861s] RadixSortWithDynamicListsAndCustomBase(100) (descending) size=16,777,216 -> 442.088 ms
[286.896s] RadixSortWithDynamicListsAndCustomBase(100) (descending) size=33,554,432 -> 1021.515 ms
[289.235s] RadixSortWithDynamicListsAndCustomBase(100) (descending) size=67,108,864 -> 2315.768 ms
[289.240s] RadixSortWithArraysAndCustomBase(10) (random) size=1,024 -> 0.018 ms
[289.245s] RadixSortWithArraysAndCustomBase(10) (random) size=2,048 -> 0.034 ms
[289.249s] RadixSortWithArraysAndCustomBase(10) (random) size=4,096 -> 0.051 ms
[289.254s] RadixSortWithArraysAndCustomBase(10) (random) size=8,192 -> 0.085 ms
[289.259s] RadixSortWithArraysAndCustomBase(10) (random) size=16,384 -> 0.201 ms
[289.264s] RadixSortWithArraysAndCustomBase(10) (random) size=32,768 -> 0.357 ms
[289.269s] RadixSortWithArraysAndCustomBase(10) (random) size=65,536 -> 0.704 ms
[289.276s] RadixSortWithArraysAndCustomBase(10) (random) size=131,072 -> 1.798 ms
[289.284s] RadixSortWithArraysAndCustomBase(10) (random) size=262,144 -> 3.414 ms
[289.296s] RadixSortWithArraysAndCustomBase(10) (random) size=524,288 -> 6.784 ms
[289.317s] RadixSortWithArraysAndCustomBase(10) (random) size=1,048,576 -> 16.080 ms
[289.357s] RadixSortWithArraysAndCustomBase(10) (random) size=2,097,152 -> 33.051 ms
[289.428s] RadixSortWithArraysAndCustomBase(10) (random) size=4,194,304 -> 63.397 ms
[289.566s] RadixSortWithArraysAndCustomBase(10) (random) size=8,388,608 -> 126.151 ms
[289.892s] RadixSortWithArraysAndCustomBase(10) (random) size=16,777,216 -> 308.267 ms
[290.522s] RadixSortWithArraysAndCustomBase(10) (random) size=33,554,432 -> 600.963 ms
[291.773s] RadixSortWithArraysAndCustomBase(10) (random) size=67,108,864 -> 1196.722 ms
[291.779s] RadixSortWithArraysAndCustomBase(10) (ascending) size=1,024 -> 0.020 ms
[291.784s] RadixSortWithArraysAndCustomBase(10) (ascending) size=2,048 -> 0.030 ms
[291.788s] RadixSortWithArraysAndCustomBase(10) (ascending) size=4,096 -> 0.044 ms
[291.793s] RadixSortWithArraysAndCustomBase(10) (ascending) size=8,192 -> 0.084 ms
[291.798s] RadixSortWithArraysAndCustomBase(10) (ascending) size=16,384 -> 0.187 ms
[291.803s] RadixSortWithArraysAndCustomBase(10) (ascending) size=32,768 -> 0.355 ms
[291.809s] RadixSortWithArraysAndCustomBase(10) (ascending) size=65,536 -> 0.680 ms
[291.815s] RadixSortWithArraysAndCustomBase(10) (ascending) size=131,072 -> 1.656 ms
[291.823s] RadixSortWithArraysAndCustomBase(10) (ascending) size=262,144 -> 3.249 ms
[291.835s] RadixSortWithArraysAndCustomBase(10) (ascending) size=524,288 -> 6.723 ms
[291.855s] RadixSortWithArraysAndCustomBase(10) (ascending) size=1,048,576 -> 15.498 ms
[291.892s] RadixSortWithArraysAndCustomBase(10) (ascending) size=2,097,152 -> 31.083 ms
[291.960s] RadixSortWithArraysAndCustomBase(10) (ascending) size=4,194,304 -> 61.764 ms
[292.092s] RadixSortWithArraysAndCustomBase(10) (ascending) size=8,388,608 -> 124.224 ms
[292.397s] RadixSortWithArraysAndCustomBase(10) (ascending) size=16,777,216 -> 295.908 ms
[293.004s] RadixSortWithArraysAndCustomBase(10) (ascending) size=33,554,432 -> 593.628 ms
[294.224s] RadixSortWithArraysAndCustomBase(10) (ascending) size=67,108,864 -> 1197.596 ms
[294.229s] RadixSortWithArraysAndCustomBase(10) (descending) size=1,024 -> 0.020 ms
[294.234s] RadixSortWithArraysAndCustomBase(10) (descending) size=2,048 -> 0.030 ms
[294.239s] RadixSortWithArraysAndCustomBase(10) (descending) size=4,096 -> 0.050 ms
[294.243s] RadixSortWithArraysAndCustomBase(10) (descending) size=8,192 -> 0.083 ms
[294.248s] RadixSortWithArraysAndCustomBase(10) (descending) size=16,384 -> 0.180 ms
[294.253s] RadixSortWithArraysAndCustomBase(10) (descending) size=32,768 -> 0.348 ms
[294.259s] RadixSortWithArraysAndCustomBase(10) (descending) size=65,536 -> 0.672 ms
[294.265s] RadixSortWithArraysAndCustomBase(10) (descending) size=131,072 -> 1.648 ms
[294.273s] RadixSortWithArraysAndCustomBase(10) (descending) size=262,144 -> 3.243 ms
[294.284s] RadixSortWithArraysAndCustomBase(10) (descending) size=524,288 -> 6.529 ms
[294.305s] RadixSortWithArraysAndCustomBase(10) (descending) size=1,048,576 -> 15.379 ms
[294.341s] RadixSortWithArraysAndCustomBase(10) (descending) size=2,097,152 -> 30.765 ms
[294.408s] RadixSortWithArraysAndCustomBase(10) (descending) size=4,194,304 -> 60.917 ms
[294.538s] RadixSortWithArraysAndCustomBase(10) (descending) size=8,388,608 -> 122.583 ms
[294.842s] RadixSortWithArraysAndCustomBase(10) (descending) size=16,777,216 -> 294.231 ms
[295.443s] RadixSortWithArraysAndCustomBase(10) (descending) size=33,554,432 -> 587.908 ms
[296.653s] RadixSortWithArraysAndCustomBase(10) (descending) size=67,108,864 -> 1188.082 ms
[296.658s] RadixSortWithArraysAndCustomBase(100) (random) size=1,024 -> 0.016 ms
[296.663s] RadixSortWithArraysAndCustomBase(100) (random) size=2,048 -> 0.022 ms
[296.668s] RadixSortWithArraysAndCustomBase(100) (random) size=4,096 -> 0.037 ms
[296.673s] RadixSortWithArraysAndCustomBase(100) (random) size=8,192 -> 0.052 ms
[296.677s] RadixSortWithArraysAndCustomBase(100) (random) size=16,384 -> 0.135 ms
[296.682s] RadixSortWithArraysAndCustomBase(100) (random) size=32,768 -> 0.231 ms
[296.687s] RadixSortWithArraysAndCustomBase(100) (random) size=65,536 -> 0.444 ms
[296.693s] RadixSortWithArraysAndCustomBase(100) (random) size=131,072 -> 0.847 ms
[296.700s] RadixSortWithArraysAndCustomBase(100) (random) size=262,144 -> 1.665 ms
[296.708s] RadixSortWithArraysAndCustomBase(100) (random) size=524,288 -> 3.362 ms
[296.724s] RadixSortWithArraysAndCustomBase(100) (random) size=1,048,576 -> 9.687 ms
[296.750s] RadixSortWithArraysAndCustomBase(100) (random) size=2,097,152 -> 19.348 ms
[296.794s] RadixSortWithArraysAndCustomBase(100) (random) size=4,194,304 -> 36.623 ms
[296.877s] RadixSortWithArraysAndCustomBase(100) (random) size=8,388,608 -> 71.910 ms
[297.040s] RadixSortWithArraysAndCustomBase(100) (random) size=16,777,216 -> 145.190 ms
[297.371s] RadixSortWithArraysAndCustomBase(100) (random) size=33,554,432 -> 301.100 ms
[298.122s] RadixSortWithArraysAndCustomBase(100) (random) size=67,108,864 -> 696.694 ms
[298.127s] RadixSortWithArraysAndCustomBase(100) (ascending) size=1,024 -> 0.014 ms
[298.132s] RadixSortWithArraysAndCustomBase(100) (ascending) size=2,048 -> 0.020 ms
[298.137s] RadixSortWithArraysAndCustomBase(100) (ascending) size=4,096 -> 0.031 ms
[298.142s] RadixSortWithArraysAndCustomBase(100) (ascending) size=8,192 -> 0.053 ms
[298.147s] RadixSortWithArraysAndCustomBase(100) (ascending) size=16,384 -> 0.125 ms
[298.152s] RadixSortWithArraysAndCustomBase(100) (ascending) size=32,768 -> 0.230 ms
[298.157s] RadixSortWithArraysAndCustomBase(100) (ascending) size=65,536 -> 0.439 ms
[298.162s] RadixSortWithArraysAndCustomBase(100) (ascending) size=131,072 -> 0.882 ms
[298.169s] RadixSortWithArraysAndCustomBase(100) (ascending) size=262,144 -> 1.682 ms
[298.177s] RadixSortWithArraysAndCustomBase(100) (ascending) size=524,288 -> 3.432 ms
[298.192s] RadixSortWithArraysAndCustomBase(100) (ascending) size=1,048,576 -> 9.365 ms
[298.215s] RadixSortWithArraysAndCustomBase(100) (ascending) size=2,097,152 -> 18.128 ms
[298.259s] RadixSortWithArraysAndCustomBase(100) (ascending) size=4,194,304 -> 37.537 ms
[298.340s] RadixSortWithArraysAndCustomBase(100) (ascending) size=8,388,608 -> 74.653 ms
[298.532s] RadixSortWithArraysAndCustomBase(100) (ascending) size=16,777,216 -> 182.399 ms
[298.983s] RadixSortWithArraysAndCustomBase(100) (ascending) size=33,554,432 -> 436.958 ms
[300.003s] RadixSortWithArraysAndCustomBase(100) (ascending) size=67,108,864 -> 997.974 ms
[300.008s] RadixSortWithArraysAndCustomBase(100) (descending) size=1,024 -> 0.013 ms
[300.013s] RadixSortWithArraysAndCustomBase(100) (descending) size=2,048 -> 0.017 ms
[300.017s] RadixSortWithArraysAndCustomBase(100) (descending) size=4,096 -> 0.026 ms
[300.022s] RadixSortWithArraysAndCustomBase(100) (descending) size=8,192 -> 0.044 ms
[300.027s] RadixSortWithArraysAndCustomBase(100) (descending) size=16,384 -> 0.126 ms
[300.032s] RadixSortWithArraysAndCustomBase(100) (descending) size=32,768 -> 0.238 ms
[300.037s] RadixSortWithArraysAndCustomBase(100) (descending) size=65,536 -> 0.422 ms
[300.043s] RadixSortWithArraysAndCustomBase(100) (descending) size=131,072 -> 0.845 ms
[300.049s] RadixSortWithArraysAndCustomBase(100) (descending) size=262,144 -> 1.645 ms
[300.057s] RadixSortWithArraysAndCustomBase(100) (descending) size=524,288 -> 3.341 ms
[300.072s] RadixSortWithArraysAndCustomBase(100) (descending) size=1,048,576 -> 9.190 ms
[300.095s] RadixSortWithArraysAndCustomBase(100) (descending) size=2,097,152 -> 17.680 ms
[300.137s] RadixSortWithArraysAndCustomBase(100) (descending) size=4,194,304 -> 36.079 ms
[300.215s] RadixSortWithArraysAndCustomBase(100) (descending) size=8,388,608 -> 71.006 ms
[300.400s] RadixSortWithArraysAndCustomBase(100) (descending) size=16,777,216 -> 175.631 ms
[300.846s] RadixSortWithArraysAndCustomBase(100) (descending) size=33,554,432 -> 432.494 ms
[301.856s] RadixSortWithArraysAndCustomBase(100) (descending) size=67,108,864 -> 988.561 ms
[301.861s] RadixSortWithCountingSortAndCustomBase(10) (random) size=1,024 -> 0.018 ms
[301.866s] RadixSortWithCountingSortAndCustomBase(10) (random) size=2,048 -> 0.030 ms
[301.871s] RadixSortWithCountingSortAndCustomBase(10) (random) size=4,096 -> 0.048 ms
[301.876s] RadixSortWithCountingSortAndCustomBase(10) (random) size=8,192 -> 0.076 ms
[301.881s] RadixSortWithCountingSortAndCustomBase(10) (random) size=16,384 -> 0.183 ms
[301.886s] RadixSortWithCountingSortAndCustomBase(10) (random) size=32,768 -> 0.316 ms
[301.891s] RadixSortWithCountingSortAndCustomBase(10) (random) size=65,536 -> 0.612 ms
[301.897s] RadixSortWithCountingSortAndCustomBase(10) (random) size=131,072 -> 1.545 ms
[301.905s] RadixSortWithCountingSortAndCustomBase(10) (random) size=262,144 -> 3.007 ms
[301.916s] RadixSortWithCountingSortAndCustomBase(10) (random) size=524,288 -> 5.890 ms
[301.936s] RadixSortWithCountingSortAndCustomBase(10) (random) size=1,048,576 -> 13.911 ms
[301.971s] RadixSortWithCountingSortAndCustomBase(10) (random) size=2,097,152 -> 29.411 ms
[302.035s] RadixSortWithCountingSortAndCustomBase(10) (random) size=4,194,304 -> 55.482 ms
[302.156s] RadixSortWithCountingSortAndCustomBase(10) (random) size=8,388,608 -> 109.931 ms
[302.437s] RadixSortWithCountingSortAndCustomBase(10) (random) size=16,777,216 -> 262.902 ms
[302.972s] RadixSortWithCountingSortAndCustomBase(10) (random) size=33,554,432 -> 505.315 ms
[304.035s] RadixSortWithCountingSortAndCustomBase(10) (random) size=67,108,864 -> 1009.149 ms
[304.040s] RadixSortWithCountingSortAndCustomBase(10) (ascending) size=1,024 -> 0.017 ms
[304.045s] RadixSortWithCountingSortAndCustomBase(10) (ascending) size=2,048 -> 0.028 ms
[304.050s] RadixSortWithCountingSortAndCustomBase(10) (ascending) size=4,096 -> 0.039 ms
[304.055s] RadixSortWithCountingSortAndCustomBase(10) (ascending) size=8,192 -> 0.077 ms
[304.059s] RadixSortWithCountingSortAndCustomBase(10) (ascending) size=16,384 -> 0.169 ms
[304.064s] RadixSortWithCountingSortAndCustomBase(10) (ascending) size=32,768 -> 0.328 ms
[304.070s] RadixSortWithCountingSortAndCustomBase(10) (ascending) size=65,536 -> 0.622 ms
[304.076s] RadixSortWithCountingSortAndCustomBase(10) (ascending) size=131,072 -> 1.477 ms
[304.084s] RadixSortWithCountingSortAndCustomBase(10) (ascending) size=262,144 -> 2.906 ms
[304.094s] RadixSortWithCountingSortAndCustomBase(10) (ascending) size=524,288 -> 5.889 ms
[304.113s] RadixSortWithCountingSortAndCustomBase(10) (ascending) size=1,048,576 -> 13.681 ms
[304.146s] RadixSortWithCountingSortAndCustomBase(10) (ascending) size=2,097,152 -> 27.575 ms
[304.207s] RadixSortWithCountingSortAndCustomBase(10) (ascending) size=4,194,304 -> 55.461 ms
[304.325s] RadixSortWithCountingSortAndCustomBase(10) (ascending) size=8,388,608 -> 110.457 ms
[304.587s] RadixSortWithCountingSortAndCustomBase(10) (ascending) size=16,777,216 -> 252.790 ms
[305.102s] RadixSortWithCountingSortAndCustomBase(10) (ascending) size=33,554,432 -> 501.823 ms
[306.133s] RadixSortWithCountingSortAndCustomBase(10) (ascending) size=67,108,864 -> 1008.653 ms
[306.138s] RadixSortWithCountingSortAndCustomBase(10) (descending) size=1,024 -> 0.017 ms
[306.143s] RadixSortWithCountingSortAndCustomBase(10) (descending) size=2,048 -> 0.025 ms
[306.147s] RadixSortWithCountingSortAndCustomBase(10) (descending) size=4,096 -> 0.046 ms
[306.152s] RadixSortWithCountingSortAndCustomBase(10) (descending) size=8,192 -> 0.069 ms
[306.157s] RadixSortWithCountingSortAndCustomBase(10) (descending) size=16,384 -> 0.161 ms
[306.162s] RadixSortWithCountingSortAndCustomBase(10) (descending) size=32,768 -> 0.330 ms
[306.167s] RadixSortWithCountingSortAndCustomBase(10) (descending) size=65,536 -> 0.616 ms
[306.173s] RadixSortWithCountingSortAndCustomBase(10) (descending) size=131,072 -> 1.477 ms
[306.181s] RadixSortWithCountingSortAndCustomBase(10) (descending) size=262,144 -> 2.874 ms
[306.192s] RadixSortWithCountingSortAndCustomBase(10) (descending) size=524,288 -> 5.766 ms
[306.211s] RadixSortWithCountingSortAndCustomBase(10) (descending) size=1,048,576 -> 13.751 ms
[306.244s] RadixSortWithCountingSortAndCustomBase(10) (descending) size=2,097,152 -> 27.442 ms
[306.304s] RadixSortWithCountingSortAndCustomBase(10) (descending) size=4,194,304 -> 54.589 ms
[306.421s] RadixSortWithCountingSortAndCustomBase(10) (descending) size=8,388,608 -> 109.484 ms
[306.679s] RadixSortWithCountingSortAndCustomBase(10) (descending) size=16,777,216 -> 248.069 ms
[307.191s] RadixSortWithCountingSortAndCustomBase(10) (descending) size=33,554,432 -> 498.881 ms
[308.211s] RadixSortWithCountingSortAndCustomBase(10) (descending) size=67,108,864 -> 998.165 ms
[308.216s] RadixSortWithCountingSortAndCustomBase(100) (random) size=1,024 -> 0.011 ms
[308.221s] RadixSortWithCountingSortAndCustomBase(100) (random) size=2,048 -> 0.016 ms
[308.226s] RadixSortWithCountingSortAndCustomBase(100) (random) size=4,096 -> 0.030 ms
[308.231s] RadixSortWithCountingSortAndCustomBase(100) (random) size=8,192 -> 0.045 ms
[308.236s] RadixSortWithCountingSortAndCustomBase(100) (random) size=16,384 -> 0.121 ms
[308.240s] RadixSortWithCountingSortAndCustomBase(100) (random) size=32,768 -> 0.205 ms
[308.245s] RadixSortWithCountingSortAndCustomBase(100) (random) size=65,536 -> 0.382 ms
[308.251s] RadixSortWithCountingSortAndCustomBase(100) (random) size=131,072 -> 0.748 ms
[308.257s] RadixSortWithCountingSortAndCustomBase(100) (random) size=262,144 -> 1.487 ms
[308.266s] RadixSortWithCountingSortAndCustomBase(100) (random) size=524,288 -> 2.980 ms
[308.280s] RadixSortWithCountingSortAndCustomBase(100) (random) size=1,048,576 -> 8.546 ms
[308.304s] RadixSortWithCountingSortAndCustomBase(100) (random) size=2,097,152 -> 17.350 ms
[308.344s] RadixSortWithCountingSortAndCustomBase(100) (random) size=4,194,304 -> 31.676 ms
[308.418s] RadixSortWithCountingSortAndCustomBase(100) (random) size=8,388,608 -> 63.378 ms
[308.562s] RadixSortWithCountingSortAndCustomBase(100) (random) size=16,777,216 -> 126.305 ms
[308.847s] RadixSortWithCountingSortAndCustomBase(100) (random) size=33,554,432 -> 255.289 ms
[309.414s] RadixSortWithCountingSortAndCustomBase(100) (random) size=67,108,864 -> 513.080 ms
[309.419s] RadixSortWithCountingSortAndCustomBase(100) (ascending) size=1,024 -> 0.010 ms
[309.424s] RadixSortWithCountingSortAndCustomBase(100) (ascending) size=2,048 -> 0.016 ms
[309.429s] RadixSortWithCountingSortAndCustomBase(100) (ascending) size=4,096 -> 0.027 ms
[309.433s] RadixSortWithCountingSortAndCustomBase(100) (ascending) size=8,192 -> 0.046 ms
[309.438s] RadixSortWithCountingSortAndCustomBase(100) (ascending) size=16,384 -> 0.110 ms
[309.443s] RadixSortWithCountingSortAndCustomBase(100) (ascending) size=32,768 -> 0.204 ms
[309.448s] RadixSortWithCountingSortAndCustomBase(100) (ascending) size=65,536 -> 0.408 ms
[309.454s] RadixSortWithCountingSortAndCustomBase(100) (ascending) size=131,072 -> 0.766 ms
[309.460s] RadixSortWithCountingSortAndCustomBase(100) (ascending) size=262,144 -> 1.509 ms
[309.468s] RadixSortWithCountingSortAndCustomBase(100) (ascending) size=524,288 -> 3.013 ms
[309.481s] RadixSortWithCountingSortAndCustomBase(100) (ascending) size=1,048,576 -> 8.030 ms
[309.503s] RadixSortWithCountingSortAndCustomBase(100) (ascending) size=2,097,152 -> 16.392 ms
[309.542s] RadixSortWithCountingSortAndCustomBase(100) (ascending) size=4,194,304 -> 32.941 ms
[309.614s] RadixSortWithCountingSortAndCustomBase(100) (ascending) size=8,388,608 -> 65.155 ms
[309.754s] RadixSortWithCountingSortAndCustomBase(100) (ascending) size=16,777,216 -> 131.156 ms
[310.031s] RadixSortWithCountingSortAndCustomBase(100) (ascending) size=33,554,432 -> 263.384 ms
[310.586s] RadixSortWithCountingSortAndCustomBase(100) (ascending) size=67,108,864 -> 533.538 ms
[310.591s] RadixSortWithCountingSortAndCustomBase(100) (descending) size=1,024 -> 0.010 ms
[310.596s] RadixSortWithCountingSortAndCustomBase(100) (descending) size=2,048 -> 0.016 ms
[310.601s] RadixSortWithCountingSortAndCustomBase(100) (descending) size=4,096 -> 0.026 ms
[310.605s] RadixSortWithCountingSortAndCustomBase(100) (descending) size=8,192 -> 0.046 ms
[310.610s] RadixSortWithCountingSortAndCustomBase(100) (descending) size=16,384 -> 0.107 ms
[310.615s] RadixSortWithCountingSortAndCustomBase(100) (descending) size=32,768 -> 0.199 ms
[310.620s] RadixSortWithCountingSortAndCustomBase(100) (descending) size=65,536 -> 0.384 ms
[310.626s] RadixSortWithCountingSortAndCustomBase(100) (descending) size=131,072 -> 0.755 ms
[310.632s] RadixSortWithCountingSortAndCustomBase(100) (descending) size=262,144 -> 1.485 ms
[310.640s] RadixSortWithCountingSortAndCustomBase(100) (descending) size=524,288 -> 2.996 ms
[310.653s] RadixSortWithCountingSortAndCustomBase(100) (descending) size=1,048,576 -> 7.903 ms
[310.675s] RadixSortWithCountingSortAndCustomBase(100) (descending) size=2,097,152 -> 16.050 ms
[310.713s] RadixSortWithCountingSortAndCustomBase(100) (descending) size=4,194,304 -> 32.238 ms
[310.784s] RadixSortWithCountingSortAndCustomBase(100) (descending) size=8,388,608 -> 64.506 ms
[310.922s] RadixSortWithCountingSortAndCustomBase(100) (descending) size=16,777,216 -> 128.705 ms
[311.194s] RadixSortWithCountingSortAndCustomBase(100) (descending) size=33,554,432 -> 258.958 ms
[311.744s] RadixSortWithCountingSortAndCustomBase(100) (descending) size=67,108,864 -> 527.924 ms
[311.749s] RecursiveMsdRadixSortWithArraysAndCustomBase(10) (random) size=1,024 -> 0.040 ms
[311.753s] RecursiveMsdRadixSortWithArraysAndCustomBase(10) (random) size=2,048 -> 0.066 ms
[311.758s] RecursiveMsdRadixSortWithArraysAndCustomBase(10) (random) size=4,096 -> 0.111 ms
[311.763s] RecursiveMsdRadixSortWithArraysAndCustomBase(10) (random) size=8,192 -> 0.211 ms
[311.768s] RecursiveMsdRadixSortWithArraysAndCustomBase(10) (random) size=16,384 -> 0.419 ms
[311.774s] RecursiveMsdRadixSortWithArraysAndCustomBase(10) (random) size=32,768 -> 0.816 ms
[311.780s] RecursiveMsdRadixSortWithArraysAndCustomBase(10) (random) size=65,536 -> 1.588 ms
[311.789s] RecursiveMsdRadixSortWithArraysAndCustomBase(10) (random) size=131,072 -> 3.719 ms
[311.801s] RecursiveMsdRadixSortWithArraysAndCustomBase(10) (random) size=262,144 -> 7.347 ms
[311.821s] RecursiveMsdRadixSortWithArraysAndCustomBase(10) (random) size=524,288 -> 14.523 ms
[311.858s] RecursiveMsdRadixSortWithArraysAndCustomBase(10) (random) size=1,048,576 -> 31.846 ms
[311.927s] RecursiveMsdRadixSortWithArraysAndCustomBase(10) (random) size=2,097,152 -> 62.133 ms
[312.057s] RecursiveMsdRadixSortWithArraysAndCustomBase(10) (random) size=4,194,304 -> 121.843 ms
[312.311s] RecursiveMsdRadixSortWithArraysAndCustomBase(10) (random) size=8,388,608 -> 242.336 ms
[312.884s] RecursiveMsdRadixSortWithArraysAndCustomBase(10) (random) size=16,777,216 -> 555.317 ms
[314.003s] RecursiveMsdRadixSortWithArraysAndCustomBase(10) (random) size=33,554,432 -> 1089.635 ms
[316.232s] RecursiveMsdRadixSortWithArraysAndCustomBase(10) (random) size=67,108,864 -> 2174.745 ms
[316.238s] RecursiveMsdRadixSortWithArraysAndCustomBase(10) (ascending) size=1,024 -> 0.022 ms
[316.243s] RecursiveMsdRadixSortWithArraysAndCustomBase(10) (ascending) size=2,048 -> 0.040 ms
[316.247s] RecursiveMsdRadixSortWithArraysAndCustomBase(10) (ascending) size=4,096 -> 0.078 ms
[316.252s] RecursiveMsdRadixSortWithArraysAndCustomBase(10) (ascending) size=8,192 -> 0.146 ms
[316.257s] RecursiveMsdRadixSortWithArraysAndCustomBase(10) (ascending) size=16,384 -> 0.289 ms
[316.262s] RecursiveMsdRadixSortWithArraysAndCustomBase(10) (ascending) size=32,768 -> 0.579 ms
[316.268s] RecursiveMsdRadixSortWithArraysAndCustomBase(10) (ascending) size=65,536 -> 1.160 ms
[316.276s] RecursiveMsdRadixSortWithArraysAndCustomBase(10) (ascending) size=131,072 -> 2.857 ms
[316.287s] RecursiveMsdRadixSortWithArraysAndCustomBase(10) (ascending) size=262,144 -> 5.935 ms
[316.303s] RecursiveMsdRadixSortWithArraysAndCustomBase(10) (ascending) size=524,288 -> 11.542 ms
[316.332s] RecursiveMsdRadixSortWithArraysAndCustomBase(10) (ascending) size=1,048,576 -> 23.153 ms
[316.383s] RecursiveMsdRadixSortWithArraysAndCustomBase(10) (ascending) size=2,097,152 -> 46.153 ms
[316.483s] RecursiveMsdRadixSortWithArraysAndCustomBase(10) (ascending) size=4,194,304 -> 93.570 ms
[316.678s] RecursiveMsdRadixSortWithArraysAndCustomBase(10) (ascending) size=8,388,608 -> 187.584 ms
[317.125s] RecursiveMsdRadixSortWithArraysAndCustomBase(10) (ascending) size=16,777,216 -> 438.253 ms
[318.020s] RecursiveMsdRadixSortWithArraysAndCustomBase(10) (ascending) size=33,554,432 -> 880.704 ms
[319.799s] RecursiveMsdRadixSortWithArraysAndCustomBase(10) (ascending) size=67,108,864 -> 1756.832 ms
[319.805s] RecursiveMsdRadixSortWithArraysAndCustomBase(10) (descending) size=1,024 -> 0.025 ms
[319.809s] RecursiveMsdRadixSortWithArraysAndCustomBase(10) (descending) size=2,048 -> 0.048 ms
[319.814s] RecursiveMsdRadixSortWithArraysAndCustomBase(10) (descending) size=4,096 -> 0.086 ms
[319.819s] RecursiveMsdRadixSortWithArraysAndCustomBase(10) (descending) size=8,192 -> 0.151 ms
[319.824s] RecursiveMsdRadixSortWithArraysAndCustomBase(10) (descending) size=16,384 -> 0.302 ms
[319.829s] RecursiveMsdRadixSortWithArraysAndCustomBase(10) (descending) size=32,768 -> 0.588 ms
[319.835s] RecursiveMsdRadixSortWithArraysAndCustomBase(10) (descending) size=65,536 -> 1.152 ms
[319.843s] RecursiveMsdRadixSortWithArraysAndCustomBase(10) (descending) size=131,072 -> 3.104 ms
[319.854s] RecursiveMsdRadixSortWithArraysAndCustomBase(10) (descending) size=262,144 -> 6.445 ms
[319.872s] RecursiveMsdRadixSortWithArraysAndCustomBase(10) (descending) size=524,288 -> 12.444 ms
[319.901s] RecursiveMsdRadixSortWithArraysAndCustomBase(10) (descending) size=1,048,576 -> 23.961 ms
[319.954s] RecursiveMsdRadixSortWithArraysAndCustomBase(10) (descending) size=2,097,152 -> 48.380 ms
[320.057s] RecursiveMsdRadixSortWithArraysAndCustomBase(10) (descending) size=4,194,304 -> 96.704 ms
[320.260s] RecursiveMsdRadixSortWithArraysAndCustomBase(10) (descending) size=8,388,608 -> 195.247 ms
[320.735s] RecursiveMsdRadixSortWithArraysAndCustomBase(10) (descending) size=16,777,216 -> 465.472 ms
[321.675s] RecursiveMsdRadixSortWithArraysAndCustomBase(10) (descending) size=33,554,432 -> 927.112 ms
[323.563s] RecursiveMsdRadixSortWithArraysAndCustomBase(10) (descending) size=67,108,864 -> 1864.448 ms
[323.568s] RecursiveMsdRadixSortWithArraysAndCustomBase(1000) (random) size=1,024 -> 0.034 ms
[323.573s] RecursiveMsdRadixSortWithArraysAndCustomBase(1000) (random) size=2,048 -> 0.051 ms
[323.578s] RecursiveMsdRadixSortWithArraysAndCustomBase(1000) (random) size=4,096 -> 0.078 ms
[323.583s] RecursiveMsdRadixSortWithArraysAndCustomBase(1000) (random) size=8,192 -> 0.134 ms
[323.588s] RecursiveMsdRadixSortWithArraysAndCustomBase(1000) (random) size=16,384 -> 0.248 ms
[323.593s] RecursiveMsdRadixSortWithArraysAndCustomBase(1000) (random) size=32,768 -> 0.466 ms
[323.599s] RecursiveMsdRadixSortWithArraysAndCustomBase(1000) (random) size=65,536 -> 0.917 ms
[323.605s] RecursiveMsdRadixSortWithArraysAndCustomBase(1000) (random) size=131,072 -> 1.812 ms
[323.614s] RecursiveMsdRadixSortWithArraysAndCustomBase(1000) (random) size=262,144 -> 3.605 ms
[323.626s] RecursiveMsdRadixSortWithArraysAndCustomBase(1000) (random) size=524,288 -> 7.351 ms
[323.650s] RecursiveMsdRadixSortWithArraysAndCustomBase(1000) (random) size=1,048,576 -> 18.125 ms
[323.691s] RecursiveMsdRadixSortWithArraysAndCustomBase(1000) (random) size=2,097,152 -> 34.841 ms
[323.767s] RecursiveMsdRadixSortWithArraysAndCustomBase(1000) (random) size=4,194,304 -> 67.514 ms
[323.912s] RecursiveMsdRadixSortWithArraysAndCustomBase(1000) (random) size=8,388,608 -> 134.486 ms
[324.197s] RecursiveMsdRadixSortWithArraysAndCustomBase(1000) (random) size=16,777,216 -> 267.851 ms
[324.765s] RecursiveMsdRadixSortWithArraysAndCustomBase(1000) (random) size=33,554,432 -> 538.442 ms
[325.922s] RecursiveMsdRadixSortWithArraysAndCustomBase(1000) (random) size=67,108,864 -> 1102.556 ms
[325.927s] RecursiveMsdRadixSortWithArraysAndCustomBase(1000) (ascending) size=1,024 -> 0.025 ms
[325.932s] RecursiveMsdRadixSortWithArraysAndCustomBase(1000) (ascending) size=2,048 -> 0.038 ms
[325.937s] RecursiveMsdRadixSortWithArraysAndCustomBase(1000) (ascending) size=4,096 -> 0.052 ms
[325.941s] RecursiveMsdRadixSortWithArraysAndCustomBase(1000) (ascending) size=8,192 -> 0.086 ms
[325.946s] RecursiveMsdRadixSortWithArraysAndCustomBase(1000) (ascending) size=16,384 -> 0.157 ms
[325.951s] RecursiveMsdRadixSortWithArraysAndCustomBase(1000) (ascending) size=32,768 -> 0.314 ms
[325.957s] RecursiveMsdRadixSortWithArraysAndCustomBase(1000) (ascending) size=65,536 -> 0.604 ms
[325.963s] RecursiveMsdRadixSortWithArraysAndCustomBase(1000) (ascending) size=131,072 -> 1.243 ms
[325.970s] RecursiveMsdRadixSortWithArraysAndCustomBase(1000) (ascending) size=262,144 -> 2.387 ms
[325.979s] RecursiveMsdRadixSortWithArraysAndCustomBase(1000) (ascending) size=524,288 -> 4.797 ms
[325.995s] RecursiveMsdRadixSortWithArraysAndCustomBase(1000) (ascending) size=1,048,576 -> 10.734 ms
[326.022s] RecursiveMsdRadixSortWithArraysAndCustomBase(1000) (ascending) size=2,097,152 -> 21.163 ms
[326.069s] RecursiveMsdRadixSortWithArraysAndCustomBase(1000) (ascending) size=4,194,304 -> 41.054 ms
[326.157s] RecursiveMsdRadixSortWithArraysAndCustomBase(1000) (ascending) size=8,388,608 -> 81.438 ms
[326.330s] RecursiveMsdRadixSortWithArraysAndCustomBase(1000) (ascending) size=16,777,216 -> 163.259 ms
[326.669s] RecursiveMsdRadixSortWithArraysAndCustomBase(1000) (ascending) size=33,554,432 -> 326.053 ms
[327.345s] RecursiveMsdRadixSortWithArraysAndCustomBase(1000) (ascending) size=67,108,864 -> 654.018 ms
[327.350s] RecursiveMsdRadixSortWithArraysAndCustomBase(1000) (descending) size=1,024 -> 0.024 ms
[327.355s] RecursiveMsdRadixSortWithArraysAndCustomBase(1000) (descending) size=2,048 -> 0.036 ms
[327.360s] RecursiveMsdRadixSortWithArraysAndCustomBase(1000) (descending) size=4,096 -> 0.058 ms
[327.365s] RecursiveMsdRadixSortWithArraysAndCustomBase(1000) (descending) size=8,192 -> 0.096 ms
[327.369s] RecursiveMsdRadixSortWithArraysAndCustomBase(1000) (descending) size=16,384 -> 0.164 ms
[327.374s] RecursiveMsdRadixSortWithArraysAndCustomBase(1000) (descending) size=32,768 -> 0.309 ms
[327.380s] RecursiveMsdRadixSortWithArraysAndCustomBase(1000) (descending) size=65,536 -> 0.598 ms
[327.386s] RecursiveMsdRadixSortWithArraysAndCustomBase(1000) (descending) size=131,072 -> 1.162 ms
[327.393s] RecursiveMsdRadixSortWithArraysAndCustomBase(1000) (descending) size=262,144 -> 2.332 ms
[327.402s] RecursiveMsdRadixSortWithArraysAndCustomBase(1000) (descending) size=524,288 -> 4.636 ms
[327.418s] RecursiveMsdRadixSortWithArraysAndCustomBase(1000) (descending) size=1,048,576 -> 10.715 ms
[327.443s] RecursiveMsdRadixSortWithArraysAndCustomBase(1000) (descending) size=2,097,152 -> 20.007 ms
[327.492s] RecursiveMsdRadixSortWithArraysAndCustomBase(1000) (descending) size=4,194,304 -> 42.199 ms
[327.579s] RecursiveMsdRadixSortWithArraysAndCustomBase(1000) (descending) size=8,388,608 -> 79.566 ms
[327.747s] RecursiveMsdRadixSortWithArraysAndCustomBase(1000) (descending) size=16,777,216 -> 158.943 ms
[328.080s] RecursiveMsdRadixSortWithArraysAndCustomBase(1000) (descending) size=33,554,432 -> 319.844 ms
[328.741s] RecursiveMsdRadixSortWithArraysAndCustomBase(1000) (descending) size=67,108,864 -> 639.072 ms
--- iteration 5 of 10 ---
[328.746s] RadixSortWithDynamicListsAndCustomBase(10) (random) size=1,024 -> 0.035 ms
[328.751s] RadixSortWithDynamicListsAndCustomBase(10) (random) size=2,048 -> 0.049 ms
[328.756s] RadixSortWithDynamicListsAndCustomBase(10) (random) size=4,096 -> 0.076 ms
[328.760s] RadixSortWithDynamicListsAndCustomBase(10) (random) size=8,192 -> 0.131 ms
[328.765s] RadixSortWithDynamicListsAndCustomBase(10) (random) size=16,384 -> 0.309 ms
[328.771s] RadixSortWithDynamicListsAndCustomBase(10) (random) size=32,768 -> 0.607 ms
[328.777s] RadixSortWithDynamicListsAndCustomBase(10) (random) size=65,536 -> 1.186 ms
[328.784s] RadixSortWithDynamicListsAndCustomBase(10) (random) size=131,072 -> 2.764 ms
[328.795s] RadixSortWithDynamicListsAndCustomBase(10) (random) size=262,144 -> 5.574 ms
[328.812s] RadixSortWithDynamicListsAndCustomBase(10) (random) size=524,288 -> 11.892 ms
[328.850s] RadixSortWithDynamicListsAndCustomBase(10) (random) size=1,048,576 -> 32.154 ms
[328.943s] RadixSortWithDynamicListsAndCustomBase(10) (random) size=2,097,152 -> 86.596 ms
[329.116s] RadixSortWithDynamicListsAndCustomBase(10) (random) size=4,194,304 -> 165.224 ms
[329.433s] RadixSortWithDynamicListsAndCustomBase(10) (random) size=8,388,608 -> 305.720 ms
[330.104s] RadixSortWithDynamicListsAndCustomBase(10) (random) size=16,777,216 -> 653.308 ms
[331.454s] RadixSortWithDynamicListsAndCustomBase(10) (random) size=33,554,432 -> 1320.339 ms
[336.692s] RadixSortWithDynamicListsAndCustomBase(10) (random) size=67,108,864 -> 5183.067 ms
[336.698s] RadixSortWithDynamicListsAndCustomBase(10) (ascending) size=1,024 -> 0.028 ms
[336.703s] RadixSortWithDynamicListsAndCustomBase(10) (ascending) size=2,048 -> 0.042 ms
[336.707s] RadixSortWithDynamicListsAndCustomBase(10) (ascending) size=4,096 -> 0.077 ms
[336.712s] RadixSortWithDynamicListsAndCustomBase(10) (ascending) size=8,192 -> 0.133 ms
[336.717s] RadixSortWithDynamicListsAndCustomBase(10) (ascending) size=16,384 -> 0.302 ms
[336.722s] RadixSortWithDynamicListsAndCustomBase(10) (ascending) size=32,768 -> 0.601 ms
[336.728s] RadixSortWithDynamicListsAndCustomBase(10) (ascending) size=65,536 -> 1.222 ms
[336.735s] RadixSortWithDynamicListsAndCustomBase(10) (ascending) size=131,072 -> 2.819 ms
[336.746s] RadixSortWithDynamicListsAndCustomBase(10) (ascending) size=262,144 -> 5.673 ms
[336.763s] RadixSortWithDynamicListsAndCustomBase(10) (ascending) size=524,288 -> 11.685 ms
[336.796s] RadixSortWithDynamicListsAndCustomBase(10) (ascending) size=1,048,576 -> 27.998 ms
[336.863s] RadixSortWithDynamicListsAndCustomBase(10) (ascending) size=2,097,152 -> 61.483 ms
[336.999s] RadixSortWithDynamicListsAndCustomBase(10) (ascending) size=4,194,304 -> 129.885 ms
[337.290s] RadixSortWithDynamicListsAndCustomBase(10) (ascending) size=8,388,608 -> 284.913 ms
[338.355s] RadixSortWithDynamicListsAndCustomBase(10) (ascending) size=16,777,216 -> 1054.749 ms
[340.953s] RadixSortWithDynamicListsAndCustomBase(10) (ascending) size=33,554,432 -> 2584.074 ms
[346.596s] RadixSortWithDynamicListsAndCustomBase(10) (ascending) size=67,108,864 -> 5620.156 ms
[346.602s] RadixSortWithDynamicListsAndCustomBase(10) (descending) size=1,024 -> 0.029 ms
[346.607s] RadixSortWithDynamicListsAndCustomBase(10) (descending) size=2,048 -> 0.042 ms
[346.611s] RadixSortWithDynamicListsAndCustomBase(10) (descending) size=4,096 -> 0.075 ms
[346.616s] RadixSortWithDynamicListsAndCustomBase(10) (descending) size=8,192 -> 0.132 ms
[346.621s] RadixSortWithDynamicListsAndCustomBase(10) (descending) size=16,384 -> 0.312 ms
[346.626s] RadixSortWithDynamicListsAndCustomBase(10) (descending) size=32,768 -> 0.632 ms
[346.632s] RadixSortWithDynamicListsAndCustomBase(10) (descending) size=65,536 -> 1.244 ms
[346.640s] RadixSortWithDynamicListsAndCustomBase(10) (descending) size=131,072 -> 2.821 ms
[346.650s] RadixSortWithDynamicListsAndCustomBase(10) (descending) size=262,144 -> 5.616 ms
[346.667s] RadixSortWithDynamicListsAndCustomBase(10) (descending) size=524,288 -> 11.736 ms
[346.701s] RadixSortWithDynamicListsAndCustomBase(10) (descending) size=1,048,576 -> 28.114 ms
[346.768s] RadixSortWithDynamicListsAndCustomBase(10) (descending) size=2,097,152 -> 61.483 ms
[346.905s] RadixSortWithDynamicListsAndCustomBase(10) (descending) size=4,194,304 -> 130.999 ms
[347.302s] RadixSortWithDynamicListsAndCustomBase(10) (descending) size=8,388,608 -> 390.094 ms
[348.400s] RadixSortWithDynamicListsAndCustomBase(10) (descending) size=16,777,216 -> 1089.043 ms
[350.930s] RadixSortWithDynamicListsAndCustomBase(10) (descending) size=33,554,432 -> 2515.784 ms
[356.514s] RadixSortWithDynamicListsAndCustomBase(10) (descending) size=67,108,864 -> 5560.255 ms
[356.520s] RadixSortWithDynamicListsAndCustomBase(100) (random) size=1,024 -> 0.025 ms
[356.524s] RadixSortWithDynamicListsAndCustomBase(100) (random) size=2,048 -> 0.037 ms
[356.529s] RadixSortWithDynamicListsAndCustomBase(100) (random) size=4,096 -> 0.058 ms
[356.534s] RadixSortWithDynamicListsAndCustomBase(100) (random) size=8,192 -> 0.096 ms
[356.539s] RadixSortWithDynamicListsAndCustomBase(100) (random) size=16,384 -> 0.231 ms
[356.544s] RadixSortWithDynamicListsAndCustomBase(100) (random) size=32,768 -> 0.413 ms
[356.550s] RadixSortWithDynamicListsAndCustomBase(100) (random) size=65,536 -> 0.794 ms
[356.556s] RadixSortWithDynamicListsAndCustomBase(100) (random) size=131,072 -> 1.600 ms
[356.565s] RadixSortWithDynamicListsAndCustomBase(100) (random) size=262,144 -> 3.239 ms
[356.578s] RadixSortWithDynamicListsAndCustomBase(100) (random) size=524,288 -> 8.340 ms
[356.604s] RadixSortWithDynamicListsAndCustomBase(100) (random) size=1,048,576 -> 19.582 ms
[356.657s] RadixSortWithDynamicListsAndCustomBase(100) (random) size=2,097,152 -> 46.612 ms
[356.776s] RadixSortWithDynamicListsAndCustomBase(100) (random) size=4,194,304 -> 111.024 ms
[357.019s] RadixSortWithDynamicListsAndCustomBase(100) (random) size=8,388,608 -> 232.089 ms
[357.478s] RadixSortWithDynamicListsAndCustomBase(100) (random) size=16,777,216 -> 440.324 ms
[358.457s] RadixSortWithDynamicListsAndCustomBase(100) (random) size=33,554,432 -> 949.947 ms
[360.578s] RadixSortWithDynamicListsAndCustomBase(100) (random) size=67,108,864 -> 2065.764 ms
[360.583s] RadixSortWithDynamicListsAndCustomBase(100) (ascending) size=1,024 -> 0.016 ms
[360.588s] RadixSortWithDynamicListsAndCustomBase(100) (ascending) size=2,048 -> 0.028 ms
[360.593s] RadixSortWithDynamicListsAndCustomBase(100) (ascending) size=4,096 -> 0.041 ms
[360.597s] RadixSortWithDynamicListsAndCustomBase(100) (ascending) size=8,192 -> 0.072 ms
[360.602s] RadixSortWithDynamicListsAndCustomBase(100) (ascending) size=16,384 -> 0.180 ms
[360.607s] RadixSortWithDynamicListsAndCustomBase(100) (ascending) size=32,768 -> 0.348 ms
[360.612s] RadixSortWithDynamicListsAndCustomBase(100) (ascending) size=65,536 -> 0.698 ms
[360.618s] RadixSortWithDynamicListsAndCustomBase(100) (ascending) size=131,072 -> 1.426 ms
[360.626s] RadixSortWithDynamicListsAndCustomBase(100) (ascending) size=262,144 -> 2.890 ms
[360.638s] RadixSortWithDynamicListsAndCustomBase(100) (ascending) size=524,288 -> 6.270 ms
[360.659s] RadixSortWithDynamicListsAndCustomBase(100) (ascending) size=1,048,576 -> 16.338 ms
[360.699s] RadixSortWithDynamicListsAndCustomBase(100) (ascending) size=2,097,152 -> 33.790 ms
[360.778s] RadixSortWithDynamicListsAndCustomBase(100) (ascending) size=4,194,304 -> 73.125 ms
[360.953s] RadixSortWithDynamicListsAndCustomBase(100) (ascending) size=8,388,608 -> 168.201 ms
[361.405s] RadixSortWithDynamicListsAndCustomBase(100) (ascending) size=16,777,216 -> 441.941 ms
[362.444s] RadixSortWithDynamicListsAndCustomBase(100) (ascending) size=33,554,432 -> 1026.238 ms
[364.722s] RadixSortWithDynamicListsAndCustomBase(100) (ascending) size=67,108,864 -> 2255.022 ms
[364.727s] RadixSortWithDynamicListsAndCustomBase(100) (descending) size=1,024 -> 0.020 ms
[364.732s] RadixSortWithDynamicListsAndCustomBase(100) (descending) size=2,048 -> 0.028 ms
[364.736s] RadixSortWithDynamicListsAndCustomBase(100) (descending) size=4,096 -> 0.048 ms
[364.741s] RadixSortWithDynamicListsAndCustomBase(100) (descending) size=8,192 -> 0.076 ms
[364.746s] RadixSortWithDynamicListsAndCustomBase(100) (descending) size=16,384 -> 0.189 ms
[364.750s] RadixSortWithDynamicListsAndCustomBase(100) (descending) size=32,768 -> 0.343 ms
[364.756s] RadixSortWithDynamicListsAndCustomBase(100) (descending) size=65,536 -> 0.698 ms
[364.762s] RadixSortWithDynamicListsAndCustomBase(100) (descending) size=131,072 -> 1.411 ms
[364.769s] RadixSortWithDynamicListsAndCustomBase(100) (descending) size=262,144 -> 2.903 ms
[364.781s] RadixSortWithDynamicListsAndCustomBase(100) (descending) size=524,288 -> 6.466 ms
[364.803s] RadixSortWithDynamicListsAndCustomBase(100) (descending) size=1,048,576 -> 17.160 ms
[364.843s] RadixSortWithDynamicListsAndCustomBase(100) (descending) size=2,097,152 -> 34.416 ms
[364.923s] RadixSortWithDynamicListsAndCustomBase(100) (descending) size=4,194,304 -> 73.276 ms
[365.095s] RadixSortWithDynamicListsAndCustomBase(100) (descending) size=8,388,608 -> 165.613 ms
[365.548s] RadixSortWithDynamicListsAndCustomBase(100) (descending) size=16,777,216 -> 443.402 ms
[366.585s] RadixSortWithDynamicListsAndCustomBase(100) (descending) size=33,554,432 -> 1023.689 ms
[368.778s] RadixSortWithDynamicListsAndCustomBase(100) (descending) size=67,108,864 -> 2170.298 ms
[368.783s] RadixSortWithArraysAndCustomBase(10) (random) size=1,024 -> 0.021 ms
[368.787s] RadixSortWithArraysAndCustomBase(10) (random) size=2,048 -> 0.033 ms
[368.792s] RadixSortWithArraysAndCustomBase(10) (random) size=4,096 -> 0.054 ms
[368.797s] RadixSortWithArraysAndCustomBase(10) (random) size=8,192 -> 0.086 ms
[368.801s] RadixSortWithArraysAndCustomBase(10) (random) size=16,384 -> 0.205 ms
[368.806s] RadixSortWithArraysAndCustomBase(10) (random) size=32,768 -> 0.370 ms
[368.811s] RadixSortWithArraysAndCustomBase(10) (random) size=65,536 -> 0.737 ms
[368.818s] RadixSortWithArraysAndCustomBase(10) (random) size=131,072 -> 1.887 ms
[368.826s] RadixSortWithArraysAndCustomBase(10) (random) size=262,144 -> 3.574 ms
[368.839s] RadixSortWithArraysAndCustomBase(10) (random) size=524,288 -> 6.972 ms
[368.861s] RadixSortWithArraysAndCustomBase(10) (random) size=1,048,576 -> 16.180 ms
[368.900s] RadixSortWithArraysAndCustomBase(10) (random) size=2,097,152 -> 33.365 ms
[368.972s] RadixSortWithArraysAndCustomBase(10) (random) size=4,194,304 -> 63.804 ms
[369.111s] RadixSortWithArraysAndCustomBase(10) (random) size=8,388,608 -> 126.950 ms
[369.440s] RadixSortWithArraysAndCustomBase(10) (random) size=16,777,216 -> 311.937 ms
[370.074s] RadixSortWithArraysAndCustomBase(10) (random) size=33,554,432 -> 604.189 ms
[371.329s] RadixSortWithArraysAndCustomBase(10) (random) size=67,108,864 -> 1201.360 ms
[371.335s] RadixSortWithArraysAndCustomBase(10) (ascending) size=1,024 -> 0.020 ms
[371.339s] RadixSortWithArraysAndCustomBase(10) (ascending) size=2,048 -> 0.031 ms
[371.344s] RadixSortWithArraysAndCustomBase(10) (ascending) size=4,096 -> 0.053 ms
[371.349s] RadixSortWithArraysAndCustomBase(10) (ascending) size=8,192 -> 0.083 ms
[371.354s] RadixSortWithArraysAndCustomBase(10) (ascending) size=16,384 -> 0.184 ms
[371.359s] RadixSortWithArraysAndCustomBase(10) (ascending) size=32,768 -> 0.362 ms
[371.364s] RadixSortWithArraysAndCustomBase(10) (ascending) size=65,536 -> 0.684 ms
[371.371s] RadixSortWithArraysAndCustomBase(10) (ascending) size=131,072 -> 1.682 ms
[371.379s] RadixSortWithArraysAndCustomBase(10) (ascending) size=262,144 -> 3.273 ms
[371.391s] RadixSortWithArraysAndCustomBase(10) (ascending) size=524,288 -> 6.747 ms
[371.411s] RadixSortWithArraysAndCustomBase(10) (ascending) size=1,048,576 -> 15.582 ms
[371.448s] RadixSortWithArraysAndCustomBase(10) (ascending) size=2,097,152 -> 31.011 ms
[371.516s] RadixSortWithArraysAndCustomBase(10) (ascending) size=4,194,304 -> 62.030 ms
[371.648s] RadixSortWithArraysAndCustomBase(10) (ascending) size=8,388,608 -> 124.774 ms
[371.955s] RadixSortWithArraysAndCustomBase(10) (ascending) size=16,777,216 -> 297.333 ms
[372.564s] RadixSortWithArraysAndCustomBase(10) (ascending) size=33,554,432 -> 595.515 ms
[373.785s] RadixSortWithArraysAndCustomBase(10) (ascending) size=67,108,864 -> 1199.634 ms
[373.790s] RadixSortWithArraysAndCustomBase(10) (descending) size=1,024 -> 0.019 ms
[373.795s] RadixSortWithArraysAndCustomBase(10) (descending) size=2,048 -> 0.030 ms
[373.800s] RadixSortWithArraysAndCustomBase(10) (descending) size=4,096 -> 0.053 ms
[373.805s] RadixSortWithArraysAndCustomBase(10) (descending) size=8,192 -> 0.082 ms
[373.810s] RadixSortWithArraysAndCustomBase(10) (descending) size=16,384 -> 0.181 ms
[373.815s] RadixSortWithArraysAndCustomBase(10) (descending) size=32,768 -> 0.345 ms
[373.820s] RadixSortWithArraysAndCustomBase(10) (descending) size=65,536 -> 0.671 ms
[373.826s] RadixSortWithArraysAndCustomBase(10) (descending) size=131,072 -> 1.667 ms
[373.834s] RadixSortWithArraysAndCustomBase(10) (descending) size=262,144 -> 3.266 ms
[373.846s] RadixSortWithArraysAndCustomBase(10) (descending) size=524,288 -> 6.578 ms
[373.867s] RadixSortWithArraysAndCustomBase(10) (descending) size=1,048,576 -> 15.511 ms
[373.903s] RadixSortWithArraysAndCustomBase(10) (descending) size=2,097,152 -> 30.761 ms
[373.970s] RadixSortWithArraysAndCustomBase(10) (descending) size=4,194,304 -> 61.552 ms
[374.101s] RadixSortWithArraysAndCustomBase(10) (descending) size=8,388,608 -> 123.233 ms
[374.405s] RadixSortWithArraysAndCustomBase(10) (descending) size=16,777,216 -> 294.381 ms
[375.009s] RadixSortWithArraysAndCustomBase(10) (descending) size=33,554,432 -> 590.185 ms
[376.220s] RadixSortWithArraysAndCustomBase(10) (descending) size=67,108,864 -> 1189.454 ms
[376.225s] RadixSortWithArraysAndCustomBase(100) (random) size=1,024 -> 0.015 ms
[376.230s] RadixSortWithArraysAndCustomBase(100) (random) size=2,048 -> 0.019 ms
[376.235s] RadixSortWithArraysAndCustomBase(100) (random) size=4,096 -> 0.027 ms
[376.239s] RadixSortWithArraysAndCustomBase(100) (random) size=8,192 -> 0.048 ms
[376.244s] RadixSortWithArraysAndCustomBase(100) (random) size=16,384 -> 0.139 ms
[376.249s] RadixSortWithArraysAndCustomBase(100) (random) size=32,768 -> 0.231 ms
[376.254s] RadixSortWithArraysAndCustomBase(100) (random) size=65,536 -> 0.436 ms
[376.260s] RadixSortWithArraysAndCustomBase(100) (random) size=131,072 -> 0.856 ms
[376.266s] RadixSortWithArraysAndCustomBase(100) (random) size=262,144 -> 1.672 ms
[376.275s] RadixSortWithArraysAndCustomBase(100) (random) size=524,288 -> 3.361 ms
[376.290s] RadixSortWithArraysAndCustomBase(100) (random) size=1,048,576 -> 9.284 ms
[376.315s] RadixSortWithArraysAndCustomBase(100) (random) size=2,097,152 -> 19.311 ms
[376.360s] RadixSortWithArraysAndCustomBase(100) (random) size=4,194,304 -> 36.608 ms
[376.444s] RadixSortWithArraysAndCustomBase(100) (random) size=8,388,608 -> 72.286 ms
[376.606s] RadixSortWithArraysAndCustomBase(100) (random) size=16,777,216 -> 144.917 ms
[376.932s] RadixSortWithArraysAndCustomBase(100) (random) size=33,554,432 -> 296.170 ms
[377.681s] RadixSortWithArraysAndCustomBase(100) (random) size=67,108,864 -> 695.200 ms
[377.686s] RadixSortWithArraysAndCustomBase(100) (ascending) size=1,024 -> 0.013 ms
[377.691s] RadixSortWithArraysAndCustomBase(100) (ascending) size=2,048 -> 0.020 ms
[377.696s] RadixSortWithArraysAndCustomBase(100) (ascending) size=4,096 -> 0.028 ms
[377.701s] RadixSortWithArraysAndCustomBase(100) (ascending) size=8,192 -> 0.053 ms
[377.705s] RadixSortWithArraysAndCustomBase(100) (ascending) size=16,384 -> 0.124 ms
[377.710s] RadixSortWithArraysAndCustomBase(100) (ascending) size=32,768 -> 0.229 ms
[377.716s] RadixSortWithArraysAndCustomBase(100) (ascending) size=65,536 -> 0.433 ms
[377.721s] RadixSortWithArraysAndCustomBase(100) (ascending) size=131,072 -> 0.865 ms
[377.728s] RadixSortWithArraysAndCustomBase(100) (ascending) size=262,144 -> 1.685 ms
[377.736s] RadixSortWithArraysAndCustomBase(100) (ascending) size=524,288 -> 3.430 ms
[377.750s] RadixSortWithArraysAndCustomBase(100) (ascending) size=1,048,576 -> 9.365 ms
[377.774s] RadixSortWithArraysAndCustomBase(100) (ascending) size=2,097,152 -> 18.007 ms
[377.816s] RadixSortWithArraysAndCustomBase(100) (ascending) size=4,194,304 -> 36.314 ms
[377.896s] RadixSortWithArraysAndCustomBase(100) (ascending) size=8,388,608 -> 72.295 ms
[378.084s] RadixSortWithArraysAndCustomBase(100) (ascending) size=16,777,216 -> 179.329 ms
[378.534s] RadixSortWithArraysAndCustomBase(100) (ascending) size=33,554,432 -> 436.578 ms
[379.556s] RadixSortWithArraysAndCustomBase(100) (ascending) size=67,108,864 -> 999.680 ms
[379.561s] RadixSortWithArraysAndCustomBase(100) (descending) size=1,024 -> 0.013 ms
[379.566s] RadixSortWithArraysAndCustomBase(100) (descending) size=2,048 -> 0.024 ms
[379.570s] RadixSortWithArraysAndCustomBase(100) (descending) size=4,096 -> 0.030 ms
[379.575s] RadixSortWithArraysAndCustomBase(100) (descending) size=8,192 -> 0.047 ms
[379.580s] RadixSortWithArraysAndCustomBase(100) (descending) size=16,384 -> 0.121 ms
[379.585s] RadixSortWithArraysAndCustomBase(100) (descending) size=32,768 -> 0.228 ms
[379.590s] RadixSortWithArraysAndCustomBase(100) (descending) size=65,536 -> 0.433 ms
[379.596s] RadixSortWithArraysAndCustomBase(100) (descending) size=131,072 -> 0.871 ms
[379.602s] RadixSortWithArraysAndCustomBase(100) (descending) size=262,144 -> 1.640 ms
[379.610s] RadixSortWithArraysAndCustomBase(100) (descending) size=524,288 -> 3.276 ms
[379.624s] RadixSortWithArraysAndCustomBase(100) (descending) size=1,048,576 -> 9.229 ms
[379.648s] RadixSortWithArraysAndCustomBase(100) (descending) size=2,097,152 -> 17.911 ms
[379.690s] RadixSortWithArraysAndCustomBase(100) (descending) size=4,194,304 -> 35.936 ms
[379.769s] RadixSortWithArraysAndCustomBase(100) (descending) size=8,388,608 -> 72.003 ms
[379.954s] RadixSortWithArraysAndCustomBase(100) (descending) size=16,777,216 -> 175.440 ms
[380.401s] RadixSortWithArraysAndCustomBase(100) (descending) size=33,554,432 -> 433.804 ms
[381.413s] RadixSortWithArraysAndCustomBase(100) (descending) size=67,108,864 -> 989.907 ms
[381.418s] RadixSortWithCountingSortAndCustomBase(10) (random) size=1,024 -> 0.018 ms
[381.423s] RadixSortWithCountingSortAndCustomBase(10) (random) size=2,048 -> 0.029 ms
[381.427s] RadixSortWithCountingSortAndCustomBase(10) (random) size=4,096 -> 0.045 ms
[381.432s] RadixSortWithCountingSortAndCustomBase(10) (random) size=8,192 -> 0.077 ms
[381.437s] RadixSortWithCountingSortAndCustomBase(10) (random) size=16,384 -> 0.184 ms
[381.442s] RadixSortWithCountingSortAndCustomBase(10) (random) size=32,768 -> 0.316 ms
[381.447s] RadixSortWithCountingSortAndCustomBase(10) (random) size=65,536 -> 0.620 ms
[381.454s] RadixSortWithCountingSortAndCustomBase(10) (random) size=131,072 -> 1.534 ms
[381.462s] RadixSortWithCountingSortAndCustomBase(10) (random) size=262,144 -> 2.986 ms
[381.473s] RadixSortWithCountingSortAndCustomBase(10) (random) size=524,288 -> 5.995 ms
[381.492s] RadixSortWithCountingSortAndCustomBase(10) (random) size=1,048,576 -> 13.989 ms
[381.527s] RadixSortWithCountingSortAndCustomBase(10) (random) size=2,097,152 -> 28.977 ms
[381.591s] RadixSortWithCountingSortAndCustomBase(10) (random) size=4,194,304 -> 55.224 ms
[381.712s] RadixSortWithCountingSortAndCustomBase(10) (random) size=8,388,608 -> 110.335 ms
[381.991s] RadixSortWithCountingSortAndCustomBase(10) (random) size=16,777,216 -> 262.147 ms
[382.529s] RadixSortWithCountingSortAndCustomBase(10) (random) size=33,554,432 -> 508.128 ms
[383.591s] RadixSortWithCountingSortAndCustomBase(10) (random) size=67,108,864 -> 1007.240 ms
[383.596s] RadixSortWithCountingSortAndCustomBase(10) (ascending) size=1,024 -> 0.017 ms
[383.600s] RadixSortWithCountingSortAndCustomBase(10) (ascending) size=2,048 -> 0.026 ms
[383.605s] RadixSortWithCountingSortAndCustomBase(10) (ascending) size=4,096 -> 0.046 ms
[383.610s] RadixSortWithCountingSortAndCustomBase(10) (ascending) size=8,192 -> 0.076 ms
[383.615s] RadixSortWithCountingSortAndCustomBase(10) (ascending) size=16,384 -> 0.164 ms
[383.619s] RadixSortWithCountingSortAndCustomBase(10) (ascending) size=32,768 -> 0.319 ms
[383.625s] RadixSortWithCountingSortAndCustomBase(10) (ascending) size=65,536 -> 0.625 ms
[383.631s] RadixSortWithCountingSortAndCustomBase(10) (ascending) size=131,072 -> 1.488 ms
[383.639s] RadixSortWithCountingSortAndCustomBase(10) (ascending) size=262,144 -> 2.915 ms
[383.650s] RadixSortWithCountingSortAndCustomBase(10) (ascending) size=524,288 -> 5.950 ms
[383.668s] RadixSortWithCountingSortAndCustomBase(10) (ascending) size=1,048,576 -> 13.752 ms
[383.702s] RadixSortWithCountingSortAndCustomBase(10) (ascending) size=2,097,152 -> 27.796 ms
[383.763s] RadixSortWithCountingSortAndCustomBase(10) (ascending) size=4,194,304 -> 55.523 ms
[383.881s] RadixSortWithCountingSortAndCustomBase(10) (ascending) size=8,388,608 -> 111.180 ms
[384.143s] RadixSortWithCountingSortAndCustomBase(10) (ascending) size=16,777,216 -> 251.979 ms
[384.661s] RadixSortWithCountingSortAndCustomBase(10) (ascending) size=33,554,432 -> 504.281 ms
[385.696s] RadixSortWithCountingSortAndCustomBase(10) (ascending) size=67,108,864 -> 1012.974 ms
[385.701s] RadixSortWithCountingSortAndCustomBase(10) (descending) size=1,024 -> 0.017 ms
[385.705s] RadixSortWithCountingSortAndCustomBase(10) (descending) size=2,048 -> 0.024 ms
[385.710s] RadixSortWithCountingSortAndCustomBase(10) (descending) size=4,096 -> 0.045 ms
[385.715s] RadixSortWithCountingSortAndCustomBase(10) (descending) size=8,192 -> 0.075 ms
[385.720s] RadixSortWithCountingSortAndCustomBase(10) (descending) size=16,384 -> 0.169 ms
[385.725s] RadixSortWithCountingSortAndCustomBase(10) (descending) size=32,768 -> 0.317 ms
[385.730s] RadixSortWithCountingSortAndCustomBase(10) (descending) size=65,536 -> 0.619 ms
[385.736s] RadixSortWithCountingSortAndCustomBase(10) (descending) size=131,072 -> 1.463 ms
[385.744s] RadixSortWithCountingSortAndCustomBase(10) (descending) size=262,144 -> 2.925 ms
[385.755s] RadixSortWithCountingSortAndCustomBase(10) (descending) size=524,288 -> 5.868 ms
[385.773s] RadixSortWithCountingSortAndCustomBase(10) (descending) size=1,048,576 -> 13.684 ms
[385.806s] RadixSortWithCountingSortAndCustomBase(10) (descending) size=2,097,152 -> 27.281 ms
[385.867s] RadixSortWithCountingSortAndCustomBase(10) (descending) size=4,194,304 -> 54.671 ms
[385.983s] RadixSortWithCountingSortAndCustomBase(10) (descending) size=8,388,608 -> 109.149 ms
[386.242s] RadixSortWithCountingSortAndCustomBase(10) (descending) size=16,777,216 -> 249.884 ms
[386.755s] RadixSortWithCountingSortAndCustomBase(10) (descending) size=33,554,432 -> 499.104 ms
[387.779s] RadixSortWithCountingSortAndCustomBase(10) (descending) size=67,108,864 -> 1001.878 ms
[387.784s] RadixSortWithCountingSortAndCustomBase(100) (random) size=1,024 -> 0.011 ms
[387.788s] RadixSortWithCountingSortAndCustomBase(100) (random) size=2,048 -> 0.016 ms
[387.793s] RadixSortWithCountingSortAndCustomBase(100) (random) size=4,096 -> 0.026 ms
[387.798s] RadixSortWithCountingSortAndCustomBase(100) (random) size=8,192 -> 0.046 ms
[387.803s] RadixSortWithCountingSortAndCustomBase(100) (random) size=16,384 -> 0.123 ms
[387.808s] RadixSortWithCountingSortAndCustomBase(100) (random) size=32,768 -> 0.195 ms
[387.813s] RadixSortWithCountingSortAndCustomBase(100) (random) size=65,536 -> 0.387 ms
[387.818s] RadixSortWithCountingSortAndCustomBase(100) (random) size=131,072 -> 0.749 ms
[387.824s] RadixSortWithCountingSortAndCustomBase(100) (random) size=262,144 -> 1.481 ms
[387.833s] RadixSortWithCountingSortAndCustomBase(100) (random) size=524,288 -> 2.983 ms
[387.847s] RadixSortWithCountingSortAndCustomBase(100) (random) size=1,048,576 -> 8.311 ms
[387.870s] RadixSortWithCountingSortAndCustomBase(100) (random) size=2,097,152 -> 17.448 ms
[387.910s] RadixSortWithCountingSortAndCustomBase(100) (random) size=4,194,304 -> 31.692 ms
[387.985s] RadixSortWithCountingSortAndCustomBase(100) (random) size=8,388,608 -> 63.372 ms
[388.129s] RadixSortWithCountingSortAndCustomBase(100) (random) size=16,777,216 -> 126.636 ms
[388.415s] RadixSortWithCountingSortAndCustomBase(100) (random) size=33,554,432 -> 256.533 ms
[388.979s] RadixSortWithCountingSortAndCustomBase(100) (random) size=67,108,864 -> 510.059 ms
[388.984s] RadixSortWithCountingSortAndCustomBase(100) (ascending) size=1,024 -> 0.012 ms
[388.989s] RadixSortWithCountingSortAndCustomBase(100) (ascending) size=2,048 -> 0.016 ms
[388.994s] RadixSortWithCountingSortAndCustomBase(100) (ascending) size=4,096 -> 0.026 ms
[388.998s] RadixSortWithCountingSortAndCustomBase(100) (ascending) size=8,192 -> 0.041 ms
[389.003s] RadixSortWithCountingSortAndCustomBase(100) (ascending) size=16,384 -> 0.115 ms
[389.008s] RadixSortWithCountingSortAndCustomBase(100) (ascending) size=32,768 -> 0.202 ms
[389.013s] RadixSortWithCountingSortAndCustomBase(100) (ascending) size=65,536 -> 0.392 ms
[389.019s] RadixSortWithCountingSortAndCustomBase(100) (ascending) size=131,072 -> 0.760 ms
[389.025s] RadixSortWithCountingSortAndCustomBase(100) (ascending) size=262,144 -> 1.517 ms
[389.033s] RadixSortWithCountingSortAndCustomBase(100) (ascending) size=524,288 -> 3.074 ms
[389.046s] RadixSortWithCountingSortAndCustomBase(100) (ascending) size=1,048,576 -> 8.228 ms
[389.068s] RadixSortWithCountingSortAndCustomBase(100) (ascending) size=2,097,152 -> 16.368 ms
[389.107s] RadixSortWithCountingSortAndCustomBase(100) (ascending) size=4,194,304 -> 32.868 ms
[389.179s] RadixSortWithCountingSortAndCustomBase(100) (ascending) size=8,388,608 -> 64.975 ms
[389.320s] RadixSortWithCountingSortAndCustomBase(100) (ascending) size=16,777,216 -> 132.022 ms
[389.598s] RadixSortWithCountingSortAndCustomBase(100) (ascending) size=33,554,432 -> 264.512 ms
[390.149s] RadixSortWithCountingSortAndCustomBase(100) (ascending) size=67,108,864 -> 529.714 ms
[390.154s] RadixSortWithCountingSortAndCustomBase(100) (descending) size=1,024 -> 0.010 ms
[390.159s] RadixSortWithCountingSortAndCustomBase(100) (descending) size=2,048 -> 0.015 ms
[390.164s] RadixSortWithCountingSortAndCustomBase(100) (descending) size=4,096 -> 0.025 ms
[390.169s] RadixSortWithCountingSortAndCustomBase(100) (descending) size=8,192 -> 0.047 ms
[390.173s] RadixSortWithCountingSortAndCustomBase(100) (descending) size=16,384 -> 0.108 ms
[390.178s] RadixSortWithCountingSortAndCustomBase(100) (descending) size=32,768 -> 0.201 ms
[390.183s] RadixSortWithCountingSortAndCustomBase(100) (descending) size=65,536 -> 0.384 ms
[390.189s] RadixSortWithCountingSortAndCustomBase(100) (descending) size=131,072 -> 0.743 ms
[390.195s] RadixSortWithCountingSortAndCustomBase(100) (descending) size=262,144 -> 1.516 ms
[390.203s] RadixSortWithCountingSortAndCustomBase(100) (descending) size=524,288 -> 2.968 ms
[390.216s] RadixSortWithCountingSortAndCustomBase(100) (descending) size=1,048,576 -> 7.858 ms
[390.238s] RadixSortWithCountingSortAndCustomBase(100) (descending) size=2,097,152 -> 16.174 ms
[390.276s] RadixSortWithCountingSortAndCustomBase(100) (descending) size=4,194,304 -> 32.391 ms
[390.347s] RadixSortWithCountingSortAndCustomBase(100) (descending) size=8,388,608 -> 64.084 ms
[390.485s] RadixSortWithCountingSortAndCustomBase(100) (descending) size=16,777,216 -> 129.025 ms
[390.759s] RadixSortWithCountingSortAndCustomBase(100) (descending) size=33,554,432 -> 260.439 ms
[391.303s] RadixSortWithCountingSortAndCustomBase(100) (descending) size=67,108,864 -> 522.499 ms
[391.308s] RecursiveMsdRadixSortWithArraysAndCustomBase(10) (random) size=1,024 -> 0.039 ms
[391.313s] RecursiveMsdRadixSortWithArraysAndCustomBase(10) (random) size=2,048 -> 0.057 ms
[391.318s] RecursiveMsdRadixSortWithArraysAndCustomBase(10) (random) size=4,096 -> 0.103 ms
[391.323s] RecursiveMsdRadixSortWithArraysAndCustomBase(10) (random) size=8,192 -> 0.198 ms
[391.328s] RecursiveMsdRadixSortWithArraysAndCustomBase(10) (random) size=16,384 -> 0.412 ms
[391.333s] RecursiveMsdRadixSortWithArraysAndCustomBase(10) (random) size=32,768 -> 0.793 ms
[391.339s] RecursiveMsdRadixSortWithArraysAndCustomBase(10) (random) size=65,536 -> 1.579 ms
[391.348s] RecursiveMsdRadixSortWithArraysAndCustomBase(10) (random) size=131,072 -> 3.762 ms
[391.360s] RecursiveMsdRadixSortWithArraysAndCustomBase(10) (random) size=262,144 -> 7.361 ms
[391.380s] RecursiveMsdRadixSortWithArraysAndCustomBase(10) (random) size=524,288 -> 14.542 ms
[391.418s] RecursiveMsdRadixSortWithArraysAndCustomBase(10) (random) size=1,048,576 -> 31.742 ms
[391.486s] RecursiveMsdRadixSortWithArraysAndCustomBase(10) (random) size=2,097,152 -> 62.057 ms
[391.616s] RecursiveMsdRadixSortWithArraysAndCustomBase(10) (random) size=4,194,304 -> 122.046 ms
[391.872s] RecursiveMsdRadixSortWithArraysAndCustomBase(10) (random) size=8,388,608 -> 244.410 ms
[392.446s] RecursiveMsdRadixSortWithArraysAndCustomBase(10) (random) size=16,777,216 -> 556.381 ms
[393.563s] RecursiveMsdRadixSortWithArraysAndCustomBase(10) (random) size=33,554,432 -> 1087.124 ms
[395.795s] RecursiveMsdRadixSortWithArraysAndCustomBase(10) (random) size=67,108,864 -> 2177.154 ms
[395.800s] RecursiveMsdRadixSortWithArraysAndCustomBase(10) (ascending) size=1,024 -> 0.022 ms
[395.805s] RecursiveMsdRadixSortWithArraysAndCustomBase(10) (ascending) size=2,048 -> 0.041 ms
[395.810s] RecursiveMsdRadixSortWithArraysAndCustomBase(10) (ascending) size=4,096 -> 0.070 ms
[395.814s] RecursiveMsdRadixSortWithArraysAndCustomBase(10) (ascending) size=8,192 -> 0.149 ms
[395.819s] RecursiveMsdRadixSortWithArraysAndCustomBase(10) (ascending) size=16,384 -> 0.292 ms
[395.824s] RecursiveMsdRadixSortWithArraysAndCustomBase(10) (ascending) size=32,768 -> 0.577 ms
[395.830s] RecursiveMsdRadixSortWithArraysAndCustomBase(10) (ascending) size=65,536 -> 1.227 ms
[395.838s] RecursiveMsdRadixSortWithArraysAndCustomBase(10) (ascending) size=131,072 -> 2.838 ms
[395.848s] RecursiveMsdRadixSortWithArraysAndCustomBase(10) (ascending) size=262,144 -> 5.874 ms
[395.865s] RecursiveMsdRadixSortWithArraysAndCustomBase(10) (ascending) size=524,288 -> 12.381 ms
[395.895s] RecursiveMsdRadixSortWithArraysAndCustomBase(10) (ascending) size=1,048,576 -> 24.375 ms
[395.950s] RecursiveMsdRadixSortWithArraysAndCustomBase(10) (ascending) size=2,097,152 -> 49.305 ms
[396.051s] RecursiveMsdRadixSortWithArraysAndCustomBase(10) (ascending) size=4,194,304 -> 94.135 ms
[396.244s] RecursiveMsdRadixSortWithArraysAndCustomBase(10) (ascending) size=8,388,608 -> 186.458 ms
[396.693s] RecursiveMsdRadixSortWithArraysAndCustomBase(10) (ascending) size=16,777,216 -> 439.058 ms
[397.584s] RecursiveMsdRadixSortWithArraysAndCustomBase(10) (ascending) size=33,554,432 -> 877.151 ms
[399.362s] RecursiveMsdRadixSortWithArraysAndCustomBase(10) (ascending) size=67,108,864 -> 1755.924 ms
[399.367s] RecursiveMsdRadixSortWithArraysAndCustomBase(10) (descending) size=1,024 -> 0.024 ms
[399.372s] RecursiveMsdRadixSortWithArraysAndCustomBase(10) (descending) size=2,048 -> 0.046 ms
[399.377s] RecursiveMsdRadixSortWithArraysAndCustomBase(10) (descending) size=4,096 -> 0.084 ms
[399.382s] RecursiveMsdRadixSortWithArraysAndCustomBase(10) (descending) size=8,192 -> 0.147 ms
[399.387s] RecursiveMsdRadixSortWithArraysAndCustomBase(10) (descending) size=16,384 -> 0.289 ms
[399.392s] RecursiveMsdRadixSortWithArraysAndCustomBase(10) (descending) size=32,768 -> 0.615 ms
[399.399s] RecursiveMsdRadixSortWithArraysAndCustomBase(10) (descending) size=65,536 -> 1.169 ms
[399.406s] RecursiveMsdRadixSortWithArraysAndCustomBase(10) (descending) size=131,072 -> 2.985 ms
[399.418s] RecursiveMsdRadixSortWithArraysAndCustomBase(10) (descending) size=262,144 -> 6.427 ms
[399.435s] RecursiveMsdRadixSortWithArraysAndCustomBase(10) (descending) size=524,288 -> 12.482 ms
[399.465s] RecursiveMsdRadixSortWithArraysAndCustomBase(10) (descending) size=1,048,576 -> 24.707 ms
[399.520s] RecursiveMsdRadixSortWithArraysAndCustomBase(10) (descending) size=2,097,152 -> 49.574 ms
[399.623s] RecursiveMsdRadixSortWithArraysAndCustomBase(10) (descending) size=4,194,304 -> 96.609 ms
[399.824s] RecursiveMsdRadixSortWithArraysAndCustomBase(10) (descending) size=8,388,608 -> 193.499 ms
[400.299s] RecursiveMsdRadixSortWithArraysAndCustomBase(10) (descending) size=16,777,216 -> 466.268 ms
[401.240s] RecursiveMsdRadixSortWithArraysAndCustomBase(10) (descending) size=33,554,432 -> 927.331 ms
[403.128s] RecursiveMsdRadixSortWithArraysAndCustomBase(10) (descending) size=67,108,864 -> 1865.200 ms
[403.133s] RecursiveMsdRadixSortWithArraysAndCustomBase(1000) (random) size=1,024 -> 0.035 ms
[403.138s] RecursiveMsdRadixSortWithArraysAndCustomBase(1000) (random) size=2,048 -> 0.042 ms
[403.143s] RecursiveMsdRadixSortWithArraysAndCustomBase(1000) (random) size=4,096 -> 0.079 ms
[403.148s] RecursiveMsdRadixSortWithArraysAndCustomBase(1000) (random) size=8,192 -> 0.132 ms
[403.153s] RecursiveMsdRadixSortWithArraysAndCustomBase(1000) (random) size=16,384 -> 0.242 ms
[403.158s] RecursiveMsdRadixSortWithArraysAndCustomBase(1000) (random) size=32,768 -> 0.467 ms
[403.164s] RecursiveMsdRadixSortWithArraysAndCustomBase(1000) (random) size=65,536 -> 0.916 ms
[403.170s] RecursiveMsdRadixSortWithArraysAndCustomBase(1000) (random) size=131,072 -> 1.821 ms
[403.179s] RecursiveMsdRadixSortWithArraysAndCustomBase(1000) (random) size=262,144 -> 3.602 ms
[403.191s] RecursiveMsdRadixSortWithArraysAndCustomBase(1000) (random) size=524,288 -> 7.391 ms
[403.215s] RecursiveMsdRadixSortWithArraysAndCustomBase(1000) (random) size=1,048,576 -> 18.133 ms
[403.257s] RecursiveMsdRadixSortWithArraysAndCustomBase(1000) (random) size=2,097,152 -> 34.822 ms
[403.332s] RecursiveMsdRadixSortWithArraysAndCustomBase(1000) (random) size=4,194,304 -> 67.596 ms
[403.477s] RecursiveMsdRadixSortWithArraysAndCustomBase(1000) (random) size=8,388,608 -> 134.236 ms
[403.763s] RecursiveMsdRadixSortWithArraysAndCustomBase(1000) (random) size=16,777,216 -> 268.347 ms
[404.332s] RecursiveMsdRadixSortWithArraysAndCustomBase(1000) (random) size=33,554,432 -> 539.311 ms
[405.490s] RecursiveMsdRadixSortWithArraysAndCustomBase(1000) (random) size=67,108,864 -> 1104.635 ms
[405.496s] RecursiveMsdRadixSortWithArraysAndCustomBase(1000) (ascending) size=1,024 -> 0.023 ms
[405.501s] RecursiveMsdRadixSortWithArraysAndCustomBase(1000) (ascending) size=2,048 -> 0.037 ms
[405.505s] RecursiveMsdRadixSortWithArraysAndCustomBase(1000) (ascending) size=4,096 -> 0.055 ms
[405.510s] RecursiveMsdRadixSortWithArraysAndCustomBase(1000) (ascending) size=8,192 -> 0.094 ms
[405.515s] RecursiveMsdRadixSortWithArraysAndCustomBase(1000) (ascending) size=16,384 -> 0.169 ms
[405.520s] RecursiveMsdRadixSortWithArraysAndCustomBase(1000) (ascending) size=32,768 -> 0.312 ms
[405.525s] RecursiveMsdRadixSortWithArraysAndCustomBase(1000) (ascending) size=65,536 -> 0.607 ms
[405.531s] RecursiveMsdRadixSortWithArraysAndCustomBase(1000) (ascending) size=131,072 -> 1.190 ms
[405.539s] RecursiveMsdRadixSortWithArraysAndCustomBase(1000) (ascending) size=262,144 -> 2.401 ms
[405.548s] RecursiveMsdRadixSortWithArraysAndCustomBase(1000) (ascending) size=524,288 -> 4.698 ms
[405.564s] RecursiveMsdRadixSortWithArraysAndCustomBase(1000) (ascending) size=1,048,576 -> 10.785 ms
[405.590s] RecursiveMsdRadixSortWithArraysAndCustomBase(1000) (ascending) size=2,097,152 -> 20.559 ms
[405.637s] RecursiveMsdRadixSortWithArraysAndCustomBase(1000) (ascending) size=4,194,304 -> 40.697 ms
[405.726s] RecursiveMsdRadixSortWithArraysAndCustomBase(1000) (ascending) size=8,388,608 -> 81.995 ms
[405.899s] RecursiveMsdRadixSortWithArraysAndCustomBase(1000) (ascending) size=16,777,216 -> 163.751 ms
[406.238s] RecursiveMsdRadixSortWithArraysAndCustomBase(1000) (ascending) size=33,554,432 -> 325.738 ms
[406.912s] RecursiveMsdRadixSortWithArraysAndCustomBase(1000) (ascending) size=67,108,864 -> 652.260 ms
[406.917s] RecursiveMsdRadixSortWithArraysAndCustomBase(1000) (descending) size=1,024 -> 0.021 ms
[406.922s] RecursiveMsdRadixSortWithArraysAndCustomBase(1000) (descending) size=2,048 -> 0.038 ms
[406.927s] RecursiveMsdRadixSortWithArraysAndCustomBase(1000) (descending) size=4,096 -> 0.055 ms
[406.931s] RecursiveMsdRadixSortWithArraysAndCustomBase(1000) (descending) size=8,192 -> 0.096 ms
[406.936s] RecursiveMsdRadixSortWithArraysAndCustomBase(1000) (descending) size=16,384 -> 0.165 ms
[406.941s] RecursiveMsdRadixSortWithArraysAndCustomBase(1000) (descending) size=32,768 -> 0.308 ms
[406.947s] RecursiveMsdRadixSortWithArraysAndCustomBase(1000) (descending) size=65,536 -> 0.586 ms
[406.953s] RecursiveMsdRadixSortWithArraysAndCustomBase(1000) (descending) size=131,072 -> 1.173 ms
[406.960s] RecursiveMsdRadixSortWithArraysAndCustomBase(1000) (descending) size=262,144 -> 2.353 ms
[406.969s] RecursiveMsdRadixSortWithArraysAndCustomBase(1000) (descending) size=524,288 -> 4.500 ms
[406.985s] RecursiveMsdRadixSortWithArraysAndCustomBase(1000) (descending) size=1,048,576 -> 10.159 ms
[407.011s] RecursiveMsdRadixSortWithArraysAndCustomBase(1000) (descending) size=2,097,152 -> 20.964 ms
[407.059s] RecursiveMsdRadixSortWithArraysAndCustomBase(1000) (descending) size=4,194,304 -> 42.178 ms
[407.147s] RecursiveMsdRadixSortWithArraysAndCustomBase(1000) (descending) size=8,388,608 -> 80.581 ms
[407.316s] RecursiveMsdRadixSortWithArraysAndCustomBase(1000) (descending) size=16,777,216 -> 159.695 ms
[407.649s] RecursiveMsdRadixSortWithArraysAndCustomBase(1000) (descending) size=33,554,432 -> 319.891 ms
[408.309s] RecursiveMsdRadixSortWithArraysAndCustomBase(1000) (descending) size=67,108,864 -> 637.953 ms
--- iteration 6 of 10 ---
[408.314s] RadixSortWithDynamicListsAndCustomBase(10) (random) size=1,024 -> 0.035 ms
[408.319s] RadixSortWithDynamicListsAndCustomBase(10) (random) size=2,048 -> 0.049 ms
[408.324s] RadixSortWithDynamicListsAndCustomBase(10) (random) size=4,096 -> 0.081 ms
[408.329s] RadixSortWithDynamicListsAndCustomBase(10) (random) size=8,192 -> 0.144 ms
[408.333s] RadixSortWithDynamicListsAndCustomBase(10) (random) size=16,384 -> 0.305 ms
[408.339s] RadixSortWithDynamicListsAndCustomBase(10) (random) size=32,768 -> 0.592 ms
[408.345s] RadixSortWithDynamicListsAndCustomBase(10) (random) size=65,536 -> 1.172 ms
[408.352s] RadixSortWithDynamicListsAndCustomBase(10) (random) size=131,072 -> 2.767 ms
[408.363s] RadixSortWithDynamicListsAndCustomBase(10) (random) size=262,144 -> 5.658 ms
[408.380s] RadixSortWithDynamicListsAndCustomBase(10) (random) size=524,288 -> 11.835 ms
[408.418s] RadixSortWithDynamicListsAndCustomBase(10) (random) size=1,048,576 -> 32.780 ms
[408.511s] RadixSortWithDynamicListsAndCustomBase(10) (random) size=2,097,152 -> 86.503 ms
[408.684s] RadixSortWithDynamicListsAndCustomBase(10) (random) size=4,194,304 -> 165.067 ms
[409.000s] RadixSortWithDynamicListsAndCustomBase(10) (random) size=8,388,608 -> 305.007 ms
[409.665s] RadixSortWithDynamicListsAndCustomBase(10) (random) size=16,777,216 -> 647.216 ms
[411.016s] RadixSortWithDynamicListsAndCustomBase(10) (random) size=33,554,432 -> 1320.791 ms
[415.521s] RadixSortWithDynamicListsAndCustomBase(10) (random) size=67,108,864 -> 4450.209 ms
[415.527s] RadixSortWithDynamicListsAndCustomBase(10) (ascending) size=1,024 -> 0.030 ms
[415.531s] RadixSortWithDynamicListsAndCustomBase(10) (ascending) size=2,048 -> 0.048 ms
[415.536s] RadixSortWithDynamicListsAndCustomBase(10) (ascending) size=4,096 -> 0.077 ms
[415.541s] RadixSortWithDynamicListsAndCustomBase(10) (ascending) size=8,192 -> 0.124 ms
[415.546s] RadixSortWithDynamicListsAndCustomBase(10) (ascending) size=16,384 -> 0.298 ms
[415.551s] RadixSortWithDynamicListsAndCustomBase(10) (ascending) size=32,768 -> 0.624 ms
[415.557s] RadixSortWithDynamicListsAndCustomBase(10) (ascending) size=65,536 -> 1.209 ms
[415.564s] RadixSortWithDynamicListsAndCustomBase(10) (ascending) size=131,072 -> 2.837 ms
[415.575s] RadixSortWithDynamicListsAndCustomBase(10) (ascending) size=262,144 -> 5.699 ms
[415.592s] RadixSortWithDynamicListsAndCustomBase(10) (ascending) size=524,288 -> 11.641 ms
[415.625s] RadixSortWithDynamicListsAndCustomBase(10) (ascending) size=1,048,576 -> 27.902 ms
[415.693s] RadixSortWithDynamicListsAndCustomBase(10) (ascending) size=2,097,152 -> 61.858 ms
[415.829s] RadixSortWithDynamicListsAndCustomBase(10) (ascending) size=4,194,304 -> 129.860 ms
[416.123s] RadixSortWithDynamicListsAndCustomBase(10) (ascending) size=8,388,608 -> 287.133 ms
[417.304s] RadixSortWithDynamicListsAndCustomBase(10) (ascending) size=16,777,216 -> 1171.177 ms
[419.839s] RadixSortWithDynamicListsAndCustomBase(10) (ascending) size=33,554,432 -> 2520.727 ms
[425.563s] RadixSortWithDynamicListsAndCustomBase(10) (ascending) size=67,108,864 -> 5701.443 ms
[425.568s] RadixSortWithDynamicListsAndCustomBase(10) (descending) size=1,024 -> 0.031 ms
[425.573s] RadixSortWithDynamicListsAndCustomBase(10) (descending) size=2,048 -> 0.047 ms
[425.578s] RadixSortWithDynamicListsAndCustomBase(10) (descending) size=4,096 -> 0.066 ms
[425.583s] RadixSortWithDynamicListsAndCustomBase(10) (descending) size=8,192 -> 0.131 ms
[425.588s] RadixSortWithDynamicListsAndCustomBase(10) (descending) size=16,384 -> 0.296 ms
[425.593s] RadixSortWithDynamicListsAndCustomBase(10) (descending) size=32,768 -> 0.605 ms
[425.599s] RadixSortWithDynamicListsAndCustomBase(10) (descending) size=65,536 -> 1.260 ms
[425.607s] RadixSortWithDynamicListsAndCustomBase(10) (descending) size=131,072 -> 2.827 ms
[425.617s] RadixSortWithDynamicListsAndCustomBase(10) (descending) size=262,144 -> 5.618 ms
[425.634s] RadixSortWithDynamicListsAndCustomBase(10) (descending) size=524,288 -> 11.659 ms
[425.667s] RadixSortWithDynamicListsAndCustomBase(10) (descending) size=1,048,576 -> 27.910 ms
[425.734s] RadixSortWithDynamicListsAndCustomBase(10) (descending) size=2,097,152 -> 61.717 ms
[425.871s] RadixSortWithDynamicListsAndCustomBase(10) (descending) size=4,194,304 -> 130.093 ms
[426.266s] RadixSortWithDynamicListsAndCustomBase(10) (descending) size=8,388,608 -> 388.538 ms
[427.400s] RadixSortWithDynamicListsAndCustomBase(10) (descending) size=16,777,216 -> 1124.385 ms
[429.927s] RadixSortWithDynamicListsAndCustomBase(10) (descending) size=33,554,432 -> 2512.602 ms
[435.559s] RadixSortWithDynamicListsAndCustomBase(10) (descending) size=67,108,864 -> 5608.497 ms
[435.565s] RadixSortWithDynamicListsAndCustomBase(100) (random) size=1,024 -> 0.024 ms
[435.569s] RadixSortWithDynamicListsAndCustomBase(100) (random) size=2,048 -> 0.038 ms
[435.574s] RadixSortWithDynamicListsAndCustomBase(100) (random) size=4,096 -> 0.054 ms
[435.579s] RadixSortWithDynamicListsAndCustomBase(100) (random) size=8,192 -> 0.095 ms
[435.583s] RadixSortWithDynamicListsAndCustomBase(100) (random) size=16,384 -> 0.211 ms
[435.589s] RadixSortWithDynamicListsAndCustomBase(100) (random) size=32,768 -> 0.384 ms
[435.594s] RadixSortWithDynamicListsAndCustomBase(100) (random) size=65,536 -> 0.751 ms
[435.600s] RadixSortWithDynamicListsAndCustomBase(100) (random) size=131,072 -> 1.518 ms
[435.608s] RadixSortWithDynamicListsAndCustomBase(100) (random) size=262,144 -> 3.120 ms
[435.622s] RadixSortWithDynamicListsAndCustomBase(100) (random) size=524,288 -> 8.203 ms
[435.647s] RadixSortWithDynamicListsAndCustomBase(100) (random) size=1,048,576 -> 19.838 ms
[435.701s] RadixSortWithDynamicListsAndCustomBase(100) (random) size=2,097,152 -> 46.874 ms
[435.819s] RadixSortWithDynamicListsAndCustomBase(100) (random) size=4,194,304 -> 109.761 ms
[436.057s] RadixSortWithDynamicListsAndCustomBase(100) (random) size=8,388,608 -> 227.304 ms
[436.550s] RadixSortWithDynamicListsAndCustomBase(100) (random) size=16,777,216 -> 475.729 ms
[437.582s] RadixSortWithDynamicListsAndCustomBase(100) (random) size=33,554,432 -> 1001.582 ms
[439.627s] RadixSortWithDynamicListsAndCustomBase(100) (random) size=67,108,864 -> 1989.341 ms
[439.633s] RadixSortWithDynamicListsAndCustomBase(100) (ascending) size=1,024 -> 0.016 ms
[439.637s] RadixSortWithDynamicListsAndCustomBase(100) (ascending) size=2,048 -> 0.026 ms
[439.642s] RadixSortWithDynamicListsAndCustomBase(100) (ascending) size=4,096 -> 0.043 ms
[439.647s] RadixSortWithDynamicListsAndCustomBase(100) (ascending) size=8,192 -> 0.079 ms
[439.652s] RadixSortWithDynamicListsAndCustomBase(100) (ascending) size=16,384 -> 0.189 ms
[439.657s] RadixSortWithDynamicListsAndCustomBase(100) (ascending) size=32,768 -> 0.347 ms
[439.662s] RadixSortWithDynamicListsAndCustomBase(100) (ascending) size=65,536 -> 0.716 ms
[439.668s] RadixSortWithDynamicListsAndCustomBase(100) (ascending) size=131,072 -> 1.411 ms
[439.676s] RadixSortWithDynamicListsAndCustomBase(100) (ascending) size=262,144 -> 2.870 ms
[439.687s] RadixSortWithDynamicListsAndCustomBase(100) (ascending) size=524,288 -> 6.153 ms
[439.709s] RadixSortWithDynamicListsAndCustomBase(100) (ascending) size=1,048,576 -> 16.642 ms
[439.748s] RadixSortWithDynamicListsAndCustomBase(100) (ascending) size=2,097,152 -> 33.753 ms
[439.827s] RadixSortWithDynamicListsAndCustomBase(100) (ascending) size=4,194,304 -> 72.581 ms
[440.000s] RadixSortWithDynamicListsAndCustomBase(100) (ascending) size=8,388,608 -> 166.627 ms
[440.452s] RadixSortWithDynamicListsAndCustomBase(100) (ascending) size=16,777,216 -> 442.528 ms
[441.498s] RadixSortWithDynamicListsAndCustomBase(100) (ascending) size=33,554,432 -> 1031.846 ms
[443.775s] RadixSortWithDynamicListsAndCustomBase(100) (ascending) size=67,108,864 -> 2253.919 ms
[443.780s] RadixSortWithDynamicListsAndCustomBase(100) (descending) size=1,024 -> 0.018 ms
[443.785s] RadixSortWithDynamicListsAndCustomBase(100) (descending) size=2,048 -> 0.024 ms
[443.789s] RadixSortWithDynamicListsAndCustomBase(100) (descending) size=4,096 -> 0.046 ms
[443.794s] RadixSortWithDynamicListsAndCustomBase(100) (descending) size=8,192 -> 0.077 ms
[443.799s] RadixSortWithDynamicListsAndCustomBase(100) (descending) size=16,384 -> 0.187 ms
[443.804s] RadixSortWithDynamicListsAndCustomBase(100) (descending) size=32,768 -> 0.350 ms
[443.809s] RadixSortWithDynamicListsAndCustomBase(100) (descending) size=65,536 -> 0.690 ms
[443.815s] RadixSortWithDynamicListsAndCustomBase(100) (descending) size=131,072 -> 1.414 ms
[443.823s] RadixSortWithDynamicListsAndCustomBase(100) (descending) size=262,144 -> 2.885 ms
[443.834s] RadixSortWithDynamicListsAndCustomBase(100) (descending) size=524,288 -> 6.595 ms
[443.857s] RadixSortWithDynamicListsAndCustomBase(100) (descending) size=1,048,576 -> 17.045 ms
[443.897s] RadixSortWithDynamicListsAndCustomBase(100) (descending) size=2,097,152 -> 34.444 ms
[443.976s] RadixSortWithDynamicListsAndCustomBase(100) (descending) size=4,194,304 -> 73.217 ms
[444.150s] RadixSortWithDynamicListsAndCustomBase(100) (descending) size=8,388,608 -> 166.809 ms
[444.602s] RadixSortWithDynamicListsAndCustomBase(100) (descending) size=16,777,216 -> 442.032 ms
[445.635s] RadixSortWithDynamicListsAndCustomBase(100) (descending) size=33,554,432 -> 1020.149 ms
[447.944s] RadixSortWithDynamicListsAndCustomBase(100) (descending) size=67,108,864 -> 2286.644 ms
[447.950s] RadixSortWithArraysAndCustomBase(10) (random) size=1,024 -> 0.021 ms
[447.954s] RadixSortWithArraysAndCustomBase(10) (random) size=2,048 -> 0.033 ms
[447.959s] RadixSortWithArraysAndCustomBase(10) (random) size=4,096 -> 0.052 ms
[447.964s] RadixSortWithArraysAndCustomBase(10) (random) size=8,192 -> 0.084 ms
[447.968s] RadixSortWithArraysAndCustomBase(10) (random) size=16,384 -> 0.206 ms
[447.973s] RadixSortWithArraysAndCustomBase(10) (random) size=32,768 -> 0.358 ms
[447.979s] RadixSortWithArraysAndCustomBase(10) (random) size=65,536 -> 0.689 ms
[447.985s] RadixSortWithArraysAndCustomBase(10) (random) size=131,072 -> 1.762 ms
[447.993s] RadixSortWithArraysAndCustomBase(10) (random) size=262,144 -> 3.472 ms
[448.005s] RadixSortWithArraysAndCustomBase(10) (random) size=524,288 -> 6.823 ms
[448.027s] RadixSortWithArraysAndCustomBase(10) (random) size=1,048,576 -> 16.011 ms
[448.067s] RadixSortWithArraysAndCustomBase(10) (random) size=2,097,152 -> 33.109 ms
[448.138s] RadixSortWithArraysAndCustomBase(10) (random) size=4,194,304 -> 63.636 ms
[448.276s] RadixSortWithArraysAndCustomBase(10) (random) size=8,388,608 -> 126.708 ms
[448.603s] RadixSortWithArraysAndCustomBase(10) (random) size=16,777,216 -> 309.468 ms
[449.234s] RadixSortWithArraysAndCustomBase(10) (random) size=33,554,432 -> 601.505 ms
[450.493s] RadixSortWithArraysAndCustomBase(10) (random) size=67,108,864 -> 1204.117 ms
[450.498s] RadixSortWithArraysAndCustomBase(10) (ascending) size=1,024 -> 0.018 ms
[450.503s] RadixSortWithArraysAndCustomBase(10) (ascending) size=2,048 -> 0.032 ms
[450.507s] RadixSortWithArraysAndCustomBase(10) (ascending) size=4,096 -> 0.052 ms
[450.512s] RadixSortWithArraysAndCustomBase(10) (ascending) size=8,192 -> 0.082 ms
[450.517s] RadixSortWithArraysAndCustomBase(10) (ascending) size=16,384 -> 0.185 ms
[450.522s] RadixSortWithArraysAndCustomBase(10) (ascending) size=32,768 -> 0.357 ms
[450.528s] RadixSortWithArraysAndCustomBase(10) (ascending) size=65,536 -> 0.694 ms
[450.534s] RadixSortWithArraysAndCustomBase(10) (ascending) size=131,072 -> 1.671 ms
[450.542s] RadixSortWithArraysAndCustomBase(10) (ascending) size=262,144 -> 3.305 ms
[450.554s] RadixSortWithArraysAndCustomBase(10) (ascending) size=524,288 -> 6.688 ms
[450.574s] RadixSortWithArraysAndCustomBase(10) (ascending) size=1,048,576 -> 15.579 ms
[450.611s] RadixSortWithArraysAndCustomBase(10) (ascending) size=2,097,152 -> 30.951 ms
[450.679s] RadixSortWithArraysAndCustomBase(10) (ascending) size=4,194,304 -> 62.027 ms
[450.810s] RadixSortWithArraysAndCustomBase(10) (ascending) size=8,388,608 -> 124.163 ms
[451.116s] RadixSortWithArraysAndCustomBase(10) (ascending) size=16,777,216 -> 296.035 ms
[451.723s] RadixSortWithArraysAndCustomBase(10) (ascending) size=33,554,432 -> 594.294 ms
[452.944s] RadixSortWithArraysAndCustomBase(10) (ascending) size=67,108,864 -> 1199.131 ms
[452.950s] RadixSortWithArraysAndCustomBase(10) (descending) size=1,024 -> 0.017 ms
[452.954s] RadixSortWithArraysAndCustomBase(10) (descending) size=2,048 -> 0.032 ms
[452.959s] RadixSortWithArraysAndCustomBase(10) (descending) size=4,096 -> 0.049 ms
[452.964s] RadixSortWithArraysAndCustomBase(10) (descending) size=8,192 -> 0.082 ms
[452.969s] RadixSortWithArraysAndCustomBase(10) (descending) size=16,384 -> 0.180 ms
[452.974s] RadixSortWithArraysAndCustomBase(10) (descending) size=32,768 -> 0.368 ms
[452.979s] RadixSortWithArraysAndCustomBase(10) (descending) size=65,536 -> 0.684 ms
[452.986s] RadixSortWithArraysAndCustomBase(10) (descending) size=131,072 -> 1.618 ms
[452.994s] RadixSortWithArraysAndCustomBase(10) (descending) size=262,144 -> 3.255 ms
[453.005s] RadixSortWithArraysAndCustomBase(10) (descending) size=524,288 -> 6.582 ms
[453.026s] RadixSortWithArraysAndCustomBase(10) (descending) size=1,048,576 -> 15.483 ms
[453.062s] RadixSortWithArraysAndCustomBase(10) (descending) size=2,097,152 -> 30.532 ms
[453.129s] RadixSortWithArraysAndCustomBase(10) (descending) size=4,194,304 -> 60.764 ms
[453.259s] RadixSortWithArraysAndCustomBase(10) (descending) size=8,388,608 -> 122.604 ms
[453.561s] RadixSortWithArraysAndCustomBase(10) (descending) size=16,777,216 -> 293.476 ms
[454.165s] RadixSortWithArraysAndCustomBase(10) (descending) size=33,554,432 -> 589.495 ms
[455.375s] RadixSortWithArraysAndCustomBase(10) (descending) size=67,108,864 -> 1188.446 ms
[455.380s] RadixSortWithArraysAndCustomBase(100) (random) size=1,024 -> 0.017 ms
[455.385s] RadixSortWithArraysAndCustomBase(100) (random) size=2,048 -> 0.023 ms
[455.390s] RadixSortWithArraysAndCustomBase(100) (random) size=4,096 -> 0.032 ms
[455.395s] RadixSortWithArraysAndCustomBase(100) (random) size=8,192 -> 0.058 ms
[455.399s] RadixSortWithArraysAndCustomBase(100) (random) size=16,384 -> 0.136 ms
[455.404s] RadixSortWithArraysAndCustomBase(100) (random) size=32,768 -> 0.232 ms
[455.409s] RadixSortWithArraysAndCustomBase(100) (random) size=65,536 -> 0.438 ms
[455.415s] RadixSortWithArraysAndCustomBase(100) (random) size=131,072 -> 0.849 ms
[455.422s] RadixSortWithArraysAndCustomBase(100) (random) size=262,144 -> 1.677 ms
[455.430s] RadixSortWithArraysAndCustomBase(100) (random) size=524,288 -> 3.356 ms
[455.445s] RadixSortWithArraysAndCustomBase(100) (random) size=1,048,576 -> 9.311 ms
[455.471s] RadixSortWithArraysAndCustomBase(100) (random) size=2,097,152 -> 19.377 ms
[455.515s] RadixSortWithArraysAndCustomBase(100) (random) size=4,194,304 -> 36.414 ms
[455.598s] RadixSortWithArraysAndCustomBase(100) (random) size=8,388,608 -> 71.695 ms
[455.760s] RadixSortWithArraysAndCustomBase(100) (random) size=16,777,216 -> 144.579 ms
[456.086s] RadixSortWithArraysAndCustomBase(100) (random) size=33,554,432 -> 296.316 ms
[456.833s] RadixSortWithArraysAndCustomBase(100) (random) size=67,108,864 -> 692.789 ms
[456.838s] RadixSortWithArraysAndCustomBase(100) (ascending) size=1,024 -> 0.014 ms
[456.842s] RadixSortWithArraysAndCustomBase(100) (ascending) size=2,048 -> 0.020 ms
[456.847s] RadixSortWithArraysAndCustomBase(100) (ascending) size=4,096 -> 0.032 ms
[456.852s] RadixSortWithArraysAndCustomBase(100) (ascending) size=8,192 -> 0.052 ms
[456.857s] RadixSortWithArraysAndCustomBase(100) (ascending) size=16,384 -> 0.125 ms
[456.861s] RadixSortWithArraysAndCustomBase(100) (ascending) size=32,768 -> 0.238 ms
[456.867s] RadixSortWithArraysAndCustomBase(100) (ascending) size=65,536 -> 0.437 ms
[456.872s] RadixSortWithArraysAndCustomBase(100) (ascending) size=131,072 -> 0.865 ms
[456.878s] RadixSortWithArraysAndCustomBase(100) (ascending) size=262,144 -> 1.681 ms
[456.887s] RadixSortWithArraysAndCustomBase(100) (ascending) size=524,288 -> 3.450 ms
[456.901s] RadixSortWithArraysAndCustomBase(100) (ascending) size=1,048,576 -> 9.409 ms
[456.925s] RadixSortWithArraysAndCustomBase(100) (ascending) size=2,097,152 -> 18.080 ms
[456.967s] RadixSortWithArraysAndCustomBase(100) (ascending) size=4,194,304 -> 36.409 ms
[457.046s] RadixSortWithArraysAndCustomBase(100) (ascending) size=8,388,608 -> 72.138 ms
[457.234s] RadixSortWithArraysAndCustomBase(100) (ascending) size=16,777,216 -> 178.517 ms
[457.684s] RadixSortWithArraysAndCustomBase(100) (ascending) size=33,554,432 -> 435.808 ms
[458.703s] RadixSortWithArraysAndCustomBase(100) (ascending) size=67,108,864 -> 997.107 ms
[458.708s] RadixSortWithArraysAndCustomBase(100) (descending) size=1,024 -> 0.015 ms
[458.713s] RadixSortWithArraysAndCustomBase(100) (descending) size=2,048 -> 0.020 ms
[458.717s] RadixSortWithArraysAndCustomBase(100) (descending) size=4,096 -> 0.034 ms
[458.722s] RadixSortWithArraysAndCustomBase(100) (descending) size=8,192 -> 0.051 ms
[458.727s] RadixSortWithArraysAndCustomBase(100) (descending) size=16,384 -> 0.126 ms
[458.732s] RadixSortWithArraysAndCustomBase(100) (descending) size=32,768 -> 0.224 ms
[458.737s] RadixSortWithArraysAndCustomBase(100) (descending) size=65,536 -> 0.434 ms
[458.742s] RadixSortWithArraysAndCustomBase(100) (descending) size=131,072 -> 0.840 ms
[458.749s] RadixSortWithArraysAndCustomBase(100) (descending) size=262,144 -> 1.647 ms
[458.757s] RadixSortWithArraysAndCustomBase(100) (descending) size=524,288 -> 3.338 ms
[458.771s] RadixSortWithArraysAndCustomBase(100) (descending) size=1,048,576 -> 9.361 ms
[458.795s] RadixSortWithArraysAndCustomBase(100) (descending) size=2,097,152 -> 17.708 ms
[458.837s] RadixSortWithArraysAndCustomBase(100) (descending) size=4,194,304 -> 36.037 ms
[458.915s] RadixSortWithArraysAndCustomBase(100) (descending) size=8,388,608 -> 71.463 ms
[459.101s] RadixSortWithArraysAndCustomBase(100) (descending) size=16,777,216 -> 176.688 ms
[459.545s] RadixSortWithArraysAndCustomBase(100) (descending) size=33,554,432 -> 430.984 ms
[460.567s] RadixSortWithArraysAndCustomBase(100) (descending) size=67,108,864 -> 999.401 ms
[460.572s] RadixSortWithCountingSortAndCustomBase(10) (random) size=1,024 -> 0.019 ms
[460.577s] RadixSortWithCountingSortAndCustomBase(10) (random) size=2,048 -> 0.027 ms
[460.582s] RadixSortWithCountingSortAndCustomBase(10) (random) size=4,096 -> 0.045 ms
[460.586s] RadixSortWithCountingSortAndCustomBase(10) (random) size=8,192 -> 0.070 ms
[460.591s] RadixSortWithCountingSortAndCustomBase(10) (random) size=16,384 -> 0.182 ms
[460.596s] RadixSortWithCountingSortAndCustomBase(10) (random) size=32,768 -> 0.310 ms
[460.602s] RadixSortWithCountingSortAndCustomBase(10) (random) size=65,536 -> 0.620 ms
[460.608s] RadixSortWithCountingSortAndCustomBase(10) (random) size=131,072 -> 1.539 ms
[460.616s] RadixSortWithCountingSortAndCustomBase(10) (random) size=262,144 -> 2.987 ms
[460.627s] RadixSortWithCountingSortAndCustomBase(10) (random) size=524,288 -> 5.877 ms
[460.646s] RadixSortWithCountingSortAndCustomBase(10) (random) size=1,048,576 -> 13.964 ms
[460.682s] RadixSortWithCountingSortAndCustomBase(10) (random) size=2,097,152 -> 29.423 ms
[460.745s] RadixSortWithCountingSortAndCustomBase(10) (random) size=4,194,304 -> 55.127 ms
[460.866s] RadixSortWithCountingSortAndCustomBase(10) (random) size=8,388,608 -> 110.001 ms
[461.155s] RadixSortWithCountingSortAndCustomBase(10) (random) size=16,777,216 -> 270.789 ms
[461.693s] RadixSortWithCountingSortAndCustomBase(10) (random) size=33,554,432 -> 508.661 ms
[462.751s] RadixSortWithCountingSortAndCustomBase(10) (random) size=67,108,864 -> 1004.567 ms
[462.756s] RadixSortWithCountingSortAndCustomBase(10) (ascending) size=1,024 -> 0.017 ms
[462.761s] RadixSortWithCountingSortAndCustomBase(10) (ascending) size=2,048 -> 0.026 ms
[462.766s] RadixSortWithCountingSortAndCustomBase(10) (ascending) size=4,096 -> 0.045 ms
[462.771s] RadixSortWithCountingSortAndCustomBase(10) (ascending) size=8,192 -> 0.075 ms
[462.776s] RadixSortWithCountingSortAndCustomBase(10) (ascending) size=16,384 -> 0.166 ms
[462.781s] RadixSortWithCountingSortAndCustomBase(10) (ascending) size=32,768 -> 0.317 ms
[462.786s] RadixSortWithCountingSortAndCustomBase(10) (ascending) size=65,536 -> 0.622 ms
[462.792s] RadixSortWithCountingSortAndCustomBase(10) (ascending) size=131,072 -> 1.486 ms
[462.800s] RadixSortWithCountingSortAndCustomBase(10) (ascending) size=262,144 -> 2.949 ms
[462.811s] RadixSortWithCountingSortAndCustomBase(10) (ascending) size=524,288 -> 5.935 ms
[462.830s] RadixSortWithCountingSortAndCustomBase(10) (ascending) size=1,048,576 -> 13.691 ms
[462.863s] RadixSortWithCountingSortAndCustomBase(10) (ascending) size=2,097,152 -> 27.539 ms
[462.924s] RadixSortWithCountingSortAndCustomBase(10) (ascending) size=4,194,304 -> 55.278 ms
[463.043s] RadixSortWithCountingSortAndCustomBase(10) (ascending) size=8,388,608 -> 112.401 ms
[463.305s] RadixSortWithCountingSortAndCustomBase(10) (ascending) size=16,777,216 -> 252.299 ms
[463.824s] RadixSortWithCountingSortAndCustomBase(10) (ascending) size=33,554,432 -> 505.596 ms
[464.857s] RadixSortWithCountingSortAndCustomBase(10) (ascending) size=67,108,864 -> 1010.352 ms
[464.862s] RadixSortWithCountingSortAndCustomBase(10) (descending) size=1,024 -> 0.019 ms
[464.867s] RadixSortWithCountingSortAndCustomBase(10) (descending) size=2,048 -> 0.027 ms
[464.871s] RadixSortWithCountingSortAndCustomBase(10) (descending) size=4,096 -> 0.045 ms
[464.876s] RadixSortWithCountingSortAndCustomBase(10) (descending) size=8,192 -> 0.075 ms
[464.881s] RadixSortWithCountingSortAndCustomBase(10) (descending) size=16,384 -> 0.172 ms
[464.886s] RadixSortWithCountingSortAndCustomBase(10) (descending) size=32,768 -> 0.328 ms
[464.892s] RadixSortWithCountingSortAndCustomBase(10) (descending) size=65,536 -> 0.615 ms
[464.898s] RadixSortWithCountingSortAndCustomBase(10) (descending) size=131,072 -> 1.460 ms
[464.906s] RadixSortWithCountingSortAndCustomBase(10) (descending) size=262,144 -> 2.914 ms
[464.916s] RadixSortWithCountingSortAndCustomBase(10) (descending) size=524,288 -> 5.864 ms
[464.935s] RadixSortWithCountingSortAndCustomBase(10) (descending) size=1,048,576 -> 13.742 ms
[464.968s] RadixSortWithCountingSortAndCustomBase(10) (descending) size=2,097,152 -> 27.432 ms
[465.029s] RadixSortWithCountingSortAndCustomBase(10) (descending) size=4,194,304 -> 54.751 ms
[465.145s] RadixSortWithCountingSortAndCustomBase(10) (descending) size=8,388,608 -> 109.507 ms
[465.404s] RadixSortWithCountingSortAndCustomBase(10) (descending) size=16,777,216 -> 249.387 ms
[465.916s] RadixSortWithCountingSortAndCustomBase(10) (descending) size=33,554,432 -> 497.992 ms
[466.940s] RadixSortWithCountingSortAndCustomBase(10) (descending) size=67,108,864 -> 1001.940 ms
[466.945s] RadixSortWithCountingSortAndCustomBase(100) (random) size=1,024 -> 0.011 ms
[466.950s] RadixSortWithCountingSortAndCustomBase(100) (random) size=2,048 -> 0.016 ms
[466.954s] RadixSortWithCountingSortAndCustomBase(100) (random) size=4,096 -> 0.027 ms
[466.959s] RadixSortWithCountingSortAndCustomBase(100) (random) size=8,192 -> 0.046 ms
[466.964s] RadixSortWithCountingSortAndCustomBase(100) (random) size=16,384 -> 0.121 ms
[466.969s] RadixSortWithCountingSortAndCustomBase(100) (random) size=32,768 -> 0.198 ms
[466.974s] RadixSortWithCountingSortAndCustomBase(100) (random) size=65,536 -> 0.381 ms
[466.980s] RadixSortWithCountingSortAndCustomBase(100) (random) size=131,072 -> 0.747 ms
[466.986s] RadixSortWithCountingSortAndCustomBase(100) (random) size=262,144 -> 1.498 ms
[466.994s] RadixSortWithCountingSortAndCustomBase(100) (random) size=524,288 -> 2.959 ms
[467.009s] RadixSortWithCountingSortAndCustomBase(100) (random) size=1,048,576 -> 8.693 ms
[467.032s] RadixSortWithCountingSortAndCustomBase(100) (random) size=2,097,152 -> 17.449 ms
[467.072s] RadixSortWithCountingSortAndCustomBase(100) (random) size=4,194,304 -> 31.842 ms
[467.147s] RadixSortWithCountingSortAndCustomBase(100) (random) size=8,388,608 -> 63.408 ms
[467.291s] RadixSortWithCountingSortAndCustomBase(100) (random) size=16,777,216 -> 126.884 ms
[467.575s] RadixSortWithCountingSortAndCustomBase(100) (random) size=33,554,432 -> 253.990 ms
[468.140s] RadixSortWithCountingSortAndCustomBase(100) (random) size=67,108,864 -> 510.813 ms
[468.145s] RadixSortWithCountingSortAndCustomBase(100) (ascending) size=1,024 -> 0.012 ms
[468.150s] RadixSortWithCountingSortAndCustomBase(100) (ascending) size=2,048 -> 0.016 ms
[468.154s] RadixSortWithCountingSortAndCustomBase(100) (ascending) size=4,096 -> 0.027 ms
[468.159s] RadixSortWithCountingSortAndCustomBase(100) (ascending) size=8,192 -> 0.046 ms
[468.164s] RadixSortWithCountingSortAndCustomBase(100) (ascending) size=16,384 -> 0.120 ms
[468.169s] RadixSortWithCountingSortAndCustomBase(100) (ascending) size=32,768 -> 0.207 ms
[468.174s] RadixSortWithCountingSortAndCustomBase(100) (ascending) size=65,536 -> 0.394 ms
[468.179s] RadixSortWithCountingSortAndCustomBase(100) (ascending) size=131,072 -> 0.765 ms
[468.186s] RadixSortWithCountingSortAndCustomBase(100) (ascending) size=262,144 -> 1.508 ms
[468.194s] RadixSortWithCountingSortAndCustomBase(100) (ascending) size=524,288 -> 3.024 ms
[468.207s] RadixSortWithCountingSortAndCustomBase(100) (ascending) size=1,048,576 -> 8.274 ms
[468.229s] RadixSortWithCountingSortAndCustomBase(100) (ascending) size=2,097,152 -> 16.272 ms
[468.268s] RadixSortWithCountingSortAndCustomBase(100) (ascending) size=4,194,304 -> 32.920 ms
[468.340s] RadixSortWithCountingSortAndCustomBase(100) (ascending) size=8,388,608 -> 65.102 ms
[468.479s] RadixSortWithCountingSortAndCustomBase(100) (ascending) size=16,777,216 -> 130.556 ms
[468.757s] RadixSortWithCountingSortAndCustomBase(100) (ascending) size=33,554,432 -> 264.704 ms
[469.309s] RadixSortWithCountingSortAndCustomBase(100) (ascending) size=67,108,864 -> 529.867 ms
[469.314s] RadixSortWithCountingSortAndCustomBase(100) (descending) size=1,024 -> 0.011 ms
[469.319s] RadixSortWithCountingSortAndCustomBase(100) (descending) size=2,048 -> 0.016 ms
[469.323s] RadixSortWithCountingSortAndCustomBase(100) (descending) size=4,096 -> 0.026 ms
[469.328s] RadixSortWithCountingSortAndCustomBase(100) (descending) size=8,192 -> 0.045 ms
[469.333s] RadixSortWithCountingSortAndCustomBase(100) (descending) size=16,384 -> 0.105 ms
[469.338s] RadixSortWithCountingSortAndCustomBase(100) (descending) size=32,768 -> 0.206 ms
[469.343s] RadixSortWithCountingSortAndCustomBase(100) (descending) size=65,536 -> 0.385 ms
[469.348s] RadixSortWithCountingSortAndCustomBase(100) (descending) size=131,072 -> 0.754 ms
[469.355s] RadixSortWithCountingSortAndCustomBase(100) (descending) size=262,144 -> 1.478 ms
[469.363s] RadixSortWithCountingSortAndCustomBase(100) (descending) size=524,288 -> 2.993 ms
[469.376s] RadixSortWithCountingSortAndCustomBase(100) (descending) size=1,048,576 -> 7.825 ms
[469.397s] RadixSortWithCountingSortAndCustomBase(100) (descending) size=2,097,152 -> 15.895 ms
[469.435s] RadixSortWithCountingSortAndCustomBase(100) (descending) size=4,194,304 -> 32.308 ms
[469.507s] RadixSortWithCountingSortAndCustomBase(100) (descending) size=8,388,608 -> 64.197 ms
[469.644s] RadixSortWithCountingSortAndCustomBase(100) (descending) size=16,777,216 -> 128.435 ms
[469.919s] RadixSortWithCountingSortAndCustomBase(100) (descending) size=33,554,432 -> 261.554 ms
[470.463s] RadixSortWithCountingSortAndCustomBase(100) (descending) size=67,108,864 -> 521.955 ms
[470.468s] RecursiveMsdRadixSortWithArraysAndCustomBase(10) (random) size=1,024 -> 0.036 ms
[470.473s] RecursiveMsdRadixSortWithArraysAndCustomBase(10) (random) size=2,048 -> 0.064 ms
[470.478s] RecursiveMsdRadixSortWithArraysAndCustomBase(10) (random) size=4,096 -> 0.108 ms
[470.483s] RecursiveMsdRadixSortWithArraysAndCustomBase(10) (random) size=8,192 -> 0.207 ms
[470.488s] RecursiveMsdRadixSortWithArraysAndCustomBase(10) (random) size=16,384 -> 0.427 ms
[470.493s] RecursiveMsdRadixSortWithArraysAndCustomBase(10) (random) size=32,768 -> 0.806 ms
[470.500s] RecursiveMsdRadixSortWithArraysAndCustomBase(10) (random) size=65,536 -> 1.583 ms
[470.508s] RecursiveMsdRadixSortWithArraysAndCustomBase(10) (random) size=131,072 -> 3.729 ms
[470.521s] RecursiveMsdRadixSortWithArraysAndCustomBase(10) (random) size=262,144 -> 7.311 ms
[470.540s] RecursiveMsdRadixSortWithArraysAndCustomBase(10) (random) size=524,288 -> 14.569 ms
[470.578s] RecursiveMsdRadixSortWithArraysAndCustomBase(10) (random) size=1,048,576 -> 32.026 ms
[470.647s] RecursiveMsdRadixSortWithArraysAndCustomBase(10) (random) size=2,097,152 -> 62.211 ms
[470.777s] RecursiveMsdRadixSortWithArraysAndCustomBase(10) (random) size=4,194,304 -> 122.229 ms
[471.032s] RecursiveMsdRadixSortWithArraysAndCustomBase(10) (random) size=8,388,608 -> 243.383 ms
[471.606s] RecursiveMsdRadixSortWithArraysAndCustomBase(10) (random) size=16,777,216 -> 556.407 ms
[472.725s] RecursiveMsdRadixSortWithArraysAndCustomBase(10) (random) size=33,554,432 -> 1088.612 ms
[474.953s] RecursiveMsdRadixSortWithArraysAndCustomBase(10) (random) size=67,108,864 -> 2173.104 ms
[474.958s] RecursiveMsdRadixSortWithArraysAndCustomBase(10) (ascending) size=1,024 -> 0.025 ms
[474.963s] RecursiveMsdRadixSortWithArraysAndCustomBase(10) (ascending) size=2,048 -> 0.049 ms
[474.968s] RecursiveMsdRadixSortWithArraysAndCustomBase(10) (ascending) size=4,096 -> 0.079 ms
[474.973s] RecursiveMsdRadixSortWithArraysAndCustomBase(10) (ascending) size=8,192 -> 0.146 ms
[474.977s] RecursiveMsdRadixSortWithArraysAndCustomBase(10) (ascending) size=16,384 -> 0.285 ms
[474.983s] RecursiveMsdRadixSortWithArraysAndCustomBase(10) (ascending) size=32,768 -> 0.602 ms
[474.989s] RecursiveMsdRadixSortWithArraysAndCustomBase(10) (ascending) size=65,536 -> 1.175 ms
[474.996s] RecursiveMsdRadixSortWithArraysAndCustomBase(10) (ascending) size=131,072 -> 2.804 ms
[475.007s] RecursiveMsdRadixSortWithArraysAndCustomBase(10) (ascending) size=262,144 -> 6.130 ms
[475.024s] RecursiveMsdRadixSortWithArraysAndCustomBase(10) (ascending) size=524,288 -> 12.111 ms
[475.053s] RecursiveMsdRadixSortWithArraysAndCustomBase(10) (ascending) size=1,048,576 -> 23.440 ms
[475.105s] RecursiveMsdRadixSortWithArraysAndCustomBase(10) (ascending) size=2,097,152 -> 47.205 ms
[475.204s] RecursiveMsdRadixSortWithArraysAndCustomBase(10) (ascending) size=4,194,304 -> 92.831 ms
[475.399s] RecursiveMsdRadixSortWithArraysAndCustomBase(10) (ascending) size=8,388,608 -> 187.723 ms
[475.856s] RecursiveMsdRadixSortWithArraysAndCustomBase(10) (ascending) size=16,777,216 -> 447.353 ms
[476.750s] RecursiveMsdRadixSortWithArraysAndCustomBase(10) (ascending) size=33,554,432 -> 879.903 ms
[478.531s] RecursiveMsdRadixSortWithArraysAndCustomBase(10) (ascending) size=67,108,864 -> 1759.333 ms
[478.537s] RecursiveMsdRadixSortWithArraysAndCustomBase(10) (descending) size=1,024 -> 0.023 ms
[478.542s] RecursiveMsdRadixSortWithArraysAndCustomBase(10) (descending) size=2,048 -> 0.047 ms
[478.547s] RecursiveMsdRadixSortWithArraysAndCustomBase(10) (descending) size=4,096 -> 0.083 ms
[478.552s] RecursiveMsdRadixSortWithArraysAndCustomBase(10) (descending) size=8,192 -> 0.162 ms
[478.557s] RecursiveMsdRadixSortWithArraysAndCustomBase(10) (descending) size=16,384 -> 0.306 ms
[478.562s] RecursiveMsdRadixSortWithArraysAndCustomBase(10) (descending) size=32,768 -> 0.597 ms
[478.568s] RecursiveMsdRadixSortWithArraysAndCustomBase(10) (descending) size=65,536 -> 1.146 ms
[478.576s] RecursiveMsdRadixSortWithArraysAndCustomBase(10) (descending) size=131,072 -> 3.084 ms
[478.587s] RecursiveMsdRadixSortWithArraysAndCustomBase(10) (descending) size=262,144 -> 6.136 ms
[478.604s] RecursiveMsdRadixSortWithArraysAndCustomBase(10) (descending) size=524,288 -> 12.405 ms
[478.633s] RecursiveMsdRadixSortWithArraysAndCustomBase(10) (descending) size=1,048,576 -> 24.047 ms
[478.689s] RecursiveMsdRadixSortWithArraysAndCustomBase(10) (descending) size=2,097,152 -> 49.819 ms
[478.791s] RecursiveMsdRadixSortWithArraysAndCustomBase(10) (descending) size=4,194,304 -> 96.495 ms
[478.994s] RecursiveMsdRadixSortWithArraysAndCustomBase(10) (descending) size=8,388,608 -> 195.564 ms
[479.466s] RecursiveMsdRadixSortWithArraysAndCustomBase(10) (descending) size=16,777,216 -> 463.039 ms
[480.413s] RecursiveMsdRadixSortWithArraysAndCustomBase(10) (descending) size=33,554,432 -> 933.321 ms
[482.302s] RecursiveMsdRadixSortWithArraysAndCustomBase(10) (descending) size=67,108,864 -> 1866.030 ms
[482.307s] RecursiveMsdRadixSortWithArraysAndCustomBase(1000) (random) size=1,024 -> 0.035 ms
[482.312s] RecursiveMsdRadixSortWithArraysAndCustomBase(1000) (random) size=2,048 -> 0.050 ms
[482.317s] RecursiveMsdRadixSortWithArraysAndCustomBase(1000) (random) size=4,096 -> 0.079 ms
[482.322s] RecursiveMsdRadixSortWithArraysAndCustomBase(1000) (random) size=8,192 -> 0.135 ms
[482.327s] RecursiveMsdRadixSortWithArraysAndCustomBase(1000) (random) size=16,384 -> 0.248 ms
[482.332s] RecursiveMsdRadixSortWithArraysAndCustomBase(1000) (random) size=32,768 -> 0.481 ms
[482.338s] RecursiveMsdRadixSortWithArraysAndCustomBase(1000) (random) size=65,536 -> 0.915 ms
[482.344s] RecursiveMsdRadixSortWithArraysAndCustomBase(1000) (random) size=131,072 -> 1.821 ms
[482.353s] RecursiveMsdRadixSortWithArraysAndCustomBase(1000) (random) size=262,144 -> 3.606 ms
[482.365s] RecursiveMsdRadixSortWithArraysAndCustomBase(1000) (random) size=524,288 -> 7.369 ms
[482.389s] RecursiveMsdRadixSortWithArraysAndCustomBase(1000) (random) size=1,048,576 -> 18.064 ms
[482.430s] RecursiveMsdRadixSortWithArraysAndCustomBase(1000) (random) size=2,097,152 -> 34.897 ms
[482.506s] RecursiveMsdRadixSortWithArraysAndCustomBase(1000) (random) size=4,194,304 -> 67.553 ms
[482.651s] RecursiveMsdRadixSortWithArraysAndCustomBase(1000) (random) size=8,388,608 -> 134.237 ms
[482.937s] RecursiveMsdRadixSortWithArraysAndCustomBase(1000) (random) size=16,777,216 -> 268.568 ms
[483.506s] RecursiveMsdRadixSortWithArraysAndCustomBase(1000) (random) size=33,554,432 -> 539.319 ms
[484.663s] RecursiveMsdRadixSortWithArraysAndCustomBase(1000) (random) size=67,108,864 -> 1102.598 ms
[484.668s] RecursiveMsdRadixSortWithArraysAndCustomBase(1000) (ascending) size=1,024 -> 0.023 ms
[484.673s] RecursiveMsdRadixSortWithArraysAndCustomBase(1000) (ascending) size=2,048 -> 0.036 ms
[484.678s] RecursiveMsdRadixSortWithArraysAndCustomBase(1000) (ascending) size=4,096 -> 0.048 ms
[484.682s] RecursiveMsdRadixSortWithArraysAndCustomBase(1000) (ascending) size=8,192 -> 0.084 ms
[484.687s] RecursiveMsdRadixSortWithArraysAndCustomBase(1000) (ascending) size=16,384 -> 0.160 ms
[484.692s] RecursiveMsdRadixSortWithArraysAndCustomBase(1000) (ascending) size=32,768 -> 0.311 ms
[484.698s] RecursiveMsdRadixSortWithArraysAndCustomBase(1000) (ascending) size=65,536 -> 0.568 ms
[484.704s] RecursiveMsdRadixSortWithArraysAndCustomBase(1000) (ascending) size=131,072 -> 1.225 ms
[484.711s] RecursiveMsdRadixSortWithArraysAndCustomBase(1000) (ascending) size=262,144 -> 2.385 ms
[484.720s] RecursiveMsdRadixSortWithArraysAndCustomBase(1000) (ascending) size=524,288 -> 4.763 ms
[484.736s] RecursiveMsdRadixSortWithArraysAndCustomBase(1000) (ascending) size=1,048,576 -> 10.735 ms
[484.762s] RecursiveMsdRadixSortWithArraysAndCustomBase(1000) (ascending) size=2,097,152 -> 20.898 ms
[484.809s] RecursiveMsdRadixSortWithArraysAndCustomBase(1000) (ascending) size=4,194,304 -> 40.800 ms
[484.897s] RecursiveMsdRadixSortWithArraysAndCustomBase(1000) (ascending) size=8,388,608 -> 80.639 ms
[485.069s] RecursiveMsdRadixSortWithArraysAndCustomBase(1000) (ascending) size=16,777,216 -> 163.339 ms
[485.407s] RecursiveMsdRadixSortWithArraysAndCustomBase(1000) (ascending) size=33,554,432 -> 323.792 ms
[486.074s] RecursiveMsdRadixSortWithArraysAndCustomBase(1000) (ascending) size=67,108,864 -> 645.713 ms
[486.080s] RecursiveMsdRadixSortWithArraysAndCustomBase(1000) (descending) size=1,024 -> 0.025 ms
[486.084s] RecursiveMsdRadixSortWithArraysAndCustomBase(1000) (descending) size=2,048 -> 0.036 ms
[486.089s] RecursiveMsdRadixSortWithArraysAndCustomBase(1000) (descending) size=4,096 -> 0.056 ms
[486.094s] RecursiveMsdRadixSortWithArraysAndCustomBase(1000) (descending) size=8,192 -> 0.090 ms
[486.099s] RecursiveMsdRadixSortWithArraysAndCustomBase(1000) (descending) size=16,384 -> 0.159 ms
[486.104s] RecursiveMsdRadixSortWithArraysAndCustomBase(1000) (descending) size=32,768 -> 0.304 ms
[486.109s] RecursiveMsdRadixSortWithArraysAndCustomBase(1000) (descending) size=65,536 -> 0.592 ms
[486.115s] RecursiveMsdRadixSortWithArraysAndCustomBase(1000) (descending) size=131,072 -> 1.170 ms
[486.122s] RecursiveMsdRadixSortWithArraysAndCustomBase(1000) (descending) size=262,144 -> 2.309 ms
[486.131s] RecursiveMsdRadixSortWithArraysAndCustomBase(1000) (descending) size=524,288 -> 4.636 ms
[486.146s] RecursiveMsdRadixSortWithArraysAndCustomBase(1000) (descending) size=1,048,576 -> 10.088 ms
[486.173s] RecursiveMsdRadixSortWithArraysAndCustomBase(1000) (descending) size=2,097,152 -> 21.170 ms
[486.219s] RecursiveMsdRadixSortWithArraysAndCustomBase(1000) (descending) size=4,194,304 -> 39.839 ms
[486.305s] RecursiveMsdRadixSortWithArraysAndCustomBase(1000) (descending) size=8,388,608 -> 79.445 ms
[486.474s] RecursiveMsdRadixSortWithArraysAndCustomBase(1000) (descending) size=16,777,216 -> 159.433 ms
[486.805s] RecursiveMsdRadixSortWithArraysAndCustomBase(1000) (descending) size=33,554,432 -> 317.383 ms
[487.463s] RecursiveMsdRadixSortWithArraysAndCustomBase(1000) (descending) size=67,108,864 -> 636.104 ms
--- iteration 7 of 10 ---
[487.468s] RadixSortWithDynamicListsAndCustomBase(10) (random) size=1,024 -> 0.029 ms
[487.473s] RadixSortWithDynamicListsAndCustomBase(10) (random) size=2,048 -> 0.050 ms
[487.478s] RadixSortWithDynamicListsAndCustomBase(10) (random) size=4,096 -> 0.082 ms
[487.483s] RadixSortWithDynamicListsAndCustomBase(10) (random) size=8,192 -> 0.137 ms
[487.488s] RadixSortWithDynamicListsAndCustomBase(10) (random) size=16,384 -> 0.309 ms
[487.493s] RadixSortWithDynamicListsAndCustomBase(10) (random) size=32,768 -> 0.598 ms
[487.499s] RadixSortWithDynamicListsAndCustomBase(10) (random) size=65,536 -> 1.184 ms
[487.507s] RadixSortWithDynamicListsAndCustomBase(10) (random) size=131,072 -> 2.806 ms
[487.517s] RadixSortWithDynamicListsAndCustomBase(10) (random) size=262,144 -> 5.593 ms
[487.534s] RadixSortWithDynamicListsAndCustomBase(10) (random) size=524,288 -> 11.847 ms
[487.573s] RadixSortWithDynamicListsAndCustomBase(10) (random) size=1,048,576 -> 32.986 ms
[487.666s] RadixSortWithDynamicListsAndCustomBase(10) (random) size=2,097,152 -> 86.729 ms
[487.844s] RadixSortWithDynamicListsAndCustomBase(10) (random) size=4,194,304 -> 169.642 ms
[488.159s] RadixSortWithDynamicListsAndCustomBase(10) (random) size=8,388,608 -> 304.170 ms
[488.825s] RadixSortWithDynamicListsAndCustomBase(10) (random) size=16,777,216 -> 648.973 ms
[490.173s] RadixSortWithDynamicListsAndCustomBase(10) (random) size=33,554,432 -> 1318.033 ms
[494.926s] RadixSortWithDynamicListsAndCustomBase(10) (random) size=67,108,864 -> 4697.965 ms
[494.931s] RadixSortWithDynamicListsAndCustomBase(10) (ascending) size=1,024 -> 0.030 ms
[494.936s] RadixSortWithDynamicListsAndCustomBase(10) (ascending) size=2,048 -> 0.044 ms
[494.941s] RadixSortWithDynamicListsAndCustomBase(10) (ascending) size=4,096 -> 0.079 ms
[494.946s] RadixSortWithDynamicListsAndCustomBase(10) (ascending) size=8,192 -> 0.133 ms
[494.951s] RadixSortWithDynamicListsAndCustomBase(10) (ascending) size=16,384 -> 0.328 ms
[494.956s] RadixSortWithDynamicListsAndCustomBase(10) (ascending) size=32,768 -> 0.656 ms
[494.962s] RadixSortWithDynamicListsAndCustomBase(10) (ascending) size=65,536 -> 1.295 ms
[494.970s] RadixSortWithDynamicListsAndCustomBase(10) (ascending) size=131,072 -> 2.897 ms
[494.981s] RadixSortWithDynamicListsAndCustomBase(10) (ascending) size=262,144 -> 5.768 ms
[494.998s] RadixSortWithDynamicListsAndCustomBase(10) (ascending) size=524,288 -> 11.639 ms
[495.031s] RadixSortWithDynamicListsAndCustomBase(10) (ascending) size=1,048,576 -> 27.915 ms
[495.098s] RadixSortWithDynamicListsAndCustomBase(10) (ascending) size=2,097,152 -> 61.618 ms
[495.234s] RadixSortWithDynamicListsAndCustomBase(10) (ascending) size=4,194,304 -> 130.087 ms
[495.522s] RadixSortWithDynamicListsAndCustomBase(10) (ascending) size=8,388,608 -> 281.466 ms
[496.530s] RadixSortWithDynamicListsAndCustomBase(10) (ascending) size=16,777,216 -> 998.434 ms
[499.123s] RadixSortWithDynamicListsAndCustomBase(10) (ascending) size=33,554,432 -> 2578.417 ms
[504.861s] RadixSortWithDynamicListsAndCustomBase(10) (ascending) size=67,108,864 -> 5715.365 ms
[504.867s] RadixSortWithDynamicListsAndCustomBase(10) (descending) size=1,024 -> 0.025 ms
[504.871s] RadixSortWithDynamicListsAndCustomBase(10) (descending) size=2,048 -> 0.040 ms
[504.876s] RadixSortWithDynamicListsAndCustomBase(10) (descending) size=4,096 -> 0.066 ms
[504.880s] RadixSortWithDynamicListsAndCustomBase(10) (descending) size=8,192 -> 0.133 ms
[504.885s] RadixSortWithDynamicListsAndCustomBase(10) (descending) size=16,384 -> 0.304 ms
[504.890s] RadixSortWithDynamicListsAndCustomBase(10) (descending) size=32,768 -> 0.617 ms
[504.897s] RadixSortWithDynamicListsAndCustomBase(10) (descending) size=65,536 -> 1.230 ms
[504.904s] RadixSortWithDynamicListsAndCustomBase(10) (descending) size=131,072 -> 2.847 ms
[504.915s] RadixSortWithDynamicListsAndCustomBase(10) (descending) size=262,144 -> 5.621 ms
[504.932s] RadixSortWithDynamicListsAndCustomBase(10) (descending) size=524,288 -> 11.676 ms
[504.965s] RadixSortWithDynamicListsAndCustomBase(10) (descending) size=1,048,576 -> 27.811 ms
[505.032s] RadixSortWithDynamicListsAndCustomBase(10) (descending) size=2,097,152 -> 61.552 ms
[505.168s] RadixSortWithDynamicListsAndCustomBase(10) (descending) size=4,194,304 -> 130.211 ms
[505.564s] RadixSortWithDynamicListsAndCustomBase(10) (descending) size=8,388,608 -> 388.446 ms
[506.686s] RadixSortWithDynamicListsAndCustomBase(10) (descending) size=16,777,216 -> 1112.676 ms
[509.224s] RadixSortWithDynamicListsAndCustomBase(10) (descending) size=33,554,432 -> 2523.824 ms
[514.866s] RadixSortWithDynamicListsAndCustomBase(10) (descending) size=67,108,864 -> 5618.598 ms
[514.871s] RadixSortWithDynamicListsAndCustomBase(100) (random) size=1,024 -> 0.022 ms
[514.876s] RadixSortWithDynamicListsAndCustomBase(100) (random) size=2,048 -> 0.034 ms
[514.881s] RadixSortWithDynamicListsAndCustomBase(100) (random) size=4,096 -> 0.058 ms
[514.886s] RadixSortWithDynamicListsAndCustomBase(100) (random) size=8,192 -> 0.093 ms
[514.890s] RadixSortWithDynamicListsAndCustomBase(100) (random) size=16,384 -> 0.214 ms
[514.896s] RadixSortWithDynamicListsAndCustomBase(100) (random) size=32,768 -> 0.398 ms
[514.901s] RadixSortWithDynamicListsAndCustomBase(100) (random) size=65,536 -> 0.759 ms
[514.907s] RadixSortWithDynamicListsAndCustomBase(100) (random) size=131,072 -> 1.596 ms
[514.916s] RadixSortWithDynamicListsAndCustomBase(100) (random) size=262,144 -> 3.099 ms
[514.929s] RadixSortWithDynamicListsAndCustomBase(100) (random) size=524,288 -> 8.259 ms
[514.955s] RadixSortWithDynamicListsAndCustomBase(100) (random) size=1,048,576 -> 19.497 ms
[515.009s] RadixSortWithDynamicListsAndCustomBase(100) (random) size=2,097,152 -> 47.849 ms
[515.128s] RadixSortWithDynamicListsAndCustomBase(100) (random) size=4,194,304 -> 110.541 ms
[515.366s] RadixSortWithDynamicListsAndCustomBase(100) (random) size=8,388,608 -> 227.125 ms
[515.860s] RadixSortWithDynamicListsAndCustomBase(100) (random) size=16,777,216 -> 476.137 ms
[516.842s] RadixSortWithDynamicListsAndCustomBase(100) (random) size=33,554,432 -> 952.015 ms
[518.942s] RadixSortWithDynamicListsAndCustomBase(100) (random) size=67,108,864 -> 2045.602 ms
[518.948s] RadixSortWithDynamicListsAndCustomBase(100) (ascending) size=1,024 -> 0.018 ms
[518.953s] RadixSortWithDynamicListsAndCustomBase(100) (ascending) size=2,048 -> 0.030 ms
[518.957s] RadixSortWithDynamicListsAndCustomBase(100) (ascending) size=4,096 -> 0.038 ms
[518.962s] RadixSortWithDynamicListsAndCustomBase(100) (ascending) size=8,192 -> 0.075 ms
[518.966s] RadixSortWithDynamicListsAndCustomBase(100) (ascending) size=16,384 -> 0.188 ms
[518.971s] RadixSortWithDynamicListsAndCustomBase(100) (ascending) size=32,768 -> 0.347 ms
[518.977s] RadixSortWithDynamicListsAndCustomBase(100) (ascending) size=65,536 -> 0.710 ms
[518.982s] RadixSortWithDynamicListsAndCustomBase(100) (ascending) size=131,072 -> 1.413 ms
[518.990s] RadixSortWithDynamicListsAndCustomBase(100) (ascending) size=262,144 -> 2.897 ms
[519.002s] RadixSortWithDynamicListsAndCustomBase(100) (ascending) size=524,288 -> 6.365 ms
[519.024s] RadixSortWithDynamicListsAndCustomBase(100) (ascending) size=1,048,576 -> 16.410 ms
[519.063s] RadixSortWithDynamicListsAndCustomBase(100) (ascending) size=2,097,152 -> 33.731 ms
[519.142s] RadixSortWithDynamicListsAndCustomBase(100) (ascending) size=4,194,304 -> 72.692 ms
[519.314s] RadixSortWithDynamicListsAndCustomBase(100) (ascending) size=8,388,608 -> 165.365 ms
[519.765s] RadixSortWithDynamicListsAndCustomBase(100) (ascending) size=16,777,216 -> 441.308 ms
[520.746s] RadixSortWithDynamicListsAndCustomBase(100) (ascending) size=33,554,432 -> 967.765 ms
[523.098s] RadixSortWithDynamicListsAndCustomBase(100) (ascending) size=67,108,864 -> 2329.536 ms
[523.103s] RadixSortWithDynamicListsAndCustomBase(100) (descending) size=1,024 -> 0.017 ms
[523.108s] RadixSortWithDynamicListsAndCustomBase(100) (descending) size=2,048 -> 0.028 ms
[523.112s] RadixSortWithDynamicListsAndCustomBase(100) (descending) size=4,096 -> 0.047 ms
[523.117s] RadixSortWithDynamicListsAndCustomBase(100) (descending) size=8,192 -> 0.074 ms
[523.122s] RadixSortWithDynamicListsAndCustomBase(100) (descending) size=16,384 -> 0.189 ms
[523.127s] RadixSortWithDynamicListsAndCustomBase(100) (descending) size=32,768 -> 0.348 ms
[523.132s] RadixSortWithDynamicListsAndCustomBase(100) (descending) size=65,536 -> 0.706 ms
[523.138s] RadixSortWithDynamicListsAndCustomBase(100) (descending) size=131,072 -> 1.405 ms
[523.146s] RadixSortWithDynamicListsAndCustomBase(100) (descending) size=262,144 -> 2.886 ms
[523.157s] RadixSortWithDynamicListsAndCustomBase(100) (descending) size=524,288 -> 6.335 ms
[523.180s] RadixSortWithDynamicListsAndCustomBase(100) (descending) size=1,048,576 -> 17.262 ms
[523.219s] RadixSortWithDynamicListsAndCustomBase(100) (descending) size=2,097,152 -> 34.234 ms
[523.298s] RadixSortWithDynamicListsAndCustomBase(100) (descending) size=4,194,304 -> 73.031 ms
[523.473s] RadixSortWithDynamicListsAndCustomBase(100) (descending) size=8,388,608 -> 167.997 ms
[523.925s] RadixSortWithDynamicListsAndCustomBase(100) (descending) size=16,777,216 -> 442.488 ms
[524.963s] RadixSortWithDynamicListsAndCustomBase(100) (descending) size=33,554,432 -> 1024.555 ms
[527.240s] RadixSortWithDynamicListsAndCustomBase(100) (descending) size=67,108,864 -> 2253.711 ms
[527.245s] RadixSortWithArraysAndCustomBase(10) (random) size=1,024 -> 0.022 ms
[527.250s] RadixSortWithArraysAndCustomBase(10) (random) size=2,048 -> 0.032 ms
[527.254s] RadixSortWithArraysAndCustomBase(10) (random) size=4,096 -> 0.047 ms
[527.259s] RadixSortWithArraysAndCustomBase(10) (random) size=8,192 -> 0.087 ms
[527.264s] RadixSortWithArraysAndCustomBase(10) (random) size=16,384 -> 0.204 ms
[527.269s] RadixSortWithArraysAndCustomBase(10) (random) size=32,768 -> 0.374 ms
[527.275s] RadixSortWithArraysAndCustomBase(10) (random) size=65,536 -> 0.748 ms
[527.281s] RadixSortWithArraysAndCustomBase(10) (random) size=131,072 -> 1.857 ms
[527.290s] RadixSortWithArraysAndCustomBase(10) (random) size=262,144 -> 3.540 ms
[527.302s] RadixSortWithArraysAndCustomBase(10) (random) size=524,288 -> 6.981 ms
[527.324s] RadixSortWithArraysAndCustomBase(10) (random) size=1,048,576 -> 16.079 ms
[527.363s] RadixSortWithArraysAndCustomBase(10) (random) size=2,097,152 -> 32.984 ms
[527.435s] RadixSortWithArraysAndCustomBase(10) (random) size=4,194,304 -> 63.789 ms
[527.573s] RadixSortWithArraysAndCustomBase(10) (random) size=8,388,608 -> 127.037 ms
[527.900s] RadixSortWithArraysAndCustomBase(10) (random) size=16,777,216 -> 309.554 ms
[528.532s] RadixSortWithArraysAndCustomBase(10) (random) size=33,554,432 -> 602.337 ms
[529.786s] RadixSortWithArraysAndCustomBase(10) (random) size=67,108,864 -> 1198.922 ms
[529.791s] RadixSortWithArraysAndCustomBase(10) (ascending) size=1,024 -> 0.018 ms
[529.796s] RadixSortWithArraysAndCustomBase(10) (ascending) size=2,048 -> 0.028 ms
[529.801s] RadixSortWithArraysAndCustomBase(10) (ascending) size=4,096 -> 0.049 ms
[529.805s] RadixSortWithArraysAndCustomBase(10) (ascending) size=8,192 -> 0.083 ms
[529.810s] RadixSortWithArraysAndCustomBase(10) (ascending) size=16,384 -> 0.190 ms
[529.815s] RadixSortWithArraysAndCustomBase(10) (ascending) size=32,768 -> 0.353 ms
[529.821s] RadixSortWithArraysAndCustomBase(10) (ascending) size=65,536 -> 0.692 ms
[529.827s] RadixSortWithArraysAndCustomBase(10) (ascending) size=131,072 -> 1.668 ms
[529.835s] RadixSortWithArraysAndCustomBase(10) (ascending) size=262,144 -> 3.275 ms
[529.847s] RadixSortWithArraysAndCustomBase(10) (ascending) size=524,288 -> 6.656 ms
[529.868s] RadixSortWithArraysAndCustomBase(10) (ascending) size=1,048,576 -> 15.533 ms
[529.904s] RadixSortWithArraysAndCustomBase(10) (ascending) size=2,097,152 -> 30.739 ms
[529.972s] RadixSortWithArraysAndCustomBase(10) (ascending) size=4,194,304 -> 62.421 ms
[530.103s] RadixSortWithArraysAndCustomBase(10) (ascending) size=8,388,608 -> 124.138 ms
[530.409s] RadixSortWithArraysAndCustomBase(10) (ascending) size=16,777,216 -> 295.990 ms
[531.018s] RadixSortWithArraysAndCustomBase(10) (ascending) size=33,554,432 -> 594.966 ms
[532.240s] RadixSortWithArraysAndCustomBase(10) (ascending) size=67,108,864 -> 1200.256 ms
[532.245s] RadixSortWithArraysAndCustomBase(10) (descending) size=1,024 -> 0.018 ms
[532.250s] RadixSortWithArraysAndCustomBase(10) (descending) size=2,048 -> 0.030 ms
[532.255s] RadixSortWithArraysAndCustomBase(10) (descending) size=4,096 -> 0.048 ms
[532.259s] RadixSortWithArraysAndCustomBase(10) (descending) size=8,192 -> 0.076 ms
[532.264s] RadixSortWithArraysAndCustomBase(10) (descending) size=16,384 -> 0.192 ms
[532.269s] RadixSortWithArraysAndCustomBase(10) (descending) size=32,768 -> 0.342 ms
[532.275s] RadixSortWithArraysAndCustomBase(10) (descending) size=65,536 -> 0.683 ms
[532.281s] RadixSortWithArraysAndCustomBase(10) (descending) size=131,072 -> 1.671 ms
[532.289s] RadixSortWithArraysAndCustomBase(10) (descending) size=262,144 -> 3.256 ms
[532.301s] RadixSortWithArraysAndCustomBase(10) (descending) size=524,288 -> 6.739 ms
[532.322s] RadixSortWithArraysAndCustomBase(10) (descending) size=1,048,576 -> 15.559 ms
[532.358s] RadixSortWithArraysAndCustomBase(10) (descending) size=2,097,152 -> 30.598 ms
[532.425s] RadixSortWithArraysAndCustomBase(10) (descending) size=4,194,304 -> 61.076 ms
[532.555s] RadixSortWithArraysAndCustomBase(10) (descending) size=8,388,608 -> 122.830 ms
[532.858s] RadixSortWithArraysAndCustomBase(10) (descending) size=16,777,216 -> 294.098 ms
[533.460s] RadixSortWithArraysAndCustomBase(10) (descending) size=33,554,432 -> 588.077 ms
[534.672s] RadixSortWithArraysAndCustomBase(10) (descending) size=67,108,864 -> 1189.966 ms
[534.677s] RadixSortWithArraysAndCustomBase(100) (random) size=1,024 -> 0.015 ms
[534.682s] RadixSortWithArraysAndCustomBase(100) (random) size=2,048 -> 0.023 ms
[534.686s] RadixSortWithArraysAndCustomBase(100) (random) size=4,096 -> 0.033 ms
[534.691s] RadixSortWithArraysAndCustomBase(100) (random) size=8,192 -> 0.058 ms
[534.696s] RadixSortWithArraysAndCustomBase(100) (random) size=16,384 -> 0.132 ms
[534.701s] RadixSortWithArraysAndCustomBase(100) (random) size=32,768 -> 0.233 ms
[534.706s] RadixSortWithArraysAndCustomBase(100) (random) size=65,536 -> 0.433 ms
[534.712s] RadixSortWithArraysAndCustomBase(100) (random) size=131,072 -> 0.855 ms
[534.718s] RadixSortWithArraysAndCustomBase(100) (random) size=262,144 -> 1.661 ms
[534.727s] RadixSortWithArraysAndCustomBase(100) (random) size=524,288 -> 3.325 ms
[534.742s] RadixSortWithArraysAndCustomBase(100) (random) size=1,048,576 -> 9.478 ms
[534.767s] RadixSortWithArraysAndCustomBase(100) (random) size=2,097,152 -> 19.370 ms
[534.812s] RadixSortWithArraysAndCustomBase(100) (random) size=4,194,304 -> 36.256 ms
[534.894s] RadixSortWithArraysAndCustomBase(100) (random) size=8,388,608 -> 71.554 ms
[535.055s] RadixSortWithArraysAndCustomBase(100) (random) size=16,777,216 -> 143.521 ms
[535.382s] RadixSortWithArraysAndCustomBase(100) (random) size=33,554,432 -> 297.387 ms
[536.131s] RadixSortWithArraysAndCustomBase(100) (random) size=67,108,864 -> 694.312 ms
[536.136s] RadixSortWithArraysAndCustomBase(100) (ascending) size=1,024 -> 0.013 ms
[536.141s] RadixSortWithArraysAndCustomBase(100) (ascending) size=2,048 -> 0.019 ms
[536.146s] RadixSortWithArraysAndCustomBase(100) (ascending) size=4,096 -> 0.030 ms
[536.150s] RadixSortWithArraysAndCustomBase(100) (ascending) size=8,192 -> 0.052 ms
[536.155s] RadixSortWithArraysAndCustomBase(100) (ascending) size=16,384 -> 0.130 ms
[536.160s] RadixSortWithArraysAndCustomBase(100) (ascending) size=32,768 -> 0.227 ms
[536.165s] RadixSortWithArraysAndCustomBase(100) (ascending) size=65,536 -> 0.435 ms
[536.171s] RadixSortWithArraysAndCustomBase(100) (ascending) size=131,072 -> 0.854 ms
[536.177s] RadixSortWithArraysAndCustomBase(100) (ascending) size=262,144 -> 1.684 ms
[536.186s] RadixSortWithArraysAndCustomBase(100) (ascending) size=524,288 -> 3.440 ms
[536.200s] RadixSortWithArraysAndCustomBase(100) (ascending) size=1,048,576 -> 9.273 ms
[536.223s] RadixSortWithArraysAndCustomBase(100) (ascending) size=2,097,152 -> 18.089 ms
[536.266s] RadixSortWithArraysAndCustomBase(100) (ascending) size=4,194,304 -> 36.433 ms
[536.347s] RadixSortWithArraysAndCustomBase(100) (ascending) size=8,388,608 -> 73.739 ms
[536.534s] RadixSortWithArraysAndCustomBase(100) (ascending) size=16,777,216 -> 178.269 ms
[536.984s] RadixSortWithArraysAndCustomBase(100) (ascending) size=33,554,432 -> 435.644 ms
[538.001s] RadixSortWithArraysAndCustomBase(100) (ascending) size=67,108,864 -> 995.426 ms
[538.006s] RadixSortWithArraysAndCustomBase(100) (descending) size=1,024 -> 0.014 ms
[538.011s] RadixSortWithArraysAndCustomBase(100) (descending) size=2,048 -> 0.019 ms
[538.015s] RadixSortWithArraysAndCustomBase(100) (descending) size=4,096 -> 0.029 ms
[538.020s] RadixSortWithArraysAndCustomBase(100) (descending) size=8,192 -> 0.051 ms
[538.025s] RadixSortWithArraysAndCustomBase(100) (descending) size=16,384 -> 0.120 ms
[538.030s] RadixSortWithArraysAndCustomBase(100) (descending) size=32,768 -> 0.223 ms
[538.035s] RadixSortWithArraysAndCustomBase(100) (descending) size=65,536 -> 0.476 ms
[538.041s] RadixSortWithArraysAndCustomBase(100) (descending) size=131,072 -> 0.843 ms
[538.047s] RadixSortWithArraysAndCustomBase(100) (descending) size=262,144 -> 1.634 ms
[538.055s] RadixSortWithArraysAndCustomBase(100) (descending) size=524,288 -> 3.390 ms
[538.070s] RadixSortWithArraysAndCustomBase(100) (descending) size=1,048,576 -> 9.477 ms
[538.093s] RadixSortWithArraysAndCustomBase(100) (descending) size=2,097,152 -> 17.752 ms
[538.135s] RadixSortWithArraysAndCustomBase(100) (descending) size=4,194,304 -> 36.049 ms
[538.213s] RadixSortWithArraysAndCustomBase(100) (descending) size=8,388,608 -> 71.393 ms
[538.400s] RadixSortWithArraysAndCustomBase(100) (descending) size=16,777,216 -> 176.954 ms
[538.844s] RadixSortWithArraysAndCustomBase(100) (descending) size=33,554,432 -> 431.346 ms
[539.855s] RadixSortWithArraysAndCustomBase(100) (descending) size=67,108,864 -> 988.932 ms
[539.860s] RadixSortWithCountingSortAndCustomBase(10) (random) size=1,024 -> 0.018 ms
[539.865s] RadixSortWithCountingSortAndCustomBase(10) (random) size=2,048 -> 0.023 ms
[539.870s] RadixSortWithCountingSortAndCustomBase(10) (random) size=4,096 -> 0.044 ms
[539.874s] RadixSortWithCountingSortAndCustomBase(10) (random) size=8,192 -> 0.075 ms
[539.879s] RadixSortWithCountingSortAndCustomBase(10) (random) size=16,384 -> 0.182 ms
[539.884s] RadixSortWithCountingSortAndCustomBase(10) (random) size=32,768 -> 0.313 ms
[539.890s] RadixSortWithCountingSortAndCustomBase(10) (random) size=65,536 -> 0.615 ms
[539.896s] RadixSortWithCountingSortAndCustomBase(10) (random) size=131,072 -> 1.596 ms
[539.904s] RadixSortWithCountingSortAndCustomBase(10) (random) size=262,144 -> 2.984 ms
[539.915s] RadixSortWithCountingSortAndCustomBase(10) (random) size=524,288 -> 5.988 ms
[539.934s] RadixSortWithCountingSortAndCustomBase(10) (random) size=1,048,576 -> 13.938 ms
[539.970s] RadixSortWithCountingSortAndCustomBase(10) (random) size=2,097,152 -> 29.219 ms
[540.033s] RadixSortWithCountingSortAndCustomBase(10) (random) size=4,194,304 -> 55.372 ms
[540.155s] RadixSortWithCountingSortAndCustomBase(10) (random) size=8,388,608 -> 110.377 ms
[540.435s] RadixSortWithCountingSortAndCustomBase(10) (random) size=16,777,216 -> 262.417 ms
[540.973s] RadixSortWithCountingSortAndCustomBase(10) (random) size=33,554,432 -> 509.053 ms
[542.037s] RadixSortWithCountingSortAndCustomBase(10) (random) size=67,108,864 -> 1009.520 ms
[542.042s] RadixSortWithCountingSortAndCustomBase(10) (ascending) size=1,024 -> 0.016 ms
[542.047s] RadixSortWithCountingSortAndCustomBase(10) (ascending) size=2,048 -> 0.026 ms
[542.052s] RadixSortWithCountingSortAndCustomBase(10) (ascending) size=4,096 -> 0.046 ms
[542.057s] RadixSortWithCountingSortAndCustomBase(10) (ascending) size=8,192 -> 0.076 ms
[542.061s] RadixSortWithCountingSortAndCustomBase(10) (ascending) size=16,384 -> 0.183 ms
[542.067s] RadixSortWithCountingSortAndCustomBase(10) (ascending) size=32,768 -> 0.323 ms
[542.072s] RadixSortWithCountingSortAndCustomBase(10) (ascending) size=65,536 -> 0.635 ms
[542.078s] RadixSortWithCountingSortAndCustomBase(10) (ascending) size=131,072 -> 1.508 ms
[542.086s] RadixSortWithCountingSortAndCustomBase(10) (ascending) size=262,144 -> 2.941 ms
[542.097s] RadixSortWithCountingSortAndCustomBase(10) (ascending) size=524,288 -> 5.949 ms
[542.115s] RadixSortWithCountingSortAndCustomBase(10) (ascending) size=1,048,576 -> 13.784 ms
[542.148s] RadixSortWithCountingSortAndCustomBase(10) (ascending) size=2,097,152 -> 27.553 ms
[542.209s] RadixSortWithCountingSortAndCustomBase(10) (ascending) size=4,194,304 -> 55.222 ms
[542.327s] RadixSortWithCountingSortAndCustomBase(10) (ascending) size=8,388,608 -> 110.534 ms
[542.588s] RadixSortWithCountingSortAndCustomBase(10) (ascending) size=16,777,216 -> 251.456 ms
[543.104s] RadixSortWithCountingSortAndCustomBase(10) (ascending) size=33,554,432 -> 503.074 ms
[544.136s] RadixSortWithCountingSortAndCustomBase(10) (ascending) size=67,108,864 -> 1009.347 ms
[544.141s] RadixSortWithCountingSortAndCustomBase(10) (descending) size=1,024 -> 0.017 ms
[544.146s] RadixSortWithCountingSortAndCustomBase(10) (descending) size=2,048 -> 0.024 ms
[544.150s] RadixSortWithCountingSortAndCustomBase(10) (descending) size=4,096 -> 0.044 ms
[544.155s] RadixSortWithCountingSortAndCustomBase(10) (descending) size=8,192 -> 0.074 ms
[544.160s] RadixSortWithCountingSortAndCustomBase(10) (descending) size=16,384 -> 0.165 ms
[544.165s] RadixSortWithCountingSortAndCustomBase(10) (descending) size=32,768 -> 0.316 ms
[544.170s] RadixSortWithCountingSortAndCustomBase(10) (descending) size=65,536 -> 0.621 ms
[544.177s] RadixSortWithCountingSortAndCustomBase(10) (descending) size=131,072 -> 1.503 ms
[544.184s] RadixSortWithCountingSortAndCustomBase(10) (descending) size=262,144 -> 2.887 ms
[544.195s] RadixSortWithCountingSortAndCustomBase(10) (descending) size=524,288 -> 5.833 ms
[544.214s] RadixSortWithCountingSortAndCustomBase(10) (descending) size=1,048,576 -> 13.704 ms
[544.246s] RadixSortWithCountingSortAndCustomBase(10) (descending) size=2,097,152 -> 27.363 ms
[544.308s] RadixSortWithCountingSortAndCustomBase(10) (descending) size=4,194,304 -> 55.381 ms
[544.424s] RadixSortWithCountingSortAndCustomBase(10) (descending) size=8,388,608 -> 108.991 ms
[544.682s] RadixSortWithCountingSortAndCustomBase(10) (descending) size=16,777,216 -> 248.848 ms
[545.195s] RadixSortWithCountingSortAndCustomBase(10) (descending) size=33,554,432 -> 499.491 ms
[546.216s] RadixSortWithCountingSortAndCustomBase(10) (descending) size=67,108,864 -> 999.065 ms
[546.221s] RadixSortWithCountingSortAndCustomBase(100) (random) size=1,024 -> 0.012 ms
[546.226s] RadixSortWithCountingSortAndCustomBase(100) (random) size=2,048 -> 0.015 ms
[546.231s] RadixSortWithCountingSortAndCustomBase(100) (random) size=4,096 -> 0.025 ms
[546.235s] RadixSortWithCountingSortAndCustomBase(100) (random) size=8,192 -> 0.046 ms
[546.240s] RadixSortWithCountingSortAndCustomBase(100) (random) size=16,384 -> 0.122 ms
[546.245s] RadixSortWithCountingSortAndCustomBase(100) (random) size=32,768 -> 0.198 ms
[546.250s] RadixSortWithCountingSortAndCustomBase(100) (random) size=65,536 -> 0.385 ms
[546.256s] RadixSortWithCountingSortAndCustomBase(100) (random) size=131,072 -> 0.751 ms
[546.262s] RadixSortWithCountingSortAndCustomBase(100) (random) size=262,144 -> 1.511 ms
[546.270s] RadixSortWithCountingSortAndCustomBase(100) (random) size=524,288 -> 2.950 ms
[546.284s] RadixSortWithCountingSortAndCustomBase(100) (random) size=1,048,576 -> 8.102 ms
[546.308s] RadixSortWithCountingSortAndCustomBase(100) (random) size=2,097,152 -> 17.358 ms
[546.347s] RadixSortWithCountingSortAndCustomBase(100) (random) size=4,194,304 -> 31.746 ms
[546.422s] RadixSortWithCountingSortAndCustomBase(100) (random) size=8,388,608 -> 63.707 ms
[546.566s] RadixSortWithCountingSortAndCustomBase(100) (random) size=16,777,216 -> 126.766 ms
[546.851s] RadixSortWithCountingSortAndCustomBase(100) (random) size=33,554,432 -> 255.712 ms
[547.414s] RadixSortWithCountingSortAndCustomBase(100) (random) size=67,108,864 -> 508.681 ms
[547.419s] RadixSortWithCountingSortAndCustomBase(100) (ascending) size=1,024 -> 0.011 ms
[547.424s] RadixSortWithCountingSortAndCustomBase(100) (ascending) size=2,048 -> 0.015 ms
[547.428s] RadixSortWithCountingSortAndCustomBase(100) (ascending) size=4,096 -> 0.027 ms
[547.433s] RadixSortWithCountingSortAndCustomBase(100) (ascending) size=8,192 -> 0.046 ms
[547.438s] RadixSortWithCountingSortAndCustomBase(100) (ascending) size=16,384 -> 0.109 ms
[547.443s] RadixSortWithCountingSortAndCustomBase(100) (ascending) size=32,768 -> 0.216 ms
[547.448s] RadixSortWithCountingSortAndCustomBase(100) (ascending) size=65,536 -> 0.396 ms
[547.453s] RadixSortWithCountingSortAndCustomBase(100) (ascending) size=131,072 -> 0.773 ms
[547.460s] RadixSortWithCountingSortAndCustomBase(100) (ascending) size=262,144 -> 1.521 ms
[547.468s] RadixSortWithCountingSortAndCustomBase(100) (ascending) size=524,288 -> 3.030 ms
[547.481s] RadixSortWithCountingSortAndCustomBase(100) (ascending) size=1,048,576 -> 8.016 ms
[547.502s] RadixSortWithCountingSortAndCustomBase(100) (ascending) size=2,097,152 -> 16.293 ms
[547.541s] RadixSortWithCountingSortAndCustomBase(100) (ascending) size=4,194,304 -> 32.771 ms
[547.613s] RadixSortWithCountingSortAndCustomBase(100) (ascending) size=8,388,608 -> 65.527 ms
[547.753s] RadixSortWithCountingSortAndCustomBase(100) (ascending) size=16,777,216 -> 130.660 ms
[548.032s] RadixSortWithCountingSortAndCustomBase(100) (ascending) size=33,554,432 -> 264.753 ms
[548.585s] RadixSortWithCountingSortAndCustomBase(100) (ascending) size=67,108,864 -> 531.017 ms
[548.590s] RadixSortWithCountingSortAndCustomBase(100) (descending) size=1,024 -> 0.009 ms
[548.595s] RadixSortWithCountingSortAndCustomBase(100) (descending) size=2,048 -> 0.016 ms
[548.600s] RadixSortWithCountingSortAndCustomBase(100) (descending) size=4,096 -> 0.025 ms
[548.604s] RadixSortWithCountingSortAndCustomBase(100) (descending) size=8,192 -> 0.044 ms
[548.609s] RadixSortWithCountingSortAndCustomBase(100) (descending) size=16,384 -> 0.105 ms
[548.614s] RadixSortWithCountingSortAndCustomBase(100) (descending) size=32,768 -> 0.203 ms
[548.619s] RadixSortWithCountingSortAndCustomBase(100) (descending) size=65,536 -> 0.394 ms
[548.624s] RadixSortWithCountingSortAndCustomBase(100) (descending) size=131,072 -> 0.755 ms
[548.630s] RadixSortWithCountingSortAndCustomBase(100) (descending) size=262,144 -> 1.478 ms
[548.638s] RadixSortWithCountingSortAndCustomBase(100) (descending) size=524,288 -> 2.950 ms
[548.651s] RadixSortWithCountingSortAndCustomBase(100) (descending) size=1,048,576 -> 7.871 ms
[548.673s] RadixSortWithCountingSortAndCustomBase(100) (descending) size=2,097,152 -> 16.674 ms
[548.712s] RadixSortWithCountingSortAndCustomBase(100) (descending) size=4,194,304 -> 32.320 ms
[548.783s] RadixSortWithCountingSortAndCustomBase(100) (descending) size=8,388,608 -> 64.064 ms
[548.920s] RadixSortWithCountingSortAndCustomBase(100) (descending) size=16,777,216 -> 128.334 ms
[549.195s] RadixSortWithCountingSortAndCustomBase(100) (descending) size=33,554,432 -> 260.800 ms
[549.742s] RadixSortWithCountingSortAndCustomBase(100) (descending) size=67,108,864 -> 525.291 ms
[549.747s] RecursiveMsdRadixSortWithArraysAndCustomBase(10) (random) size=1,024 -> 0.042 ms
[549.752s] RecursiveMsdRadixSortWithArraysAndCustomBase(10) (random) size=2,048 -> 0.063 ms
[549.756s] RecursiveMsdRadixSortWithArraysAndCustomBase(10) (random) size=4,096 -> 0.110 ms
[549.761s] RecursiveMsdRadixSortWithArraysAndCustomBase(10) (random) size=8,192 -> 0.207 ms
[549.766s] RecursiveMsdRadixSortWithArraysAndCustomBase(10) (random) size=16,384 -> 0.421 ms
[549.772s] RecursiveMsdRadixSortWithArraysAndCustomBase(10) (random) size=32,768 -> 0.818 ms
[549.778s] RecursiveMsdRadixSortWithArraysAndCustomBase(10) (random) size=65,536 -> 1.602 ms
[549.787s] RecursiveMsdRadixSortWithArraysAndCustomBase(10) (random) size=131,072 -> 3.739 ms
[549.799s] RecursiveMsdRadixSortWithArraysAndCustomBase(10) (random) size=262,144 -> 7.398 ms
[549.819s] RecursiveMsdRadixSortWithArraysAndCustomBase(10) (random) size=524,288 -> 14.603 ms
[549.856s] RecursiveMsdRadixSortWithArraysAndCustomBase(10) (random) size=1,048,576 -> 31.871 ms
[549.925s] RecursiveMsdRadixSortWithArraysAndCustomBase(10) (random) size=2,097,152 -> 62.169 ms
[550.056s] RecursiveMsdRadixSortWithArraysAndCustomBase(10) (random) size=4,194,304 -> 122.010 ms
[550.310s] RecursiveMsdRadixSortWithArraysAndCustomBase(10) (random) size=8,388,608 -> 243.251 ms
[550.886s] RecursiveMsdRadixSortWithArraysAndCustomBase(10) (random) size=16,777,216 -> 558.177 ms
[552.008s] RecursiveMsdRadixSortWithArraysAndCustomBase(10) (random) size=33,554,432 -> 1092.019 ms
[554.238s] RecursiveMsdRadixSortWithArraysAndCustomBase(10) (random) size=67,108,864 -> 2175.481 ms
[554.244s] RecursiveMsdRadixSortWithArraysAndCustomBase(10) (ascending) size=1,024 -> 0.022 ms
[554.249s] RecursiveMsdRadixSortWithArraysAndCustomBase(10) (ascending) size=2,048 -> 0.048 ms
[554.254s] RecursiveMsdRadixSortWithArraysAndCustomBase(10) (ascending) size=4,096 -> 0.078 ms
[554.258s] RecursiveMsdRadixSortWithArraysAndCustomBase(10) (ascending) size=8,192 -> 0.143 ms
[554.263s] RecursiveMsdRadixSortWithArraysAndCustomBase(10) (ascending) size=16,384 -> 0.314 ms
[554.269s] RecursiveMsdRadixSortWithArraysAndCustomBase(10) (ascending) size=32,768 -> 0.576 ms
[554.274s] RecursiveMsdRadixSortWithArraysAndCustomBase(10) (ascending) size=65,536 -> 1.117 ms
[554.282s] RecursiveMsdRadixSortWithArraysAndCustomBase(10) (ascending) size=131,072 -> 2.878 ms
[554.293s] RecursiveMsdRadixSortWithArraysAndCustomBase(10) (ascending) size=262,144 -> 6.012 ms
[554.310s] RecursiveMsdRadixSortWithArraysAndCustomBase(10) (ascending) size=524,288 -> 12.137 ms
[554.339s] RecursiveMsdRadixSortWithArraysAndCustomBase(10) (ascending) size=1,048,576 -> 23.853 ms
[554.392s] RecursiveMsdRadixSortWithArraysAndCustomBase(10) (ascending) size=2,097,152 -> 46.916 ms
[554.492s] RecursiveMsdRadixSortWithArraysAndCustomBase(10) (ascending) size=4,194,304 -> 94.875 ms
[554.685s] RecursiveMsdRadixSortWithArraysAndCustomBase(10) (ascending) size=8,388,608 -> 185.758 ms
[555.139s] RecursiveMsdRadixSortWithArraysAndCustomBase(10) (ascending) size=16,777,216 -> 443.930 ms
[556.032s] RecursiveMsdRadixSortWithArraysAndCustomBase(10) (ascending) size=33,554,432 -> 879.215 ms
[557.820s] RecursiveMsdRadixSortWithArraysAndCustomBase(10) (ascending) size=67,108,864 -> 1765.793 ms
[557.826s] RecursiveMsdRadixSortWithArraysAndCustomBase(10) (descending) size=1,024 -> 0.021 ms
[557.831s] RecursiveMsdRadixSortWithArraysAndCustomBase(10) (descending) size=2,048 -> 0.050 ms
[557.835s] RecursiveMsdRadixSortWithArraysAndCustomBase(10) (descending) size=4,096 -> 0.079 ms
[557.840s] RecursiveMsdRadixSortWithArraysAndCustomBase(10) (descending) size=8,192 -> 0.146 ms
[557.845s] RecursiveMsdRadixSortWithArraysAndCustomBase(10) (descending) size=16,384 -> 0.295 ms
[557.851s] RecursiveMsdRadixSortWithArraysAndCustomBase(10) (descending) size=32,768 -> 0.572 ms
[557.856s] RecursiveMsdRadixSortWithArraysAndCustomBase(10) (descending) size=65,536 -> 1.144 ms
[557.864s] RecursiveMsdRadixSortWithArraysAndCustomBase(10) (descending) size=131,072 -> 2.876 ms
[557.875s] RecursiveMsdRadixSortWithArraysAndCustomBase(10) (descending) size=262,144 -> 6.089 ms
[557.892s] RecursiveMsdRadixSortWithArraysAndCustomBase(10) (descending) size=524,288 -> 12.210 ms
[557.922s] RecursiveMsdRadixSortWithArraysAndCustomBase(10) (descending) size=1,048,576 -> 24.530 ms
[557.979s] RecursiveMsdRadixSortWithArraysAndCustomBase(10) (descending) size=2,097,152 -> 51.406 ms
[558.083s] RecursiveMsdRadixSortWithArraysAndCustomBase(10) (descending) size=4,194,304 -> 97.845 ms
[558.284s] RecursiveMsdRadixSortWithArraysAndCustomBase(10) (descending) size=8,388,608 -> 194.541 ms
[558.765s] RecursiveMsdRadixSortWithArraysAndCustomBase(10) (descending) size=16,777,216 -> 471.477 ms
[559.707s] RecursiveMsdRadixSortWithArraysAndCustomBase(10) (descending) size=33,554,432 -> 928.503 ms
[561.588s] RecursiveMsdRadixSortWithArraysAndCustomBase(10) (descending) size=67,108,864 -> 1857.804 ms
[561.593s] RecursiveMsdRadixSortWithArraysAndCustomBase(1000) (random) size=1,024 -> 0.033 ms
[561.598s] RecursiveMsdRadixSortWithArraysAndCustomBase(1000) (random) size=2,048 -> 0.050 ms
[561.603s] RecursiveMsdRadixSortWithArraysAndCustomBase(1000) (random) size=4,096 -> 0.079 ms
[561.608s] RecursiveMsdRadixSortWithArraysAndCustomBase(1000) (random) size=8,192 -> 0.134 ms
[561.613s] RecursiveMsdRadixSortWithArraysAndCustomBase(1000) (random) size=16,384 -> 0.244 ms
[561.618s] RecursiveMsdRadixSortWithArraysAndCustomBase(1000) (random) size=32,768 -> 0.469 ms
[561.623s] RecursiveMsdRadixSortWithArraysAndCustomBase(1000) (random) size=65,536 -> 0.918 ms
[561.630s] RecursiveMsdRadixSortWithArraysAndCustomBase(1000) (random) size=131,072 -> 1.824 ms
[561.639s] RecursiveMsdRadixSortWithArraysAndCustomBase(1000) (random) size=262,144 -> 3.635 ms
[561.651s] RecursiveMsdRadixSortWithArraysAndCustomBase(1000) (random) size=524,288 -> 7.273 ms
[561.675s] RecursiveMsdRadixSortWithArraysAndCustomBase(1000) (random) size=1,048,576 -> 18.060 ms
[561.716s] RecursiveMsdRadixSortWithArraysAndCustomBase(1000) (random) size=2,097,152 -> 35.079 ms
[561.791s] RecursiveMsdRadixSortWithArraysAndCustomBase(1000) (random) size=4,194,304 -> 67.288 ms
[561.938s] RecursiveMsdRadixSortWithArraysAndCustomBase(1000) (random) size=8,388,608 -> 135.480 ms
[562.224s] RecursiveMsdRadixSortWithArraysAndCustomBase(1000) (random) size=16,777,216 -> 269.137 ms
[562.794s] RecursiveMsdRadixSortWithArraysAndCustomBase(1000) (random) size=33,554,432 -> 539.804 ms
[563.955s] RecursiveMsdRadixSortWithArraysAndCustomBase(1000) (random) size=67,108,864 -> 1106.751 ms
[563.960s] RecursiveMsdRadixSortWithArraysAndCustomBase(1000) (ascending) size=1,024 -> 0.021 ms
[563.965s] RecursiveMsdRadixSortWithArraysAndCustomBase(1000) (ascending) size=2,048 -> 0.036 ms
[563.970s] RecursiveMsdRadixSortWithArraysAndCustomBase(1000) (ascending) size=4,096 -> 0.051 ms
[563.975s] RecursiveMsdRadixSortWithArraysAndCustomBase(1000) (ascending) size=8,192 -> 0.092 ms
[563.980s] RecursiveMsdRadixSortWithArraysAndCustomBase(1000) (ascending) size=16,384 -> 0.164 ms
[563.985s] RecursiveMsdRadixSortWithArraysAndCustomBase(1000) (ascending) size=32,768 -> 0.312 ms
[563.990s] RecursiveMsdRadixSortWithArraysAndCustomBase(1000) (ascending) size=65,536 -> 0.609 ms
[563.996s] RecursiveMsdRadixSortWithArraysAndCustomBase(1000) (ascending) size=131,072 -> 1.205 ms
[564.003s] RecursiveMsdRadixSortWithArraysAndCustomBase(1000) (ascending) size=262,144 -> 2.209 ms
[564.012s] RecursiveMsdRadixSortWithArraysAndCustomBase(1000) (ascending) size=524,288 -> 4.732 ms
[564.028s] RecursiveMsdRadixSortWithArraysAndCustomBase(1000) (ascending) size=1,048,576 -> 10.329 ms
[564.054s] RecursiveMsdRadixSortWithArraysAndCustomBase(1000) (ascending) size=2,097,152 -> 20.342 ms
[564.100s] RecursiveMsdRadixSortWithArraysAndCustomBase(1000) (ascending) size=4,194,304 -> 40.859 ms
[564.189s] RecursiveMsdRadixSortWithArraysAndCustomBase(1000) (ascending) size=8,388,608 -> 81.839 ms
[564.361s] RecursiveMsdRadixSortWithArraysAndCustomBase(1000) (ascending) size=16,777,216 -> 162.431 ms
[564.701s] RecursiveMsdRadixSortWithArraysAndCustomBase(1000) (ascending) size=33,554,432 -> 326.081 ms
[565.379s] RecursiveMsdRadixSortWithArraysAndCustomBase(1000) (ascending) size=67,108,864 -> 655.988 ms
[565.385s] RecursiveMsdRadixSortWithArraysAndCustomBase(1000) (descending) size=1,024 -> 0.024 ms
[565.389s] RecursiveMsdRadixSortWithArraysAndCustomBase(1000) (descending) size=2,048 -> 0.038 ms
[565.394s] RecursiveMsdRadixSortWithArraysAndCustomBase(1000) (descending) size=4,096 -> 0.056 ms
[565.399s] RecursiveMsdRadixSortWithArraysAndCustomBase(1000) (descending) size=8,192 -> 0.087 ms
[565.404s] RecursiveMsdRadixSortWithArraysAndCustomBase(1000) (descending) size=16,384 -> 0.155 ms
[565.409s] RecursiveMsdRadixSortWithArraysAndCustomBase(1000) (descending) size=32,768 -> 0.296 ms
[565.415s] RecursiveMsdRadixSortWithArraysAndCustomBase(1000) (descending) size=65,536 -> 0.597 ms
[565.421s] RecursiveMsdRadixSortWithArraysAndCustomBase(1000) (descending) size=131,072 -> 1.239 ms
[565.428s] RecursiveMsdRadixSortWithArraysAndCustomBase(1000) (descending) size=262,144 -> 2.308 ms
[565.438s] RecursiveMsdRadixSortWithArraysAndCustomBase(1000) (descending) size=524,288 -> 4.846 ms
[565.453s] RecursiveMsdRadixSortWithArraysAndCustomBase(1000) (descending) size=1,048,576 -> 10.015 ms
[565.479s] RecursiveMsdRadixSortWithArraysAndCustomBase(1000) (descending) size=2,097,152 -> 20.567 ms
[565.526s] RecursiveMsdRadixSortWithArraysAndCustomBase(1000) (descending) size=4,194,304 -> 40.636 ms
[565.615s] RecursiveMsdRadixSortWithArraysAndCustomBase(1000) (descending) size=8,388,608 -> 81.252 ms
[565.784s] RecursiveMsdRadixSortWithArraysAndCustomBase(1000) (descending) size=16,777,216 -> 159.399 ms
[566.123s] RecursiveMsdRadixSortWithArraysAndCustomBase(1000) (descending) size=33,554,432 -> 325.471 ms
[566.777s] RecursiveMsdRadixSortWithArraysAndCustomBase(1000) (descending) size=67,108,864 -> 631.860 ms
--- iteration 8 of 10 ---
[566.783s] RadixSortWithDynamicListsAndCustomBase(10) (random) size=1,024 -> 0.035 ms
[566.788s] RadixSortWithDynamicListsAndCustomBase(10) (random) size=2,048 -> 0.050 ms
[566.792s] RadixSortWithDynamicListsAndCustomBase(10) (random) size=4,096 -> 0.081 ms
[566.797s] RadixSortWithDynamicListsAndCustomBase(10) (random) size=8,192 -> 0.135 ms
[566.802s] RadixSortWithDynamicListsAndCustomBase(10) (random) size=16,384 -> 0.308 ms
[566.808s] RadixSortWithDynamicListsAndCustomBase(10) (random) size=32,768 -> 0.588 ms
[566.814s] RadixSortWithDynamicListsAndCustomBase(10) (random) size=65,536 -> 1.203 ms
[566.822s] RadixSortWithDynamicListsAndCustomBase(10) (random) size=131,072 -> 2.813 ms
[566.832s] RadixSortWithDynamicListsAndCustomBase(10) (random) size=262,144 -> 5.692 ms
[566.849s] RadixSortWithDynamicListsAndCustomBase(10) (random) size=524,288 -> 11.817 ms
[566.888s] RadixSortWithDynamicListsAndCustomBase(10) (random) size=1,048,576 -> 33.223 ms
[566.981s] RadixSortWithDynamicListsAndCustomBase(10) (random) size=2,097,152 -> 86.682 ms
[567.156s] RadixSortWithDynamicListsAndCustomBase(10) (random) size=4,194,304 -> 166.837 ms
[567.472s] RadixSortWithDynamicListsAndCustomBase(10) (random) size=8,388,608 -> 304.604 ms
[568.138s] RadixSortWithDynamicListsAndCustomBase(10) (random) size=16,777,216 -> 648.639 ms
[569.484s] RadixSortWithDynamicListsAndCustomBase(10) (random) size=33,554,432 -> 1316.881 ms
[574.295s] RadixSortWithDynamicListsAndCustomBase(10) (random) size=67,108,864 -> 4755.322 ms
[574.301s] RadixSortWithDynamicListsAndCustomBase(10) (ascending) size=1,024 -> 0.028 ms
[574.306s] RadixSortWithDynamicListsAndCustomBase(10) (ascending) size=2,048 -> 0.043 ms
[574.310s] RadixSortWithDynamicListsAndCustomBase(10) (ascending) size=4,096 -> 0.076 ms
[574.315s] RadixSortWithDynamicListsAndCustomBase(10) (ascending) size=8,192 -> 0.132 ms
[574.320s] RadixSortWithDynamicListsAndCustomBase(10) (ascending) size=16,384 -> 0.302 ms
[574.325s] RadixSortWithDynamicListsAndCustomBase(10) (ascending) size=32,768 -> 0.600 ms
[574.331s] RadixSortWithDynamicListsAndCustomBase(10) (ascending) size=65,536 -> 1.239 ms
[574.339s] RadixSortWithDynamicListsAndCustomBase(10) (ascending) size=131,072 -> 2.823 ms
[574.350s] RadixSortWithDynamicListsAndCustomBase(10) (ascending) size=262,144 -> 5.703 ms
[574.366s] RadixSortWithDynamicListsAndCustomBase(10) (ascending) size=524,288 -> 11.709 ms
[574.400s] RadixSortWithDynamicListsAndCustomBase(10) (ascending) size=1,048,576 -> 28.299 ms
[574.467s] RadixSortWithDynamicListsAndCustomBase(10) (ascending) size=2,097,152 -> 61.587 ms
[574.603s] RadixSortWithDynamicListsAndCustomBase(10) (ascending) size=4,194,304 -> 130.483 ms
[574.896s] RadixSortWithDynamicListsAndCustomBase(10) (ascending) size=8,388,608 -> 286.088 ms
[575.897s] RadixSortWithDynamicListsAndCustomBase(10) (ascending) size=16,777,216 -> 990.588 ms
[578.462s] RadixSortWithDynamicListsAndCustomBase(10) (ascending) size=33,554,432 -> 2550.708 ms
[584.135s] RadixSortWithDynamicListsAndCustomBase(10) (ascending) size=67,108,864 -> 5649.801 ms
[584.140s] RadixSortWithDynamicListsAndCustomBase(10) (descending) size=1,024 -> 0.025 ms
[584.145s] RadixSortWithDynamicListsAndCustomBase(10) (descending) size=2,048 -> 0.038 ms
[584.149s] RadixSortWithDynamicListsAndCustomBase(10) (descending) size=4,096 -> 0.075 ms
[584.154s] RadixSortWithDynamicListsAndCustomBase(10) (descending) size=8,192 -> 0.123 ms
[584.159s] RadixSortWithDynamicListsAndCustomBase(10) (descending) size=16,384 -> 0.306 ms
[584.164s] RadixSortWithDynamicListsAndCustomBase(10) (descending) size=32,768 -> 0.608 ms
[584.170s] RadixSortWithDynamicListsAndCustomBase(10) (descending) size=65,536 -> 1.228 ms
[584.178s] RadixSortWithDynamicListsAndCustomBase(10) (descending) size=131,072 -> 2.839 ms
[584.188s] RadixSortWithDynamicListsAndCustomBase(10) (descending) size=262,144 -> 5.643 ms
[584.205s] RadixSortWithDynamicListsAndCustomBase(10) (descending) size=524,288 -> 11.714 ms
[584.238s] RadixSortWithDynamicListsAndCustomBase(10) (descending) size=1,048,576 -> 27.887 ms
[584.306s] RadixSortWithDynamicListsAndCustomBase(10) (descending) size=2,097,152 -> 62.314 ms
[584.442s] RadixSortWithDynamicListsAndCustomBase(10) (descending) size=4,194,304 -> 129.506 ms
[584.841s] RadixSortWithDynamicListsAndCustomBase(10) (descending) size=8,388,608 -> 392.654 ms
[585.955s] RadixSortWithDynamicListsAndCustomBase(10) (descending) size=16,777,216 -> 1104.170 ms
[588.535s] RadixSortWithDynamicListsAndCustomBase(10) (descending) size=33,554,432 -> 2566.474 ms
[594.227s] RadixSortWithDynamicListsAndCustomBase(10) (descending) size=67,108,864 -> 5668.545 ms
[594.233s] RadixSortWithDynamicListsAndCustomBase(100) (random) size=1,024 -> 0.022 ms
[594.237s] RadixSortWithDynamicListsAndCustomBase(100) (random) size=2,048 -> 0.034 ms
[594.242s] RadixSortWithDynamicListsAndCustomBase(100) (random) size=4,096 -> 0.055 ms
[594.247s] RadixSortWithDynamicListsAndCustomBase(100) (random) size=8,192 -> 0.092 ms
[594.251s] RadixSortWithDynamicListsAndCustomBase(100) (random) size=16,384 -> 0.210 ms
[594.256s] RadixSortWithDynamicListsAndCustomBase(100) (random) size=32,768 -> 0.425 ms
[594.262s] RadixSortWithDynamicListsAndCustomBase(100) (random) size=65,536 -> 0.770 ms
[594.268s] RadixSortWithDynamicListsAndCustomBase(100) (random) size=131,072 -> 1.535 ms
[594.277s] RadixSortWithDynamicListsAndCustomBase(100) (random) size=262,144 -> 3.149 ms
[594.290s] RadixSortWithDynamicListsAndCustomBase(100) (random) size=524,288 -> 8.236 ms
[594.316s] RadixSortWithDynamicListsAndCustomBase(100) (random) size=1,048,576 -> 20.051 ms
[594.369s] RadixSortWithDynamicListsAndCustomBase(100) (random) size=2,097,152 -> 46.666 ms
[594.488s] RadixSortWithDynamicListsAndCustomBase(100) (random) size=4,194,304 -> 110.524 ms
[594.731s] RadixSortWithDynamicListsAndCustomBase(100) (random) size=8,388,608 -> 231.960 ms
[595.191s] RadixSortWithDynamicListsAndCustomBase(100) (random) size=16,777,216 -> 442.780 ms
[596.167s] RadixSortWithDynamicListsAndCustomBase(100) (random) size=33,554,432 -> 945.523 ms
[598.112s] RadixSortWithDynamicListsAndCustomBase(100) (random) size=67,108,864 -> 1890.595 ms
[598.118s] RadixSortWithDynamicListsAndCustomBase(100) (ascending) size=1,024 -> 0.019 ms
[598.123s] RadixSortWithDynamicListsAndCustomBase(100) (ascending) size=2,048 -> 0.028 ms
[598.127s] RadixSortWithDynamicListsAndCustomBase(100) (ascending) size=4,096 -> 0.039 ms
[598.132s] RadixSortWithDynamicListsAndCustomBase(100) (ascending) size=8,192 -> 0.069 ms
[598.136s] RadixSortWithDynamicListsAndCustomBase(100) (ascending) size=16,384 -> 0.184 ms
[598.141s] RadixSortWithDynamicListsAndCustomBase(100) (ascending) size=32,768 -> 0.351 ms
[598.147s] RadixSortWithDynamicListsAndCustomBase(100) (ascending) size=65,536 -> 0.706 ms
[598.153s] RadixSortWithDynamicListsAndCustomBase(100) (ascending) size=131,072 -> 1.470 ms
[598.160s] RadixSortWithDynamicListsAndCustomBase(100) (ascending) size=262,144 -> 2.954 ms
[598.172s] RadixSortWithDynamicListsAndCustomBase(100) (ascending) size=524,288 -> 6.282 ms
[598.193s] RadixSortWithDynamicListsAndCustomBase(100) (ascending) size=1,048,576 -> 16.311 ms
[598.232s] RadixSortWithDynamicListsAndCustomBase(100) (ascending) size=2,097,152 -> 33.578 ms
[598.311s] RadixSortWithDynamicListsAndCustomBase(100) (ascending) size=4,194,304 -> 73.033 ms
[598.487s] RadixSortWithDynamicListsAndCustomBase(100) (ascending) size=8,388,608 -> 169.313 ms
[598.940s] RadixSortWithDynamicListsAndCustomBase(100) (ascending) size=16,777,216 -> 442.975 ms
[599.932s] RadixSortWithDynamicListsAndCustomBase(100) (ascending) size=33,554,432 -> 979.246 ms
[602.280s] RadixSortWithDynamicListsAndCustomBase(100) (ascending) size=67,108,864 -> 2325.796 ms
[602.285s] RadixSortWithDynamicListsAndCustomBase(100) (descending) size=1,024 -> 0.020 ms
[602.290s] RadixSortWithDynamicListsAndCustomBase(100) (descending) size=2,048 -> 0.029 ms
[602.295s] RadixSortWithDynamicListsAndCustomBase(100) (descending) size=4,096 -> 0.048 ms
[602.299s] RadixSortWithDynamicListsAndCustomBase(100) (descending) size=8,192 -> 0.076 ms
[602.304s] RadixSortWithDynamicListsAndCustomBase(100) (descending) size=16,384 -> 0.193 ms
[602.309s] RadixSortWithDynamicListsAndCustomBase(100) (descending) size=32,768 -> 0.352 ms
[602.314s] RadixSortWithDynamicListsAndCustomBase(100) (descending) size=65,536 -> 0.699 ms
[602.320s] RadixSortWithDynamicListsAndCustomBase(100) (descending) size=131,072 -> 1.407 ms
[602.328s] RadixSortWithDynamicListsAndCustomBase(100) (descending) size=262,144 -> 2.982 ms
[602.339s] RadixSortWithDynamicListsAndCustomBase(100) (descending) size=524,288 -> 6.506 ms
[602.362s] RadixSortWithDynamicListsAndCustomBase(100) (descending) size=1,048,576 -> 17.085 ms
[602.402s] RadixSortWithDynamicListsAndCustomBase(100) (descending) size=2,097,152 -> 34.478 ms
[602.481s] RadixSortWithDynamicListsAndCustomBase(100) (descending) size=4,194,304 -> 73.373 ms
[602.658s] RadixSortWithDynamicListsAndCustomBase(100) (descending) size=8,388,608 -> 169.354 ms
[603.111s] RadixSortWithDynamicListsAndCustomBase(100) (descending) size=16,777,216 -> 444.236 ms
[604.151s] RadixSortWithDynamicListsAndCustomBase(100) (descending) size=33,554,432 -> 1025.990 ms
[606.552s] RadixSortWithDynamicListsAndCustomBase(100) (descending) size=67,108,864 -> 2378.405 ms
[606.557s] RadixSortWithArraysAndCustomBase(10) (random) size=1,024 -> 0.017 ms
[606.562s] RadixSortWithArraysAndCustomBase(10) (random) size=2,048 -> 0.034 ms
[606.566s] RadixSortWithArraysAndCustomBase(10) (random) size=4,096 -> 0.046 ms
[606.571s] RadixSortWithArraysAndCustomBase(10) (random) size=8,192 -> 0.081 ms
[606.576s] RadixSortWithArraysAndCustomBase(10) (random) size=16,384 -> 0.207 ms
[606.581s] RadixSortWithArraysAndCustomBase(10) (random) size=32,768 -> 0.359 ms
[606.586s] RadixSortWithArraysAndCustomBase(10) (random) size=65,536 -> 0.712 ms
[606.593s] RadixSortWithArraysAndCustomBase(10) (random) size=131,072 -> 1.815 ms
[606.601s] RadixSortWithArraysAndCustomBase(10) (random) size=262,144 -> 3.418 ms
[606.613s] RadixSortWithArraysAndCustomBase(10) (random) size=524,288 -> 6.909 ms
[606.635s] RadixSortWithArraysAndCustomBase(10) (random) size=1,048,576 -> 16.061 ms
[606.674s] RadixSortWithArraysAndCustomBase(10) (random) size=2,097,152 -> 33.052 ms
[606.746s] RadixSortWithArraysAndCustomBase(10) (random) size=4,194,304 -> 63.790 ms
[606.885s] RadixSortWithArraysAndCustomBase(10) (random) size=8,388,608 -> 127.256 ms
[607.212s] RadixSortWithArraysAndCustomBase(10) (random) size=16,777,216 -> 309.443 ms
[607.844s] RadixSortWithArraysAndCustomBase(10) (random) size=33,554,432 -> 602.784 ms
[609.102s] RadixSortWithArraysAndCustomBase(10) (random) size=67,108,864 -> 1203.954 ms
[609.108s] RadixSortWithArraysAndCustomBase(10) (ascending) size=1,024 -> 0.020 ms
[609.112s] RadixSortWithArraysAndCustomBase(10) (ascending) size=2,048 -> 0.025 ms
[609.117s] RadixSortWithArraysAndCustomBase(10) (ascending) size=4,096 -> 0.052 ms
[609.122s] RadixSortWithArraysAndCustomBase(10) (ascending) size=8,192 -> 0.086 ms
[609.127s] RadixSortWithArraysAndCustomBase(10) (ascending) size=16,384 -> 0.181 ms
[609.132s] RadixSortWithArraysAndCustomBase(10) (ascending) size=32,768 -> 0.354 ms
[609.137s] RadixSortWithArraysAndCustomBase(10) (ascending) size=65,536 -> 0.690 ms
[609.144s] RadixSortWithArraysAndCustomBase(10) (ascending) size=131,072 -> 1.703 ms
[609.152s] RadixSortWithArraysAndCustomBase(10) (ascending) size=262,144 -> 3.352 ms
[609.164s] RadixSortWithArraysAndCustomBase(10) (ascending) size=524,288 -> 6.709 ms
[609.184s] RadixSortWithArraysAndCustomBase(10) (ascending) size=1,048,576 -> 15.631 ms
[609.221s] RadixSortWithArraysAndCustomBase(10) (ascending) size=2,097,152 -> 30.931 ms
[609.291s] RadixSortWithArraysAndCustomBase(10) (ascending) size=4,194,304 -> 63.751 ms
[609.422s] RadixSortWithArraysAndCustomBase(10) (ascending) size=8,388,608 -> 124.583 ms
[609.729s] RadixSortWithArraysAndCustomBase(10) (ascending) size=16,777,216 -> 297.600 ms
[610.337s] RadixSortWithArraysAndCustomBase(10) (ascending) size=33,554,432 -> 593.962 ms
[611.560s] RadixSortWithArraysAndCustomBase(10) (ascending) size=67,108,864 -> 1200.625 ms
[611.565s] RadixSortWithArraysAndCustomBase(10) (descending) size=1,024 -> 0.019 ms
[611.570s] RadixSortWithArraysAndCustomBase(10) (descending) size=2,048 -> 0.030 ms
[611.574s] RadixSortWithArraysAndCustomBase(10) (descending) size=4,096 -> 0.052 ms
[611.579s] RadixSortWithArraysAndCustomBase(10) (descending) size=8,192 -> 0.085 ms
[611.584s] RadixSortWithArraysAndCustomBase(10) (descending) size=16,384 -> 0.182 ms
[611.589s] RadixSortWithArraysAndCustomBase(10) (descending) size=32,768 -> 0.345 ms
[611.595s] RadixSortWithArraysAndCustomBase(10) (descending) size=65,536 -> 0.713 ms
[611.601s] RadixSortWithArraysAndCustomBase(10) (descending) size=131,072 -> 1.674 ms
[611.609s] RadixSortWithArraysAndCustomBase(10) (descending) size=262,144 -> 3.192 ms
[611.621s] RadixSortWithArraysAndCustomBase(10) (descending) size=524,288 -> 6.563 ms
[611.641s] RadixSortWithArraysAndCustomBase(10) (descending) size=1,048,576 -> 15.496 ms
[611.678s] RadixSortWithArraysAndCustomBase(10) (descending) size=2,097,152 -> 30.960 ms
[611.745s] RadixSortWithArraysAndCustomBase(10) (descending) size=4,194,304 -> 61.282 ms
[611.875s] RadixSortWithArraysAndCustomBase(10) (descending) size=8,388,608 -> 123.004 ms
[612.180s] RadixSortWithArraysAndCustomBase(10) (descending) size=16,777,216 -> 295.179 ms
[612.783s] RadixSortWithArraysAndCustomBase(10) (descending) size=33,554,432 -> 589.310 ms
[613.996s] RadixSortWithArraysAndCustomBase(10) (descending) size=67,108,864 -> 1191.138 ms
[614.001s] RadixSortWithArraysAndCustomBase(100) (random) size=1,024 -> 0.016 ms
[614.006s] RadixSortWithArraysAndCustomBase(100) (random) size=2,048 -> 0.023 ms
[614.011s] RadixSortWithArraysAndCustomBase(100) (random) size=4,096 -> 0.033 ms
[614.016s] RadixSortWithArraysAndCustomBase(100) (random) size=8,192 -> 0.058 ms
[614.020s] RadixSortWithArraysAndCustomBase(100) (random) size=16,384 -> 0.141 ms
[614.025s] RadixSortWithArraysAndCustomBase(100) (random) size=32,768 -> 0.236 ms
[614.031s] RadixSortWithArraysAndCustomBase(100) (random) size=65,536 -> 0.442 ms
[614.036s] RadixSortWithArraysAndCustomBase(100) (random) size=131,072 -> 0.854 ms
[614.043s] RadixSortWithArraysAndCustomBase(100) (random) size=262,144 -> 1.676 ms
[614.051s] RadixSortWithArraysAndCustomBase(100) (random) size=524,288 -> 3.316 ms
[614.067s] RadixSortWithArraysAndCustomBase(100) (random) size=1,048,576 -> 9.933 ms
[614.093s] RadixSortWithArraysAndCustomBase(100) (random) size=2,097,152 -> 19.462 ms
[614.137s] RadixSortWithArraysAndCustomBase(100) (random) size=4,194,304 -> 36.189 ms
[614.220s] RadixSortWithArraysAndCustomBase(100) (random) size=8,388,608 -> 72.180 ms
[614.381s] RadixSortWithArraysAndCustomBase(100) (random) size=16,777,216 -> 143.720 ms
[614.708s] RadixSortWithArraysAndCustomBase(100) (random) size=33,554,432 -> 297.122 ms
[615.462s] RadixSortWithArraysAndCustomBase(100) (random) size=67,108,864 -> 699.322 ms
[615.467s] RadixSortWithArraysAndCustomBase(100) (ascending) size=1,024 -> 0.014 ms
[615.472s] RadixSortWithArraysAndCustomBase(100) (ascending) size=2,048 -> 0.020 ms
[615.476s] RadixSortWithArraysAndCustomBase(100) (ascending) size=4,096 -> 0.031 ms
[615.481s] RadixSortWithArraysAndCustomBase(100) (ascending) size=8,192 -> 0.044 ms
[615.486s] RadixSortWithArraysAndCustomBase(100) (ascending) size=16,384 -> 0.118 ms
[615.491s] RadixSortWithArraysAndCustomBase(100) (ascending) size=32,768 -> 0.225 ms
[615.496s] RadixSortWithArraysAndCustomBase(100) (ascending) size=65,536 -> 0.432 ms
[615.501s] RadixSortWithArraysAndCustomBase(100) (ascending) size=131,072 -> 0.854 ms
[615.508s] RadixSortWithArraysAndCustomBase(100) (ascending) size=262,144 -> 1.678 ms
[615.516s] RadixSortWithArraysAndCustomBase(100) (ascending) size=524,288 -> 3.449 ms
[615.531s] RadixSortWithArraysAndCustomBase(100) (ascending) size=1,048,576 -> 9.391 ms
[615.554s] RadixSortWithArraysAndCustomBase(100) (ascending) size=2,097,152 -> 18.168 ms
[615.597s] RadixSortWithArraysAndCustomBase(100) (ascending) size=4,194,304 -> 36.629 ms
[615.676s] RadixSortWithArraysAndCustomBase(100) (ascending) size=8,388,608 -> 72.360 ms
[615.864s] RadixSortWithArraysAndCustomBase(100) (ascending) size=16,777,216 -> 178.961 ms
[616.314s] RadixSortWithArraysAndCustomBase(100) (ascending) size=33,554,432 -> 436.238 ms
[617.336s] RadixSortWithArraysAndCustomBase(100) (ascending) size=67,108,864 -> 1000.150 ms
[617.342s] RadixSortWithArraysAndCustomBase(100) (descending) size=1,024 -> 0.013 ms
[617.346s] RadixSortWithArraysAndCustomBase(100) (descending) size=2,048 -> 0.021 ms
[617.351s] RadixSortWithArraysAndCustomBase(100) (descending) size=4,096 -> 0.030 ms
[617.356s] RadixSortWithArraysAndCustomBase(100) (descending) size=8,192 -> 0.054 ms
[617.361s] RadixSortWithArraysAndCustomBase(100) (descending) size=16,384 -> 0.123 ms
[617.365s] RadixSortWithArraysAndCustomBase(100) (descending) size=32,768 -> 0.229 ms
[617.371s] RadixSortWithArraysAndCustomBase(100) (descending) size=65,536 -> 0.434 ms
[617.376s] RadixSortWithArraysAndCustomBase(100) (descending) size=131,072 -> 0.857 ms
[617.383s] RadixSortWithArraysAndCustomBase(100) (descending) size=262,144 -> 1.673 ms
[617.391s] RadixSortWithArraysAndCustomBase(100) (descending) size=524,288 -> 3.339 ms
[617.405s] RadixSortWithArraysAndCustomBase(100) (descending) size=1,048,576 -> 9.279 ms
[617.428s] RadixSortWithArraysAndCustomBase(100) (descending) size=2,097,152 -> 17.741 ms
[617.470s] RadixSortWithArraysAndCustomBase(100) (descending) size=4,194,304 -> 36.107 ms
[617.548s] RadixSortWithArraysAndCustomBase(100) (descending) size=8,388,608 -> 71.241 ms
[617.733s] RadixSortWithArraysAndCustomBase(100) (descending) size=16,777,216 -> 175.256 ms
[618.181s] RadixSortWithArraysAndCustomBase(100) (descending) size=33,554,432 -> 434.290 ms
[619.192s] RadixSortWithArraysAndCustomBase(100) (descending) size=67,108,864 -> 989.615 ms
[619.198s] RadixSortWithCountingSortAndCustomBase(10) (random) size=1,024 -> 0.018 ms
[619.203s] RadixSortWithCountingSortAndCustomBase(10) (random) size=2,048 -> 0.026 ms
[619.207s] RadixSortWithCountingSortAndCustomBase(10) (random) size=4,096 -> 0.046 ms
[619.212s] RadixSortWithCountingSortAndCustomBase(10) (random) size=8,192 -> 0.077 ms
[619.217s] RadixSortWithCountingSortAndCustomBase(10) (random) size=16,384 -> 0.188 ms
[619.222s] RadixSortWithCountingSortAndCustomBase(10) (random) size=32,768 -> 0.321 ms
[619.227s] RadixSortWithCountingSortAndCustomBase(10) (random) size=65,536 -> 0.625 ms
[619.233s] RadixSortWithCountingSortAndCustomBase(10) (random) size=131,072 -> 1.533 ms
[619.241s] RadixSortWithCountingSortAndCustomBase(10) (random) size=262,144 -> 2.978 ms
[619.252s] RadixSortWithCountingSortAndCustomBase(10) (random) size=524,288 -> 5.905 ms
[619.272s] RadixSortWithCountingSortAndCustomBase(10) (random) size=1,048,576 -> 14.584 ms
[619.308s] RadixSortWithCountingSortAndCustomBase(10) (random) size=2,097,152 -> 29.227 ms
[619.372s] RadixSortWithCountingSortAndCustomBase(10) (random) size=4,194,304 -> 55.763 ms
[619.493s] RadixSortWithCountingSortAndCustomBase(10) (random) size=8,388,608 -> 110.193 ms
[619.774s] RadixSortWithCountingSortAndCustomBase(10) (random) size=16,777,216 -> 263.206 ms
[620.311s] RadixSortWithCountingSortAndCustomBase(10) (random) size=33,554,432 -> 507.177 ms
[621.372s] RadixSortWithCountingSortAndCustomBase(10) (random) size=67,108,864 -> 1007.063 ms
[621.377s] RadixSortWithCountingSortAndCustomBase(10) (ascending) size=1,024 -> 0.015 ms
[621.381s] RadixSortWithCountingSortAndCustomBase(10) (ascending) size=2,048 -> 0.022 ms
[621.386s] RadixSortWithCountingSortAndCustomBase(10) (ascending) size=4,096 -> 0.037 ms
[621.391s] RadixSortWithCountingSortAndCustomBase(10) (ascending) size=8,192 -> 0.067 ms
[621.396s] RadixSortWithCountingSortAndCustomBase(10) (ascending) size=16,384 -> 0.160 ms
[621.401s] RadixSortWithCountingSortAndCustomBase(10) (ascending) size=32,768 -> 0.312 ms
[621.406s] RadixSortWithCountingSortAndCustomBase(10) (ascending) size=65,536 -> 0.618 ms
[621.412s] RadixSortWithCountingSortAndCustomBase(10) (ascending) size=131,072 -> 1.483 ms
[621.420s] RadixSortWithCountingSortAndCustomBase(10) (ascending) size=262,144 -> 2.948 ms
[621.431s] RadixSortWithCountingSortAndCustomBase(10) (ascending) size=524,288 -> 5.980 ms
[621.449s] RadixSortWithCountingSortAndCustomBase(10) (ascending) size=1,048,576 -> 13.739 ms
[621.483s] RadixSortWithCountingSortAndCustomBase(10) (ascending) size=2,097,152 -> 27.858 ms
[621.544s] RadixSortWithCountingSortAndCustomBase(10) (ascending) size=4,194,304 -> 55.311 ms
[621.661s] RadixSortWithCountingSortAndCustomBase(10) (ascending) size=8,388,608 -> 110.107 ms
[621.921s] RadixSortWithCountingSortAndCustomBase(10) (ascending) size=16,777,216 -> 250.730 ms
[622.443s] RadixSortWithCountingSortAndCustomBase(10) (ascending) size=33,554,432 -> 508.076 ms
[623.480s] RadixSortWithCountingSortAndCustomBase(10) (ascending) size=67,108,864 -> 1014.708 ms
[623.485s] RadixSortWithCountingSortAndCustomBase(10) (descending) size=1,024 -> 0.015 ms
[623.490s] RadixSortWithCountingSortAndCustomBase(10) (descending) size=2,048 -> 0.026 ms
[623.494s] RadixSortWithCountingSortAndCustomBase(10) (descending) size=4,096 -> 0.046 ms
[623.499s] RadixSortWithCountingSortAndCustomBase(10) (descending) size=8,192 -> 0.067 ms
[623.504s] RadixSortWithCountingSortAndCustomBase(10) (descending) size=16,384 -> 0.159 ms
[623.509s] RadixSortWithCountingSortAndCustomBase(10) (descending) size=32,768 -> 0.315 ms
[623.514s] RadixSortWithCountingSortAndCustomBase(10) (descending) size=65,536 -> 0.606 ms
[623.521s] RadixSortWithCountingSortAndCustomBase(10) (descending) size=131,072 -> 1.459 ms
[623.528s] RadixSortWithCountingSortAndCustomBase(10) (descending) size=262,144 -> 2.910 ms
[623.539s] RadixSortWithCountingSortAndCustomBase(10) (descending) size=524,288 -> 6.094 ms
[623.559s] RadixSortWithCountingSortAndCustomBase(10) (descending) size=1,048,576 -> 14.435 ms
[623.593s] RadixSortWithCountingSortAndCustomBase(10) (descending) size=2,097,152 -> 28.460 ms
[623.656s] RadixSortWithCountingSortAndCustomBase(10) (descending) size=4,194,304 -> 57.098 ms
[623.778s] RadixSortWithCountingSortAndCustomBase(10) (descending) size=8,388,608 -> 114.205 ms
[624.037s] RadixSortWithCountingSortAndCustomBase(10) (descending) size=16,777,216 -> 250.402 ms
[624.550s] RadixSortWithCountingSortAndCustomBase(10) (descending) size=33,554,432 -> 499.178 ms
[625.573s] RadixSortWithCountingSortAndCustomBase(10) (descending) size=67,108,864 -> 1000.839 ms
[625.578s] RadixSortWithCountingSortAndCustomBase(100) (random) size=1,024 -> 0.011 ms
[625.583s] RadixSortWithCountingSortAndCustomBase(100) (random) size=2,048 -> 0.014 ms
[625.587s] RadixSortWithCountingSortAndCustomBase(100) (random) size=4,096 -> 0.026 ms
[625.592s] RadixSortWithCountingSortAndCustomBase(100) (random) size=8,192 -> 0.047 ms
[625.597s] RadixSortWithCountingSortAndCustomBase(100) (random) size=16,384 -> 0.118 ms
[625.602s] RadixSortWithCountingSortAndCustomBase(100) (random) size=32,768 -> 0.196 ms
[625.607s] RadixSortWithCountingSortAndCustomBase(100) (random) size=65,536 -> 0.374 ms
[625.612s] RadixSortWithCountingSortAndCustomBase(100) (random) size=131,072 -> 0.754 ms
[625.619s] RadixSortWithCountingSortAndCustomBase(100) (random) size=262,144 -> 1.469 ms
[625.627s] RadixSortWithCountingSortAndCustomBase(100) (random) size=524,288 -> 2.967 ms
[625.641s] RadixSortWithCountingSortAndCustomBase(100) (random) size=1,048,576 -> 8.287 ms
[625.665s] RadixSortWithCountingSortAndCustomBase(100) (random) size=2,097,152 -> 17.472 ms
[625.705s] RadixSortWithCountingSortAndCustomBase(100) (random) size=4,194,304 -> 31.886 ms
[625.780s] RadixSortWithCountingSortAndCustomBase(100) (random) size=8,388,608 -> 63.694 ms
[625.924s] RadixSortWithCountingSortAndCustomBase(100) (random) size=16,777,216 -> 127.411 ms
[626.212s] RadixSortWithCountingSortAndCustomBase(100) (random) size=33,554,432 -> 257.815 ms
[626.777s] RadixSortWithCountingSortAndCustomBase(100) (random) size=67,108,864 -> 510.986 ms
[626.782s] RadixSortWithCountingSortAndCustomBase(100) (ascending) size=1,024 -> 0.012 ms
[626.787s] RadixSortWithCountingSortAndCustomBase(100) (ascending) size=2,048 -> 0.016 ms
[626.792s] RadixSortWithCountingSortAndCustomBase(100) (ascending) size=4,096 -> 0.027 ms
[626.796s] RadixSortWithCountingSortAndCustomBase(100) (ascending) size=8,192 -> 0.046 ms
[626.801s] RadixSortWithCountingSortAndCustomBase(100) (ascending) size=16,384 -> 0.116 ms
[626.806s] RadixSortWithCountingSortAndCustomBase(100) (ascending) size=32,768 -> 0.205 ms
[626.811s] RadixSortWithCountingSortAndCustomBase(100) (ascending) size=65,536 -> 0.393 ms
[626.817s] RadixSortWithCountingSortAndCustomBase(100) (ascending) size=131,072 -> 0.761 ms
[626.823s] RadixSortWithCountingSortAndCustomBase(100) (ascending) size=262,144 -> 1.505 ms
[626.831s] RadixSortWithCountingSortAndCustomBase(100) (ascending) size=524,288 -> 3.046 ms
[626.844s] RadixSortWithCountingSortAndCustomBase(100) (ascending) size=1,048,576 -> 8.197 ms
[626.866s] RadixSortWithCountingSortAndCustomBase(100) (ascending) size=2,097,152 -> 16.350 ms
[626.905s] RadixSortWithCountingSortAndCustomBase(100) (ascending) size=4,194,304 -> 32.998 ms
[626.977s] RadixSortWithCountingSortAndCustomBase(100) (ascending) size=8,388,608 -> 65.051 ms
[627.117s] RadixSortWithCountingSortAndCustomBase(100) (ascending) size=16,777,216 -> 131.278 ms
[627.396s] RadixSortWithCountingSortAndCustomBase(100) (ascending) size=33,554,432 -> 264.926 ms
[627.949s] RadixSortWithCountingSortAndCustomBase(100) (ascending) size=67,108,864 -> 530.931 ms
[627.953s] RadixSortWithCountingSortAndCustomBase(100) (descending) size=1,024 -> 0.012 ms
[627.958s] RadixSortWithCountingSortAndCustomBase(100) (descending) size=2,048 -> 0.016 ms
[627.963s] RadixSortWithCountingSortAndCustomBase(100) (descending) size=4,096 -> 0.025 ms
[627.968s] RadixSortWithCountingSortAndCustomBase(100) (descending) size=8,192 -> 0.046 ms
[627.972s] RadixSortWithCountingSortAndCustomBase(100) (descending) size=16,384 -> 0.115 ms
[627.977s] RadixSortWithCountingSortAndCustomBase(100) (descending) size=32,768 -> 0.202 ms
[627.982s] RadixSortWithCountingSortAndCustomBase(100) (descending) size=65,536 -> 0.383 ms
[627.988s] RadixSortWithCountingSortAndCustomBase(100) (descending) size=131,072 -> 0.748 ms
[627.994s] RadixSortWithCountingSortAndCustomBase(100) (descending) size=262,144 -> 1.471 ms
[628.002s] RadixSortWithCountingSortAndCustomBase(100) (descending) size=524,288 -> 2.949 ms
[628.015s] RadixSortWithCountingSortAndCustomBase(100) (descending) size=1,048,576 -> 7.916 ms
[628.036s] RadixSortWithCountingSortAndCustomBase(100) (descending) size=2,097,152 -> 15.997 ms
[628.075s] RadixSortWithCountingSortAndCustomBase(100) (descending) size=4,194,304 -> 32.406 ms
[628.146s] RadixSortWithCountingSortAndCustomBase(100) (descending) size=8,388,608 -> 63.983 ms
[628.284s] RadixSortWithCountingSortAndCustomBase(100) (descending) size=16,777,216 -> 128.996 ms
[628.558s] RadixSortWithCountingSortAndCustomBase(100) (descending) size=33,554,432 -> 260.593 ms
[629.102s] RadixSortWithCountingSortAndCustomBase(100) (descending) size=67,108,864 -> 522.951 ms
[629.107s] RecursiveMsdRadixSortWithArraysAndCustomBase(10) (random) size=1,024 -> 0.040 ms
[629.112s] RecursiveMsdRadixSortWithArraysAndCustomBase(10) (random) size=2,048 -> 0.065 ms
[629.117s] RecursiveMsdRadixSortWithArraysAndCustomBase(10) (random) size=4,096 -> 0.112 ms
[629.122s] RecursiveMsdRadixSortWithArraysAndCustomBase(10) (random) size=8,192 -> 0.202 ms
[629.127s] RecursiveMsdRadixSortWithArraysAndCustomBase(10) (random) size=16,384 -> 0.441 ms
[629.133s] RecursiveMsdRadixSortWithArraysAndCustomBase(10) (random) size=32,768 -> 0.820 ms
[629.139s] RecursiveMsdRadixSortWithArraysAndCustomBase(10) (random) size=65,536 -> 1.591 ms
[629.148s] RecursiveMsdRadixSortWithArraysAndCustomBase(10) (random) size=131,072 -> 3.762 ms
[629.160s] RecursiveMsdRadixSortWithArraysAndCustomBase(10) (random) size=262,144 -> 7.394 ms
[629.180s] RecursiveMsdRadixSortWithArraysAndCustomBase(10) (random) size=524,288 -> 14.550 ms
[629.217s] RecursiveMsdRadixSortWithArraysAndCustomBase(10) (random) size=1,048,576 -> 32.015 ms
[629.286s] RecursiveMsdRadixSortWithArraysAndCustomBase(10) (random) size=2,097,152 -> 62.321 ms
[629.417s] RecursiveMsdRadixSortWithArraysAndCustomBase(10) (random) size=4,194,304 -> 122.581 ms
[629.672s] RecursiveMsdRadixSortWithArraysAndCustomBase(10) (random) size=8,388,608 -> 243.913 ms
[630.250s] RecursiveMsdRadixSortWithArraysAndCustomBase(10) (random) size=16,777,216 -> 559.886 ms
[631.369s] RecursiveMsdRadixSortWithArraysAndCustomBase(10) (random) size=33,554,432 -> 1089.863 ms
[633.601s] RecursiveMsdRadixSortWithArraysAndCustomBase(10) (random) size=67,108,864 -> 2176.657 ms
[633.607s] RecursiveMsdRadixSortWithArraysAndCustomBase(10) (ascending) size=1,024 -> 0.026 ms
[633.611s] RecursiveMsdRadixSortWithArraysAndCustomBase(10) (ascending) size=2,048 -> 0.049 ms
[633.616s] RecursiveMsdRadixSortWithArraysAndCustomBase(10) (ascending) size=4,096 -> 0.086 ms
[633.621s] RecursiveMsdRadixSortWithArraysAndCustomBase(10) (ascending) size=8,192 -> 0.148 ms
[633.626s] RecursiveMsdRadixSortWithArraysAndCustomBase(10) (ascending) size=16,384 -> 0.291 ms
[633.631s] RecursiveMsdRadixSortWithArraysAndCustomBase(10) (ascending) size=32,768 -> 0.579 ms
[633.637s] RecursiveMsdRadixSortWithArraysAndCustomBase(10) (ascending) size=65,536 -> 1.101 ms
[633.645s] RecursiveMsdRadixSortWithArraysAndCustomBase(10) (ascending) size=131,072 -> 2.772 ms
[633.656s] RecursiveMsdRadixSortWithArraysAndCustomBase(10) (ascending) size=262,144 -> 6.021 ms
[633.672s] RecursiveMsdRadixSortWithArraysAndCustomBase(10) (ascending) size=524,288 -> 11.517 ms
[633.701s] RecursiveMsdRadixSortWithArraysAndCustomBase(10) (ascending) size=1,048,576 -> 23.879 ms
[633.755s] RecursiveMsdRadixSortWithArraysAndCustomBase(10) (ascending) size=2,097,152 -> 48.460 ms
[633.855s] RecursiveMsdRadixSortWithArraysAndCustomBase(10) (ascending) size=4,194,304 -> 94.440 ms
[634.049s] RecursiveMsdRadixSortWithArraysAndCustomBase(10) (ascending) size=8,388,608 -> 186.430 ms
[634.500s] RecursiveMsdRadixSortWithArraysAndCustomBase(10) (ascending) size=16,777,216 -> 441.399 ms
[635.395s] RecursiveMsdRadixSortWithArraysAndCustomBase(10) (ascending) size=33,554,432 -> 882.085 ms
[637.178s] RecursiveMsdRadixSortWithArraysAndCustomBase(10) (ascending) size=67,108,864 -> 1759.984 ms
[637.183s] RecursiveMsdRadixSortWithArraysAndCustomBase(10) (descending) size=1,024 -> 0.026 ms
[637.188s] RecursiveMsdRadixSortWithArraysAndCustomBase(10) (descending) size=2,048 -> 0.040 ms
[637.193s] RecursiveMsdRadixSortWithArraysAndCustomBase(10) (descending) size=4,096 -> 0.079 ms
[637.198s] RecursiveMsdRadixSortWithArraysAndCustomBase(10) (descending) size=8,192 -> 0.163 ms
[637.203s] RecursiveMsdRadixSortWithArraysAndCustomBase(10) (descending) size=16,384 -> 0.301 ms
[637.208s] RecursiveMsdRadixSortWithArraysAndCustomBase(10) (descending) size=32,768 -> 0.591 ms
[637.214s] RecursiveMsdRadixSortWithArraysAndCustomBase(10) (descending) size=65,536 -> 1.172 ms
[637.221s] RecursiveMsdRadixSortWithArraysAndCustomBase(10) (descending) size=131,072 -> 2.849 ms
[637.233s] RecursiveMsdRadixSortWithArraysAndCustomBase(10) (descending) size=262,144 -> 6.335 ms
[637.250s] RecursiveMsdRadixSortWithArraysAndCustomBase(10) (descending) size=524,288 -> 12.313 ms
[637.280s] RecursiveMsdRadixSortWithArraysAndCustomBase(10) (descending) size=1,048,576 -> 24.679 ms
[637.334s] RecursiveMsdRadixSortWithArraysAndCustomBase(10) (descending) size=2,097,152 -> 48.965 ms
[637.438s] RecursiveMsdRadixSortWithArraysAndCustomBase(10) (descending) size=4,194,304 -> 98.124 ms
[637.644s] RecursiveMsdRadixSortWithArraysAndCustomBase(10) (descending) size=8,388,608 -> 198.495 ms
[638.118s] RecursiveMsdRadixSortWithArraysAndCustomBase(10) (descending) size=16,777,216 -> 464.298 ms
[639.058s] RecursiveMsdRadixSortWithArraysAndCustomBase(10) (descending) size=33,554,432 -> 926.041 ms
[640.938s] RecursiveMsdRadixSortWithArraysAndCustomBase(10) (descending) size=67,108,864 -> 1857.392 ms
[640.944s] RecursiveMsdRadixSortWithArraysAndCustomBase(1000) (random) size=1,024 -> 0.028 ms
[640.948s] RecursiveMsdRadixSortWithArraysAndCustomBase(1000) (random) size=2,048 -> 0.048 ms
[640.953s] RecursiveMsdRadixSortWithArraysAndCustomBase(1000) (random) size=4,096 -> 0.084 ms
[640.958s] RecursiveMsdRadixSortWithArraysAndCustomBase(1000) (random) size=8,192 -> 0.135 ms
[640.963s] RecursiveMsdRadixSortWithArraysAndCustomBase(1000) (random) size=16,384 -> 0.257 ms
[640.968s] RecursiveMsdRadixSortWithArraysAndCustomBase(1000) (random) size=32,768 -> 0.465 ms
[640.974s] RecursiveMsdRadixSortWithArraysAndCustomBase(1000) (random) size=65,536 -> 0.922 ms
[640.980s] RecursiveMsdRadixSortWithArraysAndCustomBase(1000) (random) size=131,072 -> 1.840 ms
[640.989s] RecursiveMsdRadixSortWithArraysAndCustomBase(1000) (random) size=262,144 -> 3.645 ms
[641.001s] RecursiveMsdRadixSortWithArraysAndCustomBase(1000) (random) size=524,288 -> 7.413 ms
[641.025s] RecursiveMsdRadixSortWithArraysAndCustomBase(1000) (random) size=1,048,576 -> 18.157 ms
[641.067s] RecursiveMsdRadixSortWithArraysAndCustomBase(1000) (random) size=2,097,152 -> 34.767 ms
[641.142s] RecursiveMsdRadixSortWithArraysAndCustomBase(1000) (random) size=4,194,304 -> 67.531 ms
[641.288s] RecursiveMsdRadixSortWithArraysAndCustomBase(1000) (random) size=8,388,608 -> 134.634 ms
[641.573s] RecursiveMsdRadixSortWithArraysAndCustomBase(1000) (random) size=16,777,216 -> 268.426 ms
[642.143s] RecursiveMsdRadixSortWithArraysAndCustomBase(1000) (random) size=33,554,432 -> 540.552 ms
[643.305s] RecursiveMsdRadixSortWithArraysAndCustomBase(1000) (random) size=67,108,864 -> 1107.039 ms
[643.310s] RecursiveMsdRadixSortWithArraysAndCustomBase(1000) (ascending) size=1,024 -> 0.021 ms
[643.315s] RecursiveMsdRadixSortWithArraysAndCustomBase(1000) (ascending) size=2,048 -> 0.037 ms
[643.320s] RecursiveMsdRadixSortWithArraysAndCustomBase(1000) (ascending) size=4,096 -> 0.059 ms
[643.324s] RecursiveMsdRadixSortWithArraysAndCustomBase(1000) (ascending) size=8,192 -> 0.094 ms
[643.329s] RecursiveMsdRadixSortWithArraysAndCustomBase(1000) (ascending) size=16,384 -> 0.173 ms
[643.334s] RecursiveMsdRadixSortWithArraysAndCustomBase(1000) (ascending) size=32,768 -> 0.314 ms
[643.340s] RecursiveMsdRadixSortWithArraysAndCustomBase(1000) (ascending) size=65,536 -> 0.612 ms
[643.346s] RecursiveMsdRadixSortWithArraysAndCustomBase(1000) (ascending) size=131,072 -> 1.213 ms
[643.353s] RecursiveMsdRadixSortWithArraysAndCustomBase(1000) (ascending) size=262,144 -> 2.379 ms
[643.362s] RecursiveMsdRadixSortWithArraysAndCustomBase(1000) (ascending) size=524,288 -> 4.505 ms
[643.377s] RecursiveMsdRadixSortWithArraysAndCustomBase(1000) (ascending) size=1,048,576 -> 10.236 ms
[643.404s] RecursiveMsdRadixSortWithArraysAndCustomBase(1000) (ascending) size=2,097,152 -> 20.923 ms
[643.451s] RecursiveMsdRadixSortWithArraysAndCustomBase(1000) (ascending) size=4,194,304 -> 40.892 ms
[643.539s] RecursiveMsdRadixSortWithArraysAndCustomBase(1000) (ascending) size=8,388,608 -> 81.822 ms
[643.712s] RecursiveMsdRadixSortWithArraysAndCustomBase(1000) (ascending) size=16,777,216 -> 163.083 ms
[644.051s] RecursiveMsdRadixSortWithArraysAndCustomBase(1000) (ascending) size=33,554,432 -> 326.229 ms
[644.725s] RecursiveMsdRadixSortWithArraysAndCustomBase(1000) (ascending) size=67,108,864 -> 651.912 ms
[644.730s] RecursiveMsdRadixSortWithArraysAndCustomBase(1000) (descending) size=1,024 -> 0.020 ms
[644.735s] RecursiveMsdRadixSortWithArraysAndCustomBase(1000) (descending) size=2,048 -> 0.034 ms
[644.740s] RecursiveMsdRadixSortWithArraysAndCustomBase(1000) (descending) size=4,096 -> 0.058 ms
[644.745s] RecursiveMsdRadixSortWithArraysAndCustomBase(1000) (descending) size=8,192 -> 0.091 ms
[644.750s] RecursiveMsdRadixSortWithArraysAndCustomBase(1000) (descending) size=16,384 -> 0.162 ms
[644.755s] RecursiveMsdRadixSortWithArraysAndCustomBase(1000) (descending) size=32,768 -> 0.310 ms
[644.760s] RecursiveMsdRadixSortWithArraysAndCustomBase(1000) (descending) size=65,536 -> 0.595 ms
[644.766s] RecursiveMsdRadixSortWithArraysAndCustomBase(1000) (descending) size=131,072 -> 1.201 ms
[644.773s] RecursiveMsdRadixSortWithArraysAndCustomBase(1000) (descending) size=262,144 -> 2.342 ms
[644.782s] RecursiveMsdRadixSortWithArraysAndCustomBase(1000) (descending) size=524,288 -> 4.433 ms
[644.798s] RecursiveMsdRadixSortWithArraysAndCustomBase(1000) (descending) size=1,048,576 -> 10.206 ms
[644.823s] RecursiveMsdRadixSortWithArraysAndCustomBase(1000) (descending) size=2,097,152 -> 20.130 ms
[644.869s] RecursiveMsdRadixSortWithArraysAndCustomBase(1000) (descending) size=4,194,304 -> 40.074 ms
[644.957s] RecursiveMsdRadixSortWithArraysAndCustomBase(1000) (descending) size=8,388,608 -> 79.931 ms
[645.126s] RecursiveMsdRadixSortWithArraysAndCustomBase(1000) (descending) size=16,777,216 -> 160.180 ms
[645.460s] RecursiveMsdRadixSortWithArraysAndCustomBase(1000) (descending) size=33,554,432 -> 320.526 ms
[646.121s] RecursiveMsdRadixSortWithArraysAndCustomBase(1000) (descending) size=67,108,864 -> 639.774 ms
--- iteration 9 of 10 ---
[646.127s] RadixSortWithDynamicListsAndCustomBase(10) (random) size=1,024 -> 0.035 ms
[646.132s] RadixSortWithDynamicListsAndCustomBase(10) (random) size=2,048 -> 0.051 ms
[646.136s] RadixSortWithDynamicListsAndCustomBase(10) (random) size=4,096 -> 0.077 ms
[646.141s] RadixSortWithDynamicListsAndCustomBase(10) (random) size=8,192 -> 0.141 ms
[646.146s] RadixSortWithDynamicListsAndCustomBase(10) (random) size=16,384 -> 0.309 ms
[646.152s] RadixSortWithDynamicListsAndCustomBase(10) (random) size=32,768 -> 0.591 ms
[646.158s] RadixSortWithDynamicListsAndCustomBase(10) (random) size=65,536 -> 1.198 ms
[646.165s] RadixSortWithDynamicListsAndCustomBase(10) (random) size=131,072 -> 2.856 ms
[646.176s] RadixSortWithDynamicListsAndCustomBase(10) (random) size=262,144 -> 5.564 ms
[646.193s] RadixSortWithDynamicListsAndCustomBase(10) (random) size=524,288 -> 11.758 ms
[646.231s] RadixSortWithDynamicListsAndCustomBase(10) (random) size=1,048,576 -> 32.524 ms
[646.324s] RadixSortWithDynamicListsAndCustomBase(10) (random) size=2,097,152 -> 86.051 ms
[646.497s] RadixSortWithDynamicListsAndCustomBase(10) (random) size=4,194,304 -> 165.313 ms
[646.812s] RadixSortWithDynamicListsAndCustomBase(10) (random) size=8,388,608 -> 303.969 ms
[647.480s] RadixSortWithDynamicListsAndCustomBase(10) (random) size=16,777,216 -> 650.662 ms
[648.833s] RadixSortWithDynamicListsAndCustomBase(10) (random) size=33,554,432 -> 1323.611 ms
[653.513s] RadixSortWithDynamicListsAndCustomBase(10) (random) size=67,108,864 -> 4625.498 ms
[653.519s] RadixSortWithDynamicListsAndCustomBase(10) (ascending) size=1,024 -> 0.032 ms
[653.524s] RadixSortWithDynamicListsAndCustomBase(10) (ascending) size=2,048 -> 0.046 ms
[653.528s] RadixSortWithDynamicListsAndCustomBase(10) (ascending) size=4,096 -> 0.067 ms
[653.533s] RadixSortWithDynamicListsAndCustomBase(10) (ascending) size=8,192 -> 0.124 ms
[653.538s] RadixSortWithDynamicListsAndCustomBase(10) (ascending) size=16,384 -> 0.308 ms
[653.543s] RadixSortWithDynamicListsAndCustomBase(10) (ascending) size=32,768 -> 0.610 ms
[653.550s] RadixSortWithDynamicListsAndCustomBase(10) (ascending) size=65,536 -> 1.252 ms
[653.557s] RadixSortWithDynamicListsAndCustomBase(10) (ascending) size=131,072 -> 2.835 ms
[653.568s] RadixSortWithDynamicListsAndCustomBase(10) (ascending) size=262,144 -> 5.710 ms
[653.585s] RadixSortWithDynamicListsAndCustomBase(10) (ascending) size=524,288 -> 11.697 ms
[653.618s] RadixSortWithDynamicListsAndCustomBase(10) (ascending) size=1,048,576 -> 28.331 ms
[653.685s] RadixSortWithDynamicListsAndCustomBase(10) (ascending) size=2,097,152 -> 61.889 ms
[653.821s] RadixSortWithDynamicListsAndCustomBase(10) (ascending) size=4,194,304 -> 129.341 ms
[654.114s] RadixSortWithDynamicListsAndCustomBase(10) (ascending) size=8,388,608 -> 286.412 ms
[655.290s] RadixSortWithDynamicListsAndCustomBase(10) (ascending) size=16,777,216 -> 1165.893 ms
[657.775s] RadixSortWithDynamicListsAndCustomBase(10) (ascending) size=33,554,432 -> 2470.827 ms
[663.352s] RadixSortWithDynamicListsAndCustomBase(10) (ascending) size=67,108,864 -> 5553.447 ms
[663.357s] RadixSortWithDynamicListsAndCustomBase(10) (descending) size=1,024 -> 0.026 ms
[663.362s] RadixSortWithDynamicListsAndCustomBase(10) (descending) size=2,048 -> 0.041 ms
[663.367s] RadixSortWithDynamicListsAndCustomBase(10) (descending) size=4,096 -> 0.074 ms
[663.371s] RadixSortWithDynamicListsAndCustomBase(10) (descending) size=8,192 -> 0.123 ms
[663.376s] RadixSortWithDynamicListsAndCustomBase(10) (descending) size=16,384 -> 0.315 ms
[663.381s] RadixSortWithDynamicListsAndCustomBase(10) (descending) size=32,768 -> 0.604 ms
[663.387s] RadixSortWithDynamicListsAndCustomBase(10) (descending) size=65,536 -> 1.246 ms
[663.395s] RadixSortWithDynamicListsAndCustomBase(10) (descending) size=131,072 -> 2.828 ms
[663.406s] RadixSortWithDynamicListsAndCustomBase(10) (descending) size=262,144 -> 5.613 ms
[663.422s] RadixSortWithDynamicListsAndCustomBase(10) (descending) size=524,288 -> 11.550 ms
[663.455s] RadixSortWithDynamicListsAndCustomBase(10) (descending) size=1,048,576 -> 28.100 ms
[663.523s] RadixSortWithDynamicListsAndCustomBase(10) (descending) size=2,097,152 -> 61.660 ms
[663.659s] RadixSortWithDynamicListsAndCustomBase(10) (descending) size=4,194,304 -> 130.822 ms
[664.048s] RadixSortWithDynamicListsAndCustomBase(10) (descending) size=8,388,608 -> 380.951 ms
[665.142s] RadixSortWithDynamicListsAndCustomBase(10) (descending) size=16,777,216 -> 1084.959 ms
[667.669s] RadixSortWithDynamicListsAndCustomBase(10) (descending) size=33,554,432 -> 2512.944 ms
[673.359s] RadixSortWithDynamicListsAndCustomBase(10) (descending) size=67,108,864 -> 5667.042 ms
[673.364s] RadixSortWithDynamicListsAndCustomBase(100) (random) size=1,024 -> 0.022 ms
[673.369s] RadixSortWithDynamicListsAndCustomBase(100) (random) size=2,048 -> 0.034 ms
[673.373s] RadixSortWithDynamicListsAndCustomBase(100) (random) size=4,096 -> 0.057 ms
[673.378s] RadixSortWithDynamicListsAndCustomBase(100) (random) size=8,192 -> 0.093 ms
[673.383s] RadixSortWithDynamicListsAndCustomBase(100) (random) size=16,384 -> 0.218 ms
[673.388s] RadixSortWithDynamicListsAndCustomBase(100) (random) size=32,768 -> 0.401 ms
[673.393s] RadixSortWithDynamicListsAndCustomBase(100) (random) size=65,536 -> 0.763 ms
[673.400s] RadixSortWithDynamicListsAndCustomBase(100) (random) size=131,072 -> 1.544 ms
[673.408s] RadixSortWithDynamicListsAndCustomBase(100) (random) size=262,144 -> 3.099 ms
[673.421s] RadixSortWithDynamicListsAndCustomBase(100) (random) size=524,288 -> 8.130 ms
[673.447s] RadixSortWithDynamicListsAndCustomBase(100) (random) size=1,048,576 -> 19.791 ms
[673.501s] RadixSortWithDynamicListsAndCustomBase(100) (random) size=2,097,152 -> 46.435 ms
[673.620s] RadixSortWithDynamicListsAndCustomBase(100) (random) size=4,194,304 -> 111.099 ms
[673.859s] RadixSortWithDynamicListsAndCustomBase(100) (random) size=8,388,608 -> 228.252 ms
[674.352s] RadixSortWithDynamicListsAndCustomBase(100) (random) size=16,777,216 -> 475.323 ms
[675.380s] RadixSortWithDynamicListsAndCustomBase(100) (random) size=33,554,432 -> 998.346 ms
[677.416s] RadixSortWithDynamicListsAndCustomBase(100) (random) size=67,108,864 -> 1980.272 ms
[677.421s] RadixSortWithDynamicListsAndCustomBase(100) (ascending) size=1,024 -> 0.017 ms
[677.426s] RadixSortWithDynamicListsAndCustomBase(100) (ascending) size=2,048 -> 0.024 ms
[677.430s] RadixSortWithDynamicListsAndCustomBase(100) (ascending) size=4,096 -> 0.047 ms
[677.435s] RadixSortWithDynamicListsAndCustomBase(100) (ascending) size=8,192 -> 0.078 ms
[677.440s] RadixSortWithDynamicListsAndCustomBase(100) (ascending) size=16,384 -> 0.181 ms
[677.444s] RadixSortWithDynamicListsAndCustomBase(100) (ascending) size=32,768 -> 0.348 ms
[677.450s] RadixSortWithDynamicListsAndCustomBase(100) (ascending) size=65,536 -> 0.701 ms
[677.456s] RadixSortWithDynamicListsAndCustomBase(100) (ascending) size=131,072 -> 1.419 ms
[677.464s] RadixSortWithDynamicListsAndCustomBase(100) (ascending) size=262,144 -> 3.043 ms
[677.475s] RadixSortWithDynamicListsAndCustomBase(100) (ascending) size=524,288 -> 6.237 ms
[677.497s] RadixSortWithDynamicListsAndCustomBase(100) (ascending) size=1,048,576 -> 16.322 ms
[677.536s] RadixSortWithDynamicListsAndCustomBase(100) (ascending) size=2,097,152 -> 33.808 ms
[677.615s] RadixSortWithDynamicListsAndCustomBase(100) (ascending) size=4,194,304 -> 73.024 ms
[677.789s] RadixSortWithDynamicListsAndCustomBase(100) (ascending) size=8,388,608 -> 166.500 ms
[678.240s] RadixSortWithDynamicListsAndCustomBase(100) (ascending) size=16,777,216 -> 441.336 ms
[679.281s] RadixSortWithDynamicListsAndCustomBase(100) (ascending) size=33,554,432 -> 1027.711 ms
[681.570s] RadixSortWithDynamicListsAndCustomBase(100) (ascending) size=67,108,864 -> 2266.857 ms
[681.576s] RadixSortWithDynamicListsAndCustomBase(100) (descending) size=1,024 -> 0.018 ms
[681.580s] RadixSortWithDynamicListsAndCustomBase(100) (descending) size=2,048 -> 0.028 ms
[681.585s] RadixSortWithDynamicListsAndCustomBase(100) (descending) size=4,096 -> 0.046 ms
[681.589s] RadixSortWithDynamicListsAndCustomBase(100) (descending) size=8,192 -> 0.077 ms
[681.594s] RadixSortWithDynamicListsAndCustomBase(100) (descending) size=16,384 -> 0.198 ms
[681.599s] RadixSortWithDynamicListsAndCustomBase(100) (descending) size=32,768 -> 0.353 ms
[681.605s] RadixSortWithDynamicListsAndCustomBase(100) (descending) size=65,536 -> 0.704 ms
[681.611s] RadixSortWithDynamicListsAndCustomBase(100) (descending) size=131,072 -> 1.415 ms
[681.618s] RadixSortWithDynamicListsAndCustomBase(100) (descending) size=262,144 -> 2.874 ms
[681.630s] RadixSortWithDynamicListsAndCustomBase(100) (descending) size=524,288 -> 6.596 ms
[681.652s] RadixSortWithDynamicListsAndCustomBase(100) (descending) size=1,048,576 -> 17.031 ms
[681.692s] RadixSortWithDynamicListsAndCustomBase(100) (descending) size=2,097,152 -> 34.563 ms
[681.772s] RadixSortWithDynamicListsAndCustomBase(100) (descending) size=4,194,304 -> 73.224 ms
[681.947s] RadixSortWithDynamicListsAndCustomBase(100) (descending) size=8,388,608 -> 168.196 ms
[682.399s] RadixSortWithDynamicListsAndCustomBase(100) (descending) size=16,777,216 -> 442.505 ms
[683.434s] RadixSortWithDynamicListsAndCustomBase(100) (descending) size=33,554,432 -> 1021.472 ms
[685.691s] RadixSortWithDynamicListsAndCustomBase(100) (descending) size=67,108,864 -> 2234.859 ms
[685.696s] RadixSortWithArraysAndCustomBase(10) (random) size=1,024 -> 0.018 ms
[685.701s] RadixSortWithArraysAndCustomBase(10) (random) size=2,048 -> 0.034 ms
[685.705s] RadixSortWithArraysAndCustomBase(10) (random) size=4,096 -> 0.052 ms
[685.710s] RadixSortWithArraysAndCustomBase(10) (random) size=8,192 -> 0.089 ms
[685.715s] RadixSortWithArraysAndCustomBase(10) (random) size=16,384 -> 0.205 ms
[685.720s] RadixSortWithArraysAndCustomBase(10) (random) size=32,768 -> 0.372 ms
[685.725s] RadixSortWithArraysAndCustomBase(10) (random) size=65,536 -> 0.714 ms
[685.732s] RadixSortWithArraysAndCustomBase(10) (random) size=131,072 -> 1.817 ms
[685.740s] RadixSortWithArraysAndCustomBase(10) (random) size=262,144 -> 3.434 ms
[685.752s] RadixSortWithArraysAndCustomBase(10) (random) size=524,288 -> 6.850 ms
[685.774s] RadixSortWithArraysAndCustomBase(10) (random) size=1,048,576 -> 16.171 ms
[685.813s] RadixSortWithArraysAndCustomBase(10) (random) size=2,097,152 -> 33.171 ms
[685.885s] RadixSortWithArraysAndCustomBase(10) (random) size=4,194,304 -> 63.646 ms
[686.024s] RadixSortWithArraysAndCustomBase(10) (random) size=8,388,608 -> 127.013 ms
[686.352s] RadixSortWithArraysAndCustomBase(10) (random) size=16,777,216 -> 310.679 ms
[686.984s] RadixSortWithArraysAndCustomBase(10) (random) size=33,554,432 -> 602.908 ms
[688.249s] RadixSortWithArraysAndCustomBase(10) (random) size=67,108,864 -> 1209.752 ms
[688.254s] RadixSortWithArraysAndCustomBase(10) (ascending) size=1,024 -> 0.019 ms
[688.259s] RadixSortWithArraysAndCustomBase(10) (ascending) size=2,048 -> 0.024 ms
[688.263s] RadixSortWithArraysAndCustomBase(10) (ascending) size=4,096 -> 0.043 ms
[688.268s] RadixSortWithArraysAndCustomBase(10) (ascending) size=8,192 -> 0.078 ms
[688.273s] RadixSortWithArraysAndCustomBase(10) (ascending) size=16,384 -> 0.176 ms
[688.278s] RadixSortWithArraysAndCustomBase(10) (ascending) size=32,768 -> 0.362 ms
[688.283s] RadixSortWithArraysAndCustomBase(10) (ascending) size=65,536 -> 0.702 ms
[688.290s] RadixSortWithArraysAndCustomBase(10) (ascending) size=131,072 -> 1.699 ms
[688.298s] RadixSortWithArraysAndCustomBase(10) (ascending) size=262,144 -> 3.312 ms
[688.310s] RadixSortWithArraysAndCustomBase(10) (ascending) size=524,288 -> 6.687 ms
[688.331s] RadixSortWithArraysAndCustomBase(10) (ascending) size=1,048,576 -> 15.673 ms
[688.367s] RadixSortWithArraysAndCustomBase(10) (ascending) size=2,097,152 -> 31.139 ms
[688.435s] RadixSortWithArraysAndCustomBase(10) (ascending) size=4,194,304 -> 61.804 ms
[688.567s] RadixSortWithArraysAndCustomBase(10) (ascending) size=8,388,608 -> 124.851 ms
[688.880s] RadixSortWithArraysAndCustomBase(10) (ascending) size=16,777,216 -> 303.835 ms
[689.491s] RadixSortWithArraysAndCustomBase(10) (ascending) size=33,554,432 -> 596.192 ms
[690.715s] RadixSortWithArraysAndCustomBase(10) (ascending) size=67,108,864 -> 1202.309 ms
[690.720s] RadixSortWithArraysAndCustomBase(10) (descending) size=1,024 -> 0.020 ms
[690.725s] RadixSortWithArraysAndCustomBase(10) (descending) size=2,048 -> 0.030 ms
[690.730s] RadixSortWithArraysAndCustomBase(10) (descending) size=4,096 -> 0.051 ms
[690.735s] RadixSortWithArraysAndCustomBase(10) (descending) size=8,192 -> 0.084 ms
[690.739s] RadixSortWithArraysAndCustomBase(10) (descending) size=16,384 -> 0.183 ms
[690.744s] RadixSortWithArraysAndCustomBase(10) (descending) size=32,768 -> 0.347 ms
[690.750s] RadixSortWithArraysAndCustomBase(10) (descending) size=65,536 -> 0.688 ms
[690.756s] RadixSortWithArraysAndCustomBase(10) (descending) size=131,072 -> 1.654 ms
[690.764s] RadixSortWithArraysAndCustomBase(10) (descending) size=262,144 -> 3.320 ms
[690.776s] RadixSortWithArraysAndCustomBase(10) (descending) size=524,288 -> 6.648 ms
[690.796s] RadixSortWithArraysAndCustomBase(10) (descending) size=1,048,576 -> 15.483 ms
[690.832s] RadixSortWithArraysAndCustomBase(10) (descending) size=2,097,152 -> 30.528 ms
[690.900s] RadixSortWithArraysAndCustomBase(10) (descending) size=4,194,304 -> 61.183 ms
[691.030s] RadixSortWithArraysAndCustomBase(10) (descending) size=8,388,608 -> 123.353 ms
[691.335s] RadixSortWithArraysAndCustomBase(10) (descending) size=16,777,216 -> 295.814 ms
[691.940s] RadixSortWithArraysAndCustomBase(10) (descending) size=33,554,432 -> 590.939 ms
[693.156s] RadixSortWithArraysAndCustomBase(10) (descending) size=67,108,864 -> 1193.685 ms
[693.161s] RadixSortWithArraysAndCustomBase(100) (random) size=1,024 -> 0.015 ms
[693.166s] RadixSortWithArraysAndCustomBase(100) (random) size=2,048 -> 0.023 ms
[693.170s] RadixSortWithArraysAndCustomBase(100) (random) size=4,096 -> 0.035 ms
[693.175s] RadixSortWithArraysAndCustomBase(100) (random) size=8,192 -> 0.053 ms
[693.180s] RadixSortWithArraysAndCustomBase(100) (random) size=16,384 -> 0.140 ms
[693.185s] RadixSortWithArraysAndCustomBase(100) (random) size=32,768 -> 0.233 ms
[693.190s] RadixSortWithArraysAndCustomBase(100) (random) size=65,536 -> 0.435 ms
[693.196s] RadixSortWithArraysAndCustomBase(100) (random) size=131,072 -> 0.873 ms
[693.203s] RadixSortWithArraysAndCustomBase(100) (random) size=262,144 -> 1.696 ms
[693.211s] RadixSortWithArraysAndCustomBase(100) (random) size=524,288 -> 3.414 ms
[693.226s] RadixSortWithArraysAndCustomBase(100) (random) size=1,048,576 -> 9.237 ms
[693.252s] RadixSortWithArraysAndCustomBase(100) (random) size=2,097,152 -> 19.414 ms
[693.296s] RadixSortWithArraysAndCustomBase(100) (random) size=4,194,304 -> 36.308 ms
[693.380s] RadixSortWithArraysAndCustomBase(100) (random) size=8,388,608 -> 72.251 ms
[693.541s] RadixSortWithArraysAndCustomBase(100) (random) size=16,777,216 -> 144.060 ms
[693.871s] RadixSortWithArraysAndCustomBase(100) (random) size=33,554,432 -> 300.030 ms
[694.628s] RadixSortWithArraysAndCustomBase(100) (random) size=67,108,864 -> 702.950 ms
[694.633s] RadixSortWithArraysAndCustomBase(100) (ascending) size=1,024 -> 0.014 ms
[694.638s] RadixSortWithArraysAndCustomBase(100) (ascending) size=2,048 -> 0.020 ms
[694.642s] RadixSortWithArraysAndCustomBase(100) (ascending) size=4,096 -> 0.031 ms
[694.647s] RadixSortWithArraysAndCustomBase(100) (ascending) size=8,192 -> 0.057 ms
[694.652s] RadixSortWithArraysAndCustomBase(100) (ascending) size=16,384 -> 0.123 ms
[694.657s] RadixSortWithArraysAndCustomBase(100) (ascending) size=32,768 -> 0.224 ms
[694.662s] RadixSortWithArraysAndCustomBase(100) (ascending) size=65,536 -> 0.463 ms
[694.668s] RadixSortWithArraysAndCustomBase(100) (ascending) size=131,072 -> 0.852 ms
[694.674s] RadixSortWithArraysAndCustomBase(100) (ascending) size=262,144 -> 1.695 ms
[694.683s] RadixSortWithArraysAndCustomBase(100) (ascending) size=524,288 -> 3.436 ms
[694.697s] RadixSortWithArraysAndCustomBase(100) (ascending) size=1,048,576 -> 9.257 ms
[694.720s] RadixSortWithArraysAndCustomBase(100) (ascending) size=2,097,152 -> 18.048 ms
[694.763s] RadixSortWithArraysAndCustomBase(100) (ascending) size=4,194,304 -> 36.765 ms
[694.842s] RadixSortWithArraysAndCustomBase(100) (ascending) size=8,388,608 -> 72.215 ms
[695.030s] RadixSortWithArraysAndCustomBase(100) (ascending) size=16,777,216 -> 178.534 ms
[695.482s] RadixSortWithArraysAndCustomBase(100) (ascending) size=33,554,432 -> 438.344 ms
[696.502s] RadixSortWithArraysAndCustomBase(100) (ascending) size=67,108,864 -> 998.365 ms
[696.508s] RadixSortWithArraysAndCustomBase(100) (descending) size=1,024 -> 0.014 ms
[696.515s] RadixSortWithArraysAndCustomBase(100) (descending) size=2,048 -> 0.019 ms
[696.520s] RadixSortWithArraysAndCustomBase(100) (descending) size=4,096 -> 0.030 ms
[696.525s] RadixSortWithArraysAndCustomBase(100) (descending) size=8,192 -> 0.052 ms
[696.530s] RadixSortWithArraysAndCustomBase(100) (descending) size=16,384 -> 0.127 ms
[696.535s] RadixSortWithArraysAndCustomBase(100) (descending) size=32,768 -> 0.235 ms
[696.540s] RadixSortWithArraysAndCustomBase(100) (descending) size=65,536 -> 0.433 ms
[696.546s] RadixSortWithArraysAndCustomBase(100) (descending) size=131,072 -> 0.855 ms
[696.552s] RadixSortWithArraysAndCustomBase(100) (descending) size=262,144 -> 1.663 ms
[696.560s] RadixSortWithArraysAndCustomBase(100) (descending) size=524,288 -> 3.286 ms
[696.574s] RadixSortWithArraysAndCustomBase(100) (descending) size=1,048,576 -> 9.190 ms
[696.598s] RadixSortWithArraysAndCustomBase(100) (descending) size=2,097,152 -> 17.895 ms
[696.640s] RadixSortWithArraysAndCustomBase(100) (descending) size=4,194,304 -> 36.002 ms
[696.718s] RadixSortWithArraysAndCustomBase(100) (descending) size=8,388,608 -> 71.584 ms
[696.905s] RadixSortWithArraysAndCustomBase(100) (descending) size=16,777,216 -> 177.095 ms
[697.352s] RadixSortWithArraysAndCustomBase(100) (descending) size=33,554,432 -> 433.828 ms
[698.363s] RadixSortWithArraysAndCustomBase(100) (descending) size=67,108,864 -> 989.316 ms
[698.368s] RadixSortWithCountingSortAndCustomBase(10) (random) size=1,024 -> 0.018 ms
[698.373s] RadixSortWithCountingSortAndCustomBase(10) (random) size=2,048 -> 0.028 ms
[698.378s] RadixSortWithCountingSortAndCustomBase(10) (random) size=4,096 -> 0.049 ms
[698.383s] RadixSortWithCountingSortAndCustomBase(10) (random) size=8,192 -> 0.075 ms
[698.388s] RadixSortWithCountingSortAndCustomBase(10) (random) size=16,384 -> 0.184 ms
[698.393s] RadixSortWithCountingSortAndCustomBase(10) (random) size=32,768 -> 0.318 ms
[698.398s] RadixSortWithCountingSortAndCustomBase(10) (random) size=65,536 -> 0.632 ms
[698.404s] RadixSortWithCountingSortAndCustomBase(10) (random) size=131,072 -> 1.523 ms
[698.413s] RadixSortWithCountingSortAndCustomBase(10) (random) size=262,144 -> 3.041 ms
[698.424s] RadixSortWithCountingSortAndCustomBase(10) (random) size=524,288 -> 5.883 ms
[698.444s] RadixSortWithCountingSortAndCustomBase(10) (random) size=1,048,576 -> 14.839 ms
[698.480s] RadixSortWithCountingSortAndCustomBase(10) (random) size=2,097,152 -> 29.238 ms
[698.543s] RadixSortWithCountingSortAndCustomBase(10) (random) size=4,194,304 -> 55.696 ms
[698.665s] RadixSortWithCountingSortAndCustomBase(10) (random) size=8,388,608 -> 110.686 ms
[698.944s] RadixSortWithCountingSortAndCustomBase(10) (random) size=16,777,216 -> 262.408 ms
[699.481s] RadixSortWithCountingSortAndCustomBase(10) (random) size=33,554,432 -> 507.269 ms
[700.543s] RadixSortWithCountingSortAndCustomBase(10) (random) size=67,108,864 -> 1008.062 ms
[700.548s] RadixSortWithCountingSortAndCustomBase(10) (ascending) size=1,024 -> 0.016 ms
[700.553s] RadixSortWithCountingSortAndCustomBase(10) (ascending) size=2,048 -> 0.026 ms
[700.558s] RadixSortWithCountingSortAndCustomBase(10) (ascending) size=4,096 -> 0.051 ms
[700.563s] RadixSortWithCountingSortAndCustomBase(10) (ascending) size=8,192 -> 0.082 ms
[700.567s] RadixSortWithCountingSortAndCustomBase(10) (ascending) size=16,384 -> 0.170 ms
[700.572s] RadixSortWithCountingSortAndCustomBase(10) (ascending) size=32,768 -> 0.320 ms
[700.578s] RadixSortWithCountingSortAndCustomBase(10) (ascending) size=65,536 -> 0.613 ms
[700.584s] RadixSortWithCountingSortAndCustomBase(10) (ascending) size=131,072 -> 1.517 ms
[700.592s] RadixSortWithCountingSortAndCustomBase(10) (ascending) size=262,144 -> 2.961 ms
[700.603s] RadixSortWithCountingSortAndCustomBase(10) (ascending) size=524,288 -> 6.097 ms
[700.622s] RadixSortWithCountingSortAndCustomBase(10) (ascending) size=1,048,576 -> 13.832 ms
[700.655s] RadixSortWithCountingSortAndCustomBase(10) (ascending) size=2,097,152 -> 27.650 ms
[700.717s] RadixSortWithCountingSortAndCustomBase(10) (ascending) size=4,194,304 -> 55.786 ms
[700.834s] RadixSortWithCountingSortAndCustomBase(10) (ascending) size=8,388,608 -> 110.507 ms
[701.096s] RadixSortWithCountingSortAndCustomBase(10) (ascending) size=16,777,216 -> 251.993 ms
[701.614s] RadixSortWithCountingSortAndCustomBase(10) (ascending) size=33,554,432 -> 504.535 ms
[702.646s] RadixSortWithCountingSortAndCustomBase(10) (ascending) size=67,108,864 -> 1010.565 ms
[702.651s] RadixSortWithCountingSortAndCustomBase(10) (descending) size=1,024 -> 0.017 ms
[702.656s] RadixSortWithCountingSortAndCustomBase(10) (descending) size=2,048 -> 0.026 ms
[702.661s] RadixSortWithCountingSortAndCustomBase(10) (descending) size=4,096 -> 0.045 ms
[702.666s] RadixSortWithCountingSortAndCustomBase(10) (descending) size=8,192 -> 0.077 ms
[702.671s] RadixSortWithCountingSortAndCustomBase(10) (descending) size=16,384 -> 0.181 ms
[702.676s] RadixSortWithCountingSortAndCustomBase(10) (descending) size=32,768 -> 0.320 ms
[702.681s] RadixSortWithCountingSortAndCustomBase(10) (descending) size=65,536 -> 0.617 ms
[702.687s] RadixSortWithCountingSortAndCustomBase(10) (descending) size=131,072 -> 1.485 ms
[702.695s] RadixSortWithCountingSortAndCustomBase(10) (descending) size=262,144 -> 2.913 ms
[702.706s] RadixSortWithCountingSortAndCustomBase(10) (descending) size=524,288 -> 5.908 ms
[702.725s] RadixSortWithCountingSortAndCustomBase(10) (descending) size=1,048,576 -> 13.697 ms
[702.757s] RadixSortWithCountingSortAndCustomBase(10) (descending) size=2,097,152 -> 27.314 ms
[702.818s] RadixSortWithCountingSortAndCustomBase(10) (descending) size=4,194,304 -> 54.722 ms
[702.935s] RadixSortWithCountingSortAndCustomBase(10) (descending) size=8,388,608 -> 109.325 ms
[703.194s] RadixSortWithCountingSortAndCustomBase(10) (descending) size=16,777,216 -> 250.092 ms
[703.707s] RadixSortWithCountingSortAndCustomBase(10) (descending) size=33,554,432 -> 499.724 ms
[704.731s] RadixSortWithCountingSortAndCustomBase(10) (descending) size=67,108,864 -> 1001.835 ms
[704.736s] RadixSortWithCountingSortAndCustomBase(100) (random) size=1,024 -> 0.010 ms
[704.741s] RadixSortWithCountingSortAndCustomBase(100) (random) size=2,048 -> 0.014 ms
[704.745s] RadixSortWithCountingSortAndCustomBase(100) (random) size=4,096 -> 0.022 ms
[704.750s] RadixSortWithCountingSortAndCustomBase(100) (random) size=8,192 -> 0.038 ms
[704.755s] RadixSortWithCountingSortAndCustomBase(100) (random) size=16,384 -> 0.115 ms
[704.760s] RadixSortWithCountingSortAndCustomBase(100) (random) size=32,768 -> 0.191 ms
[704.765s] RadixSortWithCountingSortAndCustomBase(100) (random) size=65,536 -> 0.385 ms
[704.770s] RadixSortWithCountingSortAndCustomBase(100) (random) size=131,072 -> 0.745 ms
[704.777s] RadixSortWithCountingSortAndCustomBase(100) (random) size=262,144 -> 1.508 ms
[704.785s] RadixSortWithCountingSortAndCustomBase(100) (random) size=524,288 -> 2.990 ms
[704.799s] RadixSortWithCountingSortAndCustomBase(100) (random) size=1,048,576 -> 8.270 ms
[704.822s] RadixSortWithCountingSortAndCustomBase(100) (random) size=2,097,152 -> 17.343 ms
[704.862s] RadixSortWithCountingSortAndCustomBase(100) (random) size=4,194,304 -> 31.747 ms
[704.937s] RadixSortWithCountingSortAndCustomBase(100) (random) size=8,388,608 -> 63.709 ms
[705.081s] RadixSortWithCountingSortAndCustomBase(100) (random) size=16,777,216 -> 126.876 ms
[705.365s] RadixSortWithCountingSortAndCustomBase(100) (random) size=33,554,432 -> 255.290 ms
[705.929s] RadixSortWithCountingSortAndCustomBase(100) (random) size=67,108,864 -> 509.169 ms
[705.934s] RadixSortWithCountingSortAndCustomBase(100) (ascending) size=1,024 -> 0.011 ms
[705.938s] RadixSortWithCountingSortAndCustomBase(100) (ascending) size=2,048 -> 0.016 ms
[705.943s] RadixSortWithCountingSortAndCustomBase(100) (ascending) size=4,096 -> 0.026 ms
[705.948s] RadixSortWithCountingSortAndCustomBase(100) (ascending) size=8,192 -> 0.039 ms
[705.952s] RadixSortWithCountingSortAndCustomBase(100) (ascending) size=16,384 -> 0.102 ms
[705.957s] RadixSortWithCountingSortAndCustomBase(100) (ascending) size=32,768 -> 0.203 ms
[705.962s] RadixSortWithCountingSortAndCustomBase(100) (ascending) size=65,536 -> 0.388 ms
[705.968s] RadixSortWithCountingSortAndCustomBase(100) (ascending) size=131,072 -> 0.765 ms
[705.974s] RadixSortWithCountingSortAndCustomBase(100) (ascending) size=262,144 -> 1.504 ms
[705.982s] RadixSortWithCountingSortAndCustomBase(100) (ascending) size=524,288 -> 3.002 ms
[705.996s] RadixSortWithCountingSortAndCustomBase(100) (ascending) size=1,048,576 -> 8.187 ms
[706.017s] RadixSortWithCountingSortAndCustomBase(100) (ascending) size=2,097,152 -> 16.363 ms
[706.056s] RadixSortWithCountingSortAndCustomBase(100) (ascending) size=4,194,304 -> 32.591 ms
[706.128s] RadixSortWithCountingSortAndCustomBase(100) (ascending) size=8,388,608 -> 64.959 ms
[706.269s] RadixSortWithCountingSortAndCustomBase(100) (ascending) size=16,777,216 -> 131.470 ms
[706.546s] RadixSortWithCountingSortAndCustomBase(100) (ascending) size=33,554,432 -> 263.938 ms
[707.099s] RadixSortWithCountingSortAndCustomBase(100) (ascending) size=67,108,864 -> 530.964 ms
[707.104s] RadixSortWithCountingSortAndCustomBase(100) (descending) size=1,024 -> 0.010 ms
[707.109s] RadixSortWithCountingSortAndCustomBase(100) (descending) size=2,048 -> 0.015 ms
[707.113s] RadixSortWithCountingSortAndCustomBase(100) (descending) size=4,096 -> 0.026 ms
[707.118s] RadixSortWithCountingSortAndCustomBase(100) (descending) size=8,192 -> 0.037 ms
[707.123s] RadixSortWithCountingSortAndCustomBase(100) (descending) size=16,384 -> 0.099 ms
[707.128s] RadixSortWithCountingSortAndCustomBase(100) (descending) size=32,768 -> 0.189 ms
[707.133s] RadixSortWithCountingSortAndCustomBase(100) (descending) size=65,536 -> 0.378 ms
[707.138s] RadixSortWithCountingSortAndCustomBase(100) (descending) size=131,072 -> 0.751 ms
[707.145s] RadixSortWithCountingSortAndCustomBase(100) (descending) size=262,144 -> 1.483 ms
[707.153s] RadixSortWithCountingSortAndCustomBase(100) (descending) size=524,288 -> 2.971 ms
[707.166s] RadixSortWithCountingSortAndCustomBase(100) (descending) size=1,048,576 -> 8.011 ms
[707.187s] RadixSortWithCountingSortAndCustomBase(100) (descending) size=2,097,152 -> 15.942 ms
[707.225s] RadixSortWithCountingSortAndCustomBase(100) (descending) size=4,194,304 -> 32.297 ms
[707.296s] RadixSortWithCountingSortAndCustomBase(100) (descending) size=8,388,608 -> 64.067 ms
[707.434s] RadixSortWithCountingSortAndCustomBase(100) (descending) size=16,777,216 -> 128.529 ms
[707.707s] RadixSortWithCountingSortAndCustomBase(100) (descending) size=33,554,432 -> 260.447 ms
[708.252s] RadixSortWithCountingSortAndCustomBase(100) (descending) size=67,108,864 -> 522.796 ms
[708.257s] RecursiveMsdRadixSortWithArraysAndCustomBase(10) (random) size=1,024 -> 0.044 ms
[708.262s] RecursiveMsdRadixSortWithArraysAndCustomBase(10) (random) size=2,048 -> 0.065 ms
[708.266s] RecursiveMsdRadixSortWithArraysAndCustomBase(10) (random) size=4,096 -> 0.112 ms
[708.271s] RecursiveMsdRadixSortWithArraysAndCustomBase(10) (random) size=8,192 -> 0.205 ms
[708.276s] RecursiveMsdRadixSortWithArraysAndCustomBase(10) (random) size=16,384 -> 0.432 ms
[708.282s] RecursiveMsdRadixSortWithArraysAndCustomBase(10) (random) size=32,768 -> 0.817 ms
[708.288s] RecursiveMsdRadixSortWithArraysAndCustomBase(10) (random) size=65,536 -> 1.589 ms
[708.297s] RecursiveMsdRadixSortWithArraysAndCustomBase(10) (random) size=131,072 -> 3.821 ms
[708.309s] RecursiveMsdRadixSortWithArraysAndCustomBase(10) (random) size=262,144 -> 7.410 ms
[708.329s] RecursiveMsdRadixSortWithArraysAndCustomBase(10) (random) size=524,288 -> 14.738 ms
[708.367s] RecursiveMsdRadixSortWithArraysAndCustomBase(10) (random) size=1,048,576 -> 32.027 ms
[708.436s] RecursiveMsdRadixSortWithArraysAndCustomBase(10) (random) size=2,097,152 -> 62.256 ms
[708.566s] RecursiveMsdRadixSortWithArraysAndCustomBase(10) (random) size=4,194,304 -> 122.380 ms
[708.821s] RecursiveMsdRadixSortWithArraysAndCustomBase(10) (random) size=8,388,608 -> 243.732 ms
[709.399s] RecursiveMsdRadixSortWithArraysAndCustomBase(10) (random) size=16,777,216 -> 560.648 ms
[710.523s] RecursiveMsdRadixSortWithArraysAndCustomBase(10) (random) size=33,554,432 -> 1093.313 ms
[712.756s] RecursiveMsdRadixSortWithArraysAndCustomBase(10) (random) size=67,108,864 -> 2178.182 ms
[712.761s] RecursiveMsdRadixSortWithArraysAndCustomBase(10) (ascending) size=1,024 -> 0.021 ms
[712.766s] RecursiveMsdRadixSortWithArraysAndCustomBase(10) (ascending) size=2,048 -> 0.048 ms
[712.770s] RecursiveMsdRadixSortWithArraysAndCustomBase(10) (ascending) size=4,096 -> 0.077 ms
[712.775s] RecursiveMsdRadixSortWithArraysAndCustomBase(10) (ascending) size=8,192 -> 0.138 ms
[712.780s] RecursiveMsdRadixSortWithArraysAndCustomBase(10) (ascending) size=16,384 -> 0.301 ms
[712.786s] RecursiveMsdRadixSortWithArraysAndCustomBase(10) (ascending) size=32,768 -> 0.598 ms
[712.791s] RecursiveMsdRadixSortWithArraysAndCustomBase(10) (ascending) size=65,536 -> 1.168 ms
[712.799s] RecursiveMsdRadixSortWithArraysAndCustomBase(10) (ascending) size=131,072 -> 2.885 ms
[712.810s] RecursiveMsdRadixSortWithArraysAndCustomBase(10) (ascending) size=262,144 -> 5.799 ms
[712.826s] RecursiveMsdRadixSortWithArraysAndCustomBase(10) (ascending) size=524,288 -> 11.707 ms
[712.856s] RecursiveMsdRadixSortWithArraysAndCustomBase(10) (ascending) size=1,048,576 -> 24.068 ms
[712.910s] RecursiveMsdRadixSortWithArraysAndCustomBase(10) (ascending) size=2,097,152 -> 48.711 ms
[713.011s] RecursiveMsdRadixSortWithArraysAndCustomBase(10) (ascending) size=4,194,304 -> 95.155 ms
[713.207s] RecursiveMsdRadixSortWithArraysAndCustomBase(10) (ascending) size=8,388,608 -> 188.369 ms
[713.656s] RecursiveMsdRadixSortWithArraysAndCustomBase(10) (ascending) size=16,777,216 -> 439.814 ms
[714.550s] RecursiveMsdRadixSortWithArraysAndCustomBase(10) (ascending) size=33,554,432 -> 880.021 ms
[716.335s] RecursiveMsdRadixSortWithArraysAndCustomBase(10) (ascending) size=67,108,864 -> 1762.275 ms
[716.340s] RecursiveMsdRadixSortWithArraysAndCustomBase(10) (descending) size=1,024 -> 0.026 ms
[716.345s] RecursiveMsdRadixSortWithArraysAndCustomBase(10) (descending) size=2,048 -> 0.047 ms
[716.350s] RecursiveMsdRadixSortWithArraysAndCustomBase(10) (descending) size=4,096 -> 0.087 ms
[716.355s] RecursiveMsdRadixSortWithArraysAndCustomBase(10) (descending) size=8,192 -> 0.158 ms
[716.360s] RecursiveMsdRadixSortWithArraysAndCustomBase(10) (descending) size=16,384 -> 0.286 ms
[716.365s] RecursiveMsdRadixSortWithArraysAndCustomBase(10) (descending) size=32,768 -> 0.603 ms
[716.371s] RecursiveMsdRadixSortWithArraysAndCustomBase(10) (descending) size=65,536 -> 1.214 ms
[716.379s] RecursiveMsdRadixSortWithArraysAndCustomBase(10) (descending) size=131,072 -> 3.013 ms
[716.390s] RecursiveMsdRadixSortWithArraysAndCustomBase(10) (descending) size=262,144 -> 6.275 ms
[716.407s] RecursiveMsdRadixSortWithArraysAndCustomBase(10) (descending) size=524,288 -> 12.043 ms
[716.436s] RecursiveMsdRadixSortWithArraysAndCustomBase(10) (descending) size=1,048,576 -> 24.280 ms
[716.491s] RecursiveMsdRadixSortWithArraysAndCustomBase(10) (descending) size=2,097,152 -> 48.942 ms
[716.596s] RecursiveMsdRadixSortWithArraysAndCustomBase(10) (descending) size=4,194,304 -> 99.387 ms
[716.801s] RecursiveMsdRadixSortWithArraysAndCustomBase(10) (descending) size=8,388,608 -> 197.388 ms
[717.275s] RecursiveMsdRadixSortWithArraysAndCustomBase(10) (descending) size=16,777,216 -> 464.290 ms
[718.217s] RecursiveMsdRadixSortWithArraysAndCustomBase(10) (descending) size=33,554,432 -> 928.423 ms
[720.111s] RecursiveMsdRadixSortWithArraysAndCustomBase(10) (descending) size=67,108,864 -> 1871.820 ms
[720.117s] RecursiveMsdRadixSortWithArraysAndCustomBase(1000) (random) size=1,024 -> 0.033 ms
[720.121s] RecursiveMsdRadixSortWithArraysAndCustomBase(1000) (random) size=2,048 -> 0.052 ms
[720.126s] RecursiveMsdRadixSortWithArraysAndCustomBase(1000) (random) size=4,096 -> 0.078 ms
[720.131s] RecursiveMsdRadixSortWithArraysAndCustomBase(1000) (random) size=8,192 -> 0.137 ms
[720.136s] RecursiveMsdRadixSortWithArraysAndCustomBase(1000) (random) size=16,384 -> 0.239 ms
[720.141s] RecursiveMsdRadixSortWithArraysAndCustomBase(1000) (random) size=32,768 -> 0.470 ms
[720.147s] RecursiveMsdRadixSortWithArraysAndCustomBase(1000) (random) size=65,536 -> 0.920 ms
[720.153s] RecursiveMsdRadixSortWithArraysAndCustomBase(1000) (random) size=131,072 -> 1.825 ms
[720.162s] RecursiveMsdRadixSortWithArraysAndCustomBase(1000) (random) size=262,144 -> 3.631 ms
[720.174s] RecursiveMsdRadixSortWithArraysAndCustomBase(1000) (random) size=524,288 -> 7.377 ms
[720.198s] RecursiveMsdRadixSortWithArraysAndCustomBase(1000) (random) size=1,048,576 -> 18.191 ms
[720.240s] RecursiveMsdRadixSortWithArraysAndCustomBase(1000) (random) size=2,097,152 -> 35.170 ms
[720.315s] RecursiveMsdRadixSortWithArraysAndCustomBase(1000) (random) size=4,194,304 -> 67.518 ms
[720.461s] RecursiveMsdRadixSortWithArraysAndCustomBase(1000) (random) size=8,388,608 -> 134.764 ms
[720.748s] RecursiveMsdRadixSortWithArraysAndCustomBase(1000) (random) size=16,777,216 -> 268.939 ms
[721.328s] RecursiveMsdRadixSortWithArraysAndCustomBase(1000) (random) size=33,554,432 -> 550.796 ms
[722.496s] RecursiveMsdRadixSortWithArraysAndCustomBase(1000) (random) size=67,108,864 -> 1113.653 ms
[722.501s] RecursiveMsdRadixSortWithArraysAndCustomBase(1000) (ascending) size=1,024 -> 0.024 ms
[722.506s] RecursiveMsdRadixSortWithArraysAndCustomBase(1000) (ascending) size=2,048 -> 0.033 ms
[722.511s] RecursiveMsdRadixSortWithArraysAndCustomBase(1000) (ascending) size=4,096 -> 0.059 ms
[722.516s] RecursiveMsdRadixSortWithArraysAndCustomBase(1000) (ascending) size=8,192 -> 0.101 ms
[722.520s] RecursiveMsdRadixSortWithArraysAndCustomBase(1000) (ascending) size=16,384 -> 0.166 ms
[722.525s] RecursiveMsdRadixSortWithArraysAndCustomBase(1000) (ascending) size=32,768 -> 0.292 ms
[722.531s] RecursiveMsdRadixSortWithArraysAndCustomBase(1000) (ascending) size=65,536 -> 0.620 ms
[722.537s] RecursiveMsdRadixSortWithArraysAndCustomBase(1000) (ascending) size=131,072 -> 1.207 ms
[722.544s] RecursiveMsdRadixSortWithArraysAndCustomBase(1000) (ascending) size=262,144 -> 2.260 ms
[722.553s] RecursiveMsdRadixSortWithArraysAndCustomBase(1000) (ascending) size=524,288 -> 4.457 ms
[722.569s] RecursiveMsdRadixSortWithArraysAndCustomBase(1000) (ascending) size=1,048,576 -> 10.361 ms
[722.595s] RecursiveMsdRadixSortWithArraysAndCustomBase(1000) (ascending) size=2,097,152 -> 20.458 ms
[722.642s] RecursiveMsdRadixSortWithArraysAndCustomBase(1000) (ascending) size=4,194,304 -> 41.107 ms
[722.730s] RecursiveMsdRadixSortWithArraysAndCustomBase(1000) (ascending) size=8,388,608 -> 81.072 ms
[722.902s] RecursiveMsdRadixSortWithArraysAndCustomBase(1000) (ascending) size=16,777,216 -> 162.392 ms
[723.240s] RecursiveMsdRadixSortWithArraysAndCustomBase(1000) (ascending) size=33,554,432 -> 325.095 ms
[723.913s] RecursiveMsdRadixSortWithArraysAndCustomBase(1000) (ascending) size=67,108,864 -> 651.420 ms
[723.919s] RecursiveMsdRadixSortWithArraysAndCustomBase(1000) (descending) size=1,024 -> 0.024 ms
[723.923s] RecursiveMsdRadixSortWithArraysAndCustomBase(1000) (descending) size=2,048 -> 0.037 ms
[723.928s] RecursiveMsdRadixSortWithArraysAndCustomBase(1000) (descending) size=4,096 -> 0.057 ms
[723.933s] RecursiveMsdRadixSortWithArraysAndCustomBase(1000) (descending) size=8,192 -> 0.096 ms
[723.938s] RecursiveMsdRadixSortWithArraysAndCustomBase(1000) (descending) size=16,384 -> 0.153 ms
[723.943s] RecursiveMsdRadixSortWithArraysAndCustomBase(1000) (descending) size=32,768 -> 0.300 ms
[723.948s] RecursiveMsdRadixSortWithArraysAndCustomBase(1000) (descending) size=65,536 -> 0.565 ms
[723.954s] RecursiveMsdRadixSortWithArraysAndCustomBase(1000) (descending) size=131,072 -> 1.164 ms
[723.961s] RecursiveMsdRadixSortWithArraysAndCustomBase(1000) (descending) size=262,144 -> 2.358 ms
[723.971s] RecursiveMsdRadixSortWithArraysAndCustomBase(1000) (descending) size=524,288 -> 4.698 ms
[723.986s] RecursiveMsdRadixSortWithArraysAndCustomBase(1000) (descending) size=1,048,576 -> 9.986 ms
[724.011s] RecursiveMsdRadixSortWithArraysAndCustomBase(1000) (descending) size=2,097,152 -> 20.195 ms
[724.059s] RecursiveMsdRadixSortWithArraysAndCustomBase(1000) (descending) size=4,194,304 -> 42.203 ms
[724.146s] RecursiveMsdRadixSortWithArraysAndCustomBase(1000) (descending) size=8,388,608 -> 79.743 ms
[724.315s] RecursiveMsdRadixSortWithArraysAndCustomBase(1000) (descending) size=16,777,216 -> 159.276 ms
[724.648s] RecursiveMsdRadixSortWithArraysAndCustomBase(1000) (descending) size=33,554,432 -> 319.404 ms
[725.306s] RecursiveMsdRadixSortWithArraysAndCustomBase(1000) (descending) size=67,108,864 -> 636.915 ms
--- iteration 10 of 10 ---
[725.312s] RadixSortWithDynamicListsAndCustomBase(10) (random) size=1,024 -> 0.030 ms
[725.317s] RadixSortWithDynamicListsAndCustomBase(10) (random) size=2,048 -> 0.052 ms
[725.321s] RadixSortWithDynamicListsAndCustomBase(10) (random) size=4,096 -> 0.078 ms
[725.326s] RadixSortWithDynamicListsAndCustomBase(10) (random) size=8,192 -> 0.135 ms
[725.331s] RadixSortWithDynamicListsAndCustomBase(10) (random) size=16,384 -> 0.309 ms
[725.337s] RadixSortWithDynamicListsAndCustomBase(10) (random) size=32,768 -> 0.593 ms
[725.343s] RadixSortWithDynamicListsAndCustomBase(10) (random) size=65,536 -> 1.180 ms
[725.350s] RadixSortWithDynamicListsAndCustomBase(10) (random) size=131,072 -> 2.834 ms
[725.361s] RadixSortWithDynamicListsAndCustomBase(10) (random) size=262,144 -> 5.550 ms
[725.378s] RadixSortWithDynamicListsAndCustomBase(10) (random) size=524,288 -> 11.823 ms
[725.417s] RadixSortWithDynamicListsAndCustomBase(10) (random) size=1,048,576 -> 32.690 ms
[725.509s] RadixSortWithDynamicListsAndCustomBase(10) (random) size=2,097,152 -> 86.272 ms
[725.688s] RadixSortWithDynamicListsAndCustomBase(10) (random) size=4,194,304 -> 170.175 ms
[726.002s] RadixSortWithDynamicListsAndCustomBase(10) (random) size=8,388,608 -> 303.467 ms
[726.671s] RadixSortWithDynamicListsAndCustomBase(10) (random) size=16,777,216 -> 651.473 ms
[728.013s] RadixSortWithDynamicListsAndCustomBase(10) (random) size=33,554,432 -> 1312.321 ms
[732.538s] RadixSortWithDynamicListsAndCustomBase(10) (random) size=67,108,864 -> 4471.171 ms
[732.544s] RadixSortWithDynamicListsAndCustomBase(10) (ascending) size=1,024 -> 0.026 ms
[732.549s] RadixSortWithDynamicListsAndCustomBase(10) (ascending) size=2,048 -> 0.038 ms
[732.554s] RadixSortWithDynamicListsAndCustomBase(10) (ascending) size=4,096 -> 0.077 ms
[732.558s] RadixSortWithDynamicListsAndCustomBase(10) (ascending) size=8,192 -> 0.127 ms
[732.563s] RadixSortWithDynamicListsAndCustomBase(10) (ascending) size=16,384 -> 0.306 ms
[732.568s] RadixSortWithDynamicListsAndCustomBase(10) (ascending) size=32,768 -> 0.596 ms
[732.574s] RadixSortWithDynamicListsAndCustomBase(10) (ascending) size=65,536 -> 1.248 ms
[732.582s] RadixSortWithDynamicListsAndCustomBase(10) (ascending) size=131,072 -> 2.849 ms
[732.592s] RadixSortWithDynamicListsAndCustomBase(10) (ascending) size=262,144 -> 5.695 ms
[732.609s] RadixSortWithDynamicListsAndCustomBase(10) (ascending) size=524,288 -> 11.651 ms
[732.642s] RadixSortWithDynamicListsAndCustomBase(10) (ascending) size=1,048,576 -> 28.122 ms
[732.709s] RadixSortWithDynamicListsAndCustomBase(10) (ascending) size=2,097,152 -> 61.329 ms
[732.850s] RadixSortWithDynamicListsAndCustomBase(10) (ascending) size=4,194,304 -> 134.954 ms
[733.252s] RadixSortWithDynamicListsAndCustomBase(10) (ascending) size=8,388,608 -> 395.164 ms
[734.436s] RadixSortWithDynamicListsAndCustomBase(10) (ascending) size=16,777,216 -> 1174.453 ms
[736.982s] RadixSortWithDynamicListsAndCustomBase(10) (ascending) size=33,554,432 -> 2531.399 ms
[742.583s] RadixSortWithDynamicListsAndCustomBase(10) (ascending) size=67,108,864 -> 5578.168 ms
[742.588s] RadixSortWithDynamicListsAndCustomBase(10) (descending) size=1,024 -> 0.028 ms
[742.593s] RadixSortWithDynamicListsAndCustomBase(10) (descending) size=2,048 -> 0.047 ms
[742.598s] RadixSortWithDynamicListsAndCustomBase(10) (descending) size=4,096 -> 0.075 ms
[742.602s] RadixSortWithDynamicListsAndCustomBase(10) (descending) size=8,192 -> 0.121 ms
[742.607s] RadixSortWithDynamicListsAndCustomBase(10) (descending) size=16,384 -> 0.298 ms
[742.613s] RadixSortWithDynamicListsAndCustomBase(10) (descending) size=32,768 -> 0.599 ms
[742.618s] RadixSortWithDynamicListsAndCustomBase(10) (descending) size=65,536 -> 1.236 ms
[742.626s] RadixSortWithDynamicListsAndCustomBase(10) (descending) size=131,072 -> 2.810 ms
[742.637s] RadixSortWithDynamicListsAndCustomBase(10) (descending) size=262,144 -> 5.608 ms
[742.653s] RadixSortWithDynamicListsAndCustomBase(10) (descending) size=524,288 -> 11.599 ms
[742.686s] RadixSortWithDynamicListsAndCustomBase(10) (descending) size=1,048,576 -> 27.913 ms
[742.754s] RadixSortWithDynamicListsAndCustomBase(10) (descending) size=2,097,152 -> 62.053 ms
[742.890s] RadixSortWithDynamicListsAndCustomBase(10) (descending) size=4,194,304 -> 129.918 ms
[743.284s] RadixSortWithDynamicListsAndCustomBase(10) (descending) size=8,388,608 -> 386.534 ms
[744.422s] RadixSortWithDynamicListsAndCustomBase(10) (descending) size=16,777,216 -> 1128.764 ms
[747.029s] RadixSortWithDynamicListsAndCustomBase(10) (descending) size=33,554,432 -> 2592.670 ms
[752.592s] RadixSortWithDynamicListsAndCustomBase(10) (descending) size=67,108,864 -> 5540.120 ms
[752.598s] RadixSortWithDynamicListsAndCustomBase(100) (random) size=1,024 -> 0.022 ms
[752.603s] RadixSortWithDynamicListsAndCustomBase(100) (random) size=2,048 -> 0.033 ms
[752.608s] RadixSortWithDynamicListsAndCustomBase(100) (random) size=4,096 -> 0.054 ms
[752.612s] RadixSortWithDynamicListsAndCustomBase(100) (random) size=8,192 -> 0.097 ms
[752.617s] RadixSortWithDynamicListsAndCustomBase(100) (random) size=16,384 -> 0.220 ms
[752.622s] RadixSortWithDynamicListsAndCustomBase(100) (random) size=32,768 -> 0.408 ms
[752.628s] RadixSortWithDynamicListsAndCustomBase(100) (random) size=65,536 -> 0.797 ms
[752.634s] RadixSortWithDynamicListsAndCustomBase(100) (random) size=131,072 -> 1.592 ms
[752.642s] RadixSortWithDynamicListsAndCustomBase(100) (random) size=262,144 -> 3.109 ms
[752.656s] RadixSortWithDynamicListsAndCustomBase(100) (random) size=524,288 -> 8.314 ms
[752.682s] RadixSortWithDynamicListsAndCustomBase(100) (random) size=1,048,576 -> 19.812 ms
[752.734s] RadixSortWithDynamicListsAndCustomBase(100) (random) size=2,097,152 -> 45.973 ms
[752.854s] RadixSortWithDynamicListsAndCustomBase(100) (random) size=4,194,304 -> 110.924 ms
[753.093s] RadixSortWithDynamicListsAndCustomBase(100) (random) size=8,388,608 -> 228.718 ms
[753.587s] RadixSortWithDynamicListsAndCustomBase(100) (random) size=16,777,216 -> 475.922 ms
[754.568s] RadixSortWithDynamicListsAndCustomBase(100) (random) size=33,554,432 -> 950.927 ms
[756.685s] RadixSortWithDynamicListsAndCustomBase(100) (random) size=67,108,864 -> 2062.261 ms
[756.691s] RadixSortWithDynamicListsAndCustomBase(100) (ascending) size=1,024 -> 0.018 ms
[756.695s] RadixSortWithDynamicListsAndCustomBase(100) (ascending) size=2,048 -> 0.024 ms
[756.700s] RadixSortWithDynamicListsAndCustomBase(100) (ascending) size=4,096 -> 0.047 ms
[756.705s] RadixSortWithDynamicListsAndCustomBase(100) (ascending) size=8,192 -> 0.080 ms
[756.709s] RadixSortWithDynamicListsAndCustomBase(100) (ascending) size=16,384 -> 0.189 ms
[756.714s] RadixSortWithDynamicListsAndCustomBase(100) (ascending) size=32,768 -> 0.354 ms
[756.720s] RadixSortWithDynamicListsAndCustomBase(100) (ascending) size=65,536 -> 0.695 ms
[756.726s] RadixSortWithDynamicListsAndCustomBase(100) (ascending) size=131,072 -> 1.432 ms
[756.733s] RadixSortWithDynamicListsAndCustomBase(100) (ascending) size=262,144 -> 2.881 ms
[756.744s] RadixSortWithDynamicListsAndCustomBase(100) (ascending) size=524,288 -> 6.208 ms
[756.766s] RadixSortWithDynamicListsAndCustomBase(100) (ascending) size=1,048,576 -> 16.487 ms
[756.806s] RadixSortWithDynamicListsAndCustomBase(100) (ascending) size=2,097,152 -> 33.875 ms
[756.885s] RadixSortWithDynamicListsAndCustomBase(100) (ascending) size=4,194,304 -> 72.906 ms
[757.058s] RadixSortWithDynamicListsAndCustomBase(100) (ascending) size=8,388,608 -> 166.341 ms
[757.509s] RadixSortWithDynamicListsAndCustomBase(100) (ascending) size=16,777,216 -> 441.936 ms
[758.498s] RadixSortWithDynamicListsAndCustomBase(100) (ascending) size=33,554,432 -> 975.630 ms
[760.864s] RadixSortWithDynamicListsAndCustomBase(100) (ascending) size=67,108,864 -> 2343.498 ms
[760.870s] RadixSortWithDynamicListsAndCustomBase(100) (descending) size=1,024 -> 0.019 ms
[760.874s] RadixSortWithDynamicListsAndCustomBase(100) (descending) size=2,048 -> 0.027 ms
[760.879s] RadixSortWithDynamicListsAndCustomBase(100) (descending) size=4,096 -> 0.039 ms
[760.884s] RadixSortWithDynamicListsAndCustomBase(100) (descending) size=8,192 -> 0.076 ms
[760.888s] RadixSortWithDynamicListsAndCustomBase(100) (descending) size=16,384 -> 0.178 ms
[760.893s] RadixSortWithDynamicListsAndCustomBase(100) (descending) size=32,768 -> 0.340 ms
[760.899s] RadixSortWithDynamicListsAndCustomBase(100) (descending) size=65,536 -> 0.697 ms
[760.905s] RadixSortWithDynamicListsAndCustomBase(100) (descending) size=131,072 -> 1.400 ms
[760.912s] RadixSortWithDynamicListsAndCustomBase(100) (descending) size=262,144 -> 2.872 ms
[760.924s] RadixSortWithDynamicListsAndCustomBase(100) (descending) size=524,288 -> 6.411 ms
[760.946s] RadixSortWithDynamicListsAndCustomBase(100) (descending) size=1,048,576 -> 17.166 ms
[760.986s] RadixSortWithDynamicListsAndCustomBase(100) (descending) size=2,097,152 -> 34.300 ms
[761.065s] RadixSortWithDynamicListsAndCustomBase(100) (descending) size=4,194,304 -> 73.397 ms
[761.238s] RadixSortWithDynamicListsAndCustomBase(100) (descending) size=8,388,608 -> 165.461 ms
[761.690s] RadixSortWithDynamicListsAndCustomBase(100) (descending) size=16,777,216 -> 442.750 ms
[762.725s] RadixSortWithDynamicListsAndCustomBase(100) (descending) size=33,554,432 -> 1021.936 ms
[765.015s] RadixSortWithDynamicListsAndCustomBase(100) (descending) size=67,108,864 -> 2266.539 ms
[765.020s] RadixSortWithArraysAndCustomBase(10) (random) size=1,024 -> 0.020 ms
[765.025s] RadixSortWithArraysAndCustomBase(10) (random) size=2,048 -> 0.038 ms
[765.029s] RadixSortWithArraysAndCustomBase(10) (random) size=4,096 -> 0.057 ms
[765.034s] RadixSortWithArraysAndCustomBase(10) (random) size=8,192 -> 0.086 ms
[765.039s] RadixSortWithArraysAndCustomBase(10) (random) size=16,384 -> 0.202 ms
[765.044s] RadixSortWithArraysAndCustomBase(10) (random) size=32,768 -> 0.361 ms
[765.049s] RadixSortWithArraysAndCustomBase(10) (random) size=65,536 -> 0.706 ms
[765.055s] RadixSortWithArraysAndCustomBase(10) (random) size=131,072 -> 1.816 ms
[765.064s] RadixSortWithArraysAndCustomBase(10) (random) size=262,144 -> 3.496 ms
[765.076s] RadixSortWithArraysAndCustomBase(10) (random) size=524,288 -> 6.883 ms
[765.097s] RadixSortWithArraysAndCustomBase(10) (random) size=1,048,576 -> 16.119 ms
[765.137s] RadixSortWithArraysAndCustomBase(10) (random) size=2,097,152 -> 32.926 ms
[765.209s] RadixSortWithArraysAndCustomBase(10) (random) size=4,194,304 -> 64.007 ms
[765.347s] RadixSortWithArraysAndCustomBase(10) (random) size=8,388,608 -> 126.772 ms
[765.675s] RadixSortWithArraysAndCustomBase(10) (random) size=16,777,216 -> 310.587 ms
[766.305s] RadixSortWithArraysAndCustomBase(10) (random) size=33,554,432 -> 600.499 ms
[767.561s] RadixSortWithArraysAndCustomBase(10) (random) size=67,108,864 -> 1201.869 ms
[767.567s] RadixSortWithArraysAndCustomBase(10) (ascending) size=1,024 -> 0.019 ms
[767.571s] RadixSortWithArraysAndCustomBase(10) (ascending) size=2,048 -> 0.029 ms
[767.576s] RadixSortWithArraysAndCustomBase(10) (ascending) size=4,096 -> 0.051 ms
[767.581s] RadixSortWithArraysAndCustomBase(10) (ascending) size=8,192 -> 0.085 ms
[767.586s] RadixSortWithArraysAndCustomBase(10) (ascending) size=16,384 -> 0.189 ms
[767.591s] RadixSortWithArraysAndCustomBase(10) (ascending) size=32,768 -> 0.351 ms
[767.596s] RadixSortWithArraysAndCustomBase(10) (ascending) size=65,536 -> 0.706 ms
[767.603s] RadixSortWithArraysAndCustomBase(10) (ascending) size=131,072 -> 1.707 ms
[767.611s] RadixSortWithArraysAndCustomBase(10) (ascending) size=262,144 -> 3.278 ms
[767.623s] RadixSortWithArraysAndCustomBase(10) (ascending) size=524,288 -> 6.641 ms
[767.643s] RadixSortWithArraysAndCustomBase(10) (ascending) size=1,048,576 -> 15.555 ms
[767.680s] RadixSortWithArraysAndCustomBase(10) (ascending) size=2,097,152 -> 30.920 ms
[767.748s] RadixSortWithArraysAndCustomBase(10) (ascending) size=4,194,304 -> 61.803 ms
[767.880s] RadixSortWithArraysAndCustomBase(10) (ascending) size=8,388,608 -> 125.046 ms
[768.186s] RadixSortWithArraysAndCustomBase(10) (ascending) size=16,777,216 -> 296.448 ms
[768.796s] RadixSortWithArraysAndCustomBase(10) (ascending) size=33,554,432 -> 595.692 ms
[770.021s] RadixSortWithArraysAndCustomBase(10) (ascending) size=67,108,864 -> 1203.281 ms
[770.026s] RadixSortWithArraysAndCustomBase(10) (descending) size=1,024 -> 0.017 ms
[770.031s] RadixSortWithArraysAndCustomBase(10) (descending) size=2,048 -> 0.030 ms
[770.036s] RadixSortWithArraysAndCustomBase(10) (descending) size=4,096 -> 0.049 ms
[770.040s] RadixSortWithArraysAndCustomBase(10) (descending) size=8,192 -> 0.084 ms
[770.045s] RadixSortWithArraysAndCustomBase(10) (descending) size=16,384 -> 0.183 ms
[770.050s] RadixSortWithArraysAndCustomBase(10) (descending) size=32,768 -> 0.350 ms
[770.056s] RadixSortWithArraysAndCustomBase(10) (descending) size=65,536 -> 0.682 ms
[770.062s] RadixSortWithArraysAndCustomBase(10) (descending) size=131,072 -> 1.679 ms
[770.070s] RadixSortWithArraysAndCustomBase(10) (descending) size=262,144 -> 3.214 ms
[770.082s] RadixSortWithArraysAndCustomBase(10) (descending) size=524,288 -> 6.675 ms
[770.102s] RadixSortWithArraysAndCustomBase(10) (descending) size=1,048,576 -> 15.527 ms
[770.138s] RadixSortWithArraysAndCustomBase(10) (descending) size=2,097,152 -> 30.529 ms
[770.206s] RadixSortWithArraysAndCustomBase(10) (descending) size=4,194,304 -> 61.081 ms
[770.336s] RadixSortWithArraysAndCustomBase(10) (descending) size=8,388,608 -> 123.239 ms
[770.639s] RadixSortWithArraysAndCustomBase(10) (descending) size=16,777,216 -> 293.449 ms
[771.241s] RadixSortWithArraysAndCustomBase(10) (descending) size=33,554,432 -> 588.674 ms
[772.454s] RadixSortWithArraysAndCustomBase(10) (descending) size=67,108,864 -> 1191.260 ms
[772.459s] RadixSortWithArraysAndCustomBase(100) (random) size=1,024 -> 0.016 ms
[772.464s] RadixSortWithArraysAndCustomBase(100) (random) size=2,048 -> 0.023 ms
[772.469s] RadixSortWithArraysAndCustomBase(100) (random) size=4,096 -> 0.035 ms
[772.474s] RadixSortWithArraysAndCustomBase(100) (random) size=8,192 -> 0.056 ms
[772.479s] RadixSortWithArraysAndCustomBase(100) (random) size=16,384 -> 0.138 ms
[772.484s] RadixSortWithArraysAndCustomBase(100) (random) size=32,768 -> 0.233 ms
[772.489s] RadixSortWithArraysAndCustomBase(100) (random) size=65,536 -> 0.434 ms
[772.495s] RadixSortWithArraysAndCustomBase(100) (random) size=131,072 -> 0.881 ms
[772.501s] RadixSortWithArraysAndCustomBase(100) (random) size=262,144 -> 1.674 ms
[772.510s] RadixSortWithArraysAndCustomBase(100) (random) size=524,288 -> 3.335 ms
[772.525s] RadixSortWithArraysAndCustomBase(100) (random) size=1,048,576 -> 9.304 ms
[772.551s] RadixSortWithArraysAndCustomBase(100) (random) size=2,097,152 -> 19.545 ms
[772.595s] RadixSortWithArraysAndCustomBase(100) (random) size=4,194,304 -> 36.374 ms
[772.678s] RadixSortWithArraysAndCustomBase(100) (random) size=8,388,608 -> 72.030 ms
[772.839s] RadixSortWithArraysAndCustomBase(100) (random) size=16,777,216 -> 143.651 ms
[773.167s] RadixSortWithArraysAndCustomBase(100) (random) size=33,554,432 -> 298.354 ms
[773.913s] RadixSortWithArraysAndCustomBase(100) (random) size=67,108,864 -> 691.159 ms
[773.918s] RadixSortWithArraysAndCustomBase(100) (ascending) size=1,024 -> 0.013 ms
[773.923s] RadixSortWithArraysAndCustomBase(100) (ascending) size=2,048 -> 0.019 ms
[773.927s] RadixSortWithArraysAndCustomBase(100) (ascending) size=4,096 -> 0.031 ms
[773.932s] RadixSortWithArraysAndCustomBase(100) (ascending) size=8,192 -> 0.053 ms
[773.937s] RadixSortWithArraysAndCustomBase(100) (ascending) size=16,384 -> 0.126 ms
[773.942s] RadixSortWithArraysAndCustomBase(100) (ascending) size=32,768 -> 0.231 ms
[773.947s] RadixSortWithArraysAndCustomBase(100) (ascending) size=65,536 -> 0.444 ms
[773.952s] RadixSortWithArraysAndCustomBase(100) (ascending) size=131,072 -> 0.868 ms
[773.959s] RadixSortWithArraysAndCustomBase(100) (ascending) size=262,144 -> 1.713 ms
[773.967s] RadixSortWithArraysAndCustomBase(100) (ascending) size=524,288 -> 3.449 ms
[773.982s] RadixSortWithArraysAndCustomBase(100) (ascending) size=1,048,576 -> 9.380 ms
[774.005s] RadixSortWithArraysAndCustomBase(100) (ascending) size=2,097,152 -> 18.049 ms
[774.048s] RadixSortWithArraysAndCustomBase(100) (ascending) size=4,194,304 -> 36.382 ms
[774.127s] RadixSortWithArraysAndCustomBase(100) (ascending) size=8,388,608 -> 72.327 ms
[774.315s] RadixSortWithArraysAndCustomBase(100) (ascending) size=16,777,216 -> 178.331 ms
[774.766s] RadixSortWithArraysAndCustomBase(100) (ascending) size=33,554,432 -> 437.913 ms
[775.789s] RadixSortWithArraysAndCustomBase(100) (ascending) size=67,108,864 -> 1000.488 ms
[775.794s] RadixSortWithArraysAndCustomBase(100) (descending) size=1,024 -> 0.012 ms
[775.799s] RadixSortWithArraysAndCustomBase(100) (descending) size=2,048 -> 0.018 ms
[775.804s] RadixSortWithArraysAndCustomBase(100) (descending) size=4,096 -> 0.032 ms
[775.809s] RadixSortWithArraysAndCustomBase(100) (descending) size=8,192 -> 0.055 ms
[775.813s] RadixSortWithArraysAndCustomBase(100) (descending) size=16,384 -> 0.127 ms
[775.819s] RadixSortWithArraysAndCustomBase(100) (descending) size=32,768 -> 0.231 ms
[775.824s] RadixSortWithArraysAndCustomBase(100) (descending) size=65,536 -> 0.431 ms
[775.829s] RadixSortWithArraysAndCustomBase(100) (descending) size=131,072 -> 0.842 ms
[775.836s] RadixSortWithArraysAndCustomBase(100) (descending) size=262,144 -> 1.657 ms
[775.844s] RadixSortWithArraysAndCustomBase(100) (descending) size=524,288 -> 3.408 ms
[775.858s] RadixSortWithArraysAndCustomBase(100) (descending) size=1,048,576 -> 9.289 ms
[775.882s] RadixSortWithArraysAndCustomBase(100) (descending) size=2,097,152 -> 17.780 ms
[775.924s] RadixSortWithArraysAndCustomBase(100) (descending) size=4,194,304 -> 36.067 ms
[776.003s] RadixSortWithArraysAndCustomBase(100) (descending) size=8,388,608 -> 71.806 ms
[776.187s] RadixSortWithArraysAndCustomBase(100) (descending) size=16,777,216 -> 174.797 ms
[776.633s] RadixSortWithArraysAndCustomBase(100) (descending) size=33,554,432 -> 432.520 ms
[777.644s] RadixSortWithArraysAndCustomBase(100) (descending) size=67,108,864 -> 989.090 ms
[777.649s] RadixSortWithCountingSortAndCustomBase(10) (random) size=1,024 -> 0.018 ms
[777.654s] RadixSortWithCountingSortAndCustomBase(10) (random) size=2,048 -> 0.026 ms
[777.659s] RadixSortWithCountingSortAndCustomBase(10) (random) size=4,096 -> 0.041 ms
[777.663s] RadixSortWithCountingSortAndCustomBase(10) (random) size=8,192 -> 0.072 ms
[777.668s] RadixSortWithCountingSortAndCustomBase(10) (random) size=16,384 -> 0.177 ms
[777.673s] RadixSortWithCountingSortAndCustomBase(10) (random) size=32,768 -> 0.313 ms
[777.679s] RadixSortWithCountingSortAndCustomBase(10) (random) size=65,536 -> 0.614 ms
[777.685s] RadixSortWithCountingSortAndCustomBase(10) (random) size=131,072 -> 1.536 ms
[777.693s] RadixSortWithCountingSortAndCustomBase(10) (random) size=262,144 -> 3.048 ms
[777.704s] RadixSortWithCountingSortAndCustomBase(10) (random) size=524,288 -> 6.034 ms
[777.724s] RadixSortWithCountingSortAndCustomBase(10) (random) size=1,048,576 -> 14.536 ms
[777.760s] RadixSortWithCountingSortAndCustomBase(10) (random) size=2,097,152 -> 29.071 ms
[777.823s] RadixSortWithCountingSortAndCustomBase(10) (random) size=4,194,304 -> 55.352 ms
[777.944s] RadixSortWithCountingSortAndCustomBase(10) (random) size=8,388,608 -> 110.127 ms
[778.224s] RadixSortWithCountingSortAndCustomBase(10) (random) size=16,777,216 -> 262.273 ms
[778.759s] RadixSortWithCountingSortAndCustomBase(10) (random) size=33,554,432 -> 505.216 ms
[779.823s] RadixSortWithCountingSortAndCustomBase(10) (random) size=67,108,864 -> 1010.252 ms
[779.828s] RadixSortWithCountingSortAndCustomBase(10) (ascending) size=1,024 -> 0.016 ms
[779.833s] RadixSortWithCountingSortAndCustomBase(10) (ascending) size=2,048 -> 0.025 ms
[779.838s] RadixSortWithCountingSortAndCustomBase(10) (ascending) size=4,096 -> 0.043 ms
[779.842s] RadixSortWithCountingSortAndCustomBase(10) (ascending) size=8,192 -> 0.078 ms
[779.847s] RadixSortWithCountingSortAndCustomBase(10) (ascending) size=16,384 -> 0.174 ms
[779.852s] RadixSortWithCountingSortAndCustomBase(10) (ascending) size=32,768 -> 0.330 ms
[779.858s] RadixSortWithCountingSortAndCustomBase(10) (ascending) size=65,536 -> 0.627 ms
[779.864s] RadixSortWithCountingSortAndCustomBase(10) (ascending) size=131,072 -> 1.512 ms
[779.872s] RadixSortWithCountingSortAndCustomBase(10) (ascending) size=262,144 -> 2.920 ms
[779.883s] RadixSortWithCountingSortAndCustomBase(10) (ascending) size=524,288 -> 5.956 ms
[779.902s] RadixSortWithCountingSortAndCustomBase(10) (ascending) size=1,048,576 -> 14.032 ms
[779.935s] RadixSortWithCountingSortAndCustomBase(10) (ascending) size=2,097,152 -> 27.730 ms
[779.996s] RadixSortWithCountingSortAndCustomBase(10) (ascending) size=4,194,304 -> 55.155 ms
[780.114s] RadixSortWithCountingSortAndCustomBase(10) (ascending) size=8,388,608 -> 110.841 ms
[780.375s] RadixSortWithCountingSortAndCustomBase(10) (ascending) size=16,777,216 -> 252.276 ms
[780.895s] RadixSortWithCountingSortAndCustomBase(10) (ascending) size=33,554,432 -> 505.510 ms
[781.926s] RadixSortWithCountingSortAndCustomBase(10) (ascending) size=67,108,864 -> 1009.564 ms
[781.931s] RadixSortWithCountingSortAndCustomBase(10) (descending) size=1,024 -> 0.016 ms
[781.936s] RadixSortWithCountingSortAndCustomBase(10) (descending) size=2,048 -> 0.025 ms
[781.941s] RadixSortWithCountingSortAndCustomBase(10) (descending) size=4,096 -> 0.044 ms
[781.945s] RadixSortWithCountingSortAndCustomBase(10) (descending) size=8,192 -> 0.077 ms
[781.950s] RadixSortWithCountingSortAndCustomBase(10) (descending) size=16,384 -> 0.168 ms
[781.955s] RadixSortWithCountingSortAndCustomBase(10) (descending) size=32,768 -> 0.318 ms
[781.960s] RadixSortWithCountingSortAndCustomBase(10) (descending) size=65,536 -> 0.631 ms
[781.967s] RadixSortWithCountingSortAndCustomBase(10) (descending) size=131,072 -> 1.501 ms
[781.974s] RadixSortWithCountingSortAndCustomBase(10) (descending) size=262,144 -> 2.887 ms
[781.985s] RadixSortWithCountingSortAndCustomBase(10) (descending) size=524,288 -> 5.786 ms
[782.004s] RadixSortWithCountingSortAndCustomBase(10) (descending) size=1,048,576 -> 13.874 ms
[782.036s] RadixSortWithCountingSortAndCustomBase(10) (descending) size=2,097,152 -> 27.283 ms
[782.097s] RadixSortWithCountingSortAndCustomBase(10) (descending) size=4,194,304 -> 54.607 ms
[782.213s] RadixSortWithCountingSortAndCustomBase(10) (descending) size=8,388,608 -> 109.147 ms
[782.473s] RadixSortWithCountingSortAndCustomBase(10) (descending) size=16,777,216 -> 250.099 ms
[782.986s] RadixSortWithCountingSortAndCustomBase(10) (descending) size=33,554,432 -> 499.206 ms
[784.011s] RadixSortWithCountingSortAndCustomBase(10) (descending) size=67,108,864 -> 1003.195 ms
[784.016s] RadixSortWithCountingSortAndCustomBase(100) (random) size=1,024 -> 0.011 ms
[784.020s] RadixSortWithCountingSortAndCustomBase(100) (random) size=2,048 -> 0.016 ms
[784.025s] RadixSortWithCountingSortAndCustomBase(100) (random) size=4,096 -> 0.026 ms
[784.030s] RadixSortWithCountingSortAndCustomBase(100) (random) size=8,192 -> 0.047 ms
[784.035s] RadixSortWithCountingSortAndCustomBase(100) (random) size=16,384 -> 0.122 ms
[784.039s] RadixSortWithCountingSortAndCustomBase(100) (random) size=32,768 -> 0.202 ms
[784.045s] RadixSortWithCountingSortAndCustomBase(100) (random) size=65,536 -> 0.386 ms
[784.050s] RadixSortWithCountingSortAndCustomBase(100) (random) size=131,072 -> 0.746 ms
[784.057s] RadixSortWithCountingSortAndCustomBase(100) (random) size=262,144 -> 1.476 ms
[784.065s] RadixSortWithCountingSortAndCustomBase(100) (random) size=524,288 -> 3.000 ms
[784.079s] RadixSortWithCountingSortAndCustomBase(100) (random) size=1,048,576 -> 8.539 ms
[784.103s] RadixSortWithCountingSortAndCustomBase(100) (random) size=2,097,152 -> 17.321 ms
[784.143s] RadixSortWithCountingSortAndCustomBase(100) (random) size=4,194,304 -> 31.773 ms
[784.217s] RadixSortWithCountingSortAndCustomBase(100) (random) size=8,388,608 -> 63.376 ms
[784.362s] RadixSortWithCountingSortAndCustomBase(100) (random) size=16,777,216 -> 127.246 ms
[784.646s] RadixSortWithCountingSortAndCustomBase(100) (random) size=33,554,432 -> 254.671 ms
[785.218s] RadixSortWithCountingSortAndCustomBase(100) (random) size=67,108,864 -> 517.874 ms
[785.224s] RadixSortWithCountingSortAndCustomBase(100) (ascending) size=1,024 -> 0.011 ms
[785.228s] RadixSortWithCountingSortAndCustomBase(100) (ascending) size=2,048 -> 0.017 ms
[785.233s] RadixSortWithCountingSortAndCustomBase(100) (ascending) size=4,096 -> 0.027 ms
[785.238s] RadixSortWithCountingSortAndCustomBase(100) (ascending) size=8,192 -> 0.047 ms
[785.243s] RadixSortWithCountingSortAndCustomBase(100) (ascending) size=16,384 -> 0.113 ms
[785.248s] RadixSortWithCountingSortAndCustomBase(100) (ascending) size=32,768 -> 0.207 ms
[785.253s] RadixSortWithCountingSortAndCustomBase(100) (ascending) size=65,536 -> 0.393 ms
[785.258s] RadixSortWithCountingSortAndCustomBase(100) (ascending) size=131,072 -> 0.762 ms
[785.265s] RadixSortWithCountingSortAndCustomBase(100) (ascending) size=262,144 -> 1.514 ms
[785.273s] RadixSortWithCountingSortAndCustomBase(100) (ascending) size=524,288 -> 3.021 ms
[785.286s] RadixSortWithCountingSortAndCustomBase(100) (ascending) size=1,048,576 -> 8.285 ms
[785.308s] RadixSortWithCountingSortAndCustomBase(100) (ascending) size=2,097,152 -> 16.296 ms
[785.347s] RadixSortWithCountingSortAndCustomBase(100) (ascending) size=4,194,304 -> 32.943 ms
[785.419s] RadixSortWithCountingSortAndCustomBase(100) (ascending) size=8,388,608 -> 65.055 ms
[785.559s] RadixSortWithCountingSortAndCustomBase(100) (ascending) size=16,777,216 -> 131.373 ms
[785.837s] RadixSortWithCountingSortAndCustomBase(100) (ascending) size=33,554,432 -> 264.341 ms
[786.398s] RadixSortWithCountingSortAndCustomBase(100) (ascending) size=67,108,864 -> 539.332 ms
[786.403s] RadixSortWithCountingSortAndCustomBase(100) (descending) size=1,024 -> 0.012 ms
[786.408s] RadixSortWithCountingSortAndCustomBase(100) (descending) size=2,048 -> 0.015 ms
[786.413s] RadixSortWithCountingSortAndCustomBase(100) (descending) size=4,096 -> 0.025 ms
[786.417s] RadixSortWithCountingSortAndCustomBase(100) (descending) size=8,192 -> 0.047 ms
[786.422s] RadixSortWithCountingSortAndCustomBase(100) (descending) size=16,384 -> 0.112 ms
[786.427s] RadixSortWithCountingSortAndCustomBase(100) (descending) size=32,768 -> 0.214 ms
[786.432s] RadixSortWithCountingSortAndCustomBase(100) (descending) size=65,536 -> 0.384 ms
[786.437s] RadixSortWithCountingSortAndCustomBase(100) (descending) size=131,072 -> 0.746 ms
[786.444s] RadixSortWithCountingSortAndCustomBase(100) (descending) size=262,144 -> 1.466 ms
[786.452s] RadixSortWithCountingSortAndCustomBase(100) (descending) size=524,288 -> 2.985 ms
[786.465s] RadixSortWithCountingSortAndCustomBase(100) (descending) size=1,048,576 -> 8.130 ms
[786.487s] RadixSortWithCountingSortAndCustomBase(100) (descending) size=2,097,152 -> 16.221 ms
[786.525s] RadixSortWithCountingSortAndCustomBase(100) (descending) size=4,194,304 -> 32.587 ms
[786.596s] RadixSortWithCountingSortAndCustomBase(100) (descending) size=8,388,608 -> 64.331 ms
[786.735s] RadixSortWithCountingSortAndCustomBase(100) (descending) size=16,777,216 -> 129.531 ms
[787.009s] RadixSortWithCountingSortAndCustomBase(100) (descending) size=33,554,432 -> 260.093 ms
[787.555s] RadixSortWithCountingSortAndCustomBase(100) (descending) size=67,108,864 -> 524.228 ms
[787.560s] RecursiveMsdRadixSortWithArraysAndCustomBase(10) (random) size=1,024 -> 0.034 ms
[787.564s] RecursiveMsdRadixSortWithArraysAndCustomBase(10) (random) size=2,048 -> 0.065 ms
[787.569s] RecursiveMsdRadixSortWithArraysAndCustomBase(10) (random) size=4,096 -> 0.111 ms
[787.574s] RecursiveMsdRadixSortWithArraysAndCustomBase(10) (random) size=8,192 -> 0.204 ms
[787.579s] RecursiveMsdRadixSortWithArraysAndCustomBase(10) (random) size=16,384 -> 0.423 ms
[787.585s] RecursiveMsdRadixSortWithArraysAndCustomBase(10) (random) size=32,768 -> 0.805 ms
[787.591s] RecursiveMsdRadixSortWithArraysAndCustomBase(10) (random) size=65,536 -> 1.572 ms
[787.600s] RecursiveMsdRadixSortWithArraysAndCustomBase(10) (random) size=131,072 -> 3.751 ms
[787.612s] RecursiveMsdRadixSortWithArraysAndCustomBase(10) (random) size=262,144 -> 7.407 ms
[787.632s] RecursiveMsdRadixSortWithArraysAndCustomBase(10) (random) size=524,288 -> 14.692 ms
[787.670s] RecursiveMsdRadixSortWithArraysAndCustomBase(10) (random) size=1,048,576 -> 31.799 ms
[787.739s] RecursiveMsdRadixSortWithArraysAndCustomBase(10) (random) size=2,097,152 -> 62.523 ms
[787.870s] RecursiveMsdRadixSortWithArraysAndCustomBase(10) (random) size=4,194,304 -> 122.538 ms
[788.126s] RecursiveMsdRadixSortWithArraysAndCustomBase(10) (random) size=8,388,608 -> 244.626 ms
[788.703s] RecursiveMsdRadixSortWithArraysAndCustomBase(10) (random) size=16,777,216 -> 559.133 ms
[789.822s] RecursiveMsdRadixSortWithArraysAndCustomBase(10) (random) size=33,554,432 -> 1089.662 ms
[792.057s] RecursiveMsdRadixSortWithArraysAndCustomBase(10) (random) size=67,108,864 -> 2180.569 ms
[792.063s] RecursiveMsdRadixSortWithArraysAndCustomBase(10) (ascending) size=1,024 -> 0.025 ms
[792.068s] RecursiveMsdRadixSortWithArraysAndCustomBase(10) (ascending) size=2,048 -> 0.048 ms
[792.073s] RecursiveMsdRadixSortWithArraysAndCustomBase(10) (ascending) size=4,096 -> 0.082 ms
[792.078s] RecursiveMsdRadixSortWithArraysAndCustomBase(10) (ascending) size=8,192 -> 0.142 ms
[792.083s] RecursiveMsdRadixSortWithArraysAndCustomBase(10) (ascending) size=16,384 -> 0.285 ms
[792.088s] RecursiveMsdRadixSortWithArraysAndCustomBase(10) (ascending) size=32,768 -> 0.591 ms
[792.094s] RecursiveMsdRadixSortWithArraysAndCustomBase(10) (ascending) size=65,536 -> 1.172 ms
[792.101s] RecursiveMsdRadixSortWithArraysAndCustomBase(10) (ascending) size=131,072 -> 2.684 ms
[792.112s] RecursiveMsdRadixSortWithArraysAndCustomBase(10) (ascending) size=262,144 -> 5.795 ms
[792.129s] RecursiveMsdRadixSortWithArraysAndCustomBase(10) (ascending) size=524,288 -> 11.982 ms
[792.158s] RecursiveMsdRadixSortWithArraysAndCustomBase(10) (ascending) size=1,048,576 -> 23.883 ms
[792.210s] RecursiveMsdRadixSortWithArraysAndCustomBase(10) (ascending) size=2,097,152 -> 46.947 ms
[792.311s] RecursiveMsdRadixSortWithArraysAndCustomBase(10) (ascending) size=4,194,304 -> 94.810 ms
[792.506s] RecursiveMsdRadixSortWithArraysAndCustomBase(10) (ascending) size=8,388,608 -> 187.978 ms
[792.956s] RecursiveMsdRadixSortWithArraysAndCustomBase(10) (ascending) size=16,777,216 -> 440.014 ms
[793.850s] RecursiveMsdRadixSortWithArraysAndCustomBase(10) (ascending) size=33,554,432 -> 880.694 ms
[795.636s] RecursiveMsdRadixSortWithArraysAndCustomBase(10) (ascending) size=67,108,864 -> 1763.170 ms
[795.641s] RecursiveMsdRadixSortWithArraysAndCustomBase(10) (descending) size=1,024 -> 0.023 ms
[795.646s] RecursiveMsdRadixSortWithArraysAndCustomBase(10) (descending) size=2,048 -> 0.049 ms
[795.651s] RecursiveMsdRadixSortWithArraysAndCustomBase(10) (descending) size=4,096 -> 0.084 ms
[795.656s] RecursiveMsdRadixSortWithArraysAndCustomBase(10) (descending) size=8,192 -> 0.153 ms
[795.661s] RecursiveMsdRadixSortWithArraysAndCustomBase(10) (descending) size=16,384 -> 0.324 ms
[795.666s] RecursiveMsdRadixSortWithArraysAndCustomBase(10) (descending) size=32,768 -> 0.593 ms
[795.672s] RecursiveMsdRadixSortWithArraysAndCustomBase(10) (descending) size=65,536 -> 1.166 ms
[795.680s] RecursiveMsdRadixSortWithArraysAndCustomBase(10) (descending) size=131,072 -> 2.882 ms
[795.691s] RecursiveMsdRadixSortWithArraysAndCustomBase(10) (descending) size=262,144 -> 6.427 ms
[795.708s] RecursiveMsdRadixSortWithArraysAndCustomBase(10) (descending) size=524,288 -> 12.550 ms
[795.738s] RecursiveMsdRadixSortWithArraysAndCustomBase(10) (descending) size=1,048,576 -> 24.129 ms
[795.792s] RecursiveMsdRadixSortWithArraysAndCustomBase(10) (descending) size=2,097,152 -> 48.459 ms
[795.895s] RecursiveMsdRadixSortWithArraysAndCustomBase(10) (descending) size=4,194,304 -> 97.686 ms
[796.099s] RecursiveMsdRadixSortWithArraysAndCustomBase(10) (descending) size=8,388,608 -> 196.921 ms
[796.572s] RecursiveMsdRadixSortWithArraysAndCustomBase(10) (descending) size=16,777,216 -> 463.490 ms
[797.517s] RecursiveMsdRadixSortWithArraysAndCustomBase(10) (descending) size=33,554,432 -> 931.294 ms
[799.395s] RecursiveMsdRadixSortWithArraysAndCustomBase(10) (descending) size=67,108,864 -> 1855.067 ms
[799.400s] RecursiveMsdRadixSortWithArraysAndCustomBase(1000) (random) size=1,024 -> 0.033 ms
[799.405s] RecursiveMsdRadixSortWithArraysAndCustomBase(1000) (random) size=2,048 -> 0.053 ms
[799.410s] RecursiveMsdRadixSortWithArraysAndCustomBase(1000) (random) size=4,096 -> 0.078 ms
[799.415s] RecursiveMsdRadixSortWithArraysAndCustomBase(1000) (random) size=8,192 -> 0.129 ms
[799.420s] RecursiveMsdRadixSortWithArraysAndCustomBase(1000) (random) size=16,384 -> 0.246 ms
[799.425s] RecursiveMsdRadixSortWithArraysAndCustomBase(1000) (random) size=32,768 -> 0.472 ms
[799.431s] RecursiveMsdRadixSortWithArraysAndCustomBase(1000) (random) size=65,536 -> 0.914 ms
[799.437s] RecursiveMsdRadixSortWithArraysAndCustomBase(1000) (random) size=131,072 -> 1.844 ms
[799.446s] RecursiveMsdRadixSortWithArraysAndCustomBase(1000) (random) size=262,144 -> 3.628 ms
[799.458s] RecursiveMsdRadixSortWithArraysAndCustomBase(1000) (random) size=524,288 -> 7.269 ms
[799.482s] RecursiveMsdRadixSortWithArraysAndCustomBase(1000) (random) size=1,048,576 -> 18.173 ms
[799.524s] RecursiveMsdRadixSortWithArraysAndCustomBase(1000) (random) size=2,097,152 -> 34.955 ms
[799.599s] RecursiveMsdRadixSortWithArraysAndCustomBase(1000) (random) size=4,194,304 -> 67.630 ms
[799.745s] RecursiveMsdRadixSortWithArraysAndCustomBase(1000) (random) size=8,388,608 -> 134.403 ms
[800.030s] RecursiveMsdRadixSortWithArraysAndCustomBase(1000) (random) size=16,777,216 -> 268.340 ms
[800.599s] RecursiveMsdRadixSortWithArraysAndCustomBase(1000) (random) size=33,554,432 -> 539.313 ms
[801.760s] RecursiveMsdRadixSortWithArraysAndCustomBase(1000) (random) size=67,108,864 -> 1106.402 ms
[801.765s] RecursiveMsdRadixSortWithArraysAndCustomBase(1000) (ascending) size=1,024 -> 0.021 ms
[801.770s] RecursiveMsdRadixSortWithArraysAndCustomBase(1000) (ascending) size=2,048 -> 0.035 ms
[801.774s] RecursiveMsdRadixSortWithArraysAndCustomBase(1000) (ascending) size=4,096 -> 0.060 ms
[801.779s] RecursiveMsdRadixSortWithArraysAndCustomBase(1000) (ascending) size=8,192 -> 0.094 ms
[801.784s] RecursiveMsdRadixSortWithArraysAndCustomBase(1000) (ascending) size=16,384 -> 0.158 ms
[801.789s] RecursiveMsdRadixSortWithArraysAndCustomBase(1000) (ascending) size=32,768 -> 0.312 ms
[801.794s] RecursiveMsdRadixSortWithArraysAndCustomBase(1000) (ascending) size=65,536 -> 0.616 ms
[801.800s] RecursiveMsdRadixSortWithArraysAndCustomBase(1000) (ascending) size=131,072 -> 1.206 ms
[801.808s] RecursiveMsdRadixSortWithArraysAndCustomBase(1000) (ascending) size=262,144 -> 2.378 ms
[801.817s] RecursiveMsdRadixSortWithArraysAndCustomBase(1000) (ascending) size=524,288 -> 4.497 ms
[801.833s] RecursiveMsdRadixSortWithArraysAndCustomBase(1000) (ascending) size=1,048,576 -> 10.954 ms
[801.859s] RecursiveMsdRadixSortWithArraysAndCustomBase(1000) (ascending) size=2,097,152 -> 20.408 ms
[801.906s] RecursiveMsdRadixSortWithArraysAndCustomBase(1000) (ascending) size=4,194,304 -> 40.958 ms
[801.994s] RecursiveMsdRadixSortWithArraysAndCustomBase(1000) (ascending) size=8,388,608 -> 81.384 ms
[802.166s] RecursiveMsdRadixSortWithArraysAndCustomBase(1000) (ascending) size=16,777,216 -> 162.865 ms
[802.506s] RecursiveMsdRadixSortWithArraysAndCustomBase(1000) (ascending) size=33,554,432 -> 326.541 ms
[803.180s] RecursiveMsdRadixSortWithArraysAndCustomBase(1000) (ascending) size=67,108,864 -> 652.036 ms
[803.186s] RecursiveMsdRadixSortWithArraysAndCustomBase(1000) (descending) size=1,024 -> 0.024 ms
[803.190s] RecursiveMsdRadixSortWithArraysAndCustomBase(1000) (descending) size=2,048 -> 0.036 ms
[803.195s] RecursiveMsdRadixSortWithArraysAndCustomBase(1000) (descending) size=4,096 -> 0.065 ms
[803.200s] RecursiveMsdRadixSortWithArraysAndCustomBase(1000) (descending) size=8,192 -> 0.093 ms
[803.205s] RecursiveMsdRadixSortWithArraysAndCustomBase(1000) (descending) size=16,384 -> 0.156 ms
[803.210s] RecursiveMsdRadixSortWithArraysAndCustomBase(1000) (descending) size=32,768 -> 0.312 ms
[803.215s] RecursiveMsdRadixSortWithArraysAndCustomBase(1000) (descending) size=65,536 -> 0.569 ms
[803.221s] RecursiveMsdRadixSortWithArraysAndCustomBase(1000) (descending) size=131,072 -> 1.170 ms
[803.228s] RecursiveMsdRadixSortWithArraysAndCustomBase(1000) (descending) size=262,144 -> 2.367 ms
[803.238s] RecursiveMsdRadixSortWithArraysAndCustomBase(1000) (descending) size=524,288 -> 4.794 ms
[803.253s] RecursiveMsdRadixSortWithArraysAndCustomBase(1000) (descending) size=1,048,576 -> 10.364 ms
[803.279s] RecursiveMsdRadixSortWithArraysAndCustomBase(1000) (descending) size=2,097,152 -> 19.977 ms
[803.327s] RecursiveMsdRadixSortWithArraysAndCustomBase(1000) (descending) size=4,194,304 -> 42.398 ms
[803.415s] RecursiveMsdRadixSortWithArraysAndCustomBase(1000) (descending) size=8,388,608 -> 80.680 ms
[803.584s] RecursiveMsdRadixSortWithArraysAndCustomBase(1000) (descending) size=16,777,216 -> 160.061 ms
[803.917s] RecursiveMsdRadixSortWithArraysAndCustomBase(1000) (descending) size=33,554,432 -> 320.053 ms
[804.578s] RecursiveMsdRadixSortWithArraysAndCustomBase(1000) (descending) size=67,108,864 -> 639.316 ms
