# algorithm	order	size	timeNs
RadixSortWithDynamicListsAndCustomBase(10)	random	1024	35625
RadixSortWithDynamicListsAndCustomBase(10)	random	2048	51791
RadixSortWithDynamicListsAndCustomBase(10)	random	4096	69125
RadixSortWithDynamicListsAndCustomBase(10)	random	8192	133625
RadixSortWithDynamicListsAndCustomBase(10)	random	16384	297667
RadixSortWithDynamicListsAndCustomBase(10)	random	32768	580500
RadixSortWithDynamicListsAndCustomBase(10)	random	65536	1151417
RadixSortWithDynamicListsAndCustomBase(10)	random	131072	2739500
RadixSortWithDynamicListsAndCustomBase(10)	random	262144	5553750
RadixSortWithDynamicListsAndCustomBase(10)	random	524288	11790917
RadixSortWithDynamicListsAndCustomBase(10)	random	1048576	32711750
RadixSortWithDynamicListsAndCustomBase(10)	random	2097152	89243000
RadixSortWithDynamicListsAndCustomBase(10)	random	4194304	172662083
RadixSortWithDynamicListsAndCustomBase(10)	random	8388608	438352833
RadixSortWithDynamicListsAndCustomBase(10)	random	16777216	941889375
RadixSortWithDynamicListsAndCustomBase(10)	random	33554432	2223352959
RadixSortWithDynamicListsAndCustomBase(10)	random	67108864	4738774084
RadixSortWithDynamicListsAndCustomBase(10)	ascending	1024	34875
RadixSortWithDynamicListsAndCustomBase(10)	ascending	2048	42250
RadixSortWithDynamicListsAndCustomBase(10)	ascending	4096	79875
RadixSortWithDynamicListsAndCustomBase(10)	ascending	8192	133792
RadixSortWithDynamicListsAndCustomBase(10)	ascending	16384	294459
RadixSortWithDynamicListsAndCustomBase(10)	ascending	32768	603125
RadixSortWithDynamicListsAndCustomBase(10)	ascending	65536	1240875
RadixSortWithDynamicListsAndCustomBase(10)	ascending	131072	2814125
RadixSortWithDynamicListsAndCustomBase(10)	ascending	262144	5646584
RadixSortWithDynamicListsAndCustomBase(10)	ascending	524288	11694250
RadixSortWithDynamicListsAndCustomBase(10)	ascending	1048576	28139792
RadixSortWithDynamicListsAndCustomBase(10)	ascending	2097152	61745500
RadixSortWithDynamicListsAndCustomBase(10)	ascending	4194304	130215417
RadixSortWithDynamicListsAndCustomBase(10)	ascending	8388608	389465375
RadixSortWithDynamicListsAndCustomBase(10)	ascending	16777216	1148319750
RadixSortWithDynamicListsAndCustomBase(10)	ascending	33554432	2539764208
RadixSortWithDynamicListsAndCustomBase(10)	ascending	67108864	5502729834
RadixSortWithDynamicListsAndCustomBase(10)	descending	1024	43792
RadixSortWithDynamicListsAndCustomBase(10)	descending	2048	49250
RadixSortWithDynamicListsAndCustomBase(10)	descending	4096	77709
RadixSortWithDynamicListsAndCustomBase(10)	descending	8192	132583
RadixSortWithDynamicListsAndCustomBase(10)	descending	16384	320958
RadixSortWithDynamicListsAndCustomBase(10)	descending	32768	610666
RadixSortWithDynamicListsAndCustomBase(10)	descending	65536	1222541
RadixSortWithDynamicListsAndCustomBase(10)	descending	131072	2801375
RadixSortWithDynamicListsAndCustomBase(10)	descending	262144	5615958
RadixSortWithDynamicListsAndCustomBase(10)	descending	524288	11625125
RadixSortWithDynamicListsAndCustomBase(10)	descending	1048576	27906875
RadixSortWithDynamicListsAndCustomBase(10)	descending	2097152	62047167
RadixSortWithDynamicListsAndCustomBase(10)	descending	4194304	130696833
RadixSortWithDynamicListsAndCustomBase(10)	descending	8388608	389127041
RadixSortWithDynamicListsAndCustomBase(10)	descending	16777216	1094534083
RadixSortWithDynamicListsAndCustomBase(10)	descending	33554432	2572330334
RadixSortWithDynamicListsAndCustomBase(10)	descending	67108864	5596900250
RadixSortWithDynamicListsAndCustomBase(100)	random	1024	29375
RadixSortWithDynamicListsAndCustomBase(100)	random	2048	43208
RadixSortWithDynamicListsAndCustomBase(100)	random	4096	56250
RadixSortWithDynamicListsAndCustomBase(100)	random	8192	98416
RadixSortWithDynamicListsAndCustomBase(100)	random	16384	221459
RadixSortWithDynamicListsAndCustomBase(100)	random	32768	399625
RadixSortWithDynamicListsAndCustomBase(100)	random	65536	782667
RadixSortWithDynamicListsAndCustomBase(100)	random	131072	1559250
RadixSortWithDynamicListsAndCustomBase(100)	random	262144	3114666
RadixSortWithDynamicListsAndCustomBase(100)	random	524288	8251792
RadixSortWithDynamicListsAndCustomBase(100)	random	1048576	19609375
RadixSortWithDynamicListsAndCustomBase(100)	random	2097152	47142250
RadixSortWithDynamicListsAndCustomBase(100)	random	4194304	111061750
RadixSortWithDynamicListsAndCustomBase(100)	random	8388608	232103167
RadixSortWithDynamicListsAndCustomBase(100)	random	16777216	467777625
RadixSortWithDynamicListsAndCustomBase(100)	random	33554432	975376250
RadixSortWithDynamicListsAndCustomBase(100)	random	67108864	2228097875
RadixSortWithDynamicListsAndCustomBase(100)	ascending	1024	19959
RadixSortWithDynamicListsAndCustomBase(100)	ascending	2048	25542
RadixSortWithDynamicListsAndCustomBase(100)	ascending	4096	41667
RadixSortWithDynamicListsAndCustomBase(100)	ascending	8192	70667
RadixSortWithDynamicListsAndCustomBase(100)	ascending	16384	188917
RadixSortWithDynamicListsAndCustomBase(100)	ascending	32768	368541
RadixSortWithDynamicListsAndCustomBase(100)	ascending	65536	714167
RadixSortWithDynamicListsAndCustomBase(100)	ascending	131072	1463125
RadixSortWithDynamicListsAndCustomBase(100)	ascending	262144	2933667
RadixSortWithDynamicListsAndCustomBase(100)	ascending	524288	6160375
RadixSortWithDynamicListsAndCustomBase(100)	ascending	1048576	16604750
RadixSortWithDynamicListsAndCustomBase(100)	ascending	2097152	34214958
RadixSortWithDynamicListsAndCustomBase(100)	ascending	4194304	73124750
RadixSortWithDynamicListsAndCustomBase(100)	ascending	8388608	165188333
RadixSortWithDynamicListsAndCustomBase(100)	ascending	16777216	441106542
RadixSortWithDynamicListsAndCustomBase(100)	ascending	33554432	1025438750
RadixSortWithDynamicListsAndCustomBase(100)	ascending	67108864	2402773667
RadixSortWithDynamicListsAndCustomBase(100)	descending	1024	18708
RadixSortWithDynamicListsAndCustomBase(100)	descending	2048	29208
RadixSortWithDynamicListsAndCustomBase(100)	descending	4096	47000
RadixSortWithDynamicListsAndCustomBase(100)	descending	8192	77167
RadixSortWithDynamicListsAndCustomBase(100)	descending	16384	181291
RadixSortWithDynamicListsAndCustomBase(100)	descending	32768	348417
RadixSortWithDynamicListsAndCustomBase(100)	descending	65536	717125
RadixSortWithDynamicListsAndCustomBase(100)	descending	131072	1437041
RadixSortWithDynamicListsAndCustomBase(100)	descending	262144	2975125
RadixSortWithDynamicListsAndCustomBase(100)	descending	524288	6487416
RadixSortWithDynamicListsAndCustomBase(100)	descending	1048576	17137625
RadixSortWithDynamicListsAndCustomBase(100)	descending	2097152	34264834
RadixSortWithDynamicListsAndCustomBase(100)	descending	4194304	73061000
RadixSortWithDynamicListsAndCustomBase(100)	descending	8388608	167767334
RadixSortWithDynamicListsAndCustomBase(100)	descending	16777216	440972917
RadixSortWithDynamicListsAndCustomBase(100)	descending	33554432	1020167167
RadixSortWithDynamicListsAndCustomBase(100)	descending	67108864	2380313500
RadixSortWithArraysAndCustomBase(10)	random	1024	24875
RadixSortWithArraysAndCustomBase(10)	random	2048	36500
RadixSortWithArraysAndCustomBase(10)	random	4096	55334
RadixSortWithArraysAndCustomBase(10)	random	8192	78208
RadixSortWithArraysAndCustomBase(10)	random	16384	193375
RadixSortWithArraysAndCustomBase(10)	random	32768	355667
RadixSortWithArraysAndCustomBase(10)	random	65536	690875
RadixSortWithArraysAndCustomBase(10)	random	131072	1789209
RadixSortWithArraysAndCustomBase(10)	random	262144	3409167
RadixSortWithArraysAndCustomBase(10)	random	524288	6757458
RadixSortWithArraysAndCustomBase(10)	random	1048576	16067792
RadixSortWithArraysAndCustomBase(10)	random	2097152	32647083
RadixSortWithArraysAndCustomBase(10)	random	4194304	63273417
RadixSortWithArraysAndCustomBase(10)	random	8388608	125694083
RadixSortWithArraysAndCustomBase(10)	random	16777216	306990792
RadixSortWithArraysAndCustomBase(10)	random	33554432	597504208
RadixSortWithArraysAndCustomBase(10)	random	67108864	1192593166
RadixSortWithArraysAndCustomBase(10)	ascending	1024	22542
RadixSortWithArraysAndCustomBase(10)	ascending	2048	31333
RadixSortWithArraysAndCustomBase(10)	ascending	4096	48750
RadixSortWithArraysAndCustomBase(10)	ascending	8192	84833
RadixSortWithArraysAndCustomBase(10)	ascending	16384	184292
RadixSortWithArraysAndCustomBase(10)	ascending	32768	358333
RadixSortWithArraysAndCustomBase(10)	ascending	65536	685750
RadixSortWithArraysAndCustomBase(10)	ascending	131072	1645625
RadixSortWithArraysAndCustomBase(10)	ascending	262144	3298042
RadixSortWithArraysAndCustomBase(10)	ascending	524288	6732334
RadixSortWithArraysAndCustomBase(10)	ascending	1048576	15409458
RadixSortWithArraysAndCustomBase(10)	ascending	2097152	30799708
RadixSortWithArraysAndCustomBase(10)	ascending	4194304	61451541
RadixSortWithArraysAndCustomBase(10)	ascending	8388608	123348292
RadixSortWithArraysAndCustomBase(10)	ascending	16777216	294814791
RadixSortWithArraysAndCustomBase(10)	ascending	33554432	591772542
RadixSortWithArraysAndCustomBase(10)	ascending	67108864	1193406750
RadixSortWithArraysAndCustomBase(10)	descending	1024	22125
RadixSortWithArraysAndCustomBase(10)	descending	2048	32708
RadixSortWithArraysAndCustomBase(10)	descending	4096	50250
RadixSortWithArraysAndCustomBase(10)	descending	8192	81875
RadixSortWithArraysAndCustomBase(10)	descending	16384	183084
RadixSortWithArraysAndCustomBase(10)	descending	32768	339167
RadixSortWithArraysAndCustomBase(10)	descending	65536	670125
RadixSortWithArraysAndCustomBase(10)	descending	131072	1669042
RadixSortWithArraysAndCustomBase(10)	descending	262144	3258375
RadixSortWithArraysAndCustomBase(10)	descending	524288	6682584
RadixSortWithArraysAndCustomBase(10)	descending	1048576	15369167
RadixSortWithArraysAndCustomBase(10)	descending	2097152	30541000
RadixSortWithArraysAndCustomBase(10)	descending	4194304	60921500
RadixSortWithArraysAndCustomBase(10)	descending	8388608	122620542
RadixSortWithArraysAndCustomBase(10)	descending	16777216	292361667
RadixSortWithArraysAndCustomBase(10)	descending	33554432	584616125
RadixSortWithArraysAndCustomBase(10)	descending	67108864	1187007709
RadixSortWithArraysAndCustomBase(100)	random	1024	15834
RadixSortWithArraysAndCustomBase(100)	random	2048	23958
RadixSortWithArraysAndCustomBase(100)	random	4096	37083
RadixSortWithArraysAndCustomBase(100)	random	8192	54167
RadixSortWithArraysAndCustomBase(100)	random	16384	139292
RadixSortWithArraysAndCustomBase(100)	random	32768	234916
RadixSortWithArraysAndCustomBase(100)	random	65536	432500
RadixSortWithArraysAndCustomBase(100)	random	131072	847333
RadixSortWithArraysAndCustomBase(100)	random	262144	1654417
RadixSortWithArraysAndCustomBase(100)	random	524288	3358292
RadixSortWithArraysAndCustomBase(100)	random	1048576	9760416
RadixSortWithArraysAndCustomBase(100)	random	2097152	19116917
RadixSortWithArraysAndCustomBase(100)	random	4194304	36538083
RadixSortWithArraysAndCustomBase(100)	random	8388608	71708583
RadixSortWithArraysAndCustomBase(100)	random	16777216	143139875
RadixSortWithArraysAndCustomBase(100)	random	33554432	297547667
RadixSortWithArraysAndCustomBase(100)	random	67108864	696500166
RadixSortWithArraysAndCustomBase(100)	ascending	1024	16792
RadixSortWithArraysAndCustomBase(100)	ascending	2048	21542
RadixSortWithArraysAndCustomBase(100)	ascending	4096	32250
RadixSortWithArraysAndCustomBase(100)	ascending	8192	52583
RadixSortWithArraysAndCustomBase(100)	ascending	16384	136333
RadixSortWithArraysAndCustomBase(100)	ascending	32768	233209
RadixSortWithArraysAndCustomBase(100)	ascending	65536	435375
RadixSortWithArraysAndCustomBase(100)	ascending	131072	885417
RadixSortWithArraysAndCustomBase(100)	ascending	262144	1679542
RadixSortWithArraysAndCustomBase(100)	ascending	524288	3384834
RadixSortWithArraysAndCustomBase(100)	ascending	1048576	9287916
RadixSortWithArraysAndCustomBase(100)	ascending	2097152	18038875
RadixSortWithArraysAndCustomBase(100)	ascending	4194304	36498375
RadixSortWithArraysAndCustomBase(100)	ascending	8388608	72150167
RadixSortWithArraysAndCustomBase(100)	ascending	16777216	174411041
RadixSortWithArraysAndCustomBase(100)	ascending	33554432	434610292
RadixSortWithArraysAndCustomBase(100)	ascending	67108864	993926791
RadixSortWithArraysAndCustomBase(100)	descending	1024	13542
RadixSortWithArraysAndCustomBase(100)	descending	2048	20417
RadixSortWithArraysAndCustomBase(100)	descending	4096	30250
RadixSortWithArraysAndCustomBase(100)	descending	8192	49667
RadixSortWithArraysAndCustomBase(100)	descending	16384	122875
RadixSortWithArraysAndCustomBase(100)	descending	32768	232875
RadixSortWithArraysAndCustomBase(100)	descending	65536	425958
RadixSortWithArraysAndCustomBase(100)	descending	131072	848458
RadixSortWithArraysAndCustomBase(100)	descending	262144	1655083
RadixSortWithArraysAndCustomBase(100)	descending	524288	3345833
RadixSortWithArraysAndCustomBase(100)	descending	1048576	9171708
RadixSortWithArraysAndCustomBase(100)	descending	2097152	17829958
RadixSortWithArraysAndCustomBase(100)	descending	4194304	35775709
RadixSortWithArraysAndCustomBase(100)	descending	8388608	70854166
RadixSortWithArraysAndCustomBase(100)	descending	16777216	172479791
RadixSortWithArraysAndCustomBase(100)	descending	33554432	431220042
RadixSortWithArraysAndCustomBase(100)	descending	67108864	985263458
RadixSortWithCountingSortAndCustomBase(10)	random	1024	20708
RadixSortWithCountingSortAndCustomBase(10)	random	2048	33250
RadixSortWithCountingSortAndCustomBase(10)	random	4096	46667
RadixSortWithCountingSortAndCustomBase(10)	random	8192	77375
RadixSortWithCountingSortAndCustomBase(10)	random	16384	183583
RadixSortWithCountingSortAndCustomBase(10)	random	32768	316584
RadixSortWithCountingSortAndCustomBase(10)	random	65536	616917
RadixSortWithCountingSortAndCustomBase(10)	random	131072	1535500
RadixSortWithCountingSortAndCustomBase(10)	random	262144	2967958
RadixSortWithCountingSortAndCustomBase(10)	random	524288	5949959
RadixSortWithCountingSortAndCustomBase(10)	random	1048576	14534416
RadixSortWithCountingSortAndCustomBase(10)	random	2097152	29021917
RadixSortWithCountingSortAndCustomBase(10)	random	4194304	54439083
RadixSortWithCountingSortAndCustomBase(10)	random	8388608	110409333
RadixSortWithCountingSortAndCustomBase(10)	random	16777216	261186250
RadixSortWithCountingSortAndCustomBase(10)	random	33554432	502727000
RadixSortWithCountingSortAndCustomBase(10)	random	67108864	1005185500
RadixSortWithCountingSortAndCustomBase(10)	ascending	1024	20500
RadixSortWithCountingSortAndCustomBase(10)	ascending	2048	28584
RadixSortWithCountingSortAndCustomBase(10)	ascending	4096	48042
RadixSortWithCountingSortAndCustomBase(10)	ascending	8192	82000
RadixSortWithCountingSortAndCustomBase(10)	ascending	16384	171041
RadixSortWithCountingSortAndCustomBase(10)	ascending	32768	318375
RadixSortWithCountingSortAndCustomBase(10)	ascending	65536	666833
RadixSortWithCountingSortAndCustomBase(10)	ascending	131072	1485042
RadixSortWithCountingSortAndCustomBase(10)	ascending	262144	2926583
RadixSortWithCountingSortAndCustomBase(10)	ascending	524288	5975458
RadixSortWithCountingSortAndCustomBase(10)	ascending	1048576	13816041
RadixSortWithCountingSortAndCustomBase(10)	ascending	2097152	27692875
RadixSortWithCountingSortAndCustomBase(10)	ascending	4194304	54658459
RadixSortWithCountingSortAndCustomBase(10)	ascending	8388608	109595458
RadixSortWithCountingSortAndCustomBase(10)	ascending	16777216	250363750
RadixSortWithCountingSortAndCustomBase(10)	ascending	33554432	499439500
RadixSortWithCountingSortAndCustomBase(10)	ascending	67108864	1006035208
RadixSortWithCountingSortAndCustomBase(10)	descending	1024	18292
RadixSortWithCountingSortAndCustomBase(10)	descending	2048	31083
RadixSortWithCountingSortAndCustomBase(10)	descending	4096	47125
RadixSortWithCountingSortAndCustomBase(10)	descending	8192	78583
RadixSortWithCountingSortAndCustomBase(10)	descending	16384	171042
RadixSortWithCountingSortAndCustomBase(10)	descending	32768	318084
RadixSortWithCountingSortAndCustomBase(10)	descending	65536	619792
RadixSortWithCountingSortAndCustomBase(10)	descending	131072	1476458
RadixSortWithCountingSortAndCustomBase(10)	descending	262144	2890250
RadixSortWithCountingSortAndCustomBase(10)	descending	524288	5877334
RadixSortWithCountingSortAndCustomBase(10)	descending	1048576	13530458
RadixSortWithCountingSortAndCustomBase(10)	descending	2097152	27167708
RadixSortWithCountingSortAndCustomBase(10)	descending	4194304	54219375
RadixSortWithCountingSortAndCustomBase(10)	descending	8388608	109195167
RadixSortWithCountingSortAndCustomBase(10)	descending	16777216	249335333
RadixSortWithCountingSortAndCustomBase(10)	descending	33554432	497632792
RadixSortWithCountingSortAndCustomBase(10)	descending	67108864	1003435208
RadixSortWithCountingSortAndCustomBase(100)	random	1024	13167
RadixSortWithCountingSortAndCustomBase(100)	random	2048	16167
RadixSortWithCountingSortAndCustomBase(100)	random	4096	25208
RadixSortWithCountingSortAndCustomBase(100)	random	8192	43292
RadixSortWithCountingSortAndCustomBase(100)	random	16384	128542
RadixSortWithCountingSortAndCustomBase(100)	random	32768	208042
RadixSortWithCountingSortAndCustomBase(100)	random	65536	406375
RadixSortWithCountingSortAndCustomBase(100)	random	131072	792750
RadixSortWithCountingSortAndCustomBase(100)	random	262144	1580375
RadixSortWithCountingSortAndCustomBase(100)	random	524288	3162042
RadixSortWithCountingSortAndCustomBase(100)	random	1048576	8692542
RadixSortWithCountingSortAndCustomBase(100)	random	2097152	17899375
RadixSortWithCountingSortAndCustomBase(100)	random	4194304	31707208
RadixSortWithCountingSortAndCustomBase(100)	random	8388608	63371291
RadixSortWithCountingSortAndCustomBase(100)	random	16777216	126521209
RadixSortWithCountingSortAndCustomBase(100)	random	33554432	252715292
RadixSortWithCountingSortAndCustomBase(100)	random	67108864	510869708
RadixSortWithCountingSortAndCustomBase(100)	ascending	1024	15042
RadixSortWithCountingSortAndCustomBase(100)	ascending	2048	17500
RadixSortWithCountingSortAndCustomBase(100)	ascending	4096	30084
RadixSortWithCountingSortAndCustomBase(100)	ascending	8192	44541
RadixSortWithCountingSortAndCustomBase(100)	ascending	16384	116292
RadixSortWithCountingSortAndCustomBase(100)	ascending	32768	216667
RadixSortWithCountingSortAndCustomBase(100)	ascending	65536	418875
RadixSortWithCountingSortAndCustomBase(100)	ascending	131072	822250
RadixSortWithCountingSortAndCustomBase(100)	ascending	262144	1629792
RadixSortWithCountingSortAndCustomBase(100)	ascending	524288	3237125
RadixSortWithCountingSortAndCustomBase(100)	ascending	1048576	8466417
RadixSortWithCountingSortAndCustomBase(100)	ascending	2097152	17006417
RadixSortWithCountingSortAndCustomBase(100)	ascending	4194304	34271500
RadixSortWithCountingSortAndCustomBase(100)	ascending	8388608	65578208
RadixSortWithCountingSortAndCustomBase(100)	ascending	16777216	130635709
RadixSortWithCountingSortAndCustomBase(100)	ascending	33554432	262820458
RadixSortWithCountingSortAndCustomBase(100)	ascending	67108864	530139958
RadixSortWithCountingSortAndCustomBase(100)	descending	1024	11500
RadixSortWithCountingSortAndCustomBase(100)	descending	2048	16375
RadixSortWithCountingSortAndCustomBase(100)	descending	4096	25667
RadixSortWithCountingSortAndCustomBase(100)	descending	8192	45042
RadixSortWithCountingSortAndCustomBase(100)	descending	16384	106583
RadixSortWithCountingSortAndCustomBase(100)	descending	32768	199625
RadixSortWithCountingSortAndCustomBase(100)	descending	65536	383000
RadixSortWithCountingSortAndCustomBase(100)	descending	131072	747500
RadixSortWithCountingSortAndCustomBase(100)	descending	262144	1481584
RadixSortWithCountingSortAndCustomBase(100)	descending	524288	2957917
RadixSortWithCountingSortAndCustomBase(100)	descending	1048576	8055583
RadixSortWithCountingSortAndCustomBase(100)	descending	2097152	15796917
RadixSortWithCountingSortAndCustomBase(100)	descending	4194304	32299584
RadixSortWithCountingSortAndCustomBase(100)	descending	8388608	63885375
RadixSortWithCountingSortAndCustomBase(100)	descending	16777216	128182709
RadixSortWithCountingSortAndCustomBase(100)	descending	33554432	259240833
RadixSortWithCountingSortAndCustomBase(100)	descending	67108864	521493667
RecursiveMsdRadixSortWithArraysAndCustomBase(10)	random	1024	41584
RecursiveMsdRadixSortWithArraysAndCustomBase(10)	random	2048	58625
RecursiveMsdRadixSortWithArraysAndCustomBase(10)	random	4096	113709
RecursiveMsdRadixSortWithArraysAndCustomBase(10)	random	8192	200792
RecursiveMsdRadixSortWithArraysAndCustomBase(10)	random	16384	425417
RecursiveMsdRadixSortWithArraysAndCustomBase(10)	random	32768	797167
RecursiveMsdRadixSortWithArraysAndCustomBase(10)	random	65536	1578375
RecursiveMsdRadixSortWithArraysAndCustomBase(10)	random	131072	3735000
RecursiveMsdRadixSortWithArraysAndCustomBase(10)	random	262144	7326625
RecursiveMsdRadixSortWithArraysAndCustomBase(10)	random	524288	14582750
RecursiveMsdRadixSortWithArraysAndCustomBase(10)	random	1048576	31501500
RecursiveMsdRadixSortWithArraysAndCustomBase(10)	random	2097152	62035500
RecursiveMsdRadixSortWithArraysAndCustomBase(10)	random	4194304	121208875
RecursiveMsdRadixSortWithArraysAndCustomBase(10)	random	8388608	242104333
RecursiveMsdRadixSortWithArraysAndCustomBase(10)	random	16777216	557260000
RecursiveMsdRadixSortWithArraysAndCustomBase(10)	random	33554432	1089307292
RecursiveMsdRadixSortWithArraysAndCustomBase(10)	random	67108864	2172858917
RecursiveMsdRadixSortWithArraysAndCustomBase(10)	ascending	1024	24292
RecursiveMsdRadixSortWithArraysAndCustomBase(10)	ascending	2048	47541
RecursiveMsdRadixSortWithArraysAndCustomBase(10)	ascending	4096	80250
RecursiveMsdRadixSortWithArraysAndCustomBase(10)	ascending	8192	141916
RecursiveMsdRadixSortWithArraysAndCustomBase(10)	ascending	16384	288250
RecursiveMsdRadixSortWithArraysAndCustomBase(10)	ascending	32768	568667
RecursiveMsdRadixSortWithArraysAndCustomBase(10)	ascending	65536	1177875
RecursiveMsdRadixSortWithArraysAndCustomBase(10)	ascending	131072	2698292
RecursiveMsdRadixSortWithArraysAndCustomBase(10)	ascending	262144	5579750
RecursiveMsdRadixSortWithArraysAndCustomBase(10)	ascending	524288	11473625
RecursiveMsdRadixSortWithArraysAndCustomBase(10)	ascending	1048576	22939542
RecursiveMsdRadixSortWithArraysAndCustomBase(10)	ascending	2097152	48772417
RecursiveMsdRadixSortWithArraysAndCustomBase(10)	ascending	4194304	94038834
RecursiveMsdRadixSortWithArraysAndCustomBase(10)	ascending	8388608	186300042
RecursiveMsdRadixSortWithArraysAndCustomBase(10)	ascending	16777216	435248333
RecursiveMsdRadixSortWithArraysAndCustomBase(10)	ascending	33554432	870137791
RecursiveMsdRadixSortWithArraysAndCustomBase(10)	ascending	67108864	1752145666
RecursiveMsdRadixSortWithArraysAndCustomBase(10)	descending	1024	27666
RecursiveMsdRadixSortWithArraysAndCustomBase(10)	descending	2048	49500
RecursiveMsdRadixSortWithArraysAndCustomBase(10)	descending	4096	81916
RecursiveMsdRadixSortWithArraysAndCustomBase(10)	descending	8192	152875
RecursiveMsdRadixSortWithArraysAndCustomBase(10)	descending	16384	305125
RecursiveMsdRadixSortWithArraysAndCustomBase(10)	descending	32768	583042
RecursiveMsdRadixSortWithArraysAndCustomBase(10)	descending	65536	1179041
RecursiveMsdRadixSortWithArraysAndCustomBase(10)	descending	131072	2964333
RecursiveMsdRadixSortWithArraysAndCustomBase(10)	descending	262144	6400083
RecursiveMsdRadixSortWithArraysAndCustomBase(10)	descending	524288	12420000
RecursiveMsdRadixSortWithArraysAndCustomBase(10)	descending	1048576	24617625
RecursiveMsdRadixSortWithArraysAndCustomBase(10)	descending	2097152	49372042
RecursiveMsdRadixSortWithArraysAndCustomBase(10)	descending	4194304	98115208
RecursiveMsdRadixSortWithArraysAndCustomBase(10)	descending	8388608	193763959
RecursiveMsdRadixSortWithArraysAndCustomBase(10)	descending	16777216	465147875
RecursiveMsdRadixSortWithArraysAndCustomBase(10)	descending	33554432	922252750
RecursiveMsdRadixSortWithArraysAndCustomBase(10)	descending	67108864	1840755000
RecursiveMsdRadixSortWithArraysAndCustomBase(1000)	random	1024	30542
RecursiveMsdRadixSortWithArraysAndCustomBase(1000)	random	2048	45500
RecursiveMsdRadixSortWithArraysAndCustomBase(1000)	random	4096	72125
RecursiveMsdRadixSortWithArraysAndCustomBase(1000)	random	8192	129000
RecursiveMsdRadixSortWithArraysAndCustomBase(1000)	random	16384	238625
RecursiveMsdRadixSortWithArraysAndCustomBase(1000)	random	32768	464584
RecursiveMsdRadixSortWithArraysAndCustomBase(1000)	random	65536	913125
RecursiveMsdRadixSortWithArraysAndCustomBase(1000)	random	131072	1849875
RecursiveMsdRadixSortWithArraysAndCustomBase(1000)	random	262144	3615709
RecursiveMsdRadixSortWithArraysAndCustomBase(1000)	random	524288	7372291
RecursiveMsdRadixSortWithArraysAndCustomBase(1000)	random	1048576	18215000
RecursiveMsdRadixSortWithArraysAndCustomBase(1000)	random	2097152	34515583
RecursiveMsdRadixSortWithArraysAndCustomBase(1000)	random	4194304	67070209
RecursiveMsdRadixSortWithArraysAndCustomBase(1000)	random	8388608	134171209
RecursiveMsdRadixSortWithArraysAndCustomBase(1000)	random	16777216	268504167
RecursiveMsdRadixSortWithArraysAndCustomBase(1000)	random	33554432	536423417
RecursiveMsdRadixSortWithArraysAndCustomBase(1000)	random	67108864	1103179875
RecursiveMsdRadixSortWithArraysAndCustomBase(1000)	ascending	1024	27583
RecursiveMsdRadixSortWithArraysAndCustomBase(1000)	ascending	2048	38542
RecursiveMsdRadixSortWithArraysAndCustomBase(1000)	ascending	4096	57041
RecursiveMsdRadixSortWithArraysAndCustomBase(1000)	ascending	8192	96292
RecursiveMsdRadixSortWithArraysAndCustomBase(1000)	ascending	16384	168458
RecursiveMsdRadixSortWithArraysAndCustomBase(1000)	ascending	32768	309667
RecursiveMsdRadixSortWithArraysAndCustomBase(1000)	ascending	65536	614333
RecursiveMsdRadixSortWithArraysAndCustomBase(1000)	ascending	131072	1194959
RecursiveMsdRadixSortWithArraysAndCustomBase(1000)	ascending	262144	2321000
RecursiveMsdRadixSortWithArraysAndCustomBase(1000)	ascending	524288	4719791
RecursiveMsdRadixSortWithArraysAndCustomBase(1000)	ascending	1048576	10694959
RecursiveMsdRadixSortWithArraysAndCustomBase(1000)	ascending	2097152	20499458
RecursiveMsdRadixSortWithArraysAndCustomBase(1000)	ascending	4194304	40713666
RecursiveMsdRadixSortWithArraysAndCustomBase(1000)	ascending	8388608	80916084
RecursiveMsdRadixSortWithArraysAndCustomBase(1000)	ascending	16777216	161765667
RecursiveMsdRadixSortWithArraysAndCustomBase(1000)	ascending	33554432	323841042
RecursiveMsdRadixSortWithArraysAndCustomBase(1000)	ascending	67108864	647575250
RecursiveMsdRadixSortWithArraysAndCustomBase(1000)	descending	1024	26125
RecursiveMsdRadixSortWithArraysAndCustomBase(1000)	descending	2048	38291
RecursiveMsdRadixSortWithArraysAndCustomBase(1000)	descending	4096	54666
RecursiveMsdRadixSortWithArraysAndCustomBase(1000)	descending	8192	83625
RecursiveMsdRadixSortWithArraysAndCustomBase(1000)	descending	16384	161500
RecursiveMsdRadixSortWithArraysAndCustomBase(1000)	descending	32768	280375
RecursiveMsdRadixSortWithArraysAndCustomBase(1000)	descending	65536	584625
RecursiveMsdRadixSortWithArraysAndCustomBase(1000)	descending	131072	1170417
RecursiveMsdRadixSortWithArraysAndCustomBase(1000)	descending	262144	2338875
RecursiveMsdRadixSortWithArraysAndCustomBase(1000)	descending	524288	4649416
RecursiveMsdRadixSortWithArraysAndCustomBase(1000)	descending	1048576	10564334
RecursiveMsdRadixSortWithArraysAndCustomBase(1000)	descending	2097152	21013958
RecursiveMsdRadixSortWithArraysAndCustomBase(1000)	descending	4194304	40288583
RecursiveMsdRadixSortWithArraysAndCustomBase(1000)	descending	8388608	80277416
RecursiveMsdRadixSortWithArraysAndCustomBase(1000)	descending	16777216	159778625
RecursiveMsdRadixSortWithArraysAndCustomBase(1000)	descending	33554432	318661417
RecursiveMsdRadixSortWithArraysAndCustomBase(1000)	descending	67108864	634762667
RadixSortWithDynamicListsAndCustomBase(10)	random	1024	27875
RadixSortWithDynamicListsAndCustomBase(10)	random	2048	41750
RadixSortWithDynamicListsAndCustomBase(10)	random	4096	70750
RadixSortWithDynamicListsAndCustomBase(10)	random	8192	129167
RadixSortWithDynamicListsAndCustomBase(10)	random	16384	298167
RadixSortWithDynamicListsAndCustomBase(10)	random	32768	609458
RadixSortWithDynamicListsAndCustomBase(10)	random	65536	1169250
RadixSortWithDynamicListsAndCustomBase(10)	random	131072	2779000
RadixSortWithDynamicListsAndCustomBase(10)	random	262144	5563209
RadixSortWithDynamicListsAndCustomBase(10)	random	524288	11695084
RadixSortWithDynamicListsAndCustomBase(10)	random	1048576	32536792
RadixSortWithDynamicListsAndCustomBase(10)	random	2097152	87426875
RadixSortWithDynamicListsAndCustomBase(10)	random	4194304	164469917
RadixSortWithDynamicListsAndCustomBase(10)	random	8388608	302617334
RadixSortWithDynamicListsAndCustomBase(10)	random	16777216	646866583
RadixSortWithDynamicListsAndCustomBase(10)	random	33554432	1311588083
RadixSortWithDynamicListsAndCustomBase(10)	random	67108864	5315592834
RadixSortWithDynamicListsAndCustomBase(10)	ascending	1024	26208
RadixSortWithDynamicListsAndCustomBase(10)	ascending	2048	44958
RadixSortWithDynamicListsAndCustomBase(10)	ascending	4096	68291
RadixSortWithDynamicListsAndCustomBase(10)	ascending	8192	136917
RadixSortWithDynamicListsAndCustomBase(10)	ascending	16384	298250
RadixSortWithDynamicListsAndCustomBase(10)	ascending	32768	603375
RadixSortWithDynamicListsAndCustomBase(10)	ascending	65536	1252000
RadixSortWithDynamicListsAndCustomBase(10)	ascending	131072	2832709
RadixSortWithDynamicListsAndCustomBase(10)	ascending	262144	5770458
RadixSortWithDynamicListsAndCustomBase(10)	ascending	524288	11607166
RadixSortWithDynamicListsAndCustomBase(10)	ascending	1048576	28094125
RadixSortWithDynamicListsAndCustomBase(10)	ascending	2097152	61420625
RadixSortWithDynamicListsAndCustomBase(10)	ascending	4194304	131066666
RadixSortWithDynamicListsAndCustomBase(10)	ascending	8388608	284835917
RadixSortWithDynamicListsAndCustomBase(10)	ascending	16777216	1045821208
RadixSortWithDynamicListsAndCustomBase(10)	ascending	33554432	2585788000
RadixSortWithDynamicListsAndCustomBase(10)	ascending	67108864	5510615875
RadixSortWithDynamicListsAndCustomBase(10)	descending	1024	29209
RadixSortWithDynamicListsAndCustomBase(10)	descending	2048	46417
RadixSortWithDynamicListsAndCustomBase(10)	descending	4096	68500
RadixSortWithDynamicListsAndCustomBase(10)	descending	8192	125542
RadixSortWithDynamicListsAndCustomBase(10)	descending	16384	297708
RadixSortWithDynamicListsAndCustomBase(10)	descending	32768	604292
RadixSortWithDynamicListsAndCustomBase(10)	descending	65536	1240708
RadixSortWithDynamicListsAndCustomBase(10)	descending	131072	2820250
RadixSortWithDynamicListsAndCustomBase(10)	descending	262144	5659042
RadixSortWithDynamicListsAndCustomBase(10)	descending	524288	11598000
RadixSortWithDynamicListsAndCustomBase(10)	descending	1048576	27961667
RadixSortWithDynamicListsAndCustomBase(10)	descending	2097152	62093917
RadixSortWithDynamicListsAndCustomBase(10)	descending	4194304	129495541
RadixSortWithDynamicListsAndCustomBase(10)	descending	8388608	388204125
RadixSortWithDynamicListsAndCustomBase(10)	descending	16777216	1066368791
RadixSortWithDynamicListsAndCustomBase(10)	descending	33554432	2626739167
RadixSortWithDynamicListsAndCustomBase(10)	descending	67108864	5701918125
RadixSortWithDynamicListsAndCustomBase(100)	random	1024	23875
RadixSortWithDynamicListsAndCustomBase(100)	random	2048	38000
RadixSortWithDynamicListsAndCustomBase(100)	random	4096	53458
RadixSortWithDynamicListsAndCustomBase(100)	random	8192	92584
RadixSortWithDynamicListsAndCustomBase(100)	random	16384	208500
RadixSortWithDynamicListsAndCustomBase(100)	random	32768	396875
RadixSortWithDynamicListsAndCustomBase(100)	random	65536	759666
RadixSortWithDynamicListsAndCustomBase(100)	random	131072	1524416
RadixSortWithDynamicListsAndCustomBase(100)	random	262144	3119000
RadixSortWithDynamicListsAndCustomBase(100)	random	524288	8214208
RadixSortWithDynamicListsAndCustomBase(100)	random	1048576	19725542
RadixSortWithDynamicListsAndCustomBase(100)	random	2097152	47293167
RadixSortWithDynamicListsAndCustomBase(100)	random	4194304	110492125
RadixSortWithDynamicListsAndCustomBase(100)	random	8388608	226695833
RadixSortWithDynamicListsAndCustomBase(100)	random	16777216	471386875
RadixSortWithDynamicListsAndCustomBase(100)	random	33554432	1002897292
RadixSortWithDynamicListsAndCustomBase(100)	random	67108864	1958880708
RadixSortWithDynamicListsAndCustomBase(100)	ascending	1024	17959
RadixSortWithDynamicListsAndCustomBase(100)	ascending	2048	27166
RadixSortWithDynamicListsAndCustomBase(100)	ascending	4096	38167
RadixSortWithDynamicListsAndCustomBase(100)	ascending	8192	78750
RadixSortWithDynamicListsAndCustomBase(100)	ascending	16384	187208
RadixSortWithDynamicListsAndCustomBase(100)	ascending	32768	346667
RadixSortWithDynamicListsAndCustomBase(100)	ascending	65536	693750
RadixSortWithDynamicListsAndCustomBase(100)	ascending	131072	1422000
RadixSortWithDynamicListsAndCustomBase(100)	ascending	262144	2873917
RadixSortWithDynamicListsAndCustomBase(100)	ascending	524288	6148208
RadixSortWithDynamicListsAndCustomBase(100)	ascending	1048576	16551583
RadixSortWithDynamicListsAndCustomBase(100)	ascending	2097152	33844875
RadixSortWithDynamicListsAndCustomBase(100)	ascending	4194304	72928541
RadixSortWithDynamicListsAndCustomBase(100)	ascending	8388608	168281958
RadixSortWithDynamicListsAndCustomBase(100)	ascending	16777216	441210792
RadixSortWithDynamicListsAndCustomBase(100)	ascending	33554432	972144625
RadixSortWithDynamicListsAndCustomBase(100)	ascending	67108864	2411720375
RadixSortWithDynamicListsAndCustomBase(100)	descending	1024	19333
RadixSortWithDynamicListsAndCustomBase(100)	descending	2048	23292
RadixSortWithDynamicListsAndCustomBase(100)	descending	4096	42542
RadixSortWithDynamicListsAndCustomBase(100)	descending	8192	70541
RadixSortWithDynamicListsAndCustomBase(100)	descending	16384	185458
RadixSortWithDynamicListsAndCustomBase(100)	descending	32768	336625
RadixSortWithDynamicListsAndCustomBase(100)	descending	65536	689000
RadixSortWithDynamicListsAndCustomBase(100)	descending	131072	1410291
RadixSortWithDynamicListsAndCustomBase(100)	descending	262144	2870625
RadixSortWithDynamicListsAndCustomBase(100)	descending	524288	6545208
RadixSortWithDynamicListsAndCustomBase(100)	descending	1048576	17045417
RadixSortWithDynamicListsAndCustomBase(100)	descending	2097152	34273042
RadixSortWithDynamicListsAndCustomBase(100)	descending	4194304	73163000
RadixSortWithDynamicListsAndCustomBase(100)	descending	8388608	166522500
RadixSortWithDynamicListsAndCustomBase(100)	descending	16777216	440347083
RadixSortWithDynamicListsAndCustomBase(100)	descending	33554432	1022198000
RadixSortWithDynamicListsAndCustomBase(100)	descending	67108864	2354041166
RadixSortWithArraysAndCustomBase(10)	random	1024	18042
RadixSortWithArraysAndCustomBase(10)	random	2048	35667
RadixSortWithArraysAndCustomBase(10)	random	4096	49958
RadixSortWithArraysAndCustomBase(10)	random	8192	91375
RadixSortWithArraysAndCustomBase(10)	random	16384	201125
RadixSortWithArraysAndCustomBase(10)	random	32768	363375
RadixSortWithArraysAndCustomBase(10)	random	65536	697167
RadixSortWithArraysAndCustomBase(10)	random	131072	1803750
RadixSortWithArraysAndCustomBase(10)	random	262144	3453500
RadixSortWithArraysAndCustomBase(10)	random	524288	6862834
RadixSortWithArraysAndCustomBase(10)	random	1048576	16025958
RadixSortWithArraysAndCustomBase(10)	random	2097152	33738167
RadixSortWithArraysAndCustomBase(10)	random	4194304	63853542
RadixSortWithArraysAndCustomBase(10)	random	8388608	126021459
RadixSortWithArraysAndCustomBase(10)	random	16777216	307024416
RadixSortWithArraysAndCustomBase(10)	random	33554432	599292041
RadixSortWithArraysAndCustomBase(10)	random	67108864	1197701000
RadixSortWithArraysAndCustomBase(10)	ascending	1024	16917
RadixSortWithArraysAndCustomBase(10)	ascending	2048	24875
RadixSortWithArraysAndCustomBase(10)	ascending	4096	50167
RadixSortWithArraysAndCustomBase(10)	ascending	8192	83167
RadixSortWithArraysAndCustomBase(10)	ascending	16384	187333
RadixSortWithArraysAndCustomBase(10)	ascending	32768	360292
RadixSortWithArraysAndCustomBase(10)	ascending	65536	683375
RadixSortWithArraysAndCustomBase(10)	ascending	131072	1639167
RadixSortWithArraysAndCustomBase(10)	ascending	262144	3250083
RadixSortWithArraysAndCustomBase(10)	ascending	524288	6695958
RadixSortWithArraysAndCustomBase(10)	ascending	1048576	15562458
RadixSortWithArraysAndCustomBase(10)	ascending	2097152	30621334
RadixSortWithArraysAndCustomBase(10)	ascending	4194304	61421458
RadixSortWithArraysAndCustomBase(10)	ascending	8388608	123704375
RadixSortWithArraysAndCustomBase(10)	ascending	16777216	295929708
RadixSortWithArraysAndCustomBase(10)	ascending	33554432	592569375
RadixSortWithArraysAndCustomBase(10)	ascending	67108864	1203936750
RadixSortWithArraysAndCustomBase(10)	descending	1024	19458
RadixSortWithArraysAndCustomBase(10)	descending	2048	31375
RadixSortWithArraysAndCustomBase(10)	descending	4096	48959
RadixSortWithArraysAndCustomBase(10)	descending	8192	85458
RadixSortWithArraysAndCustomBase(10)	descending	16384	187208
RadixSortWithArraysAndCustomBase(10)	descending	32768	349208
RadixSortWithArraysAndCustomBase(10)	descending	65536	672959
RadixSortWithArraysAndCustomBase(10)	descending	131072	1637000
RadixSortWithArraysAndCustomBase(10)	descending	262144	3247583
RadixSortWithArraysAndCustomBase(10)	descending	524288	6588125
RadixSortWithArraysAndCustomBase(10)	descending	1048576	15360583
RadixSortWithArraysAndCustomBase(10)	descending	2097152	30516416
RadixSortWithArraysAndCustomBase(10)	descending	4194304	61134708
RadixSortWithArraysAndCustomBase(10)	descending	8388608	126405541
RadixSortWithArraysAndCustomBase(10)	descending	16777216	297097459
RadixSortWithArraysAndCustomBase(10)	descending	33554432	588912667
RadixSortWithArraysAndCustomBase(10)	descending	67108864	1189555083
RadixSortWithArraysAndCustomBase(100)	random	1024	15750
RadixSortWithArraysAndCustomBase(100)	random	2048	22833
RadixSortWithArraysAndCustomBase(100)	random	4096	33000
RadixSortWithArraysAndCustomBase(100)	random	8192	54125
RadixSortWithArraysAndCustomBase(100)	random	16384	135667
RadixSortWithArraysAndCustomBase(100)	random	32768	229500
RadixSortWithArraysAndCustomBase(100)	random	65536	442833
RadixSortWithArraysAndCustomBase(100)	random	131072	846334
RadixSortWithArraysAndCustomBase(100)	random	262144	1673917
RadixSortWithArraysAndCustomBase(100)	random	524288	3357833
RadixSortWithArraysAndCustomBase(100)	random	1048576	9116208
RadixSortWithArraysAndCustomBase(100)	random	2097152	19341959
RadixSortWithArraysAndCustomBase(100)	random	4194304	36113083
RadixSortWithArraysAndCustomBase(100)	random	8388608	71883625
RadixSortWithArraysAndCustomBase(100)	random	16777216	143300375
RadixSortWithArraysAndCustomBase(100)	random	33554432	297076042
RadixSortWithArraysAndCustomBase(100)	random	67108864	703268209
RadixSortWithArraysAndCustomBase(100)	ascending	1024	13458
RadixSortWithArraysAndCustomBase(100)	ascending	2048	19834
RadixSortWithArraysAndCustomBase(100)	ascending	4096	30750
RadixSortWithArraysAndCustomBase(100)	ascending	8192	50291
RadixSortWithArraysAndCustomBase(100)	ascending	16384	119625
RadixSortWithArraysAndCustomBase(100)	ascending	32768	230250
RadixSortWithArraysAndCustomBase(100)	ascending	65536	439750
RadixSortWithArraysAndCustomBase(100)	ascending	131072	858958
RadixSortWithArraysAndCustomBase(100)	ascending	262144	1698208
RadixSortWithArraysAndCustomBase(100)	ascending	524288	3451125
RadixSortWithArraysAndCustomBase(100)	ascending	1048576	9160500
RadixSortWithArraysAndCustomBase(100)	ascending	2097152	17879333
RadixSortWithArraysAndCustomBase(100)	ascending	4194304	36200250
RadixSortWithArraysAndCustomBase(100)	ascending	8388608	72343166
RadixSortWithArraysAndCustomBase(100)	ascending	16777216	178412416
RadixSortWithArraysAndCustomBase(100)	ascending	33554432	436930042
RadixSortWithArraysAndCustomBase(100)	ascending	67108864	996999083
RadixSortWithArraysAndCustomBase(100)	descending	1024	13667
RadixSortWithArraysAndCustomBase(100)	descending	2048	19625
RadixSortWithArraysAndCustomBase(100)	descending	4096	29583
RadixSortWithArraysAndCustomBase(100)	descending	8192	50625
RadixSortWithArraysAndCustomBase(100)	descending	16384	120375
RadixSortWithArraysAndCustomBase(100)	descending	32768	220542
RadixSortWithArraysAndCustomBase(100)	descending	65536	437417
RadixSortWithArraysAndCustomBase(100)	descending	131072	833167
RadixSortWithArraysAndCustomBase(100)	descending	262144	1649791
RadixSortWithArraysAndCustomBase(100)	descending	524288	3378708
RadixSortWithArraysAndCustomBase(100)	descending	1048576	9047292
RadixSortWithArraysAndCustomBase(100)	descending	2097152	17887167
RadixSortWithArraysAndCustomBase(100)	descending	4194304	35966416
RadixSortWithArraysAndCustomBase(100)	descending	8388608	71734291
RadixSortWithArraysAndCustomBase(100)	descending	16777216	174894666
RadixSortWithArraysAndCustomBase(100)	descending	33554432	431375916
RadixSortWithArraysAndCustomBase(100)	descending	67108864	986938458
RadixSortWithCountingSortAndCustomBase(10)	random	1024	18209
RadixSortWithCountingSortAndCustomBase(10)	random	2048	28459
RadixSortWithCountingSortAndCustomBase(10)	random	4096	45500
RadixSortWithCountingSortAndCustomBase(10)	random	8192	78542
RadixSortWithCountingSortAndCustomBase(10)	random	16384	180417
RadixSortWithCountingSortAndCustomBase(10)	random	32768	323959
RadixSortWithCountingSortAndCustomBase(10)	random	65536	623000
RadixSortWithCountingSortAndCustomBase(10)	random	131072	1541333
RadixSortWithCountingSortAndCustomBase(10)	random	262144	2984875
RadixSortWithCountingSortAndCustomBase(10)	random	524288	5993583
RadixSortWithCountingSortAndCustomBase(10)	random	1048576	14577625
RadixSortWithCountingSortAndCustomBase(10)	random	2097152	28926167
RadixSortWithCountingSortAndCustomBase(10)	random	4194304	54972041
RadixSortWithCountingSortAndCustomBase(10)	random	8388608	110127709
RadixSortWithCountingSortAndCustomBase(10)	random	16777216	262892583
RadixSortWithCountingSortAndCustomBase(10)	random	33554432	508766542
RadixSortWithCountingSortAndCustomBase(10)	random	67108864	1010297042
RadixSortWithCountingSortAndCustomBase(10)	ascending	1024	16834
RadixSortWithCountingSortAndCustomBase(10)	ascending	2048	26500
RadixSortWithCountingSortAndCustomBase(10)	ascending	4096	45167
RadixSortWithCountingSortAndCustomBase(10)	ascending	8192	75917
RadixSortWithCountingSortAndCustomBase(10)	ascending	16384	175041
RadixSortWithCountingSortAndCustomBase(10)	ascending	32768	317750
RadixSortWithCountingSortAndCustomBase(10)	ascending	65536	618583
RadixSortWithCountingSortAndCustomBase(10)	ascending	131072	1481125
RadixSortWithCountingSortAndCustomBase(10)	ascending	262144	2958125
RadixSortWithCountingSortAndCustomBase(10)	ascending	524288	5934834
RadixSortWithCountingSortAndCustomBase(10)	ascending	1048576	13820500
RadixSortWithCountingSortAndCustomBase(10)	ascending	2097152	27455750
RadixSortWithCountingSortAndCustomBase(10)	ascending	4194304	55137708
RadixSortWithCountingSortAndCustomBase(10)	ascending	8388608	109974084
RadixSortWithCountingSortAndCustomBase(10)	ascending	16777216	251710042
RadixSortWithCountingSortAndCustomBase(10)	ascending	33554432	504004458
RadixSortWithCountingSortAndCustomBase(10)	ascending	67108864	1008822916
RadixSortWithCountingSortAndCustomBase(10)	descending	1024	16000
RadixSortWithCountingSortAndCustomBase(10)	descending	2048	25708
RadixSortWithCountingSortAndCustomBase(10)	descending	4096	44375
RadixSortWithCountingSortAndCustomBase(10)	descending	8192	74250
RadixSortWithCountingSortAndCustomBase(10)	descending	16384	163084
RadixSortWithCountingSortAndCustomBase(10)	descending	32768	317167
RadixSortWithCountingSortAndCustomBase(10)	descending	65536	620000
RadixSortWithCountingSortAndCustomBase(10)	descending	131072	1508709
RadixSortWithCountingSortAndCustomBase(10)	descending	262144	2928250
RadixSortWithCountingSortAndCustomBase(10)	descending	524288	5838500
RadixSortWithCountingSortAndCustomBase(10)	descending	1048576	13684542
RadixSortWithCountingSortAndCustomBase(10)	descending	2097152	27021125
RadixSortWithCountingSortAndCustomBase(10)	descending	4194304	55073250
RadixSortWithCountingSortAndCustomBase(10)	descending	8388608	109038417
RadixSortWithCountingSortAndCustomBase(10)	descending	16777216	248057375
RadixSortWithCountingSortAndCustomBase(10)	descending	33554432	498115250
RadixSortWithCountingSortAndCustomBase(10)	descending	67108864	998305583
RadixSortWithCountingSortAndCustomBase(100)	random	1024	10584
RadixSortWithCountingSortAndCustomBase(100)	random	2048	15792
RadixSortWithCountingSortAndCustomBase(100)	random	4096	21917
RadixSortWithCountingSortAndCustomBase(100)	random	8192	46042
RadixSortWithCountingSortAndCustomBase(100)	random	16384	126500
RadixSortWithCountingSortAndCustomBase(100)	random	32768	202625
RadixSortWithCountingSortAndCustomBase(100)	random	65536	380917
RadixSortWithCountingSortAndCustomBase(100)	random	131072	746500
RadixSortWithCountingSortAndCustomBase(100)	random	262144	1480708
RadixSortWithCountingSortAndCustomBase(100)	random	524288	2952500
RadixSortWithCountingSortAndCustomBase(100)	random	1048576	8538084
RadixSortWithCountingSortAndCustomBase(100)	random	2097152	17320083
RadixSortWithCountingSortAndCustomBase(100)	random	4194304	31988166
RadixSortWithCountingSortAndCustomBase(100)	random	8388608	63379250
RadixSortWithCountingSortAndCustomBase(100)	random	16777216	126409916
RadixSortWithCountingSortAndCustomBase(100)	random	33554432	256149250
RadixSortWithCountingSortAndCustomBase(100)	random	67108864	509150458
RadixSortWithCountingSortAndCustomBase(100)	ascending	1024	10625
RadixSortWithCountingSortAndCustomBase(100)	ascending	2048	15875
RadixSortWithCountingSortAndCustomBase(100)	ascending	4096	28083
RadixSortWithCountingSortAndCustomBase(100)	ascending	8192	46041
RadixSortWithCountingSortAndCustomBase(100)	ascending	16384	110083
RadixSortWithCountingSortAndCustomBase(100)	ascending	32768	202416
RadixSortWithCountingSortAndCustomBase(100)	ascending	65536	385208
RadixSortWithCountingSortAndCustomBase(100)	ascending	131072	760542
RadixSortWithCountingSortAndCustomBase(100)	ascending	262144	1548541
RadixSortWithCountingSortAndCustomBase(100)	ascending	524288	3024167
RadixSortWithCountingSortAndCustomBase(100)	ascending	1048576	8026458
RadixSortWithCountingSortAndCustomBase(100)	ascending	2097152	16041791
RadixSortWithCountingSortAndCustomBase(100)	ascending	4194304	32469583
RadixSortWithCountingSortAndCustomBase(100)	ascending	8388608	65434125
RadixSortWithCountingSortAndCustomBase(100)	ascending	16777216	130075625
RadixSortWithCountingSortAndCustomBase(100)	ascending	33554432	264428375
RadixSortWithCountingSortAndCustomBase(100)	ascending	67108864	528319583
RadixSortWithCountingSortAndCustomBase(100)	descending	1024	10666
RadixSortWithCountingSortAndCustomBase(100)	descending	2048	15167
RadixSortWithCountingSortAndCustomBase(100)	descending	4096	26667
RadixSortWithCountingSortAndCustomBase(100)	descending	8192	45917
RadixSortWithCountingSortAndCustomBase(100)	descending	16384	108791
RadixSortWithCountingSortAndCustomBase(100)	descending	32768	198000
RadixSortWithCountingSortAndCustomBase(100)	descending	65536	383542
RadixSortWithCountingSortAndCustomBase(100)	descending	131072	745542
RadixSortWithCountingSortAndCustomBase(100)	descending	262144	1475708
RadixSortWithCountingSortAndCustomBase(100)	descending	524288	2961584
RadixSortWithCountingSortAndCustomBase(100)	descending	1048576	7921584
RadixSortWithCountingSortAndCustomBase(100)	descending	2097152	16240750
RadixSortWithCountingSortAndCustomBase(100)	descending	4194304	31964708
RadixSortWithCountingSortAndCustomBase(100)	descending	8388608	64366083
RadixSortWithCountingSortAndCustomBase(100)	descending	16777216	128405542
RadixSortWithCountingSortAndCustomBase(100)	descending	33554432	259438541
RadixSortWithCountingSortAndCustomBase(100)	descending	67108864	521853250
RecursiveMsdRadixSortWithArraysAndCustomBase(10)	random	1024	39333
RecursiveMsdRadixSortWithArraysAndCustomBase(10)	random	2048	61666
RecursiveMsdRadixSortWithArraysAndCustomBase(10)	random	4096	110041
RecursiveMsdRadixSortWithArraysAndCustomBase(10)	random	8192	204375
RecursiveMsdRadixSortWithArraysAndCustomBase(10)	random	16384	426041
RecursiveMsdRadixSortWithArraysAndCustomBase(10)	random	32768	815458
RecursiveMsdRadixSortWithArraysAndCustomBase(10)	random	65536	1600333
RecursiveMsdRadixSortWithArraysAndCustomBase(10)	random	131072	3766041
RecursiveMsdRadixSortWithArraysAndCustomBase(10)	random	262144	7259500
RecursiveMsdRadixSortWithArraysAndCustomBase(10)	random	524288	14616125
RecursiveMsdRadixSortWithArraysAndCustomBase(10)	random	1048576	31761167
RecursiveMsdRadixSortWithArraysAndCustomBase(10)	random	2097152	62053750
RecursiveMsdRadixSortWithArraysAndCustomBase(10)	random	4194304	121311958
RecursiveMsdRadixSortWithArraysAndCustomBase(10)	random	8388608	243530125
RecursiveMsdRadixSortWithArraysAndCustomBase(10)	random	16777216	565767584
RecursiveMsdRadixSortWithArraysAndCustomBase(10)	random	33554432	1093381500
RecursiveMsdRadixSortWithArraysAndCustomBase(10)	random	67108864	2174880917
RecursiveMsdRadixSortWithArraysAndCustomBase(10)	ascending	1024	22083
RecursiveMsdRadixSortWithArraysAndCustomBase(10)	ascending	2048	43458
RecursiveMsdRadixSortWithArraysAndCustomBase(10)	ascending	4096	75042
RecursiveMsdRadixSortWithArraysAndCustomBase(10)	ascending	8192	143542
RecursiveMsdRadixSortWithArraysAndCustomBase(10)	ascending	16384	276333
RecursiveMsdRadixSortWithArraysAndCustomBase(10)	ascending	32768	562750
RecursiveMsdRadixSortWithArraysAndCustomBase(10)	ascending	65536	1184583
RecursiveMsdRadixSortWithArraysAndCustomBase(10)	ascending	131072	2647958
RecursiveMsdRadixSortWithArraysAndCustomBase(10)	ascending	262144	5795208
RecursiveMsdRadixSortWithArraysAndCustomBase(10)	ascending	524288	11972833
RecursiveMsdRadixSortWithArraysAndCustomBase(10)	ascending	1048576	22650541
RecursiveMsdRadixSortWithArraysAndCustomBase(10)	ascending	2097152	46880042
RecursiveMsdRadixSortWithArraysAndCustomBase(10)	ascending	4194304	92848416
RecursiveMsdRadixSortWithArraysAndCustomBase(10)	ascending	8388608	189476833
RecursiveMsdRadixSortWithArraysAndCustomBase(10)	ascending	16777216	439423459
RecursiveMsdRadixSortWithArraysAndCustomBase(10)	ascending	33554432	878765250
RecursiveMsdRadixSortWithArraysAndCustomBase(10)	ascending	67108864	1753480584
RecursiveMsdRadixSortWithArraysAndCustomBase(10)	descending	1024	23417
RecursiveMsdRadixSortWithArraysAndCustomBase(10)	descending	2048	48125
RecursiveMsdRadixSortWithArraysAndCustomBase(10)	descending	4096	88042
RecursiveMsdRadixSortWithArraysAndCustomBase(10)	descending	8192	157000
RecursiveMsdRadixSortWithArraysAndCustomBase(10)	descending	16384	301416
RecursiveMsdRadixSortWithArraysAndCustomBase(10)	descending	32768	611084
RecursiveMsdRadixSortWithArraysAndCustomBase(10)	descending	65536	1214375
RecursiveMsdRadixSortWithArraysAndCustomBase(10)	descending	131072	2995042
RecursiveMsdRadixSortWithArraysAndCustomBase(10)	descending	262144	6073000
RecursiveMsdRadixSortWithArraysAndCustomBase(10)	descending	524288	12400750
RecursiveMsdRadixSortWithArraysAndCustomBase(10)	descending	1048576	24100042
RecursiveMsdRadixSortWithArraysAndCustomBase(10)	descending	2097152	49697000
RecursiveMsdRadixSortWithArraysAndCustomBase(10)	descending	4194304	97404791
RecursiveMsdRadixSortWithArraysAndCustomBase(10)	descending	8388608	193391667
RecursiveMsdRadixSortWithArraysAndCustomBase(10)	descending	16777216	463226041
RecursiveMsdRadixSortWithArraysAndCustomBase(10)	descending	33554432	928589542
RecursiveMsdRadixSortWithArraysAndCustomBase(10)	descending	67108864	1861413417
RecursiveMsdRadixSortWithArraysAndCustomBase(1000)	random	1024	33459
RecursiveMsdRadixSortWithArraysAndCustomBase(1000)	random	2048	44000
RecursiveMsdRadixSortWithArraysAndCustomBase(1000)	random	4096	71250
RecursiveMsdRadixSortWithArraysAndCustomBase(1000)	random	8192	125291
RecursiveMsdRadixSortWithArraysAndCustomBase(1000)	random	16384	236125
RecursiveMsdRadixSortWithArraysAndCustomBase(1000)	random	32768	469416
RecursiveMsdRadixSortWithArraysAndCustomBase(1000)	random	65536	935625
RecursiveMsdRadixSortWithArraysAndCustomBase(1000)	random	131072	1808417
RecursiveMsdRadixSortWithArraysAndCustomBase(1000)	random	262144	3583792
RecursiveMsdRadixSortWithArraysAndCustomBase(1000)	random	524288	7317709
RecursiveMsdRadixSortWithArraysAndCustomBase(1000)	random	1048576	17917583
RecursiveMsdRadixSortWithArraysAndCustomBase(1000)	random	2097152	34707542
RecursiveMsdRadixSortWithArraysAndCustomBase(1000)	random	4194304	67004292
RecursiveMsdRadixSortWithArraysAndCustomBase(1000)	random	8388608	133650458
RecursiveMsdRadixSortWithArraysAndCustomBase(1000)	random	16777216	266795834
RecursiveMsdRadixSortWithArraysAndCustomBase(1000)	random	33554432	535952541
RecursiveMsdRadixSortWithArraysAndCustomBase(1000)	random	67108864	1114286375
RecursiveMsdRadixSortWithArraysAndCustomBase(1000)	ascending	1024	21125
RecursiveMsdRadixSortWithArraysAndCustomBase(1000)	ascending	2048	38542
RecursiveMsdRadixSortWithArraysAndCustomBase(1000)	ascending	4096	55875
RecursiveMsdRadixSortWithArraysAndCustomBase(1000)	ascending	8192	89125
RecursiveMsdRadixSortWithArraysAndCustomBase(1000)	ascending	16384	165292
RecursiveMsdRadixSortWithArraysAndCustomBase(1000)	ascending	32768	317708
RecursiveMsdRadixSortWithArraysAndCustomBase(1000)	ascending	65536	577834
RecursiveMsdRadixSortWithArraysAndCustomBase(1000)	ascending	131072	1202750
RecursiveMsdRadixSortWithArraysAndCustomBase(1000)	ascending	262144	2368667
RecursiveMsdRadixSortWithArraysAndCustomBase(1000)	ascending	524288	4665500
RecursiveMsdRadixSortWithArraysAndCustomBase(1000)	ascending	1048576	10348000
RecursiveMsdRadixSortWithArraysAndCustomBase(1000)	ascending	2097152	21341958
RecursiveMsdRadixSortWithArraysAndCustomBase(1000)	ascending	4194304	41168125
RecursiveMsdRadixSortWithArraysAndCustomBase(1000)	ascending	8388608	81846541
RecursiveMsdRadixSortWithArraysAndCustomBase(1000)	ascending	16777216	162181500
RecursiveMsdRadixSortWithArraysAndCustomBase(1000)	ascending	33554432	323107792
RecursiveMsdRadixSortWithArraysAndCustomBase(1000)	ascending	67108864	656417875
RecursiveMsdRadixSortWithArraysAndCustomBase(1000)	descending	1024	20084
RecursiveMsdRadixSortWithArraysAndCustomBase(1000)	descending	2048	36542
RecursiveMsdRadixSortWithArraysAndCustomBase(1000)	descending	4096	57458
RecursiveMsdRadixSortWithArraysAndCustomBase(1000)	descending	8192	90125
RecursiveMsdRadixSortWithArraysAndCustomBase(1000)	descending	16384	161042
RecursiveMsdRadixSortWithArraysAndCustomBase(1000)	descending	32768	308958
RecursiveMsdRadixSortWithArraysAndCustomBase(1000)	descending	65536	589833
RecursiveMsdRadixSortWithArraysAndCustomBase(1000)	descending	131072	1173875
RecursiveMsdRadixSortWithArraysAndCustomBase(1000)	descending	262144	2335083
RecursiveMsdRadixSortWithArraysAndCustomBase(1000)	descending	524288	4616500
RecursiveMsdRadixSortWithArraysAndCustomBase(1000)	descending	1048576	10472125
RecursiveMsdRadixSortWithArraysAndCustomBase(1000)	descending	2097152	20542750
RecursiveMsdRadixSortWithArraysAndCustomBase(1000)	descending	4194304	41700084
RecursiveMsdRadixSortWithArraysAndCustomBase(1000)	descending	8388608	80015542
RecursiveMsdRadixSortWithArraysAndCustomBase(1000)	descending	16777216	157935750
RecursiveMsdRadixSortWithArraysAndCustomBase(1000)	descending	33554432	317680625
RecursiveMsdRadixSortWithArraysAndCustomBase(1000)	descending	67108864	639084042
RadixSortWithDynamicListsAndCustomBase(10)	random	1024	34333
RadixSortWithDynamicListsAndCustomBase(10)	random	2048	50334
RadixSortWithDynamicListsAndCustomBase(10)	random	4096	77416
RadixSortWithDynamicListsAndCustomBase(10)	random	8192	135542
RadixSortWithDynamicListsAndCustomBase(10)	random	16384	308000
RadixSortWithDynamicListsAndCustomBase(10)	random	32768	586000
RadixSortWithDynamicListsAndCustomBase(10)	random	65536	1190125
RadixSortWithDynamicListsAndCustomBase(10)	random	131072	2842583
RadixSortWithDynamicListsAndCustomBase(10)	random	262144	5624042
RadixSortWithDynamicListsAndCustomBase(10)	random	524288	11727792
RadixSortWithDynamicListsAndCustomBase(10)	random	1048576	32713000
RadixSortWithDynamicListsAndCustomBase(10)	random	2097152	86341208
RadixSortWithDynamicListsAndCustomBase(10)	random	4194304	164476958
RadixSortWithDynamicListsAndCustomBase(10)	random	8388608	303829708
RadixSortWithDynamicListsAndCustomBase(10)	random	16777216	647536875
RadixSortWithDynamicListsAndCustomBase(10)	random	33554432	1312635458
RadixSortWithDynamicListsAndCustomBase(10)	random	67108864	5129919084
RadixSortWithDynamicListsAndCustomBase(10)	ascending	1024	29291
RadixSortWithDynamicListsAndCustomBase(10)	ascending	2048	52875
RadixSortWithDynamicListsAndCustomBase(10)	ascending	4096	77542
RadixSortWithDynamicListsAndCustomBase(10)	ascending	8192	125500
RadixSortWithDynamicListsAndCustomBase(10)	ascending	16384	309083
RadixSortWithDynamicListsAndCustomBase(10)	ascending	32768	589417
RadixSortWithDynamicListsAndCustomBase(10)	ascending	65536	1203583
RadixSortWithDynamicListsAndCustomBase(10)	ascending	131072	2796208
RadixSortWithDynamicListsAndCustomBase(10)	ascending	262144	5711542
RadixSortWithDynamicListsAndCustomBase(10)	ascending	524288	11660750
RadixSortWithDynamicListsAndCustomBase(10)	ascending	1048576	28071708
RadixSortWithDynamicListsAndCustomBase(10)	ascending	2097152	61993166
RadixSortWithDynamicListsAndCustomBase(10)	ascending	4194304	129799583
RadixSortWithDynamicListsAndCustomBase(10)	ascending	8388608	283558500
RadixSortWithDynamicListsAndCustomBase(10)	ascending	16777216	1162651000
RadixSortWithDynamicListsAndCustomBase(10)	ascending	33554432	2552971708
RadixSortWithDynamicListsAndCustomBase(10)	ascending	67108864	5442753167
RadixSortWithDynamicListsAndCustomBase(10)	descending	1024	29833
RadixSortWithDynamicListsAndCustomBase(10)	descending	2048	47625
RadixSortWithDynamicListsAndCustomBase(10)	descending	4096	78125
RadixSortWithDynamicListsAndCustomBase(10)	descending	8192	120834
RadixSortWithDynamicListsAndCustomBase(10)	descending	16384	304500
RadixSortWithDynamicListsAndCustomBase(10)	descending	32768	599208
RadixSortWithDynamicListsAndCustomBase(10)	descending	65536	1259417
RadixSortWithDynamicListsAndCustomBase(10)	descending	131072	2810541
RadixSortWithDynamicListsAndCustomBase(10)	descending	262144	5637334
RadixSortWithDynamicListsAndCustomBase(10)	descending	524288	11628833
RadixSortWithDynamicListsAndCustomBase(10)	descending	1048576	27978084
RadixSortWithDynamicListsAndCustomBase(10)	descending	2097152	62623625
RadixSortWithDynamicListsAndCustomBase(10)	descending	4194304	129055917
RadixSortWithDynamicListsAndCustomBase(10)	descending	8388608	285788375
RadixSortWithDynamicListsAndCustomBase(10)	descending	16777216	1159344667
RadixSortWithDynamicListsAndCustomBase(10)	descending	33554432	2560934666
RadixSortWithDynamicListsAndCustomBase(10)	descending	67108864	5739381209
RadixSortWithDynamicListsAndCustomBase(100)	random	1024	22084
RadixSortWithDynamicListsAndCustomBase(100)	random	2048	33667
RadixSortWithDynamicListsAndCustomBase(100)	random	4096	54208
RadixSortWithDynamicListsAndCustomBase(100)	random	8192	95958
RadixSortWithDynamicListsAndCustomBase(100)	random	16384	226292
RadixSortWithDynamicListsAndCustomBase(100)	random	32768	398416
RadixSortWithDynamicListsAndCustomBase(100)	random	65536	765375
RadixSortWithDynamicListsAndCustomBase(100)	random	131072	1587583
RadixSortWithDynamicListsAndCustomBase(100)	random	262144	3138458
RadixSortWithDynamicListsAndCustomBase(100)	random	524288	8275125
RadixSortWithDynamicListsAndCustomBase(100)	random	1048576	19848250
RadixSortWithDynamicListsAndCustomBase(100)	random	2097152	46617208
RadixSortWithDynamicListsAndCustomBase(100)	random	4194304	109521084
RadixSortWithDynamicListsAndCustomBase(100)	random	8388608	227731459
RadixSortWithDynamicListsAndCustomBase(100)	random	16777216	474298875
RadixSortWithDynamicListsAndCustomBase(100)	random	33554432	994076917
RadixSortWithDynamicListsAndCustomBase(100)	random	67108864	2055866250
RadixSortWithDynamicListsAndCustomBase(100)	ascending	1024	15750
RadixSortWithDynamicListsAndCustomBase(100)	ascending	2048	28208
RadixSortWithDynamicListsAndCustomBase(100)	ascending	4096	51209
RadixSortWithDynamicListsAndCustomBase(100)	ascending	8192	71750
RadixSortWithDynamicListsAndCustomBase(100)	ascending	16384	193750
RadixSortWithDynamicListsAndCustomBase(100)	ascending	32768	357083
RadixSortWithDynamicListsAndCustomBase(100)	ascending	65536	742375
RadixSortWithDynamicListsAndCustomBase(100)	ascending	131072	1468041
RadixSortWithDynamicListsAndCustomBase(100)	ascending	262144	2964125
RadixSortWithDynamicListsAndCustomBase(100)	ascending	524288	6348750
RadixSortWithDynamicListsAndCustomBase(100)	ascending	1048576	16269375
RadixSortWithDynamicListsAndCustomBase(100)	ascending	2097152	33668500
RadixSortWithDynamicListsAndCustomBase(100)	ascending	4194304	72769750
RadixSortWithDynamicListsAndCustomBase(100)	ascending	8388608	166673334
RadixSortWithDynamicListsAndCustomBase(100)	ascending	16777216	441690583
RadixSortWithDynamicListsAndCustomBase(100)	ascending	33554432	1015649083
RadixSortWithDynamicListsAndCustomBase(100)	ascending	67108864	2203230708
RadixSortWithDynamicListsAndCustomBase(100)	descending	1024	16042
RadixSortWithDynamicListsAndCustomBase(100)	descending	2048	27583
RadixSortWithDynamicListsAndCustomBase(100)	descending	4096	44917
RadixSortWithDynamicListsAndCustomBase(100)	descending	8192	69541
RadixSortWithDynamicListsAndCustomBase(100)	descending	16384	177166
RadixSortWithDynamicListsAndCustomBase(100)	descending	32768	345250
RadixSortWithDynamicListsAndCustomBase(100)	descending	65536	721791
RadixSortWithDynamicListsAndCustomBase(100)	descending	131072	1425833
RadixSortWithDynamicListsAndCustomBase(100)	descending	262144	2881042
RadixSortWithDynamicListsAndCustomBase(100)	descending	524288	6403375
RadixSortWithDynamicListsAndCustomBase(100)	descending	1048576	17250375
RadixSortWithDynamicListsAndCustomBase(100)	descending	2097152	34254208
RadixSortWithDynamicListsAndCustomBase(100)	descending	4194304	73314500
RadixSortWithDynamicListsAndCustomBase(100)	descending	8388608	165261959
RadixSortWithDynamicListsAndCustomBase(100)	descending	16777216	443817916
RadixSortWithDynamicListsAndCustomBase(100)	descending	33554432	1019425792
RadixSortWithDynamicListsAndCustomBase(100)	descending	67108864	2251180791
RadixSortWithArraysAndCustomBase(10)	random	1024	18584
RadixSortWithArraysAndCustomBase(10)	random	2048	33000
RadixSortWithArraysAndCustomBase(10)	random	4096	49833
RadixSortWithArraysAndCustomBase(10)	random	8192	82500
RadixSortWithArraysAndCustomBase(10)	random	16384	203625
RadixSortWithArraysAndCustomBase(10)	random	32768	360416
RadixSortWithArraysAndCustomBase(10)	random	65536	692416
RadixSortWithArraysAndCustomBase(10)	random	131072	1847375
RadixSortWithArraysAndCustomBase(10)	random	262144	3476375
RadixSortWithArraysAndCustomBase(10)	random	524288	6830833
RadixSortWithArraysAndCustomBase(10)	random	1048576	16022083
RadixSortWithArraysAndCustomBase(10)	random	2097152	32935458
RadixSortWithArraysAndCustomBase(10)	random	4194304	63582125
RadixSortWithArraysAndCustomBase(10)	random	8388608	126918792
RadixSortWithArraysAndCustomBase(10)	random	16777216	309052458
RadixSortWithArraysAndCustomBase(10)	random	33554432	601497083
RadixSortWithArraysAndCustomBase(10)	random	67108864	1199284167
RadixSortWithArraysAndCustomBase(10)	ascending	1024	19041
RadixSortWithArraysAndCustomBase(10)	ascending	2048	24208
RadixSortWithArraysAndCustomBase(10)	ascending	4096	52542
RadixSortWithArraysAndCustomBase(10)	ascending	8192	82500
RadixSortWithArraysAndCustomBase(10)	ascending	16384	184833
RadixSortWithArraysAndCustomBase(10)	ascending	32768	348041
RadixSortWithArraysAndCustomBase(10)	ascending	65536	709833
RadixSortWithArraysAndCustomBase(10)	ascending	131072	1713667
RadixSortWithArraysAndCustomBase(10)	ascending	262144	3242750
RadixSortWithArraysAndCustomBase(10)	ascending	524288	6750875
RadixSortWithArraysAndCustomBase(10)	ascending	1048576	15543000
RadixSortWithArraysAndCustomBase(10)	ascending	2097152	30868875
RadixSortWithArraysAndCustomBase(10)	ascending	4194304	61965292
RadixSortWithArraysAndCustomBase(10)	ascending	8388608	124213666
RadixSortWithArraysAndCustomBase(10)	ascending	16777216	299223125
RadixSortWithArraysAndCustomBase(10)	ascending	33554432	593560166
RadixSortWithArraysAndCustomBase(10)	ascending	67108864	1199593167
RadixSortWithArraysAndCustomBase(10)	descending	1024	19041
RadixSortWithArraysAndCustomBase(10)	descending	2048	30042
RadixSortWithArraysAndCustomBase(10)	descending	4096	50459
RadixSortWithArraysAndCustomBase(10)	descending	8192	75875
RadixSortWithArraysAndCustomBase(10)	descending	16384	184709
RadixSortWithArraysAndCustomBase(10)	descending	32768	345292
RadixSortWithArraysAndCustomBase(10)	descending	65536	677500
RadixSortWithArraysAndCustomBase(10)	descending	131072	1669500
RadixSortWithArraysAndCustomBase(10)	descending	262144	3293958
RadixSortWithArraysAndCustomBase(10)	descending	524288	6573833
RadixSortWithArraysAndCustomBase(10)	descending	1048576	15443791
RadixSortWithArraysAndCustomBase(10)	descending	2097152	30594417
RadixSortWithArraysAndCustomBase(10)	descending	4194304	61086917
RadixSortWithArraysAndCustomBase(10)	descending	8388608	123159375
RadixSortWithArraysAndCustomBase(10)	descending	16777216	292614583
RadixSortWithArraysAndCustomBase(10)	descending	33554432	588715416
RadixSortWithArraysAndCustomBase(10)	descending	67108864	1188247917
RadixSortWithArraysAndCustomBase(100)	random	1024	14083
RadixSortWithArraysAndCustomBase(100)	random	2048	21959
RadixSortWithArraysAndCustomBase(100)	random	4096	33125
RadixSortWithArraysAndCustomBase(100)	random	8192	50125
RadixSortWithArraysAndCustomBase(100)	random	16384	136875
RadixSortWithArraysAndCustomBase(100)	random	32768	228750
RadixSortWithArraysAndCustomBase(100)	random	65536	443750
RadixSortWithArraysAndCustomBase(100)	random	131072	856375
RadixSortWithArraysAndCustomBase(100)	random	262144	1724500
RadixSortWithArraysAndCustomBase(100)	random	524288	3366250
RadixSortWithArraysAndCustomBase(100)	random	1048576	9417791
RadixSortWithArraysAndCustomBase(100)	random	2097152	19388667
RadixSortWithArraysAndCustomBase(100)	random	4194304	36342959
RadixSortWithArraysAndCustomBase(100)	random	8388608	71548250
RadixSortWithArraysAndCustomBase(100)	random	16777216	143768208
RadixSortWithArraysAndCustomBase(100)	random	33554432	296481042
RadixSortWithArraysAndCustomBase(100)	random	67108864	695098000
RadixSortWithArraysAndCustomBase(100)	ascending	1024	13917
RadixSortWithArraysAndCustomBase(100)	ascending	2048	20292
RadixSortWithArraysAndCustomBase(100)	ascending	4096	29792
RadixSortWithArraysAndCustomBase(100)	ascending	8192	54041
RadixSortWithArraysAndCustomBase(100)	ascending	16384	128667
RadixSortWithArraysAndCustomBase(100)	ascending	32768	227125
RadixSortWithArraysAndCustomBase(100)	ascending	65536	440000
RadixSortWithArraysAndCustomBase(100)	ascending	131072	861709
RadixSortWithArraysAndCustomBase(100)	ascending	262144	1669542
RadixSortWithArraysAndCustomBase(100)	ascending	524288	3402666
RadixSortWithArraysAndCustomBase(100)	ascending	1048576	9340917
RadixSortWithArraysAndCustomBase(100)	ascending	2097152	18040250
RadixSortWithArraysAndCustomBase(100)	ascending	4194304	36321416
RadixSortWithArraysAndCustomBase(100)	ascending	8388608	72578542
RadixSortWithArraysAndCustomBase(100)	ascending	16777216	178578750
RadixSortWithArraysAndCustomBase(100)	ascending	33554432	437178542
RadixSortWithArraysAndCustomBase(100)	ascending	67108864	994438709
RadixSortWithArraysAndCustomBase(100)	descending	1024	12875
RadixSortWithArraysAndCustomBase(100)	descending	2048	19041
RadixSortWithArraysAndCustomBase(100)	descending	4096	26208
RadixSortWithArraysAndCustomBase(100)	descending	8192	44375
RadixSortWithArraysAndCustomBase(100)	descending	16384	125166
RadixSortWithArraysAndCustomBase(100)	descending	32768	226667
RadixSortWithArraysAndCustomBase(100)	descending	65536	424208
RadixSortWithArraysAndCustomBase(100)	descending	131072	839666
RadixSortWithArraysAndCustomBase(100)	descending	262144	1650500
RadixSortWithArraysAndCustomBase(100)	descending	524288	3316208
RadixSortWithArraysAndCustomBase(100)	descending	1048576	9107959
RadixSortWithArraysAndCustomBase(100)	descending	2097152	17892459
RadixSortWithArraysAndCustomBase(100)	descending	4194304	35826958
RadixSortWithArraysAndCustomBase(100)	descending	8388608	71630958
RadixSortWithArraysAndCustomBase(100)	descending	16777216	175997542
RadixSortWithArraysAndCustomBase(100)	descending	33554432	432514583
RadixSortWithArraysAndCustomBase(100)	descending	67108864	987813000
RadixSortWithCountingSortAndCustomBase(10)	random	1024	17584
RadixSortWithCountingSortAndCustomBase(10)	random	2048	28083
RadixSortWithCountingSortAndCustomBase(10)	random	4096	45416
RadixSortWithCountingSortAndCustomBase(10)	random	8192	66000
RadixSortWithCountingSortAndCustomBase(10)	random	16384	179667
RadixSortWithCountingSortAndCustomBase(10)	random	32768	315958
RadixSortWithCountingSortAndCustomBase(10)	random	65536	619375
RadixSortWithCountingSortAndCustomBase(10)	random	131072	1529250
RadixSortWithCountingSortAndCustomBase(10)	random	262144	2963584
RadixSortWithCountingSortAndCustomBase(10)	random	524288	5837666
RadixSortWithCountingSortAndCustomBase(10)	random	1048576	13919334
RadixSortWithCountingSortAndCustomBase(10)	random	2097152	29182167
RadixSortWithCountingSortAndCustomBase(10)	random	4194304	55212875
RadixSortWithCountingSortAndCustomBase(10)	random	8388608	110306333
RadixSortWithCountingSortAndCustomBase(10)	random	16777216	263984833
RadixSortWithCountingSortAndCustomBase(10)	random	33554432	502868417
RadixSortWithCountingSortAndCustomBase(10)	random	67108864	1008933292
RadixSortWithCountingSortAndCustomBase(10)	ascending	1024	17416
RadixSortWithCountingSortAndCustomBase(10)	ascending	2048	25500
RadixSortWithCountingSortAndCustomBase(10)	ascending	4096	44833
RadixSortWithCountingSortAndCustomBase(10)	ascending	8192	74709
RadixSortWithCountingSortAndCustomBase(10)	ascending	16384	169708
RadixSortWithCountingSortAndCustomBase(10)	ascending	32768	319292
RadixSortWithCountingSortAndCustomBase(10)	ascending	65536	621292
RadixSortWithCountingSortAndCustomBase(10)	ascending	131072	1482208
RadixSortWithCountingSortAndCustomBase(10)	ascending	262144	2954667
RadixSortWithCountingSortAndCustomBase(10)	ascending	524288	5948208
RadixSortWithCountingSortAndCustomBase(10)	ascending	1048576	13745459
RadixSortWithCountingSortAndCustomBase(10)	ascending	2097152	27877166
RadixSortWithCountingSortAndCustomBase(10)	ascending	4194304	55482583
RadixSortWithCountingSortAndCustomBase(10)	ascending	8388608	110741084
RadixSortWithCountingSortAndCustomBase(10)	ascending	16777216	252380750
RadixSortWithCountingSortAndCustomBase(10)	ascending	33554432	502539917
RadixSortWithCountingSortAndCustomBase(10)	ascending	67108864	1009283292
RadixSortWithCountingSortAndCustomBase(10)	descending	1024	16708
RadixSortWithCountingSortAndCustomBase(10)	descending	2048	25584
RadixSortWithCountingSortAndCustomBase(10)	descending	4096	44208
RadixSortWithCountingSortAndCustomBase(10)	descending	8192	75250
RadixSortWithCountingSortAndCustomBase(10)	descending	16384	168791
RadixSortWithCountingSortAndCustomBase(10)	descending	32768	317583
RadixSortWithCountingSortAndCustomBase(10)	descending	65536	617459
RadixSortWithCountingSortAndCustomBase(10)	descending	131072	1481083
RadixSortWithCountingSortAndCustomBase(10)	descending	262144	2907000
RadixSortWithCountingSortAndCustomBase(10)	descending	524288	5774041
RadixSortWithCountingSortAndCustomBase(10)	descending	1048576	13692209
RadixSortWithCountingSortAndCustomBase(10)	descending	2097152	27217458
RadixSortWithCountingSortAndCustomBase(10)	descending	4194304	55975208
RadixSortWithCountingSortAndCustomBase(10)	descending	8388608	109692375
RadixSortWithCountingSortAndCustomBase(10)	descending	16777216	248771000
RadixSortWithCountingSortAndCustomBase(10)	descending	33554432	498836458
RadixSortWithCountingSortAndCustomBase(10)	descending	67108864	1000063125
RadixSortWithCountingSortAndCustomBase(100)	random	1024	10000
RadixSortWithCountingSortAndCustomBase(100)	random	2048	16125
RadixSortWithCountingSortAndCustomBase(100)	random	4096	26083
RadixSortWithCountingSortAndCustomBase(100)	random	8192	45625
RadixSortWithCountingSortAndCustomBase(100)	random	16384	116375
RadixSortWithCountingSortAndCustomBase(100)	random	32768	202959
RadixSortWithCountingSortAndCustomBase(100)	random	65536	385042
RadixSortWithCountingSortAndCustomBase(100)	random	131072	745292
RadixSortWithCountingSortAndCustomBase(100)	random	262144	1502084
RadixSortWithCountingSortAndCustomBase(100)	random	524288	2947416
RadixSortWithCountingSortAndCustomBase(100)	random	1048576	8379500
RadixSortWithCountingSortAndCustomBase(100)	random	2097152	17189792
RadixSortWithCountingSortAndCustomBase(100)	random	4194304	31961459
RadixSortWithCountingSortAndCustomBase(100)	random	8388608	63408417
RadixSortWithCountingSortAndCustomBase(100)	random	16777216	126437125
RadixSortWithCountingSortAndCustomBase(100)	random	33554432	253929500
RadixSortWithCountingSortAndCustomBase(100)	random	67108864	509920709
RadixSortWithCountingSortAndCustomBase(100)	ascending	1024	11875
RadixSortWithCountingSortAndCustomBase(100)	ascending	2048	16542
RadixSortWithCountingSortAndCustomBase(100)	ascending	4096	24541
RadixSortWithCountingSortAndCustomBase(100)	ascending	8192	46625
RadixSortWithCountingSortAndCustomBase(100)	ascending	16384	109209
RadixSortWithCountingSortAndCustomBase(100)	ascending	32768	205625
RadixSortWithCountingSortAndCustomBase(100)	ascending	65536	398041
RadixSortWithCountingSortAndCustomBase(100)	ascending	131072	774625
RadixSortWithCountingSortAndCustomBase(100)	ascending	262144	1514917
RadixSortWithCountingSortAndCustomBase(100)	ascending	524288	3066958
RadixSortWithCountingSortAndCustomBase(100)	ascending	1048576	8033584
RadixSortWithCountingSortAndCustomBase(100)	ascending	2097152	16107834
RadixSortWithCountingSortAndCustomBase(100)	ascending	4194304	32754292
RadixSortWithCountingSortAndCustomBase(100)	ascending	8388608	64995459
RadixSortWithCountingSortAndCustomBase(100)	ascending	16777216	131172041
RadixSortWithCountingSortAndCustomBase(100)	ascending	33554432	264483041
RadixSortWithCountingSortAndCustomBase(100)	ascending	67108864	544430959
RadixSortWithCountingSortAndCustomBase(100)	descending	1024	11000
RadixSortWithCountingSortAndCustomBase(100)	descending	2048	15625
RadixSortWithCountingSortAndCustomBase(100)	descending	4096	26917
RadixSortWithCountingSortAndCustomBase(100)	descending	8192	45000
RadixSortWithCountingSortAndCustomBase(100)	descending	16384	108250
RadixSortWithCountingSortAndCustomBase(100)	descending	32768	189333
RadixSortWithCountingSortAndCustomBase(100)	descending	65536	385250
RadixSortWithCountingSortAndCustomBase(100)	descending	131072	749917
RadixSortWithCountingSortAndCustomBase(100)	descending	262144	1494500
RadixSortWithCountingSortAndCustomBase(100)	descending	524288	2990041
RadixSortWithCountingSortAndCustomBase(100)	descending	1048576	8174667
RadixSortWithCountingSortAndCustomBase(100)	descending	2097152	15903167
RadixSortWithCountingSortAndCustomBase(100)	descending	4194304	32072000
RadixSortWithCountingSortAndCustomBase(100)	descending	8388608	64229250
RadixSortWithCountingSortAndCustomBase(100)	descending	16777216	128974000
RadixSortWithCountingSortAndCustomBase(100)	descending	33554432	265286208
RadixSortWithCountingSortAndCustomBase(100)	descending	67108864	528160708
RecursiveMsdRadixSortWithArraysAndCustomBase(10)	random	1024	41458
RecursiveMsdRadixSortWithArraysAndCustomBase(10)	random	2048	63125
RecursiveMsdRadixSortWithArraysAndCustomBase(10)	random	4096	106583
RecursiveMsdRadixSortWithArraysAndCustomBase(10)	random	8192	200875
RecursiveMsdRadixSortWithArraysAndCustomBase(10)	random	16384	424500
RecursiveMsdRadixSortWithArraysAndCustomBase(10)	random	32768	810500
RecursiveMsdRadixSortWithArraysAndCustomBase(10)	random	65536	1625334
RecursiveMsdRadixSortWithArraysAndCustomBase(10)	random	131072	3778084
RecursiveMsdRadixSortWithArraysAndCustomBase(10)	random	262144	7319375
RecursiveMsdRadixSortWithArraysAndCustomBase(10)	random	524288	14637750
RecursiveMsdRadixSortWithArraysAndCustomBase(10)	random	1048576	32027916
RecursiveMsdRadixSortWithArraysAndCustomBase(10)	random	2097152	62147875
RecursiveMsdRadixSortWithArraysAndCustomBase(10)	random	4194304	121726334
RecursiveMsdRadixSortWithArraysAndCustomBase(10)	random	8388608	244330792
RecursiveMsdRadixSortWithArraysAndCustomBase(10)	random	16777216	563627417
RecursiveMsdRadixSortWithArraysAndCustomBase(10)	random	33554432	1100082084
RecursiveMsdRadixSortWithArraysAndCustomBase(10)	random	67108864	2184705959
RecursiveMsdRadixSortWithArraysAndCustomBase(10)	ascending	1024	26375
RecursiveMsdRadixSortWithArraysAndCustomBase(10)	ascending	2048	42209
RecursiveMsdRadixSortWithArraysAndCustomBase(10)	ascending	4096	79750
RecursiveMsdRadixSortWithArraysAndCustomBase(10)	ascending	8192	143208
RecursiveMsdRadixSortWithArraysAndCustomBase(10)	ascending	16384	298708
RecursiveMsdRadixSortWithArraysAndCustomBase(10)	ascending	32768	553250
RecursiveMsdRadixSortWithArraysAndCustomBase(10)	ascending	65536	1113917
RecursiveMsdRadixSortWithArraysAndCustomBase(10)	ascending	131072	2742375
RecursiveMsdRadixSortWithArraysAndCustomBase(10)	ascending	262144	6030959
RecursiveMsdRadixSortWithArraysAndCustomBase(10)	ascending	524288	11992042
RecursiveMsdRadixSortWithArraysAndCustomBase(10)	ascending	1048576	23602250
RecursiveMsdRadixSortWithArraysAndCustomBase(10)	ascending	2097152	48217041
RecursiveMsdRadixSortWithArraysAndCustomBase(10)	ascending	4194304	94940666
RecursiveMsdRadixSortWithArraysAndCustomBase(10)	ascending	8388608	186444333
RecursiveMsdRadixSortWithArraysAndCustomBase(10)	ascending	16777216	438052958
RecursiveMsdRadixSortWithArraysAndCustomBase(10)	ascending	33554432	879094416
RecursiveMsdRadixSortWithArraysAndCustomBase(10)	ascending	67108864	1767624625
RecursiveMsdRadixSortWithArraysAndCustomBase(10)	descending	1024	22458
RecursiveMsdRadixSortWithArraysAndCustomBase(10)	descending	2048	50000
RecursiveMsdRadixSortWithArraysAndCustomBase(10)	descending	4096	86709
RecursiveMsdRadixSortWithArraysAndCustomBase(10)	descending	8192	147750
RecursiveMsdRadixSortWithArraysAndCustomBase(10)	descending	16384	298292
RecursiveMsdRadixSortWithArraysAndCustomBase(10)	descending	32768	569083
RecursiveMsdRadixSortWithArraysAndCustomBase(10)	descending	65536	1170834
RecursiveMsdRadixSortWithArraysAndCustomBase(10)	descending	131072	3061667
RecursiveMsdRadixSortWithArraysAndCustomBase(10)	descending	262144	6117333
RecursiveMsdRadixSortWithArraysAndCustomBase(10)	descending	524288	12447000
RecursiveMsdRadixSortWithArraysAndCustomBase(10)	descending	1048576	24581583
RecursiveMsdRadixSortWithArraysAndCustomBase(10)	descending	2097152	49060542
RecursiveMsdRadixSortWithArraysAndCustomBase(10)	descending	4194304	97021333
RecursiveMsdRadixSortWithArraysAndCustomBase(10)	descending	8388608	193876500
RecursiveMsdRadixSortWithArraysAndCustomBase(10)	descending	16777216	464528750
RecursiveMsdRadixSortWithArraysAndCustomBase(10)	descending	33554432	932989500
RecursiveMsdRadixSortWithArraysAndCustomBase(10)	descending	67108864	1866779000
RecursiveMsdRadixSortWithArraysAndCustomBase(1000)	random	1024	30375
RecursiveMsdRadixSortWithArraysAndCustomBase(1000)	random	2048	51333
RecursiveMsdRadixSortWithArraysAndCustomBase(1000)	random	4096	77208
RecursiveMsdRadixSortWithArraysAndCustomBase(1000)	random	8192	132708
RecursiveMsdRadixSortWithArraysAndCustomBase(1000)	random	16384	247750
RecursiveMsdRadixSortWithArraysAndCustomBase(1000)	random	32768	467000
RecursiveMsdRadixSortWithArraysAndCustomBase(1000)	random	65536	912958
RecursiveMsdRadixSortWithArraysAndCustomBase(1000)	random	131072	1813625
RecursiveMsdRadixSortWithArraysAndCustomBase(1000)	random	262144	3604083
RecursiveMsdRadixSortWithArraysAndCustomBase(1000)	random	524288	7215583
RecursiveMsdRadixSortWithArraysAndCustomBase(1000)	random	1048576	17985500
RecursiveMsdRadixSortWithArraysAndCustomBase(1000)	random	2097152	34888208
RecursiveMsdRadixSortWithArraysAndCustomBase(1000)	random	4194304	67509333
RecursiveMsdRadixSortWithArraysAndCustomBase(1000)	random	8388608	134205416
RecursiveMsdRadixSortWithArraysAndCustomBase(1000)	random	16777216	269664542
RecursiveMsdRadixSortWithArraysAndCustomBase(1000)	random	33554432	538520250
RecursiveMsdRadixSortWithArraysAndCustomBase(1000)	random	67108864	1103926292
RecursiveMsdRadixSortWithArraysAndCustomBase(1000)	ascending	1024	24583
RecursiveMsdRadixSortWithArraysAndCustomBase(1000)	ascending	2048	36750
RecursiveMsdRadixSortWithArraysAndCustomBase(1000)	ascending	4096	56166
RecursiveMsdRadixSortWithArraysAndCustomBase(1000)	ascending	8192	92083
RecursiveMsdRadixSortWithArraysAndCustomBase(1000)	ascending	16384	165000
RecursiveMsdRadixSortWithArraysAndCustomBase(1000)	ascending	32768	313375
RecursiveMsdRadixSortWithArraysAndCustomBase(1000)	ascending	65536	607250
RecursiveMsdRadixSortWithArraysAndCustomBase(1000)	ascending	131072	1199417
RecursiveMsdRadixSortWithArraysAndCustomBase(1000)	ascending	262144	2384708
RecursiveMsdRadixSortWithArraysAndCustomBase(1000)	ascending	524288	4715250
RecursiveMsdRadixSortWithArraysAndCustomBase(1000)	ascending	1048576	10634208
RecursiveMsdRadixSortWithArraysAndCustomBase(1000)	ascending	2097152	21330833
RecursiveMsdRadixSortWithArraysAndCustomBase(1000)	ascending	4194304	42192667
RecursiveMsdRadixSortWithArraysAndCustomBase(1000)	ascending	8388608	81809084
RecursiveMsdRadixSortWithArraysAndCustomBase(1000)	ascending	16777216	162637000
RecursiveMsdRadixSortWithArraysAndCustomBase(1000)	ascending	33554432	325313917
RecursiveMsdRadixSortWithArraysAndCustomBase(1000)	ascending	67108864	647001500
RecursiveMsdRadixSortWithArraysAndCustomBase(1000)	descending	1024	24584
RecursiveMsdRadixSortWithArraysAndCustomBase(1000)	descending	2048	35625
RecursiveMsdRadixSortWithArraysAndCustomBase(1000)	descending	4096	57000
RecursiveMsdRadixSortWithArraysAndCustomBase(1000)	descending	8192	89125
RecursiveMsdRadixSortWithArraysAndCustomBase(1000)	descending	16384	162459
RecursiveMsdRadixSortWithArraysAndCustomBase(1000)	descending	32768	296125
RecursiveMsdRadixSortWithArraysAndCustomBase(1000)	descending	65536	592667
RecursiveMsdRadixSortWithArraysAndCustomBase(1000)	descending	131072	1120042
RecursiveMsdRadixSortWithArraysAndCustomBase(1000)	descending	262144	2204000
RecursiveMsdRadixSortWithArraysAndCustomBase(1000)	descending	524288	4683917
RecursiveMsdRadixSortWithArraysAndCustomBase(1000)	descending	1048576	10445375
RecursiveMsdRadixSortWithArraysAndCustomBase(1000)	descending	2097152	20845625
RecursiveMsdRadixSortWithArraysAndCustomBase(1000)	descending	4194304	40393583
RecursiveMsdRadixSortWithArraysAndCustomBase(1000)	descending	8388608	80036667
RecursiveMsdRadixSortWithArraysAndCustomBase(1000)	descending	16777216	158995333
RecursiveMsdRadixSortWithArraysAndCustomBase(1000)	descending	33554432	317863666
RecursiveMsdRadixSortWithArraysAndCustomBase(1000)	descending	67108864	639063041
RadixSortWithDynamicListsAndCustomBase(10)	random	1024	35208
RadixSortWithDynamicListsAndCustomBase(10)	random	2048	50541
RadixSortWithDynamicListsAndCustomBase(10)	random	4096	81042
RadixSortWithDynamicListsAndCustomBase(10)	random	8192	136208
RadixSortWithDynamicListsAndCustomBase(10)	random	16384	308750
RadixSortWithDynamicListsAndCustomBase(10)	random	32768	593584
RadixSortWithDynamicListsAndCustomBase(10)	random	65536	1191291
RadixSortWithDynamicListsAndCustomBase(10)	random	131072	2792416
RadixSortWithDynamicListsAndCustomBase(10)	random	262144	5610667
RadixSortWithDynamicListsAndCustomBase(10)	random	524288	11718000
RadixSortWithDynamicListsAndCustomBase(10)	random	1048576	32410917
RadixSortWithDynamicListsAndCustomBase(10)	random	2097152	86531916
RadixSortWithDynamicListsAndCustomBase(10)	random	4194304	164527750
RadixSortWithDynamicListsAndCustomBase(10)	random	8388608	303010584
RadixSortWithDynamicListsAndCustomBase(10)	random	16777216	650912917
RadixSortWithDynamicListsAndCustomBase(10)	random	33554432	1319617875
RadixSortWithDynamicListsAndCustomBase(10)	random	67108864	4590120542
RadixSortWithDynamicListsAndCustomBase(10)	ascending	1024	27000
RadixSortWithDynamicListsAndCustomBase(10)	ascending	2048	36959
RadixSortWithDynamicListsAndCustomBase(10)	ascending	4096	76458
RadixSortWithDynamicListsAndCustomBase(10)	ascending	8192	134042
RadixSortWithDynamicListsAndCustomBase(10)	ascending	16384	300125
RadixSortWithDynamicListsAndCustomBase(10)	ascending	32768	605958
RadixSortWithDynamicListsAndCustomBase(10)	ascending	65536	1226083
RadixSortWithDynamicListsAndCustomBase(10)	ascending	131072	2831417
RadixSortWithDynamicListsAndCustomBase(10)	ascending	262144	5716291
RadixSortWithDynamicListsAndCustomBase(10)	ascending	524288	11764291
RadixSortWithDynamicListsAndCustomBase(10)	ascending	1048576	28124166
RadixSortWithDynamicListsAndCustomBase(10)	ascending	2097152	62028959
RadixSortWithDynamicListsAndCustomBase(10)	ascending	4194304	128566917
RadixSortWithDynamicListsAndCustomBase(10)	ascending	8388608	285525833
RadixSortWithDynamicListsAndCustomBase(10)	ascending	16777216	1080097209
RadixSortWithDynamicListsAndCustomBase(10)	ascending	33554432	2448686167
RadixSortWithDynamicListsAndCustomBase(10)	ascending	67108864	5681829083
RadixSortWithDynamicListsAndCustomBase(10)	descending	1024	29416
RadixSortWithDynamicListsAndCustomBase(10)	descending	2048	46042
RadixSortWithDynamicListsAndCustomBase(10)	descending	4096	79125
RadixSortWithDynamicListsAndCustomBase(10)	descending	8192	127708
RadixSortWithDynamicListsAndCustomBase(10)	descending	16384	301750
RadixSortWithDynamicListsAndCustomBase(10)	descending	32768	615375
RadixSortWithDynamicListsAndCustomBase(10)	descending	65536	1254750
RadixSortWithDynamicListsAndCustomBase(10)	descending	131072	2797916
RadixSortWithDynamicListsAndCustomBase(10)	descending	262144	5637833
RadixSortWithDynamicListsAndCustomBase(10)	descending	524288	11680250
RadixSortWithDynamicListsAndCustomBase(10)	descending	1048576	30363542
RadixSortWithDynamicListsAndCustomBase(10)	descending	2097152	62056625
RadixSortWithDynamicListsAndCustomBase(10)	descending	4194304	130641250
RadixSortWithDynamicListsAndCustomBase(10)	descending	8388608	380708292
RadixSortWithDynamicListsAndCustomBase(10)	descending	16777216	1111295209
RadixSortWithDynamicListsAndCustomBase(10)	descending	33554432	2474841542
RadixSortWithDynamicListsAndCustomBase(10)	descending	67108864	5584723917
RadixSortWithDynamicListsAndCustomBase(100)	random	1024	22792
RadixSortWithDynamicListsAndCustomBase(100)	random	2048	33750
RadixSortWithDynamicListsAndCustomBase(100)	random	4096	54166
RadixSortWithDynamicListsAndCustomBase(100)	random	8192	94375
RadixSortWithDynamicListsAndCustomBase(100)	random	16384	217750
RadixSortWithDynamicListsAndCustomBase(100)	random	32768	402791
RadixSortWithDynamicListsAndCustomBase(100)	random	65536	773375
RadixSortWithDynamicListsAndCustomBase(100)	random	131072	1553334
RadixSortWithDynamicListsAndCustomBase(100)	random	262144	3077541
RadixSortWithDynamicListsAndCustomBase(100)	random	524288	8491167
RadixSortWithDynamicListsAndCustomBase(100)	random	1048576	19446375
RadixSortWithDynamicListsAndCustomBase(100)	random	2097152	47718125
RadixSortWithDynamicListsAndCustomBase(100)	random	4194304	109929583
RadixSortWithDynamicListsAndCustomBase(100)	random	8388608	227426458
RadixSortWithDynamicListsAndCustomBase(100)	random	16777216	471138416
RadixSortWithDynamicListsAndCustomBase(100)	random	33554432	957476250
RadixSortWithDynamicListsAndCustomBase(100)	random	67108864	2019313000
RadixSortWithDynamicListsAndCustomBase(100)	ascending	1024	16584
RadixSortWithDynamicListsAndCustomBase(100)	ascending	2048	28792
RadixSortWithDynamicListsAndCustomBase(100)	ascending	4096	49250
RadixSortWithDynamicListsAndCustomBase(100)	ascending	8192	77750
RadixSortWithDynamicListsAndCustomBase(100)	ascending	16384	184209
RadixSortWithDynamicListsAndCustomBase(100)	ascending	32768	346250
RadixSortWithDynamicListsAndCustomBase(100)	ascending	65536	706875
RadixSortWithDynamicListsAndCustomBase(100)	ascending	131072	1433833
RadixSortWithDynamicListsAndCustomBase(100)	ascending	262144	2900750
RadixSortWithDynamicListsAndCustomBase(100)	ascending	524288	6193708
RadixSortWithDynamicListsAndCustomBase(100)	ascending	1048576	16500375
RadixSortWithDynamicListsAndCustomBase(100)	ascending	2097152	33920875
RadixSortWithDynamicListsAndCustomBase(100)	ascending	4194304	72637709
RadixSortWithDynamicListsAndCustomBase(100)	ascending	8388608	166052875
RadixSortWithDynamicListsAndCustomBase(100)	ascending	16777216	441632000
RadixSortWithDynamicListsAndCustomBase(100)	ascending	33554432	1025703834
RadixSortWithDynamicListsAndCustomBase(100)	ascending	67108864	2291397834
RadixSortWithDynamicListsAndCustomBase(100)	descending	1024	19125
RadixSortWithDynamicListsAndCustomBase(100)	descending	2048	28208
RadixSortWithDynamicListsAndCustomBase(100)	descending	4096	47417
RadixSortWithDynamicListsAndCustomBase(100)	descending	8192	75125
RadixSortWithDynamicListsAndCustomBase(100)	descending	16384	187958
RadixSortWithDynamicListsAndCustomBase(100)	descending	32768	348208
RadixSortWithDynamicListsAndCustomBase(100)	descending	65536	702417
RadixSortWithDynamicListsAndCustomBase(100)	descending	131072	1407625
RadixSortWithDynamicListsAndCustomBase(100)	descending	262144	2884584
RadixSortWithDynamicListsAndCustomBase(100)	descending	524288	6385917
RadixSortWithDynamicListsAndCustomBase(100)	descending	1048576	17110125
RadixSortWithDynamicListsAndCustomBase(100)	descending	2097152	34349708
RadixSortWithDynamicListsAndCustomBase(100)	descending	4194304	73268792
RadixSortWithDynamicListsAndCustomBase(100)	descending	8388608	165343541
RadixSortWithDynamicListsAndCustomBase(100)	descending	16777216	442088459
RadixSortWithDynamicListsAndCustomBase(100)	descending	33554432	1021515375
RadixSortWithDynamicListsAndCustomBase(100)	descending	67108864	2315768209
RadixSortWithArraysAndCustomBase(10)	random	1024	18417
RadixSortWithArraysAndCustomBase(10)	random	2048	33541
RadixSortWithArraysAndCustomBase(10)	random	4096	50917
RadixSortWithArraysAndCustomBase(10)	random	8192	84625
RadixSortWithArraysAndCustomBase(10)	random	16384	201375
RadixSortWithArraysAndCustomBase(10)	random	32768	357459
RadixSortWithArraysAndCustomBase(10)	random	65536	703958
RadixSortWithArraysAndCustomBase(10)	random	131072	1798208
RadixSortWithArraysAndCustomBase(10)	random	262144	3413625
RadixSortWithArraysAndCustomBase(10)	random	524288	6783959
RadixSortWithArraysAndCustomBase(10)	random	1048576	16079500
RadixSortWithArraysAndCustomBase(10)	random	2097152	33050583
RadixSortWithArraysAndCustomBase(10)	random	4194304	63396791
RadixSortWithArraysAndCustomBase(10)	random	8388608	126150666
RadixSortWithArraysAndCustomBase(10)	random	16777216	308266750
RadixSortWithArraysAndCustomBase(10)	random	33554432	600962875
RadixSortWithArraysAndCustomBase(10)	random	67108864	1196722125
RadixSortWithArraysAndCustomBase(10)	ascending	1024	19959
RadixSortWithArraysAndCustomBase(10)	ascending	2048	29875
RadixSortWithArraysAndCustomBase(10)	ascending	4096	44209
RadixSortWithArraysAndCustomBase(10)	ascending	8192	83875
RadixSortWithArraysAndCustomBase(10)	ascending	16384	186542
RadixSortWithArraysAndCustomBase(10)	ascending	32768	355292
RadixSortWithArraysAndCustomBase(10)	ascending	65536	680042
RadixSortWithArraysAndCustomBase(10)	ascending	131072	1655750
RadixSortWithArraysAndCustomBase(10)	ascending	262144	3248750
RadixSortWithArraysAndCustomBase(10)	ascending	524288	6722958
RadixSortWithArraysAndCustomBase(10)	ascending	1048576	15498333
RadixSortWithArraysAndCustomBase(10)	ascending	2097152	31083041
RadixSortWithArraysAndCustomBase(10)	ascending	4194304	61763750
RadixSortWithArraysAndCustomBase(10)	ascending	8388608	124224291
RadixSortWithArraysAndCustomBase(10)	ascending	16777216	295908000
RadixSortWithArraysAndCustomBase(10)	ascending	33554432	593627792
RadixSortWithArraysAndCustomBase(10)	ascending	67108864	1197596292
RadixSortWithArraysAndCustomBase(10)	descending	1024	19792
RadixSortWithArraysAndCustomBase(10)	descending	2048	29667
RadixSortWithArraysAndCustomBase(10)	descending	4096	50125
RadixSortWithArraysAndCustomBase(10)	descending	8192	82667
RadixSortWithArraysAndCustomBase(10)	descending	16384	180167
RadixSortWithArraysAndCustomBase(10)	descending	32768	348375
RadixSortWithArraysAndCustomBase(10)	descending	65536	671875
RadixSortWithArraysAndCustomBase(10)	descending	131072	1648334
RadixSortWithArraysAndCustomBase(10)	descending	262144	3243083
RadixSortWithArraysAndCustomBase(10)	descending	524288	6529042
RadixSortWithArraysAndCustomBase(10)	descending	1048576	15378708
RadixSortWithArraysAndCustomBase(10)	descending	2097152	30764708
RadixSortWithArraysAndCustomBase(10)	descending	4194304	60917083
RadixSortWithArraysAndCustomBase(10)	descending	8388608	122582625
RadixSortWithArraysAndCustomBase(10)	descending	16777216	294231333
RadixSortWithArraysAndCustomBase(10)	descending	33554432	587907625
RadixSortWithArraysAndCustomBase(10)	descending	67108864	1188082375
RadixSortWithArraysAndCustomBase(100)	random	1024	15958
RadixSortWithArraysAndCustomBase(100)	random	2048	22208
RadixSortWithArraysAndCustomBase(100)	random	4096	36875
RadixSortWithArraysAndCustomBase(100)	random	8192	51834
RadixSortWithArraysAndCustomBase(100)	random	16384	135000
RadixSortWithArraysAndCustomBase(100)	random	32768	231291
RadixSortWithArraysAndCustomBase(100)	random	65536	443833
RadixSortWithArraysAndCustomBase(100)	random	131072	847375
RadixSortWithArraysAndCustomBase(100)	random	262144	1664708
RadixSortWithArraysAndCustomBase(100)	random	524288	3361792
RadixSortWithArraysAndCustomBase(100)	random	1048576	9687250
RadixSortWithArraysAndCustomBase(100)	random	2097152	19347792
RadixSortWithArraysAndCustomBase(100)	random	4194304	36622625
RadixSortWithArraysAndCustomBase(100)	random	8388608	71909833
RadixSortWithArraysAndCustomBase(100)	random	16777216	145189959
RadixSortWithArraysAndCustomBase(100)	random	33554432	301100375
RadixSortWithArraysAndCustomBase(100)	random	67108864	696693750
RadixSortWithArraysAndCustomBase(100)	ascending	1024	14125
RadixSortWithArraysAndCustomBase(100)	ascending	2048	20084
RadixSortWithArraysAndCustomBase(100)	ascending	4096	31041
RadixSortWithArraysAndCustomBase(100)	ascending	8192	53125
RadixSortWithArraysAndCustomBase(100)	ascending	16384	125458
RadixSortWithArraysAndCustomBase(100)	ascending	32768	230084
RadixSortWithArraysAndCustomBase(100)	ascending	65536	438542
RadixSortWithArraysAndCustomBase(100)	ascending	131072	882209
RadixSortWithArraysAndCustomBase(100)	ascending	262144	1682375
RadixSortWithArraysAndCustomBase(100)	ascending	524288	3432042
RadixSortWithArraysAndCustomBase(100)	ascending	1048576	9365041
RadixSortWithArraysAndCustomBase(100)	ascending	2097152	18127667
RadixSortWithArraysAndCustomBase(100)	ascending	4194304	37536667
RadixSortWithArraysAndCustomBase(100)	ascending	8388608	74653208
RadixSortWithArraysAndCustomBase(100)	ascending	16777216	182399375
RadixSortWithArraysAndCustomBase(100)	ascending	33554432	436958250
RadixSortWithArraysAndCustomBase(100)	ascending	67108864	997973666
RadixSortWithArraysAndCustomBase(100)	descending	1024	12625
RadixSortWithArraysAndCustomBase(100)	descending	2048	17375
RadixSortWithArraysAndCustomBase(100)	descending	4096	25917
RadixSortWithArraysAndCustomBase(100)	descending	8192	44250
RadixSortWithArraysAndCustomBase(100)	descending	16384	126334
RadixSortWithArraysAndCustomBase(100)	descending	32768	237625
RadixSortWithArraysAndCustomBase(100)	descending	65536	422250
RadixSortWithArraysAndCustomBase(100)	descending	131072	845125
RadixSortWithArraysAndCustomBase(100)	descending	262144	1645209
RadixSortWithArraysAndCustomBase(100)	descending	524288	3341417
RadixSortWithArraysAndCustomBase(100)	descending	1048576	9189792
RadixSortWithArraysAndCustomBase(100)	descending	2097152	17680459
RadixSortWithArraysAndCustomBase(100)	descending	4194304	36079125
RadixSortWithArraysAndCustomBase(100)	descending	8388608	71005917
RadixSortWithArraysAndCustomBase(100)	descending	16777216	175630916
RadixSortWithArraysAndCustomBase(100)	descending	33554432	432493958
RadixSortWithArraysAndCustomBase(100)	descending	67108864	988561417
RadixSortWithCountingSortAndCustomBase(10)	random	1024	18375
RadixSortWithCountingSortAndCustomBase(10)	random	2048	29792
RadixSortWithCountingSortAndCustomBase(10)	random	4096	48125
RadixSortWithCountingSortAndCustomBase(10)	random	8192	76375
RadixSortWithCountingSortAndCustomBase(10)	random	16384	182708
RadixSortWithCountingSortAndCustomBase(10)	random	32768	316417
RadixSortWithCountingSortAndCustomBase(10)	random	65536	612125
RadixSortWithCountingSortAndCustomBase(10)	random	131072	1544833
RadixSortWithCountingSortAndCustomBase(10)	random	262144	3006875
RadixSortWithCountingSortAndCustomBase(10)	random	524288	5890292
RadixSortWithCountingSortAndCustomBase(10)	random	1048576	13911000
RadixSortWithCountingSortAndCustomBase(10)	random	2097152	29410792
RadixSortWithCountingSortAndCustomBase(10)	random	4194304	55481875
RadixSortWithCountingSortAndCustomBase(10)	random	8388608	109930542
RadixSortWithCountingSortAndCustomBase(10)	random	16777216	262901583
RadixSortWithCountingSortAndCustomBase(10)	random	33554432	505315167
RadixSortWithCountingSortAndCustomBase(10)	random	67108864	1009148708
RadixSortWithCountingSortAndCustomBase(10)	ascending	1024	17167
RadixSortWithCountingSortAndCustomBase(10)	ascending	2048	27666
RadixSortWithCountingSortAndCustomBase(10)	ascending	4096	39292
RadixSortWithCountingSortAndCustomBase(10)	ascending	8192	76708
RadixSortWithCountingSortAndCustomBase(10)	ascending	16384	169334
RadixSortWithCountingSortAndCustomBase(10)	ascending	32768	327750
RadixSortWithCountingSortAndCustomBase(10)	ascending	65536	622333
RadixSortWithCountingSortAndCustomBase(10)	ascending	131072	1476916
RadixSortWithCountingSortAndCustomBase(10)	ascending	262144	2905542
RadixSortWithCountingSortAndCustomBase(10)	ascending	524288	5888875
RadixSortWithCountingSortAndCustomBase(10)	ascending	1048576	13681250
RadixSortWithCountingSortAndCustomBase(10)	ascending	2097152	27575458
RadixSortWithCountingSortAndCustomBase(10)	ascending	4194304	55461458
RadixSortWithCountingSortAndCustomBase(10)	ascending	8388608	110456916
RadixSortWithCountingSortAndCustomBase(10)	ascending	16777216	252789917
RadixSortWithCountingSortAndCustomBase(10)	ascending	33554432	501822709
RadixSortWithCountingSortAndCustomBase(10)	ascending	67108864	1008653250
RadixSortWithCountingSortAndCustomBase(10)	descending	1024	16958
RadixSortWithCountingSortAndCustomBase(10)	descending	2048	25250
RadixSortWithCountingSortAndCustomBase(10)	descending	4096	45500
RadixSortWithCountingSortAndCustomBase(10)	descending	8192	69250
RadixSortWithCountingSortAndCustomBase(10)	descending	16384	160584
RadixSortWithCountingSortAndCustomBase(10)	descending	32768	330333
RadixSortWithCountingSortAndCustomBase(10)	descending	65536	616291
RadixSortWithCountingSortAndCustomBase(10)	descending	131072	1477125
RadixSortWithCountingSortAndCustomBase(10)	descending	262144	2874334
RadixSortWithCountingSortAndCustomBase(10)	descending	524288	5765583
RadixSortWithCountingSortAndCustomBase(10)	descending	1048576	13750542
RadixSortWithCountingSortAndCustomBase(10)	descending	2097152	27442000
RadixSortWithCountingSortAndCustomBase(10)	descending	4194304	54589417
RadixSortWithCountingSortAndCustomBase(10)	descending	8388608	109484000
RadixSortWithCountingSortAndCustomBase(10)	descending	16777216	248069042
RadixSortWithCountingSortAndCustomBase(10)	descending	33554432	498880875
RadixSortWithCountingSortAndCustomBase(10)	descending	67108864	998165417
RadixSortWithCountingSortAndCustomBase(100)	random	1024	11250
RadixSortWithCountingSortAndCustomBase(100)	random	2048	15583
RadixSortWithCountingSortAndCustomBase(100)	random	4096	30000
RadixSortWithCountingSortAndCustomBase(100)	random	8192	45125
RadixSortWithCountingSortAndCustomBase(100)	random	16384	121375
RadixSortWithCountingSortAndCustomBase(100)	random	32768	204958
RadixSortWithCountingSortAndCustomBase(100)	random	65536	381959
RadixSortWithCountingSortAndCustomBase(100)	random	131072	748167
RadixSortWithCountingSortAndCustomBase(100)	random	262144	1486625
RadixSortWithCountingSortAndCustomBase(100)	random	524288	2980333
RadixSortWithCountingSortAndCustomBase(100)	random	1048576	8545875
RadixSortWithCountingSortAndCustomBase(100)	random	2097152	17350250
RadixSortWithCountingSortAndCustomBase(100)	random	4194304	31675750
RadixSortWithCountingSortAndCustomBase(100)	random	8388608	63377833
RadixSortWithCountingSortAndCustomBase(100)	random	16777216	126305166
RadixSortWithCountingSortAndCustomBase(100)	random	33554432	255288625
RadixSortWithCountingSortAndCustomBase(100)	random	67108864	513080459
RadixSortWithCountingSortAndCustomBase(100)	ascending	1024	10458
RadixSortWithCountingSortAndCustomBase(100)	ascending	2048	15750
RadixSortWithCountingSortAndCustomBase(100)	ascending	4096	27042
RadixSortWithCountingSortAndCustomBase(100)	ascending	8192	46375
RadixSortWithCountingSortAndCustomBase(100)	ascending	16384	110375
RadixSortWithCountingSortAndCustomBase(100)	ascending	32768	203875
RadixSortWithCountingSortAndCustomBase(100)	ascending	65536	408083
RadixSortWithCountingSortAndCustomBase(100)	ascending	131072	766125
RadixSortWithCountingSortAndCustomBase(100)	ascending	262144	1509125
RadixSortWithCountingSortAndCustomBase(100)	ascending	524288	3012583
RadixSortWithCountingSortAndCustomBase(100)	ascending	1048576	8030208
RadixSortWithCountingSortAndCustomBase(100)	ascending	2097152	16391792
RadixSortWithCountingSortAndCustomBase(100)	ascending	4194304	32940542
RadixSortWithCountingSortAndCustomBase(100)	ascending	8388608	65155291
RadixSortWithCountingSortAndCustomBase(100)	ascending	16777216	131156458
RadixSortWithCountingSortAndCustomBase(100)	ascending	33554432	263384417
RadixSortWithCountingSortAndCustomBase(100)	ascending	67108864	533537708
RadixSortWithCountingSortAndCustomBase(100)	descending	1024	10291
RadixSortWithCountingSortAndCustomBase(100)	descending	2048	15750
RadixSortWithCountingSortAndCustomBase(100)	descending	4096	26042
RadixSortWithCountingSortAndCustomBase(100)	descending	8192	45750
RadixSortWithCountingSortAndCustomBase(100)	descending	16384	107084
RadixSortWithCountingSortAndCustomBase(100)	descending	32768	199459
RadixSortWithCountingSortAndCustomBase(100)	descending	65536	383708
RadixSortWithCountingSortAndCustomBase(100)	descending	131072	754667
RadixSortWithCountingSortAndCustomBase(100)	descending	262144	1485167
RadixSortWithCountingSortAndCustomBase(100)	descending	524288	2996208
RadixSortWithCountingSortAndCustomBase(100)	descending	1048576	7903208
RadixSortWithCountingSortAndCustomBase(100)	descending	2097152	16049625
RadixSortWithCountingSortAndCustomBase(100)	descending	4194304	32237750
RadixSortWithCountingSortAndCustomBase(100)	descending	8388608	64505750
RadixSortWithCountingSortAndCustomBase(100)	descending	16777216	128705417
RadixSortWithCountingSortAndCustomBase(100)	descending	33554432	258958125
RadixSortWithCountingSortAndCustomBase(100)	descending	67108864	527923875
RecursiveMsdRadixSortWithArraysAndCustomBase(10)	random	1024	40250
RecursiveMsdRadixSortWithArraysAndCustomBase(10)	random	2048	66167
RecursiveMsdRadixSortWithArraysAndCustomBase(10)	random	4096	111000
RecursiveMsdRadixSortWithArraysAndCustomBase(10)	random	8192	210792
RecursiveMsdRadixSortWithArraysAndCustomBase(10)	random	16384	418666
RecursiveMsdRadixSortWithArraysAndCustomBase(10)	random	32768	816167
RecursiveMsdRadixSortWithArraysAndCustomBase(10)	random	65536	1588042
RecursiveMsdRadixSortWithArraysAndCustomBase(10)	random	131072	3718667
RecursiveMsdRadixSortWithArraysAndCustomBase(10)	random	262144	7347208
RecursiveMsdRadixSortWithArraysAndCustomBase(10)	random	524288	14523375
RecursiveMsdRadixSortWithArraysAndCustomBase(10)	random	1048576	31846000
RecursiveMsdRadixSortWithArraysAndCustomBase(10)	random	2097152	62133375
RecursiveMsdRadixSortWithArraysAndCustomBase(10)	random	4194304	121843250
RecursiveMsdRadixSortWithArraysAndCustomBase(10)	random	8388608	242335834
RecursiveMsdRadixSortWithArraysAndCustomBase(10)	random	16777216	555316917
RecursiveMsdRadixSortWithArraysAndCustomBase(10)	random	33554432	1089635000
RecursiveMsdRadixSortWithArraysAndCustomBase(10)	random	67108864	2174745084
RecursiveMsdRadixSortWithArraysAndCustomBase(10)	ascending	1024	21917
RecursiveMsdRadixSortWithArraysAndCustomBase(10)	ascending	2048	40000
RecursiveMsdRadixSortWithArraysAndCustomBase(10)	ascending	4096	77625
RecursiveMsdRadixSortWithArraysAndCustomBase(10)	ascending	8192	145834
RecursiveMsdRadixSortWithArraysAndCustomBase(10)	ascending	16384	288625
RecursiveMsdRadixSortWithArraysAndCustomBase(10)	ascending	32768	578708
RecursiveMsdRadixSortWithArraysAndCustomBase(10)	ascending	65536	1159875
RecursiveMsdRadixSortWithArraysAndCustomBase(10)	ascending	131072	2856958
RecursiveMsdRadixSortWithArraysAndCustomBase(10)	ascending	262144	5934833
RecursiveMsdRadixSortWithArraysAndCustomBase(10)	ascending	524288	11542375
RecursiveMsdRadixSortWithArraysAndCustomBase(10)	ascending	1048576	23153375
RecursiveMsdRadixSortWithArraysAndCustomBase(10)	ascending	2097152	46153042
RecursiveMsdRadixSortWithArraysAndCustomBase(10)	ascending	4194304	93569625
RecursiveMsdRadixSortWithArraysAndCustomBase(10)	ascending	8388608	187583625
RecursiveMsdRadixSortWithArraysAndCustomBase(10)	ascending	16777216	438252834
RecursiveMsdRadixSortWithArraysAndCustomBase(10)	ascending	33554432	880704375
RecursiveMsdRadixSortWithArraysAndCustomBase(10)	ascending	67108864	1756831709
RecursiveMsdRadixSortWithArraysAndCustomBase(10)	descending	1024	25000
RecursiveMsdRadixSortWithArraysAndCustomBase(10)	descending	2048	47708
RecursiveMsdRadixSortWithArraysAndCustomBase(10)	descending	4096	85834
RecursiveMsdRadixSortWithArraysAndCustomBase(10)	descending	8192	151334
RecursiveMsdRadixSortWithArraysAndCustomBase(10)	descending	16384	302042
RecursiveMsdRadixSortWithArraysAndCustomBase(10)	descending	32768	588167
RecursiveMsdRadixSortWithArraysAndCustomBase(10)	descending	65536	1151583
RecursiveMsdRadixSortWithArraysAndCustomBase(10)	descending	131072	3103916
RecursiveMsdRadixSortWithArraysAndCustomBase(10)	descending	262144	6445084
RecursiveMsdRadixSortWithArraysAndCustomBase(10)	descending	524288	12444292
RecursiveMsdRadixSortWithArraysAndCustomBase(10)	descending	1048576	23960542
RecursiveMsdRadixSortWithArraysAndCustomBase(10)	descending	2097152	48380250
RecursiveMsdRadixSortWithArraysAndCustomBase(10)	descending	4194304	96704208
RecursiveMsdRadixSortWithArraysAndCustomBase(10)	descending	8388608	195247250
RecursiveMsdRadixSortWithArraysAndCustomBase(10)	descending	16777216	465472250
RecursiveMsdRadixSortWithArraysAndCustomBase(10)	descending	33554432	927112208
RecursiveMsdRadixSortWithArraysAndCustomBase(10)	descending	67108864	1864448250
RecursiveMsdRadixSortWithArraysAndCustomBase(1000)	random	1024	34000
RecursiveMsdRadixSortWithArraysAndCustomBase(1000)	random	2048	50666
RecursiveMsdRadixSortWithArraysAndCustomBase(1000)	random	4096	77542
RecursiveMsdRadixSortWithArraysAndCustomBase(1000)	random	8192	134167
RecursiveMsdRadixSortWithArraysAndCustomBase(1000)	random	16384	248083
RecursiveMsdRadixSortWithArraysAndCustomBase(1000)	random	32768	465875
RecursiveMsdRadixSortWithArraysAndCustomBase(1000)	random	65536	916792
RecursiveMsdRadixSortWithArraysAndCustomBase(1000)	random	131072	1811625
RecursiveMsdRadixSortWithArraysAndCustomBase(1000)	random	262144	3604625
RecursiveMsdRadixSortWithArraysAndCustomBase(1000)	random	524288	7350792
RecursiveMsdRadixSortWithArraysAndCustomBase(1000)	random	1048576	18125458
RecursiveMsdRadixSortWithArraysAndCustomBase(1000)	random	2097152	34840584
RecursiveMsdRadixSortWithArraysAndCustomBase(1000)	random	4194304	67513667
RecursiveMsdRadixSortWithArraysAndCustomBase(1000)	random	8388608	134486333
RecursiveMsdRadixSortWithArraysAndCustomBase(1000)	random	16777216	267851458
RecursiveMsdRadixSortWithArraysAndCustomBase(1000)	random	33554432	538441708
RecursiveMsdRadixSortWithArraysAndCustomBase(1000)	random	67108864	1102555667
RecursiveMsdRadixSortWithArraysAndCustomBase(1000)	ascending	1024	25000
RecursiveMsdRadixSortWithArraysAndCustomBase(1000)	ascending	2048	38083
RecursiveMsdRadixSortWithArraysAndCustomBase(1000)	ascending	4096	52000
RecursiveMsdRadixSortWithArraysAndCustomBase(1000)	ascending	8192	85584
RecursiveMsdRadixSortWithArraysAndCustomBase(1000)	ascending	16384	156625
RecursiveMsdRadixSortWithArraysAndCustomBase(1000)	ascending	32768	314458
RecursiveMsdRadixSortWithArraysAndCustomBase(1000)	ascending	65536	603750
RecursiveMsdRadixSortWithArraysAndCustomBase(1000)	ascending	131072	1242875
RecursiveMsdRadixSortWithArraysAndCustomBase(1000)	ascending	262144	2387042
RecursiveMsdRadixSortWithArraysAndCustomBase(1000)	ascending	524288	4797291
RecursiveMsdRadixSortWithArraysAndCustomBase(1000)	ascending	1048576	10734000
RecursiveMsdRadixSortWithArraysAndCustomBase(1000)	ascending	2097152	21163209
RecursiveMsdRadixSortWithArraysAndCustomBase(1000)	ascending	4194304	41053958
RecursiveMsdRadixSortWithArraysAndCustomBase(1000)	ascending	8388608	81437542
RecursiveMsdRadixSortWithArraysAndCustomBase(1000)	ascending	16777216	163259167
RecursiveMsdRadixSortWithArraysAndCustomBase(1000)	ascending	33554432	326052625
RecursiveMsdRadixSortWithArraysAndCustomBase(1000)	ascending	67108864	654017792
RecursiveMsdRadixSortWithArraysAndCustomBase(1000)	descending	1024	24166
RecursiveMsdRadixSortWithArraysAndCustomBase(1000)	descending	2048	35583
RecursiveMsdRadixSortWithArraysAndCustomBase(1000)	descending	4096	58083
RecursiveMsdRadixSortWithArraysAndCustomBase(1000)	descending	8192	96000
RecursiveMsdRadixSortWithArraysAndCustomBase(1000)	descending	16384	164083
RecursiveMsdRadixSortWithArraysAndCustomBase(1000)	descending	32768	309083
RecursiveMsdRadixSortWithArraysAndCustomBase(1000)	descending	65536	598250
RecursiveMsdRadixSortWithArraysAndCustomBase(1000)	descending	131072	1162125
RecursiveMsdRadixSortWithArraysAndCustomBase(1000)	descending	262144	2332375
RecursiveMsdRadixSortWithArraysAndCustomBase(1000)	descending	524288	4635917
RecursiveMsdRadixSortWithArraysAndCustomBase(1000)	descending	1048576	10714792
RecursiveMsdRadixSortWithArraysAndCustomBase(1000)	descending	2097152	20006791
RecursiveMsdRadixSortWithArraysAndCustomBase(1000)	descending	4194304	42199208
RecursiveMsdRadixSortWithArraysAndCustomBase(1000)	descending	8388608	79566083
RecursiveMsdRadixSortWithArraysAndCustomBase(1000)	descending	16777216	158942542
RecursiveMsdRadixSortWithArraysAndCustomBase(1000)	descending	33554432	319844125
RecursiveMsdRadixSortWithArraysAndCustomBase(1000)	descending	67108864	639072375
RadixSortWithDynamicListsAndCustomBase(10)	random	1024	34500
RadixSortWithDynamicListsAndCustomBase(10)	random	2048	49459
RadixSortWithDynamicListsAndCustomBase(10)	random	4096	75625
RadixSortWithDynamicListsAndCustomBase(10)	random	8192	131333
RadixSortWithDynamicListsAndCustomBase(10)	random	16384	309250
RadixSortWithDynamicListsAndCustomBase(10)	random	32768	606500
RadixSortWithDynamicListsAndCustomBase(10)	random	65536	1185708
RadixSortWithDynamicListsAndCustomBase(10)	random	131072	2763708
RadixSortWithDynamicListsAndCustomBase(10)	random	262144	5574334
RadixSortWithDynamicListsAndCustomBase(10)	random	524288	11892333
RadixSortWithDynamicListsAndCustomBase(10)	random	1048576	32154334
RadixSortWithDynamicListsAndCustomBase(10)	random	2097152	86595917
RadixSortWithDynamicListsAndCustomBase(10)	random	4194304	165224250
RadixSortWithDynamicListsAndCustomBase(10)	random	8388608	305720333
RadixSortWithDynamicListsAndCustomBase(10)	random	16777216	653308291
RadixSortWithDynamicListsAndCustomBase(10)	random	33554432	1320338625
RadixSortWithDynamicListsAndCustomBase(10)	random	67108864	5183066541
RadixSortWithDynamicListsAndCustomBase(10)	ascending	1024	28125
RadixSortWithDynamicListsAndCustomBase(10)	ascending	2048	41792
RadixSortWithDynamicListsAndCustomBase(10)	ascending	4096	76750
RadixSortWithDynamicListsAndCustomBase(10)	ascending	8192	133000
RadixSortWithDynamicListsAndCustomBase(10)	ascending	16384	302417
RadixSortWithDynamicListsAndCustomBase(10)	ascending	32768	601375
RadixSortWithDynamicListsAndCustomBase(10)	ascending	65536	1222125
RadixSortWithDynamicListsAndCustomBase(10)	ascending	131072	2818542
RadixSortWithDynamicListsAndCustomBase(10)	ascending	262144	5673458
RadixSortWithDynamicListsAndCustomBase(10)	ascending	524288	11684584
RadixSortWithDynamicListsAndCustomBase(10)	ascending	1048576	27997708
RadixSortWithDynamicListsAndCustomBase(10)	ascending	2097152	61482834
RadixSortWithDynamicListsAndCustomBase(10)	ascending	4194304	129885333
RadixSortWithDynamicListsAndCustomBase(10)	ascending	8388608	284913459
RadixSortWithDynamicListsAndCustomBase(10)	ascending	16777216	1054748583
RadixSortWithDynamicListsAndCustomBase(10)	ascending	33554432	2584073500
RadixSortWithDynamicListsAndCustomBase(10)	ascending	67108864	5620155625
RadixSortWithDynamicListsAndCustomBase(10)	descending	1024	29042
RadixSortWithDynamicListsAndCustomBase(10)	descending	2048	41583
RadixSortWithDynamicListsAndCustomBase(10)	descending	4096	75042
RadixSortWithDynamicListsAndCustomBase(10)	descending	8192	132375
RadixSortWithDynamicListsAndCustomBase(10)	descending	16384	311958
RadixSortWithDynamicListsAndCustomBase(10)	descending	32768	632375
RadixSortWithDynamicListsAndCustomBase(10)	descending	65536	1243666
RadixSortWithDynamicListsAndCustomBase(10)	descending	131072	2820875
RadixSortWithDynamicListsAndCustomBase(10)	descending	262144	5616167
RadixSortWithDynamicListsAndCustomBase(10)	descending	524288	11735583
RadixSortWithDynamicListsAndCustomBase(10)	descending	1048576	28113791
RadixSortWithDynamicListsAndCustomBase(10)	descending	2097152	61482792
RadixSortWithDynamicListsAndCustomBase(10)	descending	4194304	130999417
RadixSortWithDynamicListsAndCustomBase(10)	descending	8388608	390094000
RadixSortWithDynamicListsAndCustomBase(10)	descending	16777216	1089043334
RadixSortWithDynamicListsAndCustomBase(10)	descending	33554432	2515783958
RadixSortWithDynamicListsAndCustomBase(10)	descending	67108864	5560254625
RadixSortWithDynamicListsAndCustomBase(100)	random	1024	24625
RadixSortWithDynamicListsAndCustomBase(100)	random	2048	37250
RadixSortWithDynamicListsAndCustomBase(100)	random	4096	58334
RadixSortWithDynamicListsAndCustomBase(100)	random	8192	96167
RadixSortWithDynamicListsAndCustomBase(100)	random	16384	230833
RadixSortWithDynamicListsAndCustomBase(100)	random	32768	413417
RadixSortWithDynamicListsAndCustomBase(100)	random	65536	793584
RadixSortWithDynamicListsAndCustomBase(100)	random	131072	1600334
RadixSortWithDynamicListsAndCustomBase(100)	random	262144	3239166
RadixSortWithDynamicListsAndCustomBase(100)	random	524288	8339583
RadixSortWithDynamicListsAndCustomBase(100)	random	1048576	19581917
RadixSortWithDynamicListsAndCustomBase(100)	random	2097152	46611792
RadixSortWithDynamicListsAndCustomBase(100)	random	4194304	111024333
RadixSortWithDynamicListsAndCustomBase(100)	random	8388608	232088833
RadixSortWithDynamicListsAndCustomBase(100)	random	16777216	440323542
RadixSortWithDynamicListsAndCustomBase(100)	random	33554432	949947000
RadixSortWithDynamicListsAndCustomBase(100)	random	67108864	2065764417
RadixSortWithDynamicListsAndCustomBase(100)	ascending	1024	16208
RadixSortWithDynamicListsAndCustomBase(100)	ascending	2048	28125
RadixSortWithDynamicListsAndCustomBase(100)	ascending	4096	41125
RadixSortWithDynamicListsAndCustomBase(100)	ascending	8192	71917
RadixSortWithDynamicListsAndCustomBase(100)	ascending	16384	180333
RadixSortWithDynamicListsAndCustomBase(100)	ascending	32768	347625
RadixSortWithDynamicListsAndCustomBase(100)	ascending	65536	697666
RadixSortWithDynamicListsAndCustomBase(100)	ascending	131072	1425875
RadixSortWithDynamicListsAndCustomBase(100)	ascending	262144	2890250
RadixSortWithDynamicListsAndCustomBase(100)	ascending	524288	6269916
RadixSortWithDynamicListsAndCustomBase(100)	ascending	1048576	16338166
RadixSortWithDynamicListsAndCustomBase(100)	ascending	2097152	33790292
RadixSortWithDynamicListsAndCustomBase(100)	ascending	4194304	73125000
RadixSortWithDynamicListsAndCustomBase(100)	ascending	8388608	168200792
RadixSortWithDynamicListsAndCustomBase(100)	ascending	16777216	441940541
RadixSortWithDynamicListsAndCustomBase(100)	ascending	33554432	1026238333
RadixSortWithDynamicListsAndCustomBase(100)	ascending	67108864	2255021666
RadixSortWithDynamicListsAndCustomBase(100)	descending	1024	19917
RadixSortWithDynamicListsAndCustomBase(100)	descending	2048	28417
RadixSortWithDynamicListsAndCustomBase(100)	descending	4096	48208
RadixSortWithDynamicListsAndCustomBase(100)	descending	8192	75875
RadixSortWithDynamicListsAndCustomBase(100)	descending	16384	189042
RadixSortWithDynamicListsAndCustomBase(100)	descending	32768	343083
RadixSortWithDynamicListsAndCustomBase(100)	descending	65536	698042
RadixSortWithDynamicListsAndCustomBase(100)	descending	131072	1410583
RadixSortWithDynamicListsAndCustomBase(100)	descending	262144	2903083
RadixSortWithDynamicListsAndCustomBase(100)	descending	524288	6466166
RadixSortWithDynamicListsAndCustomBase(100)	descending	1048576	17159875
RadixSortWithDynamicListsAndCustomBase(100)	descending	2097152	34415708
RadixSortWithDynamicListsAndCustomBase(100)	descending	4194304	73276167
RadixSortWithDynamicListsAndCustomBase(100)	descending	8388608	165613417
RadixSortWithDynamicListsAndCustomBase(100)	descending	16777216	443402375
RadixSortWithDynamicListsAndCustomBase(100)	descending	33554432	1023689083
RadixSortWithDynamicListsAndCustomBase(100)	descending	67108864	2170298459
RadixSortWithArraysAndCustomBase(10)	random	1024	20875
RadixSortWithArraysAndCustomBase(10)	random	2048	33208
RadixSortWithArraysAndCustomBase(10)	random	4096	54167
RadixSortWithArraysAndCustomBase(10)	random	8192	86167
RadixSortWithArraysAndCustomBase(10)	random	16384	205375
RadixSortWithArraysAndCustomBase(10)	random	32768	370208
RadixSortWithArraysAndCustomBase(10)	random	65536	737417
RadixSortWithArraysAndCustomBase(10)	random	131072	1886666
RadixSortWithArraysAndCustomBase(10)	random	262144	3573500
RadixSortWithArraysAndCustomBase(10)	random	524288	6971958
RadixSortWithArraysAndCustomBase(10)	random	1048576	16179667
RadixSortWithArraysAndCustomBase(10)	random	2097152	33364667
RadixSortWithArraysAndCustomBase(10)	random	4194304	63804167
RadixSortWithArraysAndCustomBase(10)	random	8388608	126949583
RadixSortWithArraysAndCustomBase(10)	random	16777216	311937291
RadixSortWithArraysAndCustomBase(10)	random	33554432	604188500
RadixSortWithArraysAndCustomBase(10)	random	67108864	1201359833
RadixSortWithArraysAndCustomBase(10)	ascending	1024	19667
RadixSortWithArraysAndCustomBase(10)	ascending	2048	30500
RadixSortWithArraysAndCustomBase(10)	ascending	4096	53333
RadixSortWithArraysAndCustomBase(10)	ascending	8192	82583
RadixSortWithArraysAndCustomBase(10)	ascending	16384	184083
RadixSortWithArraysAndCustomBase(10)	ascending	32768	361584
RadixSortWithArraysAndCustomBase(10)	ascending	65536	684292
RadixSortWithArraysAndCustomBase(10)	ascending	131072	1681625
RadixSortWithArraysAndCustomBase(10)	ascending	262144	3273000
RadixSortWithArraysAndCustomBase(10)	ascending	524288	6747084
RadixSortWithArraysAndCustomBase(10)	ascending	1048576	15582417
RadixSortWithArraysAndCustomBase(10)	ascending	2097152	31011416
RadixSortWithArraysAndCustomBase(10)	ascending	4194304	62029667
RadixSortWithArraysAndCustomBase(10)	ascending	8388608	124774333
RadixSortWithArraysAndCustomBase(10)	ascending	16777216	297333250
RadixSortWithArraysAndCustomBase(10)	ascending	33554432	595515125
RadixSortWithArraysAndCustomBase(10)	ascending	67108864	1199634459
RadixSortWithArraysAndCustomBase(10)	descending	1024	19459
RadixSortWithArraysAndCustomBase(10)	descending	2048	30042
RadixSortWithArraysAndCustomBase(10)	descending	4096	53333
RadixSortWithArraysAndCustomBase(10)	descending	8192	82209
RadixSortWithArraysAndCustomBase(10)	descending	16384	181292
RadixSortWithArraysAndCustomBase(10)	descending	32768	345000
RadixSortWithArraysAndCustomBase(10)	descending	65536	671334
RadixSortWithArraysAndCustomBase(10)	descending	131072	1667084
RadixSortWithArraysAndCustomBase(10)	descending	262144	3265583
RadixSortWithArraysAndCustomBase(10)	descending	524288	6578292
RadixSortWithArraysAndCustomBase(10)	descending	1048576	15510708
RadixSortWithArraysAndCustomBase(10)	descending	2097152	30760542
RadixSortWithArraysAndCustomBase(10)	descending	4194304	61552125
RadixSortWithArraysAndCustomBase(10)	descending	8388608	123233375
RadixSortWithArraysAndCustomBase(10)	descending	16777216	294380667
RadixSortWithArraysAndCustomBase(10)	descending	33554432	590185458
RadixSortWithArraysAndCustomBase(10)	descending	67108864	1189453917
RadixSortWithArraysAndCustomBase(100)	random	1024	14959
RadixSortWithArraysAndCustomBase(100)	random	2048	18834
RadixSortWithArraysAndCustomBase(100)	random	4096	26916
RadixSortWithArraysAndCustomBase(100)	random	8192	47791
RadixSortWithArraysAndCustomBase(100)	random	16384	138667
RadixSortWithArraysAndCustomBase(100)	random	32768	230959
RadixSortWithArraysAndCustomBase(100)	random	65536	435875
RadixSortWithArraysAndCustomBase(100)	random	131072	856291
RadixSortWithArraysAndCustomBase(100)	random	262144	1671584
RadixSortWithArraysAndCustomBase(100)	random	524288	3361000
RadixSortWithArraysAndCustomBase(100)	random	1048576	9284083
RadixSortWithArraysAndCustomBase(100)	random	2097152	19310625
RadixSortWithArraysAndCustomBase(100)	random	4194304	36607792
RadixSortWithArraysAndCustomBase(100)	random	8388608	72285875
RadixSortWithArraysAndCustomBase(100)	random	16777216	144916583
RadixSortWithArraysAndCustomBase(100)	random	33554432	296169500
RadixSortWithArraysAndCustomBase(100)	random	67108864	695200375
RadixSortWithArraysAndCustomBase(100)	ascending	1024	13167
RadixSortWithArraysAndCustomBase(100)	ascending	2048	20291
RadixSortWithArraysAndCustomBase(100)	ascending	4096	27875
RadixSortWithArraysAndCustomBase(100)	ascending	8192	52750
RadixSortWithArraysAndCustomBase(100)	ascending	16384	123583
RadixSortWithArraysAndCustomBase(100)	ascending	32768	229292
RadixSortWithArraysAndCustomBase(100)	ascending	65536	433458
RadixSortWithArraysAndCustomBase(100)	ascending	131072	864709
RadixSortWithArraysAndCustomBase(100)	ascending	262144	1685292
RadixSortWithArraysAndCustomBase(100)	ascending	524288	3429625
RadixSortWithArraysAndCustomBase(100)	ascending	1048576	9365000
RadixSortWithArraysAndCustomBase(100)	ascending	2097152	18006750
RadixSortWithArraysAndCustomBase(100)	ascending	4194304	36314041
RadixSortWithArraysAndCustomBase(100)	ascending	8388608	72294750
RadixSortWithArraysAndCustomBase(100)	ascending	16777216	179329167
RadixSortWithArraysAndCustomBase(100)	ascending	33554432	436578459
RadixSortWithArraysAndCustomBase(100)	ascending	67108864	999680333
RadixSortWithArraysAndCustomBase(100)	descending	1024	12959
RadixSortWithArraysAndCustomBase(100)	descending	2048	24208
RadixSortWithArraysAndCustomBase(100)	descending	4096	30166
RadixSortWithArraysAndCustomBase(100)	descending	8192	47000
RadixSortWithArraysAndCustomBase(100)	descending	16384	120542
RadixSortWithArraysAndCustomBase(100)	descending	32768	228375
RadixSortWithArraysAndCustomBase(100)	descending	65536	432833
RadixSortWithArraysAndCustomBase(100)	descending	131072	871417
RadixSortWithArraysAndCustomBase(100)	descending	262144	1639792
RadixSortWithArraysAndCustomBase(100)	descending	524288	3275625
RadixSortWithArraysAndCustomBase(100)	descending	1048576	9229042
RadixSortWithArraysAndCustomBase(100)	descending	2097152	17910958
RadixSortWithArraysAndCustomBase(100)	descending	4194304	35936125
RadixSortWithArraysAndCustomBase(100)	descending	8388608	72003042
RadixSortWithArraysAndCustomBase(100)	descending	16777216	175439750
RadixSortWithArraysAndCustomBase(100)	descending	33554432	433803667
RadixSortWithArraysAndCustomBase(100)	descending	67108864	989906709
RadixSortWithCountingSortAndCustomBase(10)	random	1024	17625
RadixSortWithCountingSortAndCustomBase(10)	random	2048	28666
RadixSortWithCountingSortAndCustomBase(10)	random	4096	44958
RadixSortWithCountingSortAndCustomBase(10)	random	8192	77250
RadixSortWithCountingSortAndCustomBase(10)	random	16384	184125
RadixSortWithCountingSortAndCustomBase(10)	random	32768	315541
RadixSortWithCountingSortAndCustomBase(10)	random	65536	620333
RadixSortWithCountingSortAndCustomBase(10)	random	131072	1533959
RadixSortWithCountingSortAndCustomBase(10)	random	262144	2986458
RadixSortWithCountingSortAndCustomBase(10)	random	524288	5994959
RadixSortWithCountingSortAndCustomBase(10)	random	1048576	13989333
RadixSortWithCountingSortAndCustomBase(10)	random	2097152	28976583
RadixSortWithCountingSortAndCustomBase(10)	random	4194304	55223875
RadixSortWithCountingSortAndCustomBase(10)	random	8388608	110334667
RadixSortWithCountingSortAndCustomBase(10)	random	16777216	262147250
RadixSortWithCountingSortAndCustomBase(10)	random	33554432	508128375
RadixSortWithCountingSortAndCustomBase(10)	random	67108864	1007240083
RadixSortWithCountingSortAndCustomBase(10)	ascending	1024	17042
RadixSortWithCountingSortAndCustomBase(10)	ascending	2048	25542
RadixSortWithCountingSortAndCustomBase(10)	ascending	4096	45791
RadixSortWithCountingSortAndCustomBase(10)	ascending	8192	75917
RadixSortWithCountingSortAndCustomBase(10)	ascending	16384	163583
RadixSortWithCountingSortAndCustomBase(10)	ascending	32768	318958
RadixSortWithCountingSortAndCustomBase(10)	ascending	65536	624833
RadixSortWithCountingSortAndCustomBase(10)	ascending	131072	1488333
RadixSortWithCountingSortAndCustomBase(10)	ascending	262144	2914709
RadixSortWithCountingSortAndCustomBase(10)	ascending	524288	5950375
RadixSortWithCountingSortAndCustomBase(10)	ascending	1048576	13752459
RadixSortWithCountingSortAndCustomBase(10)	ascending	2097152	27796209
RadixSortWithCountingSortAndCustomBase(10)	ascending	4194304	55522666
RadixSortWithCountingSortAndCustomBase(10)	ascending	8388608	111179542
RadixSortWithCountingSortAndCustomBase(10)	ascending	16777216	251979208
RadixSortWithCountingSortAndCustomBase(10)	ascending	33554432	504280667
RadixSortWithCountingSortAndCustomBase(10)	ascending	67108864	1012973833
RadixSortWithCountingSortAndCustomBase(10)	descending	1024	16542
RadixSortWithCountingSortAndCustomBase(10)	descending	2048	23959
RadixSortWithCountingSortAndCustomBase(10)	descending	4096	45000
RadixSortWithCountingSortAndCustomBase(10)	descending	8192	74959
RadixSortWithCountingSortAndCustomBase(10)	descending	16384	169208
RadixSortWithCountingSortAndCustomBase(10)	descending	32768	317167
RadixSortWithCountingSortAndCustomBase(10)	descending	65536	619417
RadixSortWithCountingSortAndCustomBase(10)	descending	131072	1463083
RadixSortWithCountingSortAndCustomBase(10)	descending	262144	2925083
RadixSortWithCountingSortAndCustomBase(10)	descending	524288	5867791
RadixSortWithCountingSortAndCustomBase(10)	descending	1048576	13683625
RadixSortWithCountingSortAndCustomBase(10)	descending	2097152	27280541
RadixSortWithCountingSortAndCustomBase(10)	descending	4194304	54670792
RadixSortWithCountingSortAndCustomBase(10)	descending	8388608	109148875
RadixSortWithCountingSortAndCustomBase(10)	descending	16777216	249883584
RadixSortWithCountingSortAndCustomBase(10)	descending	33554432	499103500
RadixSortWithCountingSortAndCustomBase(10)	descending	67108864	1001878167
RadixSortWithCountingSortAndCustomBase(100)	random	1024	11167
RadixSortWithCountingSortAndCustomBase(100)	random	2048	15625
RadixSortWithCountingSortAndCustomBase(100)	random	4096	25542
RadixSortWithCountingSortAndCustomBase(100)	random	8192	46375
RadixSortWithCountingSortAndCustomBase(100)	random	16384	122500
RadixSortWithCountingSortAndCustomBase(100)	random	32768	195042
RadixSortWithCountingSortAndCustomBase(100)	random	65536	387166
RadixSortWithCountingSortAndCustomBase(100)	random	131072	748584
RadixSortWithCountingSortAndCustomBase(100)	random	262144	1481167
RadixSortWithCountingSortAndCustomBase(100)	random	524288	2982667
RadixSortWithCountingSortAndCustomBase(100)	random	1048576	8311209
RadixSortWithCountingSortAndCustomBase(100)	random	2097152	17448125
RadixSortWithCountingSortAndCustomBase(100)	random	4194304	31691875
RadixSortWithCountingSortAndCustomBase(100)	random	8388608	63372292
RadixSortWithCountingSortAndCustomBase(100)	random	16777216	126636125
RadixSortWithCountingSortAndCustomBase(100)	random	33554432	256532708
RadixSortWithCountingSortAndCustomBase(100)	random	67108864	510059250
RadixSortWithCountingSortAndCustomBase(100)	ascending	1024	11666
RadixSortWithCountingSortAndCustomBase(100)	ascending	2048	16209
RadixSortWithCountingSortAndCustomBase(100)	ascending	4096	26458
RadixSortWithCountingSortAndCustomBase(100)	ascending	8192	40708
RadixSortWithCountingSortAndCustomBase(100)	ascending	16384	114833
RadixSortWithCountingSortAndCustomBase(100)	ascending	32768	202292
RadixSortWithCountingSortAndCustomBase(100)	ascending	65536	391584
RadixSortWithCountingSortAndCustomBase(100)	ascending	131072	759542
RadixSortWithCountingSortAndCustomBase(100)	ascending	262144	1517166
RadixSortWithCountingSortAndCustomBase(100)	ascending	524288	3073958
RadixSortWithCountingSortAndCustomBase(100)	ascending	1048576	8228291
RadixSortWithCountingSortAndCustomBase(100)	ascending	2097152	16368333
RadixSortWithCountingSortAndCustomBase(100)	ascending	4194304	32868292
RadixSortWithCountingSortAndCustomBase(100)	ascending	8388608	64974666
RadixSortWithCountingSortAndCustomBase(100)	ascending	16777216	132022209
RadixSortWithCountingSortAndCustomBase(100)	ascending	33554432	264511625
RadixSortWithCountingSortAndCustomBase(100)	ascending	67108864	529714333
RadixSortWithCountingSortAndCustomBase(100)	descending	1024	10292
RadixSortWithCountingSortAndCustomBase(100)	descending	2048	14625
RadixSortWithCountingSortAndCustomBase(100)	descending	4096	24834
RadixSortWithCountingSortAndCustomBase(100)	descending	8192	46750
RadixSortWithCountingSortAndCustomBase(100)	descending	16384	108417
RadixSortWithCountingSortAndCustomBase(100)	descending	32768	200583
RadixSortWithCountingSortAndCustomBase(100)	descending	65536	383625
RadixSortWithCountingSortAndCustomBase(100)	descending	131072	742584
RadixSortWithCountingSortAndCustomBase(100)	descending	262144	1516000
RadixSortWithCountingSortAndCustomBase(100)	descending	524288	2967708
RadixSortWithCountingSortAndCustomBase(100)	descending	1048576	7858292
RadixSortWithCountingSortAndCustomBase(100)	descending	2097152	16173833
RadixSortWithCountingSortAndCustomBase(100)	descending	4194304	32390792
RadixSortWithCountingSortAndCustomBase(100)	descending	8388608	64084166
RadixSortWithCountingSortAndCustomBase(100)	descending	16777216	129025416
RadixSortWithCountingSortAndCustomBase(100)	descending	33554432	260439041
RadixSortWithCountingSortAndCustomBase(100)	descending	67108864	522499042
RecursiveMsdRadixSortWithArraysAndCustomBase(10)	random	1024	39125
RecursiveMsdRadixSortWithArraysAndCustomBase(10)	random	2048	56584
RecursiveMsdRadixSortWithArraysAndCustomBase(10)	random	4096	102875
RecursiveMsdRadixSortWithArraysAndCustomBase(10)	random	8192	197959
RecursiveMsdRadixSortWithArraysAndCustomBase(10)	random	16384	412375
RecursiveMsdRadixSortWithArraysAndCustomBase(10)	random	32768	792709
RecursiveMsdRadixSortWithArraysAndCustomBase(10)	random	65536	1578709
RecursiveMsdRadixSortWithArraysAndCustomBase(10)	random	131072	3762375
RecursiveMsdRadixSortWithArraysAndCustomBase(10)	random	262144	7361334
RecursiveMsdRadixSortWithArraysAndCustomBase(10)	random	524288	14541916
RecursiveMsdRadixSortWithArraysAndCustomBase(10)	random	1048576	31741792
RecursiveMsdRadixSortWithArraysAndCustomBase(10)	random	2097152	62056500
RecursiveMsdRadixSortWithArraysAndCustomBase(10)	random	4194304	122045583
RecursiveMsdRadixSortWithArraysAndCustomBase(10)	random	8388608	244409625
RecursiveMsdRadixSortWithArraysAndCustomBase(10)	random	16777216	556381333
RecursiveMsdRadixSortWithArraysAndCustomBase(10)	random	33554432	1087124167
RecursiveMsdRadixSortWithArraysAndCustomBase(10)	random	67108864	2177154334
RecursiveMsdRadixSortWithArraysAndCustomBase(10)	ascending	1024	22084
RecursiveMsdRadixSortWithArraysAndCustomBase(10)	ascending	2048	40875
RecursiveMsdRadixSortWithArraysAndCustomBase(10)	ascending	4096	70291
RecursiveMsdRadixSortWithArraysAndCustomBase(10)	ascending	8192	149166
RecursiveMsdRadixSortWithArraysAndCustomBase(10)	ascending	16384	291625
RecursiveMsdRadixSortWithArraysAndCustomBase(10)	ascending	32768	577375
RecursiveMsdRadixSortWithArraysAndCustomBase(10)	ascending	65536	1226667
RecursiveMsdRadixSortWithArraysAndCustomBase(10)	ascending	131072	2837500
RecursiveMsdRadixSortWithArraysAndCustomBase(10)	ascending	262144	5873542
RecursiveMsdRadixSortWithArraysAndCustomBase(10)	ascending	524288	12380750
RecursiveMsdRadixSortWithArraysAndCustomBase(10)	ascending	1048576	24375167
RecursiveMsdRadixSortWithArraysAndCustomBase(10)	ascending	2097152	49304500
RecursiveMsdRadixSortWithArraysAndCustomBase(10)	ascending	4194304	94135000
RecursiveMsdRadixSortWithArraysAndCustomBase(10)	ascending	8388608	186458375
RecursiveMsdRadixSortWithArraysAndCustomBase(10)	ascending	16777216	439058208
RecursiveMsdRadixSortWithArraysAndCustomBase(10)	ascending	33554432	877151250
RecursiveMsdRadixSortWithArraysAndCustomBase(10)	ascending	67108864	1755924083
RecursiveMsdRadixSortWithArraysAndCustomBase(10)	descending	1024	24292
RecursiveMsdRadixSortWithArraysAndCustomBase(10)	descending	2048	45750
RecursiveMsdRadixSortWithArraysAndCustomBase(10)	descending	4096	83667
RecursiveMsdRadixSortWithArraysAndCustomBase(10)	descending	8192	146625
RecursiveMsdRadixSortWithArraysAndCustomBase(10)	descending	16384	289250
RecursiveMsdRadixSortWithArraysAndCustomBase(10)	descending	32768	614875
RecursiveMsdRadixSortWithArraysAndCustomBase(10)	descending	65536	1169000
RecursiveMsdRadixSortWithArraysAndCustomBase(10)	descending	131072	2985000
RecursiveMsdRadixSortWithArraysAndCustomBase(10)	descending	262144	6427125
RecursiveMsdRadixSortWithArraysAndCustomBase(10)	descending	524288	12481791
RecursiveMsdRadixSortWithArraysAndCustomBase(10)	descending	1048576	24707041
RecursiveMsdRadixSortWithArraysAndCustomBase(10)	descending	2097152	49574083
RecursiveMsdRadixSortWithArraysAndCustomBase(10)	descending	4194304	96609333
RecursiveMsdRadixSortWithArraysAndCustomBase(10)	descending	8388608	193498958
RecursiveMsdRadixSortWithArraysAndCustomBase(10)	descending	16777216	466267834
RecursiveMsdRadixSortWithArraysAndCustomBase(10)	descending	33554432	927331000
RecursiveMsdRadixSortWithArraysAndCustomBase(10)	descending	67108864	1865199500
RecursiveMsdRadixSortWithArraysAndCustomBase(1000)	random	1024	34500
RecursiveMsdRadixSortWithArraysAndCustomBase(1000)	random	2048	42125
RecursiveMsdRadixSortWithArraysAndCustomBase(1000)	random	4096	79209
RecursiveMsdRadixSortWithArraysAndCustomBase(1000)	random	8192	132042
RecursiveMsdRadixSortWithArraysAndCustomBase(1000)	random	16384	241959
RecursiveMsdRadixSortWithArraysAndCustomBase(1000)	random	32768	466958
RecursiveMsdRadixSortWithArraysAndCustomBase(1000)	random	65536	916209
RecursiveMsdRadixSortWithArraysAndCustomBase(1000)	random	131072	1821375
RecursiveMsdRadixSortWithArraysAndCustomBase(1000)	random	262144	3601583
RecursiveMsdRadixSortWithArraysAndCustomBase(1000)	random	524288	7390625
RecursiveMsdRadixSortWithArraysAndCustomBase(1000)	random	1048576	18133334
RecursiveMsdRadixSortWithArraysAndCustomBase(1000)	random	2097152	34822333
RecursiveMsdRadixSortWithArraysAndCustomBase(1000)	random	4194304	67595625
RecursiveMsdRadixSortWithArraysAndCustomBase(1000)	random	8388608	134235625
RecursiveMsdRadixSortWithArraysAndCustomBase(1000)	random	16777216	268346583
RecursiveMsdRadixSortWithArraysAndCustomBase(1000)	random	33554432	539310542
RecursiveMsdRadixSortWithArraysAndCustomBase(1000)	random	67108864	1104634750
RecursiveMsdRadixSortWithArraysAndCustomBase(1000)	ascending	1024	23459
RecursiveMsdRadixSortWithArraysAndCustomBase(1000)	ascending	2048	36583
RecursiveMsdRadixSortWithArraysAndCustomBase(1000)	ascending	4096	54666
RecursiveMsdRadixSortWithArraysAndCustomBase(1000)	ascending	8192	93708
RecursiveMsdRadixSortWithArraysAndCustomBase(1000)	ascending	16384	168500
RecursiveMsdRadixSortWithArraysAndCustomBase(1000)	ascending	32768	312125
RecursiveMsdRadixSortWithArraysAndCustomBase(1000)	ascending	65536	607083
RecursiveMsdRadixSortWithArraysAndCustomBase(1000)	ascending	131072	1190042
RecursiveMsdRadixSortWithArraysAndCustomBase(1000)	ascending	262144	2401208
RecursiveMsdRadixSortWithArraysAndCustomBase(1000)	ascending	524288	4697709
RecursiveMsdRadixSortWithArraysAndCustomBase(1000)	ascending	1048576	10785375
RecursiveMsdRadixSortWithArraysAndCustomBase(1000)	ascending	2097152	20558917
RecursiveMsdRadixSortWithArraysAndCustomBase(1000)	ascending	4194304	40697417
RecursiveMsdRadixSortWithArraysAndCustomBase(1000)	ascending	8388608	81995458
RecursiveMsdRadixSortWithArraysAndCustomBase(1000)	ascending	16777216	163750833
RecursiveMsdRadixSortWithArraysAndCustomBase(1000)	ascending	33554432	325737625
RecursiveMsdRadixSortWithArraysAndCustomBase(1000)	ascending	67108864	652259708
RecursiveMsdRadixSortWithArraysAndCustomBase(1000)	descending	1024	20792
RecursiveMsdRadixSortWithArraysAndCustomBase(1000)	descending	2048	37667
RecursiveMsdRadixSortWithArraysAndCustomBase(1000)	descending	4096	55083
RecursiveMsdRadixSortWithArraysAndCustomBase(1000)	descending	8192	96375
RecursiveMsdRadixSortWithArraysAndCustomBase(1000)	descending	16384	164625
RecursiveMsdRadixSortWithArraysAndCustomBase(1000)	descending	32768	308375
RecursiveMsdRadixSortWithArraysAndCustomBase(1000)	descending	65536	585750
RecursiveMsdRadixSortWithArraysAndCustomBase(1000)	descending	131072	1173042
RecursiveMsdRadixSortWithArraysAndCustomBase(1000)	descending	262144	2352709
RecursiveMsdRadixSortWithArraysAndCustomBase(1000)	descending	524288	4499542
RecursiveMsdRadixSortWithArraysAndCustomBase(1000)	descending	1048576	10158542
RecursiveMsdRadixSortWithArraysAndCustomBase(1000)	descending	2097152	20964125
RecursiveMsdRadixSortWithArraysAndCustomBase(1000)	descending	4194304	42178375
RecursiveMsdRadixSortWithArraysAndCustomBase(1000)	descending	8388608	80581375
RecursiveMsdRadixSortWithArraysAndCustomBase(1000)	descending	16777216	159695333
RecursiveMsdRadixSortWithArraysAndCustomBase(1000)	descending	33554432	319890833
RecursiveMsdRadixSortWithArraysAndCustomBase(1000)	descending	67108864	637953333
RadixSortWithDynamicListsAndCustomBase(10)	random	1024	34625
RadixSortWithDynamicListsAndCustomBase(10)	random	2048	49417
RadixSortWithDynamicListsAndCustomBase(10)	random	4096	81375
RadixSortWithDynamicListsAndCustomBase(10)	random	8192	143958
RadixSortWithDynamicListsAndCustomBase(10)	random	16384	305375
RadixSortWithDynamicListsAndCustomBase(10)	random	32768	591875
RadixSortWithDynamicListsAndCustomBase(10)	random	65536	1172000
RadixSortWithDynamicListsAndCustomBase(10)	random	131072	2767250
RadixSortWithDynamicListsAndCustomBase(10)	random	262144	5657541
RadixSortWithDynamicListsAndCustomBase(10)	random	524288	11835291
RadixSortWithDynamicListsAndCustomBase(10)	random	1048576	32779583
RadixSortWithDynamicListsAndCustomBase(10)	random	2097152	86503084
RadixSortWithDynamicListsAndCustomBase(10)	random	4194304	165067292
RadixSortWithDynamicListsAndCustomBase(10)	random	8388608	305007209
RadixSortWithDynamicListsAndCustomBase(10)	random	16777216	647216208
RadixSortWithDynamicListsAndCustomBase(10)	random	33554432	1320791459
RadixSortWithDynamicListsAndCustomBase(10)	random	67108864	4450208500
RadixSortWithDynamicListsAndCustomBase(10)	ascending	1024	30125
RadixSortWithDynamicListsAndCustomBase(10)	ascending	2048	47750
RadixSortWithDynamicListsAndCustomBase(10)	ascending	4096	76750
RadixSortWithDynamicListsAndCustomBase(10)	ascending	8192	123542
RadixSortWithDynamicListsAndCustomBase(10)	ascending	16384	298458
RadixSortWithDynamicListsAndCustomBase(10)	ascending	32768	624000
RadixSortWithDynamicListsAndCustomBase(10)	ascending	65536	1208958
RadixSortWithDynamicListsAndCustomBase(10)	ascending	131072	2837209
RadixSortWithDynamicListsAndCustomBase(10)	ascending	262144	5699459
RadixSortWithDynamicListsAndCustomBase(10)	ascending	524288	11641250
RadixSortWithDynamicListsAndCustomBase(10)	ascending	1048576	27901667
RadixSortWithDynamicListsAndCustomBase(10)	ascending	2097152	61858333
RadixSortWithDynamicListsAndCustomBase(10)	ascending	4194304	129860041
RadixSortWithDynamicListsAndCustomBase(10)	ascending	8388608	287132958
RadixSortWithDynamicListsAndCustomBase(10)	ascending	16777216	1171177041
RadixSortWithDynamicListsAndCustomBase(10)	ascending	33554432	2520726792
RadixSortWithDynamicListsAndCustomBase(10)	ascending	67108864	5701443250
RadixSortWithDynamicListsAndCustomBase(10)	descending	1024	30500
RadixSortWithDynamicListsAndCustomBase(10)	descending	2048	47125
RadixSortWithDynamicListsAndCustomBase(10)	descending	4096	65500
RadixSortWithDynamicListsAndCustomBase(10)	descending	8192	131208
RadixSortWithDynamicListsAndCustomBase(10)	descending	16384	296375
RadixSortWithDynamicListsAndCustomBase(10)	descending	32768	605417
RadixSortWithDynamicListsAndCustomBase(10)	descending	65536	1259750
RadixSortWithDynamicListsAndCustomBase(10)	descending	131072	2827250
RadixSortWithDynamicListsAndCustomBase(10)	descending	262144	5618375
RadixSortWithDynamicListsAndCustomBase(10)	descending	524288	11659417
RadixSortWithDynamicListsAndCustomBase(10)	descending	1048576	27909625
RadixSortWithDynamicListsAndCustomBase(10)	descending	2097152	61717375
RadixSortWithDynamicListsAndCustomBase(10)	descending	4194304	130093292
RadixSortWithDynamicListsAndCustomBase(10)	descending	8388608	388537834
RadixSortWithDynamicListsAndCustomBase(10)	descending	16777216	1124385250
RadixSortWithDynamicListsAndCustomBase(10)	descending	33554432	2512601958
RadixSortWithDynamicListsAndCustomBase(10)	descending	67108864	5608496833
RadixSortWithDynamicListsAndCustomBase(100)	random	1024	23625
RadixSortWithDynamicListsAndCustomBase(100)	random	2048	38083
RadixSortWithDynamicListsAndCustomBase(100)	random	4096	54166
RadixSortWithDynamicListsAndCustomBase(100)	random	8192	94542
RadixSortWithDynamicListsAndCustomBase(100)	random	16384	210667
RadixSortWithDynamicListsAndCustomBase(100)	random	32768	384042
RadixSortWithDynamicListsAndCustomBase(100)	random	65536	750959
RadixSortWithDynamicListsAndCustomBase(100)	random	131072	1517791
RadixSortWithDynamicListsAndCustomBase(100)	random	262144	3120292
RadixSortWithDynamicListsAndCustomBase(100)	random	524288	8202875
RadixSortWithDynamicListsAndCustomBase(100)	random	1048576	19838250
RadixSortWithDynamicListsAndCustomBase(100)	random	2097152	46874250
RadixSortWithDynamicListsAndCustomBase(100)	random	4194304	109761417
RadixSortWithDynamicListsAndCustomBase(100)	random	8388608	227303875
RadixSortWithDynamicListsAndCustomBase(100)	random	16777216	475729125
RadixSortWithDynamicListsAndCustomBase(100)	random	33554432	1001581792
RadixSortWithDynamicListsAndCustomBase(100)	random	67108864	1989340833
RadixSortWithDynamicListsAndCustomBase(100)	ascending	1024	16416
RadixSortWithDynamicListsAndCustomBase(100)	ascending	2048	25708
RadixSortWithDynamicListsAndCustomBase(100)	ascending	4096	43041
RadixSortWithDynamicListsAndCustomBase(100)	ascending	8192	78625
RadixSortWithDynamicListsAndCustomBase(100)	ascending	16384	189458
RadixSortWithDynamicListsAndCustomBase(100)	ascending	32768	347083
RadixSortWithDynamicListsAndCustomBase(100)	ascending	65536	715667
RadixSortWithDynamicListsAndCustomBase(100)	ascending	131072	1411333
RadixSortWithDynamicListsAndCustomBase(100)	ascending	262144	2869583
RadixSortWithDynamicListsAndCustomBase(100)	ascending	524288	6153416
RadixSortWithDynamicListsAndCustomBase(100)	ascending	1048576	16642291
RadixSortWithDynamicListsAndCustomBase(100)	ascending	2097152	33753041
RadixSortWithDynamicListsAndCustomBase(100)	ascending	4194304	72580500
RadixSortWithDynamicListsAndCustomBase(100)	ascending	8388608	166626542
RadixSortWithDynamicListsAndCustomBase(100)	ascending	16777216	442527500
RadixSortWithDynamicListsAndCustomBase(100)	ascending	33554432	1031845875
RadixSortWithDynamicListsAndCustomBase(100)	ascending	67108864	2253919209
RadixSortWithDynamicListsAndCustomBase(100)	descending	1024	18042
RadixSortWithDynamicListsAndCustomBase(100)	descending	2048	24333
RadixSortWithDynamicListsAndCustomBase(100)	descending	4096	45708
RadixSortWithDynamicListsAndCustomBase(100)	descending	8192	76666
RadixSortWithDynamicListsAndCustomBase(100)	descending	16384	186750
RadixSortWithDynamicListsAndCustomBase(100)	descending	32768	349916
RadixSortWithDynamicListsAndCustomBase(100)	descending	65536	690334
RadixSortWithDynamicListsAndCustomBase(100)	descending	131072	1413792
RadixSortWithDynamicListsAndCustomBase(100)	descending	262144	2884708
RadixSortWithDynamicListsAndCustomBase(100)	descending	524288	6594834
RadixSortWithDynamicListsAndCustomBase(100)	descending	1048576	17045208
RadixSortWithDynamicListsAndCustomBase(100)	descending	2097152	34444250
RadixSortWithDynamicListsAndCustomBase(100)	descending	4194304	73216875
RadixSortWithDynamicListsAndCustomBase(100)	descending	8388608	166809375
RadixSortWithDynamicListsAndCustomBase(100)	descending	16777216	442031792
RadixSortWithDynamicListsAndCustomBase(100)	descending	33554432	1020149208
RadixSortWithDynamicListsAndCustomBase(100)	descending	67108864	2286644417
RadixSortWithArraysAndCustomBase(10)	random	1024	21333
RadixSortWithArraysAndCustomBase(10)	random	2048	33459
RadixSortWithArraysAndCustomBase(10)	random	4096	51917
RadixSortWithArraysAndCustomBase(10)	random	8192	83500
RadixSortWithArraysAndCustomBase(10)	random	16384	205625
RadixSortWithArraysAndCustomBase(10)	random	32768	357709
RadixSortWithArraysAndCustomBase(10)	random	65536	688833
RadixSortWithArraysAndCustomBase(10)	random	131072	1762333
RadixSortWithArraysAndCustomBase(10)	random	262144	3472375
RadixSortWithArraysAndCustomBase(10)	random	524288	6822708
RadixSortWithArraysAndCustomBase(10)	random	1048576	16010958
RadixSortWithArraysAndCustomBase(10)	random	2097152	33109083
RadixSortWithArraysAndCustomBase(10)	random	4194304	63636209
RadixSortWithArraysAndCustomBase(10)	random	8388608	126708083
RadixSortWithArraysAndCustomBase(10)	random	16777216	309467916
RadixSortWithArraysAndCustomBase(10)	random	33554432	601504958
RadixSortWithArraysAndCustomBase(10)	random	67108864	1204117417
RadixSortWithArraysAndCustomBase(10)	ascending	1024	18292
RadixSortWithArraysAndCustomBase(10)	ascending	2048	31958
RadixSortWithArraysAndCustomBase(10)	ascending	4096	52208
RadixSortWithArraysAndCustomBase(10)	ascending	8192	81917
RadixSortWithArraysAndCustomBase(10)	ascending	16384	185209
RadixSortWithArraysAndCustomBase(10)	ascending	32768	357208
RadixSortWithArraysAndCustomBase(10)	ascending	65536	693541
RadixSortWithArraysAndCustomBase(10)	ascending	131072	1671000
RadixSortWithArraysAndCustomBase(10)	ascending	262144	3304583
RadixSortWithArraysAndCustomBase(10)	ascending	524288	6688083
RadixSortWithArraysAndCustomBase(10)	ascending	1048576	15578667
RadixSortWithArraysAndCustomBase(10)	ascending	2097152	30950625
RadixSortWithArraysAndCustomBase(10)	ascending	4194304	62026625
RadixSortWithArraysAndCustomBase(10)	ascending	8388608	124162625
RadixSortWithArraysAndCustomBase(10)	ascending	16777216	296035333
RadixSortWithArraysAndCustomBase(10)	ascending	33554432	594293709
RadixSortWithArraysAndCustomBase(10)	ascending	67108864	1199131375
RadixSortWithArraysAndCustomBase(10)	descending	1024	17417
RadixSortWithArraysAndCustomBase(10)	descending	2048	32291
RadixSortWithArraysAndCustomBase(10)	descending	4096	49250
RadixSortWithArraysAndCustomBase(10)	descending	8192	81542
RadixSortWithArraysAndCustomBase(10)	descending	16384	180125
RadixSortWithArraysAndCustomBase(10)	descending	32768	368250
RadixSortWithArraysAndCustomBase(10)	descending	65536	683709
RadixSortWithArraysAndCustomBase(10)	descending	131072	1617625
RadixSortWithArraysAndCustomBase(10)	descending	262144	3255125
RadixSortWithArraysAndCustomBase(10)	descending	524288	6581625
RadixSortWithArraysAndCustomBase(10)	descending	1048576	15482917
RadixSortWithArraysAndCustomBase(10)	descending	2097152	30532250
RadixSortWithArraysAndCustomBase(10)	descending	4194304	60763875
RadixSortWithArraysAndCustomBase(10)	descending	8388608	122604042
RadixSortWithArraysAndCustomBase(10)	descending	16777216	293476333
RadixSortWithArraysAndCustomBase(10)	descending	33554432	589495250
RadixSortWithArraysAndCustomBase(10)	descending	67108864	1188445916
RadixSortWithArraysAndCustomBase(100)	random	1024	17000
RadixSortWithArraysAndCustomBase(100)	random	2048	22708
RadixSortWithArraysAndCustomBase(100)	random	4096	32416
RadixSortWithArraysAndCustomBase(100)	random	8192	57625
RadixSortWithArraysAndCustomBase(100)	random	16384	135792
RadixSortWithArraysAndCustomBase(100)	random	32768	232292
RadixSortWithArraysAndCustomBase(100)	random	65536	438166
RadixSortWithArraysAndCustomBase(100)	random	131072	848708
RadixSortWithArraysAndCustomBase(100)	random	262144	1677250
RadixSortWithArraysAndCustomBase(100)	random	524288	3356292
RadixSortWithArraysAndCustomBase(100)	random	1048576	9310750
RadixSortWithArraysAndCustomBase(100)	random	2097152	19376500
RadixSortWithArraysAndCustomBase(100)	random	4194304	36414375
RadixSortWithArraysAndCustomBase(100)	random	8388608	71694750
RadixSortWithArraysAndCustomBase(100)	random	16777216	144578833
RadixSortWithArraysAndCustomBase(100)	random	33554432	296315792
RadixSortWithArraysAndCustomBase(100)	random	67108864	692789250
RadixSortWithArraysAndCustomBase(100)	ascending	1024	14208
RadixSortWithArraysAndCustomBase(100)	ascending	2048	19750
RadixSortWithArraysAndCustomBase(100)	ascending	4096	31833
RadixSortWithArraysAndCustomBase(100)	ascending	8192	52333
RadixSortWithArraysAndCustomBase(100)	ascending	16384	124792
RadixSortWithArraysAndCustomBase(100)	ascending	32768	238209
RadixSortWithArraysAndCustomBase(100)	ascending	65536	437375
RadixSortWithArraysAndCustomBase(100)	ascending	131072	865000
RadixSortWithArraysAndCustomBase(100)	ascending	262144	1681125
RadixSortWithArraysAndCustomBase(100)	ascending	524288	3450416
RadixSortWithArraysAndCustomBase(100)	ascending	1048576	9408583
RadixSortWithArraysAndCustomBase(100)	ascending	2097152	18079708
RadixSortWithArraysAndCustomBase(100)	ascending	4194304	36408750
RadixSortWithArraysAndCustomBase(100)	ascending	8388608	72137583
RadixSortWithArraysAndCustomBase(100)	ascending	16777216	178517000
RadixSortWithArraysAndCustomBase(100)	ascending	33554432	435807792
RadixSortWithArraysAndCustomBase(100)	ascending	67108864	997106500
RadixSortWithArraysAndCustomBase(100)	descending	1024	15000
RadixSortWithArraysAndCustomBase(100)	descending	2048	19958
RadixSortWithArraysAndCustomBase(100)	descending	4096	33833
RadixSortWithArraysAndCustomBase(100)	descending	8192	50666
RadixSortWithArraysAndCustomBase(100)	descending	16384	125750
RadixSortWithArraysAndCustomBase(100)	descending	32768	224208
RadixSortWithArraysAndCustomBase(100)	descending	65536	434042
RadixSortWithArraysAndCustomBase(100)	descending	131072	840208
RadixSortWithArraysAndCustomBase(100)	descending	262144	1646542
RadixSortWithArraysAndCustomBase(100)	descending	524288	3338333
RadixSortWithArraysAndCustomBase(100)	descending	1048576	9361417
RadixSortWithArraysAndCustomBase(100)	descending	2097152	17707541
RadixSortWithArraysAndCustomBase(100)	descending	4194304	36036541
RadixSortWithArraysAndCustomBase(100)	descending	8388608	71463333
RadixSortWithArraysAndCustomBase(100)	descending	16777216	176687583
RadixSortWithArraysAndCustomBase(100)	descending	33554432	430983500
RadixSortWithArraysAndCustomBase(100)	descending	67108864	999401459
RadixSortWithCountingSortAndCustomBase(10)	random	1024	19208
RadixSortWithCountingSortAndCustomBase(10)	random	2048	27250
RadixSortWithCountingSortAndCustomBase(10)	random	4096	45000
RadixSortWithCountingSortAndCustomBase(10)	random	8192	70167
RadixSortWithCountingSortAndCustomBase(10)	random	16384	181792
RadixSortWithCountingSortAndCustomBase(10)	random	32768	310250
RadixSortWithCountingSortAndCustomBase(10)	random	65536	619875
RadixSortWithCountingSortAndCustomBase(10)	random	131072	1538791
RadixSortWithCountingSortAndCustomBase(10)	random	262144	2987416
RadixSortWithCountingSortAndCustomBase(10)	random	524288	5877291
RadixSortWithCountingSortAndCustomBase(10)	random	1048576	13963875
RadixSortWithCountingSortAndCustomBase(10)	random	2097152	29423125
RadixSortWithCountingSortAndCustomBase(10)	random	4194304	55127292
RadixSortWithCountingSortAndCustomBase(10)	random	8388608	110000917
RadixSortWithCountingSortAndCustomBase(10)	random	16777216	270789083
RadixSortWithCountingSortAndCustomBase(10)	random	33554432	508660750
RadixSortWithCountingSortAndCustomBase(10)	random	67108864	1004567125
RadixSortWithCountingSortAndCustomBase(10)	ascending	1024	16583
RadixSortWithCountingSortAndCustomBase(10)	ascending	2048	26083
RadixSortWithCountingSortAndCustomBase(10)	ascending	4096	44792
RadixSortWithCountingSortAndCustomBase(10)	ascending	8192	75334
RadixSortWithCountingSortAndCustomBase(10)	ascending	16384	166000
RadixSortWithCountingSortAndCustomBase(10)	ascending	32768	316958
RadixSortWithCountingSortAndCustomBase(10)	ascending	65536	622375
RadixSortWithCountingSortAndCustomBase(10)	ascending	131072	1485542
RadixSortWithCountingSortAndCustomBase(10)	ascending	262144	2949417
RadixSortWithCountingSortAndCustomBase(10)	ascending	524288	5935125
RadixSortWithCountingSortAndCustomBase(10)	ascending	1048576	13691292
RadixSortWithCountingSortAndCustomBase(10)	ascending	2097152	27538709
RadixSortWithCountingSortAndCustomBase(10)	ascending	4194304	55278375
RadixSortWithCountingSortAndCustomBase(10)	ascending	8388608	112401167
RadixSortWithCountingSortAndCustomBase(10)	ascending	16777216	252299417
RadixSortWithCountingSortAndCustomBase(10)	ascending	33554432	505596458
RadixSortWithCountingSortAndCustomBase(10)	ascending	67108864	1010351834
RadixSortWithCountingSortAndCustomBase(10)	descending	1024	19417
RadixSortWithCountingSortAndCustomBase(10)	descending	2048	27125
RadixSortWithCountingSortAndCustomBase(10)	descending	4096	45042
RadixSortWithCountingSortAndCustomBase(10)	descending	8192	74708
RadixSortWithCountingSortAndCustomBase(10)	descending	16384	171958
RadixSortWithCountingSortAndCustomBase(10)	descending	32768	327875
RadixSortWithCountingSortAndCustomBase(10)	descending	65536	614834
RadixSortWithCountingSortAndCustomBase(10)	descending	131072	1460042
RadixSortWithCountingSortAndCustomBase(10)	descending	262144	2914417
RadixSortWithCountingSortAndCustomBase(10)	descending	524288	5863667
RadixSortWithCountingSortAndCustomBase(10)	descending	1048576	13742167
RadixSortWithCountingSortAndCustomBase(10)	descending	2097152	27431875
RadixSortWithCountingSortAndCustomBase(10)	descending	4194304	54751041
RadixSortWithCountingSortAndCustomBase(10)	descending	8388608	109506625
RadixSortWithCountingSortAndCustomBase(10)	descending	16777216	249387375
RadixSortWithCountingSortAndCustomBase(10)	descending	33554432	497991542
RadixSortWithCountingSortAndCustomBase(10)	descending	67108864	1001940042
RadixSortWithCountingSortAndCustomBase(100)	random	1024	11334
RadixSortWithCountingSortAndCustomBase(100)	random	2048	16083
RadixSortWithCountingSortAndCustomBase(100)	random	4096	26875
RadixSortWithCountingSortAndCustomBase(100)	random	8192	46083
RadixSortWithCountingSortAndCustomBase(100)	random	16384	121417
RadixSortWithCountingSortAndCustomBase(100)	random	32768	198459
RadixSortWithCountingSortAndCustomBase(100)	random	65536	380625
RadixSortWithCountingSortAndCustomBase(100)	random	131072	747333
RadixSortWithCountingSortAndCustomBase(100)	random	262144	1498291
RadixSortWithCountingSortAndCustomBase(100)	random	524288	2959292
RadixSortWithCountingSortAndCustomBase(100)	random	1048576	8693375
RadixSortWithCountingSortAndCustomBase(100)	random	2097152	17449292
RadixSortWithCountingSortAndCustomBase(100)	random	4194304	31841667
RadixSortWithCountingSortAndCustomBase(100)	random	8388608	63408209
RadixSortWithCountingSortAndCustomBase(100)	random	16777216	126883917
RadixSortWithCountingSortAndCustomBase(100)	random	33554432	253989791
RadixSortWithCountingSortAndCustomBase(100)	random	67108864	510812667
RadixSortWithCountingSortAndCustomBase(100)	ascending	1024	12167
RadixSortWithCountingSortAndCustomBase(100)	ascending	2048	16250
RadixSortWithCountingSortAndCustomBase(100)	ascending	4096	27458
RadixSortWithCountingSortAndCustomBase(100)	ascending	8192	45625
RadixSortWithCountingSortAndCustomBase(100)	ascending	16384	119833
RadixSortWithCountingSortAndCustomBase(100)	ascending	32768	207291
RadixSortWithCountingSortAndCustomBase(100)	ascending	65536	394292
RadixSortWithCountingSortAndCustomBase(100)	ascending	131072	765000
RadixSortWithCountingSortAndCustomBase(100)	ascending	262144	1507917
RadixSortWithCountingSortAndCustomBase(100)	ascending	524288	3023791
RadixSortWithCountingSortAndCustomBase(100)	ascending	1048576	8274333
RadixSortWithCountingSortAndCustomBase(100)	ascending	2097152	16272292
RadixSortWithCountingSortAndCustomBase(100)	ascending	4194304	32920041
RadixSortWithCountingSortAndCustomBase(100)	ascending	8388608	65101500
RadixSortWithCountingSortAndCustomBase(100)	ascending	16777216	130555833
RadixSortWithCountingSortAndCustomBase(100)	ascending	33554432	264703625
RadixSortWithCountingSortAndCustomBase(100)	ascending	67108864	529866500
RadixSortWithCountingSortAndCustomBase(100)	descending	1024	10791
RadixSortWithCountingSortAndCustomBase(100)	descending	2048	15625
RadixSortWithCountingSortAndCustomBase(100)	descending	4096	26333
RadixSortWithCountingSortAndCustomBase(100)	descending	8192	44833
RadixSortWithCountingSortAndCustomBase(100)	descending	16384	105291
RadixSortWithCountingSortAndCustomBase(100)	descending	32768	206209
RadixSortWithCountingSortAndCustomBase(100)	descending	65536	384708
RadixSortWithCountingSortAndCustomBase(100)	descending	131072	754458
RadixSortWithCountingSortAndCustomBase(100)	descending	262144	1477583
RadixSortWithCountingSortAndCustomBase(100)	descending	524288	2992542
RadixSortWithCountingSortAndCustomBase(100)	descending	1048576	7825333
RadixSortWithCountingSortAndCustomBase(100)	descending	2097152	15894542
RadixSortWithCountingSortAndCustomBase(100)	descending	4194304	32307875
RadixSortWithCountingSortAndCustomBase(100)	descending	8388608	64197417
RadixSortWithCountingSortAndCustomBase(100)	descending	16777216	128435125
RadixSortWithCountingSortAndCustomBase(100)	descending	33554432	261554333
RadixSortWithCountingSortAndCustomBase(100)	descending	67108864	521955125
RecursiveMsdRadixSortWithArraysAndCustomBase(10)	random	1024	35625
RecursiveMsdRadixSortWithArraysAndCustomBase(10)	random	2048	63625
RecursiveMsdRadixSortWithArraysAndCustomBase(10)	random	4096	108292
RecursiveMsdRadixSortWithArraysAndCustomBase(10)	random	8192	207208
RecursiveMsdRadixSortWithArraysAndCustomBase(10)	random	16384	427209
RecursiveMsdRadixSortWithArraysAndCustomBase(10)	random	32768	805958
RecursiveMsdRadixSortWithArraysAndCustomBase(10)	random	65536	1583000
RecursiveMsdRadixSortWithArraysAndCustomBase(10)	random	131072	3729250
RecursiveMsdRadixSortWithArraysAndCustomBase(10)	random	262144	7311458
RecursiveMsdRadixSortWithArraysAndCustomBase(10)	random	524288	14568916
RecursiveMsdRadixSortWithArraysAndCustomBase(10)	random	1048576	32025667
RecursiveMsdRadixSortWithArraysAndCustomBase(10)	random	2097152	62211458
RecursiveMsdRadixSortWithArraysAndCustomBase(10)	random	4194304	122229334
RecursiveMsdRadixSortWithArraysAndCustomBase(10)	random	8388608	243382750
RecursiveMsdRadixSortWithArraysAndCustomBase(10)	random	16777216	556406542
RecursiveMsdRadixSortWithArraysAndCustomBase(10)	random	33554432	1088612041
RecursiveMsdRadixSortWithArraysAndCustomBase(10)	random	67108864	2173103625
RecursiveMsdRadixSortWithArraysAndCustomBase(10)	ascending	1024	24917
RecursiveMsdRadixSortWithArraysAndCustomBase(10)	ascending	2048	48542
RecursiveMsdRadixSortWithArraysAndCustomBase(10)	ascending	4096	78875
RecursiveMsdRadixSortWithArraysAndCustomBase(10)	ascending	8192	145708
RecursiveMsdRadixSortWithArraysAndCustomBase(10)	ascending	16384	285292
RecursiveMsdRadixSortWithArraysAndCustomBase(10)	ascending	32768	602084
RecursiveMsdRadixSortWithArraysAndCustomBase(10)	ascending	65536	1174542
RecursiveMsdRadixSortWithArraysAndCustomBase(10)	ascending	131072	2803625
RecursiveMsdRadixSortWithArraysAndCustomBase(10)	ascending	262144	6129959
RecursiveMsdRadixSortWithArraysAndCustomBase(10)	ascending	524288	12111041
RecursiveMsdRadixSortWithArraysAndCustomBase(10)	ascending	1048576	23439750
RecursiveMsdRadixSortWithArraysAndCustomBase(10)	ascending	2097152	47205209
RecursiveMsdRadixSortWithArraysAndCustomBase(10)	ascending	4194304	92830500
RecursiveMsdRadixSortWithArraysAndCustomBase(10)	ascending	8388608	187722541
RecursiveMsdRadixSortWithArraysAndCustomBase(10)	ascending	16777216	447353292
RecursiveMsdRadixSortWithArraysAndCustomBase(10)	ascending	33554432	879902709
RecursiveMsdRadixSortWithArraysAndCustomBase(10)	ascending	67108864	1759332708
RecursiveMsdRadixSortWithArraysAndCustomBase(10)	descending	1024	22625
RecursiveMsdRadixSortWithArraysAndCustomBase(10)	descending	2048	47125
RecursiveMsdRadixSortWithArraysAndCustomBase(10)	descending	4096	83042
RecursiveMsdRadixSortWithArraysAndCustomBase(10)	descending	8192	161875
RecursiveMsdRadixSortWithArraysAndCustomBase(10)	descending	16384	306125
RecursiveMsdRadixSortWithArraysAndCustomBase(10)	descending	32768	597292
RecursiveMsdRadixSortWithArraysAndCustomBase(10)	descending	65536	1145500
RecursiveMsdRadixSortWithArraysAndCustomBase(10)	descending	131072	3084000
RecursiveMsdRadixSortWithArraysAndCustomBase(10)	descending	262144	6136417
RecursiveMsdRadixSortWithArraysAndCustomBase(10)	descending	524288	12405334
RecursiveMsdRadixSortWithArraysAndCustomBase(10)	descending	1048576	24047375
RecursiveMsdRadixSortWithArraysAndCustomBase(10)	descending	2097152	49819083
RecursiveMsdRadixSortWithArraysAndCustomBase(10)	descending	4194304	96495166
RecursiveMsdRadixSortWithArraysAndCustomBase(10)	descending	8388608	195563791
RecursiveMsdRadixSortWithArraysAndCustomBase(10)	descending	16777216	463038584
RecursiveMsdRadixSortWithArraysAndCustomBase(10)	descending	33554432	933320916
RecursiveMsdRadixSortWithArraysAndCustomBase(10)	descending	67108864	1866029875
RecursiveMsdRadixSortWithArraysAndCustomBase(1000)	random	1024	34833
RecursiveMsdRadixSortWithArraysAndCustomBase(1000)	random	2048	50209
RecursiveMsdRadixSortWithArraysAndCustomBase(1000)	random	4096	79334
RecursiveMsdRadixSortWithArraysAndCustomBase(1000)	random	8192	134875
RecursiveMsdRadixSortWithArraysAndCustomBase(1000)	random	16384	248000
RecursiveMsdRadixSortWithArraysAndCustomBase(1000)	random	32768	480708
RecursiveMsdRadixSortWithArraysAndCustomBase(1000)	random	65536	915083
RecursiveMsdRadixSortWithArraysAndCustomBase(1000)	random	131072	1820541
RecursiveMsdRadixSortWithArraysAndCustomBase(1000)	random	262144	3605958
RecursiveMsdRadixSortWithArraysAndCustomBase(1000)	random	524288	7369042
RecursiveMsdRadixSortWithArraysAndCustomBase(1000)	random	1048576	18063959
RecursiveMsdRadixSortWithArraysAndCustomBase(1000)	random	2097152	34897292
RecursiveMsdRadixSortWithArraysAndCustomBase(1000)	random	4194304	67553125
RecursiveMsdRadixSortWithArraysAndCustomBase(1000)	random	8388608	134236875
RecursiveMsdRadixSortWithArraysAndCustomBase(1000)	random	16777216	268568333
RecursiveMsdRadixSortWithArraysAndCustomBase(1000)	random	33554432	539319125
RecursiveMsdRadixSortWithArraysAndCustomBase(1000)	random	67108864	1102598250
RecursiveMsdRadixSortWithArraysAndCustomBase(1000)	ascending	1024	23250
RecursiveMsdRadixSortWithArraysAndCustomBase(1000)	ascending	2048	36417
RecursiveMsdRadixSortWithArraysAndCustomBase(1000)	ascending	4096	48209
RecursiveMsdRadixSortWithArraysAndCustomBase(1000)	ascending	8192	83750
RecursiveMsdRadixSortWithArraysAndCustomBase(1000)	ascending	16384	160375
RecursiveMsdRadixSortWithArraysAndCustomBase(1000)	ascending	32768	311417
RecursiveMsdRadixSortWithArraysAndCustomBase(1000)	ascending	65536	568291
RecursiveMsdRadixSortWithArraysAndCustomBase(1000)	ascending	131072	1225042
RecursiveMsdRadixSortWithArraysAndCustomBase(1000)	ascending	262144	2384875
RecursiveMsdRadixSortWithArraysAndCustomBase(1000)	ascending	524288	4763125
RecursiveMsdRadixSortWithArraysAndCustomBase(1000)	ascending	1048576	10735334
RecursiveMsdRadixSortWithArraysAndCustomBase(1000)	ascending	2097152	20898417
RecursiveMsdRadixSortWithArraysAndCustomBase(1000)	ascending	4194304	40799959
RecursiveMsdRadixSortWithArraysAndCustomBase(1000)	ascending	8388608	80638542
RecursiveMsdRadixSortWithArraysAndCustomBase(1000)	ascending	16777216	163338666
RecursiveMsdRadixSortWithArraysAndCustomBase(1000)	ascending	33554432	323791625
RecursiveMsdRadixSortWithArraysAndCustomBase(1000)	ascending	67108864	645712875
RecursiveMsdRadixSortWithArraysAndCustomBase(1000)	descending	1024	24875
RecursiveMsdRadixSortWithArraysAndCustomBase(1000)	descending	2048	36166
RecursiveMsdRadixSortWithArraysAndCustomBase(1000)	descending	4096	55542
RecursiveMsdRadixSortWithArraysAndCustomBase(1000)	descending	8192	89750
RecursiveMsdRadixSortWithArraysAndCustomBase(1000)	descending	16384	159125
RecursiveMsdRadixSortWithArraysAndCustomBase(1000)	descending	32768	303875
RecursiveMsdRadixSortWithArraysAndCustomBase(1000)	descending	65536	592000
RecursiveMsdRadixSortWithArraysAndCustomBase(1000)	descending	131072	1169959
RecursiveMsdRadixSortWithArraysAndCustomBase(1000)	descending	262144	2308583
RecursiveMsdRadixSortWithArraysAndCustomBase(1000)	descending	524288	4636042
RecursiveMsdRadixSortWithArraysAndCustomBase(1000)	descending	1048576	10088375
RecursiveMsdRadixSortWithArraysAndCustomBase(1000)	descending	2097152	21169750
RecursiveMsdRadixSortWithArraysAndCustomBase(1000)	descending	4194304	39838959
RecursiveMsdRadixSortWithArraysAndCustomBase(1000)	descending	8388608	79445083
RecursiveMsdRadixSortWithArraysAndCustomBase(1000)	descending	16777216	159433000
RecursiveMsdRadixSortWithArraysAndCustomBase(1000)	descending	33554432	317382959
RecursiveMsdRadixSortWithArraysAndCustomBase(1000)	descending	67108864	636104375
RadixSortWithDynamicListsAndCustomBase(10)	random	1024	28833
RadixSortWithDynamicListsAndCustomBase(10)	random	2048	50000
RadixSortWithDynamicListsAndCustomBase(10)	random	4096	81708
RadixSortWithDynamicListsAndCustomBase(10)	random	8192	137291
RadixSortWithDynamicListsAndCustomBase(10)	random	16384	309291
RadixSortWithDynamicListsAndCustomBase(10)	random	32768	597917
RadixSortWithDynamicListsAndCustomBase(10)	random	65536	1184042
RadixSortWithDynamicListsAndCustomBase(10)	random	131072	2805917
RadixSortWithDynamicListsAndCustomBase(10)	random	262144	5592667
RadixSortWithDynamicListsAndCustomBase(10)	random	524288	11846584
RadixSortWithDynamicListsAndCustomBase(10)	random	1048576	32985583
RadixSortWithDynamicListsAndCustomBase(10)	random	2097152	86729417
RadixSortWithDynamicListsAndCustomBase(10)	random	4194304	169642167
RadixSortWithDynamicListsAndCustomBase(10)	random	8388608	304170208
RadixSortWithDynamicListsAndCustomBase(10)	random	16777216	648972916
RadixSortWithDynamicListsAndCustomBase(10)	random	33554432	1318032791
RadixSortWithDynamicListsAndCustomBase(10)	random	67108864	4697965417
RadixSortWithDynamicListsAndCustomBase(10)	ascending	1024	29959
RadixSortWithDynamicListsAndCustomBase(10)	ascending	2048	43750
RadixSortWithDynamicListsAndCustomBase(10)	ascending	4096	79208
RadixSortWithDynamicListsAndCustomBase(10)	ascending	8192	133375
RadixSortWithDynamicListsAndCustomBase(10)	ascending	16384	328000
RadixSortWithDynamicListsAndCustomBase(10)	ascending	32768	655875
RadixSortWithDynamicListsAndCustomBase(10)	ascending	65536	1294667
RadixSortWithDynamicListsAndCustomBase(10)	ascending	131072	2897209
RadixSortWithDynamicListsAndCustomBase(10)	ascending	262144	5768250
RadixSortWithDynamicListsAndCustomBase(10)	ascending	524288	11639208
RadixSortWithDynamicListsAndCustomBase(10)	ascending	1048576	27914583
RadixSortWithDynamicListsAndCustomBase(10)	ascending	2097152	61618334
RadixSortWithDynamicListsAndCustomBase(10)	ascending	4194304	130087417
RadixSortWithDynamicListsAndCustomBase(10)	ascending	8388608	281466125
RadixSortWithDynamicListsAndCustomBase(10)	ascending	16777216	998434125
RadixSortWithDynamicListsAndCustomBase(10)	ascending	33554432	2578416625
RadixSortWithDynamicListsAndCustomBase(10)	ascending	67108864	5715364834
RadixSortWithDynamicListsAndCustomBase(10)	descending	1024	25250
RadixSortWithDynamicListsAndCustomBase(10)	descending	2048	39708
RadixSortWithDynamicListsAndCustomBase(10)	descending	4096	65667
RadixSortWithDynamicListsAndCustomBase(10)	descending	8192	132792
RadixSortWithDynamicListsAndCustomBase(10)	descending	16384	304166
RadixSortWithDynamicListsAndCustomBase(10)	descending	32768	617208
RadixSortWithDynamicListsAndCustomBase(10)	descending	65536	1230042
RadixSortWithDynamicListsAndCustomBase(10)	descending	131072	2846584
RadixSortWithDynamicListsAndCustomBase(10)	descending	262144	5621458
RadixSortWithDynamicListsAndCustomBase(10)	descending	524288	11676167
RadixSortWithDynamicListsAndCustomBase(10)	descending	1048576	27810584
RadixSortWithDynamicListsAndCustomBase(10)	descending	2097152	61551625
RadixSortWithDynamicListsAndCustomBase(10)	descending	4194304	130211166
RadixSortWithDynamicListsAndCustomBase(10)	descending	8388608	388445875
RadixSortWithDynamicListsAndCustomBase(10)	descending	16777216	1112675541
RadixSortWithDynamicListsAndCustomBase(10)	descending	33554432	2523824416
RadixSortWithDynamicListsAndCustomBase(10)	descending	67108864	5618598292
RadixSortWithDynamicListsAndCustomBase(100)	random	1024	21583
RadixSortWithDynamicListsAndCustomBase(100)	random	2048	34375
RadixSortWithDynamicListsAndCustomBase(100)	random	4096	57541
RadixSortWithDynamicListsAndCustomBase(100)	random	8192	93334
RadixSortWithDynamicListsAndCustomBase(100)	random	16384	214125
RadixSortWithDynamicListsAndCustomBase(100)	random	32768	398042
RadixSortWithDynamicListsAndCustomBase(100)	random	65536	758709
RadixSortWithDynamicListsAndCustomBase(100)	random	131072	1595875
RadixSortWithDynamicListsAndCustomBase(100)	random	262144	3098875
RadixSortWithDynamicListsAndCustomBase(100)	random	524288	8258709
RadixSortWithDynamicListsAndCustomBase(100)	random	1048576	19497375
RadixSortWithDynamicListsAndCustomBase(100)	random	2097152	47849333
RadixSortWithDynamicListsAndCustomBase(100)	random	4194304	110540750
RadixSortWithDynamicListsAndCustomBase(100)	random	8388608	227124875
RadixSortWithDynamicListsAndCustomBase(100)	random	16777216	476137250
RadixSortWithDynamicListsAndCustomBase(100)	random	33554432	952015125
RadixSortWithDynamicListsAndCustomBase(100)	random	67108864	2045602458
RadixSortWithDynamicListsAndCustomBase(100)	ascending	1024	18459
RadixSortWithDynamicListsAndCustomBase(100)	ascending	2048	29833
RadixSortWithDynamicListsAndCustomBase(100)	ascending	4096	38417
RadixSortWithDynamicListsAndCustomBase(100)	ascending	8192	74625
RadixSortWithDynamicListsAndCustomBase(100)	ascending	16384	188125
RadixSortWithDynamicListsAndCustomBase(100)	ascending	32768	346542
RadixSortWithDynamicListsAndCustomBase(100)	ascending	65536	709917
RadixSortWithDynamicListsAndCustomBase(100)	ascending	131072	1413292
RadixSortWithDynamicListsAndCustomBase(100)	ascending	262144	2897250
RadixSortWithDynamicListsAndCustomBase(100)	ascending	524288	6365417
RadixSortWithDynamicListsAndCustomBase(100)	ascending	1048576	16409750
RadixSortWithDynamicListsAndCustomBase(100)	ascending	2097152	33730542
RadixSortWithDynamicListsAndCustomBase(100)	ascending	4194304	72692083
RadixSortWithDynamicListsAndCustomBase(100)	ascending	8388608	165365458
RadixSortWithDynamicListsAndCustomBase(100)	ascending	16777216	441308125
RadixSortWithDynamicListsAndCustomBase(100)	ascending	33554432	967764792
RadixSortWithDynamicListsAndCustomBase(100)	ascending	67108864	2329536459
RadixSortWithDynamicListsAndCustomBase(100)	descending	1024	16708
RadixSortWithDynamicListsAndCustomBase(100)	descending	2048	27917
RadixSortWithDynamicListsAndCustomBase(100)	descending	4096	47167
RadixSortWithDynamicListsAndCustomBase(100)	descending	8192	74000
RadixSortWithDynamicListsAndCustomBase(100)	descending	16384	188875
RadixSortWithDynamicListsAndCustomBase(100)	descending	32768	347583
RadixSortWithDynamicListsAndCustomBase(100)	descending	65536	705792
RadixSortWithDynamicListsAndCustomBase(100)	descending	131072	1404625
RadixSortWithDynamicListsAndCustomBase(100)	descending	262144	2885917
RadixSortWithDynamicListsAndCustomBase(100)	descending	524288	6334583
RadixSortWithDynamicListsAndCustomBase(100)	descending	1048576	17262375
RadixSortWithDynamicListsAndCustomBase(100)	descending	2097152	34234458
RadixSortWithDynamicListsAndCustomBase(100)	descending	4194304	73030500
RadixSortWithDynamicListsAndCustomBase(100)	descending	8388608	167996959
RadixSortWithDynamicListsAndCustomBase(100)	descending	16777216	442487791
RadixSortWithDynamicListsAndCustomBase(100)	descending	33554432	1024554916
RadixSortWithDynamicListsAndCustomBase(100)	descending	67108864	2253710958
RadixSortWithArraysAndCustomBase(10)	random	1024	22333
RadixSortWithArraysAndCustomBase(10)	random	2048	32125
RadixSortWithArraysAndCustomBase(10)	random	4096	46500
RadixSortWithArraysAndCustomBase(10)	random	8192	86959
RadixSortWithArraysAndCustomBase(10)	random	16384	203750
RadixSortWithArraysAndCustomBase(10)	random	32768	374000
RadixSortWithArraysAndCustomBase(10)	random	65536	748209
RadixSortWithArraysAndCustomBase(10)	random	131072	1857042
RadixSortWithArraysAndCustomBase(10)	random	262144	3540084
RadixSortWithArraysAndCustomBase(10)	random	524288	6981375
RadixSortWithArraysAndCustomBase(10)	random	1048576	16079416
RadixSortWithArraysAndCustomBase(10)	random	2097152	32984292
RadixSortWithArraysAndCustomBase(10)	random	4194304	63789334
RadixSortWithArraysAndCustomBase(10)	random	8388608	127036958
RadixSortWithArraysAndCustomBase(10)	random	16777216	309553959
RadixSortWithArraysAndCustomBase(10)	random	33554432	602336792
RadixSortWithArraysAndCustomBase(10)	random	67108864	1198921500
RadixSortWithArraysAndCustomBase(10)	ascending	1024	18416
RadixSortWithArraysAndCustomBase(10)	ascending	2048	27750
RadixSortWithArraysAndCustomBase(10)	ascending	4096	49208
RadixSortWithArraysAndCustomBase(10)	ascending	8192	83458
RadixSortWithArraysAndCustomBase(10)	ascending	16384	190167
RadixSortWithArraysAndCustomBase(10)	ascending	32768	353292
RadixSortWithArraysAndCustomBase(10)	ascending	65536	691792
RadixSortWithArraysAndCustomBase(10)	ascending	131072	1667500
RadixSortWithArraysAndCustomBase(10)	ascending	262144	3274750
RadixSortWithArraysAndCustomBase(10)	ascending	524288	6656083
RadixSortWithArraysAndCustomBase(10)	ascending	1048576	15533375
RadixSortWithArraysAndCustomBase(10)	ascending	2097152	30738959
RadixSortWithArraysAndCustomBase(10)	ascending	4194304	62421083
RadixSortWithArraysAndCustomBase(10)	ascending	8388608	124137500
RadixSortWithArraysAndCustomBase(10)	ascending	16777216	295989625
RadixSortWithArraysAndCustomBase(10)	ascending	33554432	594966375
RadixSortWithArraysAndCustomBase(10)	ascending	67108864	1200255625
RadixSortWithArraysAndCustomBase(10)	descending	1024	18292
RadixSortWithArraysAndCustomBase(10)	descending	2048	29500
RadixSortWithArraysAndCustomBase(10)	descending	4096	48292
RadixSortWithArraysAndCustomBase(10)	descending	8192	75625
RadixSortWithArraysAndCustomBase(10)	descending	16384	191875
RadixSortWithArraysAndCustomBase(10)	descending	32768	342042
RadixSortWithArraysAndCustomBase(10)	descending	65536	683125
RadixSortWithArraysAndCustomBase(10)	descending	131072	1671167
RadixSortWithArraysAndCustomBase(10)	descending	262144	3256209
RadixSortWithArraysAndCustomBase(10)	descending	524288	6738667
RadixSortWithArraysAndCustomBase(10)	descending	1048576	15559458
RadixSortWithArraysAndCustomBase(10)	descending	2097152	30597958
RadixSortWithArraysAndCustomBase(10)	descending	4194304	61075500
RadixSortWithArraysAndCustomBase(10)	descending	8388608	122830417
RadixSortWithArraysAndCustomBase(10)	descending	16777216	294097916
RadixSortWithArraysAndCustomBase(10)	descending	33554432	588077417
RadixSortWithArraysAndCustomBase(10)	descending	67108864	1189966375
RadixSortWithArraysAndCustomBase(100)	random	1024	15333
RadixSortWithArraysAndCustomBase(100)	random	2048	23250
RadixSortWithArraysAndCustomBase(100)	random	4096	32625
RadixSortWithArraysAndCustomBase(100)	random	8192	57958
RadixSortWithArraysAndCustomBase(100)	random	16384	132083
RadixSortWithArraysAndCustomBase(100)	random	32768	232916
RadixSortWithArraysAndCustomBase(100)	random	65536	433417
RadixSortWithArraysAndCustomBase(100)	random	131072	855209
RadixSortWithArraysAndCustomBase(100)	random	262144	1661334
RadixSortWithArraysAndCustomBase(100)	random	524288	3324833
RadixSortWithArraysAndCustomBase(100)	random	1048576	9477542
RadixSortWithArraysAndCustomBase(100)	random	2097152	19370084
RadixSortWithArraysAndCustomBase(100)	random	4194304	36256167
RadixSortWithArraysAndCustomBase(100)	random	8388608	71553875
RadixSortWithArraysAndCustomBase(100)	random	16777216	143521000
RadixSortWithArraysAndCustomBase(100)	random	33554432	297387042
RadixSortWithArraysAndCustomBase(100)	random	67108864	694312459
RadixSortWithArraysAndCustomBase(100)	ascending	1024	13292
RadixSortWithArraysAndCustomBase(100)	ascending	2048	19000
RadixSortWithArraysAndCustomBase(100)	ascending	4096	29958
RadixSortWithArraysAndCustomBase(100)	ascending	8192	52000
RadixSortWithArraysAndCustomBase(100)	ascending	16384	129917
RadixSortWithArraysAndCustomBase(100)	ascending	32768	227167
RadixSortWithArraysAndCustomBase(100)	ascending	65536	435250
RadixSortWithArraysAndCustomBase(100)	ascending	131072	853625
RadixSortWithArraysAndCustomBase(100)	ascending	262144	1684000
RadixSortWithArraysAndCustomBase(100)	ascending	524288	3439792
RadixSortWithArraysAndCustomBase(100)	ascending	1048576	9273166
RadixSortWithArraysAndCustomBase(100)	ascending	2097152	18089000
RadixSortWithArraysAndCustomBase(100)	ascending	4194304	36433458
RadixSortWithArraysAndCustomBase(100)	ascending	8388608	73738959
RadixSortWithArraysAndCustomBase(100)	ascending	16777216	178268666
RadixSortWithArraysAndCustomBase(100)	ascending	33554432	435644167
RadixSortWithArraysAndCustomBase(100)	ascending	67108864	995426416
RadixSortWithArraysAndCustomBase(100)	descending	1024	14250
RadixSortWithArraysAndCustomBase(100)	descending	2048	18917
RadixSortWithArraysAndCustomBase(100)	descending	4096	29416
RadixSortWithArraysAndCustomBase(100)	descending	8192	50792
RadixSortWithArraysAndCustomBase(100)	descending	16384	119750
RadixSortWithArraysAndCustomBase(100)	descending	32768	222959
RadixSortWithArraysAndCustomBase(100)	descending	65536	475583
RadixSortWithArraysAndCustomBase(100)	descending	131072	842958
RadixSortWithArraysAndCustomBase(100)	descending	262144	1633750
RadixSortWithArraysAndCustomBase(100)	descending	524288	3390083
RadixSortWithArraysAndCustomBase(100)	descending	1048576	9476750
RadixSortWithArraysAndCustomBase(100)	descending	2097152	17752083
RadixSortWithArraysAndCustomBase(100)	descending	4194304	36049291
RadixSortWithArraysAndCustomBase(100)	descending	8388608	71392584
RadixSortWithArraysAndCustomBase(100)	descending	16777216	176953500
RadixSortWithArraysAndCustomBase(100)	descending	33554432	431345541
RadixSortWithArraysAndCustomBase(100)	descending	67108864	988932000
RadixSortWithCountingSortAndCustomBase(10)	random	1024	18459
RadixSortWithCountingSortAndCustomBase(10)	random	2048	23208
RadixSortWithCountingSortAndCustomBase(10)	random	4096	43834
RadixSortWithCountingSortAndCustomBase(10)	random	8192	74833
RadixSortWithCountingSortAndCustomBase(10)	random	16384	182000
RadixSortWithCountingSortAndCustomBase(10)	random	32768	313292
RadixSortWithCountingSortAndCustomBase(10)	random	65536	614833
RadixSortWithCountingSortAndCustomBase(10)	random	131072	1596375
RadixSortWithCountingSortAndCustomBase(10)	random	262144	2983542
RadixSortWithCountingSortAndCustomBase(10)	random	524288	5988375
RadixSortWithCountingSortAndCustomBase(10)	random	1048576	13937667
RadixSortWithCountingSortAndCustomBase(10)	random	2097152	29218625
RadixSortWithCountingSortAndCustomBase(10)	random	4194304	55372209
RadixSortWithCountingSortAndCustomBase(10)	random	8388608	110376666
RadixSortWithCountingSortAndCustomBase(10)	random	16777216	262417292
RadixSortWithCountingSortAndCustomBase(10)	random	33554432	509052709
RadixSortWithCountingSortAndCustomBase(10)	random	67108864	1009520083
RadixSortWithCountingSortAndCustomBase(10)	ascending	1024	16458
RadixSortWithCountingSortAndCustomBase(10)	ascending	2048	25583
RadixSortWithCountingSortAndCustomBase(10)	ascending	4096	45750
RadixSortWithCountingSortAndCustomBase(10)	ascending	8192	76167
RadixSortWithCountingSortAndCustomBase(10)	ascending	16384	182625
RadixSortWithCountingSortAndCustomBase(10)	ascending	32768	323084
RadixSortWithCountingSortAndCustomBase(10)	ascending	65536	634916
RadixSortWithCountingSortAndCustomBase(10)	ascending	131072	1507708
RadixSortWithCountingSortAndCustomBase(10)	ascending	262144	2941250
RadixSortWithCountingSortAndCustomBase(10)	ascending	524288	5949083
RadixSortWithCountingSortAndCustomBase(10)	ascending	1048576	13784208
RadixSortWithCountingSortAndCustomBase(10)	ascending	2097152	27553042
RadixSortWithCountingSortAndCustomBase(10)	ascending	4194304	55221667
RadixSortWithCountingSortAndCustomBase(10)	ascending	8388608	110533917
RadixSortWithCountingSortAndCustomBase(10)	ascending	16777216	251455917
RadixSortWithCountingSortAndCustomBase(10)	ascending	33554432	503074084
RadixSortWithCountingSortAndCustomBase(10)	ascending	67108864	1009347292
RadixSortWithCountingSortAndCustomBase(10)	descending	1024	16667
RadixSortWithCountingSortAndCustomBase(10)	descending	2048	23500
RadixSortWithCountingSortAndCustomBase(10)	descending	4096	44417
RadixSortWithCountingSortAndCustomBase(10)	descending	8192	73917
RadixSortWithCountingSortAndCustomBase(10)	descending	16384	164500
RadixSortWithCountingSortAndCustomBase(10)	descending	32768	316459
RadixSortWithCountingSortAndCustomBase(10)	descending	65536	621167
RadixSortWithCountingSortAndCustomBase(10)	descending	131072	1502541
RadixSortWithCountingSortAndCustomBase(10)	descending	262144	2886875
RadixSortWithCountingSortAndCustomBase(10)	descending	524288	5832625
RadixSortWithCountingSortAndCustomBase(10)	descending	1048576	13704084
RadixSortWithCountingSortAndCustomBase(10)	descending	2097152	27362750
RadixSortWithCountingSortAndCustomBase(10)	descending	4194304	55380958
RadixSortWithCountingSortAndCustomBase(10)	descending	8388608	108990834
RadixSortWithCountingSortAndCustomBase(10)	descending	16777216	248847500
RadixSortWithCountingSortAndCustomBase(10)	descending	33554432	499491042
RadixSortWithCountingSortAndCustomBase(10)	descending	67108864	999065417
RadixSortWithCountingSortAndCustomBase(100)	random	1024	12125
RadixSortWithCountingSortAndCustomBase(100)	random	2048	14958
RadixSortWithCountingSortAndCustomBase(100)	random	4096	25042
RadixSortWithCountingSortAndCustomBase(100)	random	8192	45542
RadixSortWithCountingSortAndCustomBase(100)	random	16384	122167
RadixSortWithCountingSortAndCustomBase(100)	random	32768	198083
RadixSortWithCountingSortAndCustomBase(100)	random	65536	384500
RadixSortWithCountingSortAndCustomBase(100)	random	131072	750833
RadixSortWithCountingSortAndCustomBase(100)	random	262144	1510833
RadixSortWithCountingSortAndCustomBase(100)	random	524288	2950333
RadixSortWithCountingSortAndCustomBase(100)	random	1048576	8101667
RadixSortWithCountingSortAndCustomBase(100)	random	2097152	17357792
RadixSortWithCountingSortAndCustomBase(100)	random	4194304	31746084
RadixSortWithCountingSortAndCustomBase(100)	random	8388608	63706958
RadixSortWithCountingSortAndCustomBase(100)	random	16777216	126765875
RadixSortWithCountingSortAndCustomBase(100)	random	33554432	255712250
RadixSortWithCountingSortAndCustomBase(100)	random	67108864	508681292
RadixSortWithCountingSortAndCustomBase(100)	ascending	1024	10500
RadixSortWithCountingSortAndCustomBase(100)	ascending	2048	15209
RadixSortWithCountingSortAndCustomBase(100)	ascending	4096	26917
RadixSortWithCountingSortAndCustomBase(100)	ascending	8192	46042
RadixSortWithCountingSortAndCustomBase(100)	ascending	16384	108583
RadixSortWithCountingSortAndCustomBase(100)	ascending	32768	216167
RadixSortWithCountingSortAndCustomBase(100)	ascending	65536	396000
RadixSortWithCountingSortAndCustomBase(100)	ascending	131072	772833
RadixSortWithCountingSortAndCustomBase(100)	ascending	262144	1520875
RadixSortWithCountingSortAndCustomBase(100)	ascending	524288	3030250
RadixSortWithCountingSortAndCustomBase(100)	ascending	1048576	8015500
RadixSortWithCountingSortAndCustomBase(100)	ascending	2097152	16292834
RadixSortWithCountingSortAndCustomBase(100)	ascending	4194304	32770750
RadixSortWithCountingSortAndCustomBase(100)	ascending	8388608	65526792
RadixSortWithCountingSortAndCustomBase(100)	ascending	16777216	130659667
RadixSortWithCountingSortAndCustomBase(100)	ascending	33554432	264753167
RadixSortWithCountingSortAndCustomBase(100)	ascending	67108864	531016667
RadixSortWithCountingSortAndCustomBase(100)	descending	1024	9459
RadixSortWithCountingSortAndCustomBase(100)	descending	2048	15625
RadixSortWithCountingSortAndCustomBase(100)	descending	4096	25292
RadixSortWithCountingSortAndCustomBase(100)	descending	8192	43917
RadixSortWithCountingSortAndCustomBase(100)	descending	16384	104875
RadixSortWithCountingSortAndCustomBase(100)	descending	32768	203459
RadixSortWithCountingSortAndCustomBase(100)	descending	65536	394416
RadixSortWithCountingSortAndCustomBase(100)	descending	131072	754916
RadixSortWithCountingSortAndCustomBase(100)	descending	262144	1478084
RadixSortWithCountingSortAndCustomBase(100)	descending	524288	2950208
RadixSortWithCountingSortAndCustomBase(100)	descending	1048576	7871292
RadixSortWithCountingSortAndCustomBase(100)	descending	2097152	16674375
RadixSortWithCountingSortAndCustomBase(100)	descending	4194304	32320042
RadixSortWithCountingSortAndCustomBase(100)	descending	8388608	64063833
RadixSortWithCountingSortAndCustomBase(100)	descending	16777216	128333916
RadixSortWithCountingSortAndCustomBase(100)	descending	33554432	260799667
RadixSortWithCountingSortAndCustomBase(100)	descending	67108864	525291209
RecursiveMsdRadixSortWithArraysAndCustomBase(10)	random	1024	41750
RecursiveMsdRadixSortWithArraysAndCustomBase(10)	random	2048	63125
RecursiveMsdRadixSortWithArraysAndCustomBase(10)	random	4096	109916
RecursiveMsdRadixSortWithArraysAndCustomBase(10)	random	8192	207083
RecursiveMsdRadixSortWithArraysAndCustomBase(10)	random	16384	420625
RecursiveMsdRadixSortWithArraysAndCustomBase(10)	random	32768	817958
RecursiveMsdRadixSortWithArraysAndCustomBase(10)	random	65536	1601709
RecursiveMsdRadixSortWithArraysAndCustomBase(10)	random	131072	3738875
RecursiveMsdRadixSortWithArraysAndCustomBase(10)	random	262144	7398291
RecursiveMsdRadixSortWithArraysAndCustomBase(10)	random	524288	14602750
RecursiveMsdRadixSortWithArraysAndCustomBase(10)	random	1048576	31871167
RecursiveMsdRadixSortWithArraysAndCustomBase(10)	random	2097152	62169125
RecursiveMsdRadixSortWithArraysAndCustomBase(10)	random	4194304	122010000
RecursiveMsdRadixSortWithArraysAndCustomBase(10)	random	8388608	243250875
RecursiveMsdRadixSortWithArraysAndCustomBase(10)	random	16777216	558176959
RecursiveMsdRadixSortWithArraysAndCustomBase(10)	random	33554432	1092018958
RecursiveMsdRadixSortWithArraysAndCustomBase(10)	random	67108864	2175480583
RecursiveMsdRadixSortWithArraysAndCustomBase(10)	ascending	1024	22291
RecursiveMsdRadixSortWithArraysAndCustomBase(10)	ascending	2048	48041
RecursiveMsdRadixSortWithArraysAndCustomBase(10)	ascending	4096	77625
RecursiveMsdRadixSortWithArraysAndCustomBase(10)	ascending	8192	143291
RecursiveMsdRadixSortWithArraysAndCustomBase(10)	ascending	16384	314125
RecursiveMsdRadixSortWithArraysAndCustomBase(10)	ascending	32768	575542
RecursiveMsdRadixSortWithArraysAndCustomBase(10)	ascending	65536	1117459
RecursiveMsdRadixSortWithArraysAndCustomBase(10)	ascending	131072	2878250
RecursiveMsdRadixSortWithArraysAndCustomBase(10)	ascending	262144	6011667
RecursiveMsdRadixSortWithArraysAndCustomBase(10)	ascending	524288	12136792
RecursiveMsdRadixSortWithArraysAndCustomBase(10)	ascending	1048576	23853250
RecursiveMsdRadixSortWithArraysAndCustomBase(10)	ascending	2097152	46916375
RecursiveMsdRadixSortWithArraysAndCustomBase(10)	ascending	4194304	94874583
RecursiveMsdRadixSortWithArraysAndCustomBase(10)	ascending	8388608	185758417
RecursiveMsdRadixSortWithArraysAndCustomBase(10)	ascending	16777216	443929959
RecursiveMsdRadixSortWithArraysAndCustomBase(10)	ascending	33554432	879214625
RecursiveMsdRadixSortWithArraysAndCustomBase(10)	ascending	67108864	1765792708
RecursiveMsdRadixSortWithArraysAndCustomBase(10)	descending	1024	21375
RecursiveMsdRadixSortWithArraysAndCustomBase(10)	descending	2048	49500
RecursiveMsdRadixSortWithArraysAndCustomBase(10)	descending	4096	79000
RecursiveMsdRadixSortWithArraysAndCustomBase(10)	descending	8192	145625
RecursiveMsdRadixSortWithArraysAndCustomBase(10)	descending	16384	294708
RecursiveMsdRadixSortWithArraysAndCustomBase(10)	descending	32768	572000
RecursiveMsdRadixSortWithArraysAndCustomBase(10)	descending	65536	1144125
RecursiveMsdRadixSortWithArraysAndCustomBase(10)	descending	131072	2876458
RecursiveMsdRadixSortWithArraysAndCustomBase(10)	descending	262144	6088750
RecursiveMsdRadixSortWithArraysAndCustomBase(10)	descending	524288	12210458
RecursiveMsdRadixSortWithArraysAndCustomBase(10)	descending	1048576	24530292
RecursiveMsdRadixSortWithArraysAndCustomBase(10)	descending	2097152	51405958
RecursiveMsdRadixSortWithArraysAndCustomBase(10)	descending	4194304	97844750
RecursiveMsdRadixSortWithArraysAndCustomBase(10)	descending	8388608	194541042
RecursiveMsdRadixSortWithArraysAndCustomBase(10)	descending	16777216	471477375
RecursiveMsdRadixSortWithArraysAndCustomBase(10)	descending	33554432	928503125
RecursiveMsdRadixSortWithArraysAndCustomBase(10)	descending	67108864	1857804208
RecursiveMsdRadixSortWithArraysAndCustomBase(1000)	random	1024	33042
RecursiveMsdRadixSortWithArraysAndCustomBase(1000)	random	2048	50458
RecursiveMsdRadixSortWithArraysAndCustomBase(1000)	random	4096	78916
RecursiveMsdRadixSortWithArraysAndCustomBase(1000)	random	8192	134417
RecursiveMsdRadixSortWithArraysAndCustomBase(1000)	random	16384	244084
RecursiveMsdRadixSortWithArraysAndCustomBase(1000)	random	32768	469125
RecursiveMsdRadixSortWithArraysAndCustomBase(1000)	random	65536	917917
RecursiveMsdRadixSortWithArraysAndCustomBase(1000)	random	131072	1823750
RecursiveMsdRadixSortWithArraysAndCustomBase(1000)	random	262144	3634709
RecursiveMsdRadixSortWithArraysAndCustomBase(1000)	random	524288	7272917
RecursiveMsdRadixSortWithArraysAndCustomBase(1000)	random	1048576	18060459
RecursiveMsdRadixSortWithArraysAndCustomBase(1000)	random	2097152	35079250
RecursiveMsdRadixSortWithArraysAndCustomBase(1000)	random	4194304	67288375
RecursiveMsdRadixSortWithArraysAndCustomBase(1000)	random	8388608	135479667
RecursiveMsdRadixSortWithArraysAndCustomBase(1000)	random	16777216	269137375
RecursiveMsdRadixSortWithArraysAndCustomBase(1000)	random	33554432	539803917
RecursiveMsdRadixSortWithArraysAndCustomBase(1000)	random	67108864	1106751250
RecursiveMsdRadixSortWithArraysAndCustomBase(1000)	ascending	1024	21250
RecursiveMsdRadixSortWithArraysAndCustomBase(1000)	ascending	2048	36458
RecursiveMsdRadixSortWithArraysAndCustomBase(1000)	ascending	4096	51208
RecursiveMsdRadixSortWithArraysAndCustomBase(1000)	ascending	8192	91750
RecursiveMsdRadixSortWithArraysAndCustomBase(1000)	ascending	16384	163667
RecursiveMsdRadixSortWithArraysAndCustomBase(1000)	ascending	32768	311625
RecursiveMsdRadixSortWithArraysAndCustomBase(1000)	ascending	65536	608917
RecursiveMsdRadixSortWithArraysAndCustomBase(1000)	ascending	131072	1204750
RecursiveMsdRadixSortWithArraysAndCustomBase(1000)	ascending	262144	2208750
RecursiveMsdRadixSortWithArraysAndCustomBase(1000)	ascending	524288	4732125
RecursiveMsdRadixSortWithArraysAndCustomBase(1000)	ascending	1048576	10329417
RecursiveMsdRadixSortWithArraysAndCustomBase(1000)	ascending	2097152	20342292
RecursiveMsdRadixSortWithArraysAndCustomBase(1000)	ascending	4194304	40859375
RecursiveMsdRadixSortWithArraysAndCustomBase(1000)	ascending	8388608	81838917
RecursiveMsdRadixSortWithArraysAndCustomBase(1000)	ascending	16777216	162431334
RecursiveMsdRadixSortWithArraysAndCustomBase(1000)	ascending	33554432	326081125
RecursiveMsdRadixSortWithArraysAndCustomBase(1000)	ascending	67108864	655988333
RecursiveMsdRadixSortWithArraysAndCustomBase(1000)	descending	1024	24417
RecursiveMsdRadixSortWithArraysAndCustomBase(1000)	descending	2048	37500
RecursiveMsdRadixSortWithArraysAndCustomBase(1000)	descending	4096	55583
RecursiveMsdRadixSortWithArraysAndCustomBase(1000)	descending	8192	86625
RecursiveMsdRadixSortWithArraysAndCustomBase(1000)	descending	16384	155375
RecursiveMsdRadixSortWithArraysAndCustomBase(1000)	descending	32768	295584
RecursiveMsdRadixSortWithArraysAndCustomBase(1000)	descending	65536	597125
RecursiveMsdRadixSortWithArraysAndCustomBase(1000)	descending	131072	1238625
RecursiveMsdRadixSortWithArraysAndCustomBase(1000)	descending	262144	2307709
RecursiveMsdRadixSortWithArraysAndCustomBase(1000)	descending	524288	4845791
RecursiveMsdRadixSortWithArraysAndCustomBase(1000)	descending	1048576	10015209
RecursiveMsdRadixSortWithArraysAndCustomBase(1000)	descending	2097152	20567208
RecursiveMsdRadixSortWithArraysAndCustomBase(1000)	descending	4194304	40635916
RecursiveMsdRadixSortWithArraysAndCustomBase(1000)	descending	8388608	81252000
RecursiveMsdRadixSortWithArraysAndCustomBase(1000)	descending	16777216	159399084
RecursiveMsdRadixSortWithArraysAndCustomBase(1000)	descending	33554432	325470625
RecursiveMsdRadixSortWithArraysAndCustomBase(1000)	descending	67108864	631860292
RadixSortWithDynamicListsAndCustomBase(10)	random	1024	34875
RadixSortWithDynamicListsAndCustomBase(10)	random	2048	49750
RadixSortWithDynamicListsAndCustomBase(10)	random	4096	81416
RadixSortWithDynamicListsAndCustomBase(10)	random	8192	135250
RadixSortWithDynamicListsAndCustomBase(10)	random	16384	308125
RadixSortWithDynamicListsAndCustomBase(10)	random	32768	587834
RadixSortWithDynamicListsAndCustomBase(10)	random	65536	1202958
RadixSortWithDynamicListsAndCustomBase(10)	random	131072	2812542
RadixSortWithDynamicListsAndCustomBase(10)	random	262144	5692166
RadixSortWithDynamicListsAndCustomBase(10)	random	524288	11816833
RadixSortWithDynamicListsAndCustomBase(10)	random	1048576	33223417
RadixSortWithDynamicListsAndCustomBase(10)	random	2097152	86682167
RadixSortWithDynamicListsAndCustomBase(10)	random	4194304	166836833
RadixSortWithDynamicListsAndCustomBase(10)	random	8388608	304604250
RadixSortWithDynamicListsAndCustomBase(10)	random	16777216	648638541
RadixSortWithDynamicListsAndCustomBase(10)	random	33554432	1316880834
RadixSortWithDynamicListsAndCustomBase(10)	random	67108864	4755321667
RadixSortWithDynamicListsAndCustomBase(10)	ascending	1024	28375
RadixSortWithDynamicListsAndCustomBase(10)	ascending	2048	43000
RadixSortWithDynamicListsAndCustomBase(10)	ascending	4096	75625
RadixSortWithDynamicListsAndCustomBase(10)	ascending	8192	131750
RadixSortWithDynamicListsAndCustomBase(10)	ascending	16384	302042
RadixSortWithDynamicListsAndCustomBase(10)	ascending	32768	600334
RadixSortWithDynamicListsAndCustomBase(10)	ascending	65536	1239458
RadixSortWithDynamicListsAndCustomBase(10)	ascending	131072	2822500
RadixSortWithDynamicListsAndCustomBase(10)	ascending	262144	5703458
RadixSortWithDynamicListsAndCustomBase(10)	ascending	524288	11708541
RadixSortWithDynamicListsAndCustomBase(10)	ascending	1048576	28299292
RadixSortWithDynamicListsAndCustomBase(10)	ascending	2097152	61586625
RadixSortWithDynamicListsAndCustomBase(10)	ascending	4194304	130482542
RadixSortWithDynamicListsAndCustomBase(10)	ascending	8388608	286088334
RadixSortWithDynamicListsAndCustomBase(10)	ascending	16777216	990588458
RadixSortWithDynamicListsAndCustomBase(10)	ascending	33554432	2550708375
RadixSortWithDynamicListsAndCustomBase(10)	ascending	67108864	5649800833
RadixSortWithDynamicListsAndCustomBase(10)	descending	1024	24667
RadixSortWithDynamicListsAndCustomBase(10)	descending	2048	37584
RadixSortWithDynamicListsAndCustomBase(10)	descending	4096	74584
RadixSortWithDynamicListsAndCustomBase(10)	descending	8192	123292
RadixSortWithDynamicListsAndCustomBase(10)	descending	16384	305834
RadixSortWithDynamicListsAndCustomBase(10)	descending	32768	608125
RadixSortWithDynamicListsAndCustomBase(10)	descending	65536	1227666
RadixSortWithDynamicListsAndCustomBase(10)	descending	131072	2838917
RadixSortWithDynamicListsAndCustomBase(10)	descending	262144	5643041
RadixSortWithDynamicListsAndCustomBase(10)	descending	524288	11714208
RadixSortWithDynamicListsAndCustomBase(10)	descending	1048576	27886625
RadixSortWithDynamicListsAndCustomBase(10)	descending	2097152	62314459
RadixSortWithDynamicListsAndCustomBase(10)	descending	4194304	129506417
RadixSortWithDynamicListsAndCustomBase(10)	descending	8388608	392653541
RadixSortWithDynamicListsAndCustomBase(10)	descending	16777216	1104169500
RadixSortWithDynamicListsAndCustomBase(10)	descending	33554432	2566473625
RadixSortWithDynamicListsAndCustomBase(10)	descending	67108864	5668545125
RadixSortWithDynamicListsAndCustomBase(100)	random	1024	22125
RadixSortWithDynamicListsAndCustomBase(100)	random	2048	34250
RadixSortWithDynamicListsAndCustomBase(100)	random	4096	55459
RadixSortWithDynamicListsAndCustomBase(100)	random	8192	91500
RadixSortWithDynamicListsAndCustomBase(100)	random	16384	209791
RadixSortWithDynamicListsAndCustomBase(100)	random	32768	425250
RadixSortWithDynamicListsAndCustomBase(100)	random	65536	770458
RadixSortWithDynamicListsAndCustomBase(100)	random	131072	1535000
RadixSortWithDynamicListsAndCustomBase(100)	random	262144	3148709
RadixSortWithDynamicListsAndCustomBase(100)	random	524288	8235959
RadixSortWithDynamicListsAndCustomBase(100)	random	1048576	20050667
RadixSortWithDynamicListsAndCustomBase(100)	random	2097152	46665584
RadixSortWithDynamicListsAndCustomBase(100)	random	4194304	110524208
RadixSortWithDynamicListsAndCustomBase(100)	random	8388608	231959541
RadixSortWithDynamicListsAndCustomBase(100)	random	16777216	442780000
RadixSortWithDynamicListsAndCustomBase(100)	random	33554432	945523084
RadixSortWithDynamicListsAndCustomBase(100)	random	67108864	1890594750
RadixSortWithDynamicListsAndCustomBase(100)	ascending	1024	19125
RadixSortWithDynamicListsAndCustomBase(100)	ascending	2048	28166
RadixSortWithDynamicListsAndCustomBase(100)	ascending	4096	39083
RadixSortWithDynamicListsAndCustomBase(100)	ascending	8192	69125
RadixSortWithDynamicListsAndCustomBase(100)	ascending	16384	183958
RadixSortWithDynamicListsAndCustomBase(100)	ascending	32768	350667
RadixSortWithDynamicListsAndCustomBase(100)	ascending	65536	705709
RadixSortWithDynamicListsAndCustomBase(100)	ascending	131072	1470167
RadixSortWithDynamicListsAndCustomBase(100)	ascending	262144	2954292
RadixSortWithDynamicListsAndCustomBase(100)	ascending	524288	6282417
RadixSortWithDynamicListsAndCustomBase(100)	ascending	1048576	16311334
RadixSortWithDynamicListsAndCustomBase(100)	ascending	2097152	33578250
RadixSortWithDynamicListsAndCustomBase(100)	ascending	4194304	73032584
RadixSortWithDynamicListsAndCustomBase(100)	ascending	8388608	169312542
RadixSortWithDynamicListsAndCustomBase(100)	ascending	16777216	442974875
RadixSortWithDynamicListsAndCustomBase(100)	ascending	33554432	979246083
RadixSortWithDynamicListsAndCustomBase(100)	ascending	67108864	2325796042
RadixSortWithDynamicListsAndCustomBase(100)	descending	1024	19625
RadixSortWithDynamicListsAndCustomBase(100)	descending	2048	29042
RadixSortWithDynamicListsAndCustomBase(100)	descending	4096	48083
RadixSortWithDynamicListsAndCustomBase(100)	descending	8192	76167
RadixSortWithDynamicListsAndCustomBase(100)	descending	16384	193250
RadixSortWithDynamicListsAndCustomBase(100)	descending	32768	352292
RadixSortWithDynamicListsAndCustomBase(100)	descending	65536	698917
RadixSortWithDynamicListsAndCustomBase(100)	descending	131072	1407084
RadixSortWithDynamicListsAndCustomBase(100)	descending	262144	2982083
RadixSortWithDynamicListsAndCustomBase(100)	descending	524288	6506459
RadixSortWithDynamicListsAndCustomBase(100)	descending	1048576	17085375
RadixSortWithDynamicListsAndCustomBase(100)	descending	2097152	34477917
RadixSortWithDynamicListsAndCustomBase(100)	descending	4194304	73372792
RadixSortWithDynamicListsAndCustomBase(100)	descending	8388608	169353667
RadixSortWithDynamicListsAndCustomBase(100)	descending	16777216	444236208
RadixSortWithDynamicListsAndCustomBase(100)	descending	33554432	1025990250
RadixSortWithDynamicListsAndCustomBase(100)	descending	67108864	2378404750
RadixSortWithArraysAndCustomBase(10)	random	1024	17458
RadixSortWithArraysAndCustomBase(10)	random	2048	34167
RadixSortWithArraysAndCustomBase(10)	random	4096	46125
RadixSortWithArraysAndCustomBase(10)	random	8192	80625
RadixSortWithArraysAndCustomBase(10)	random	16384	206500
RadixSortWithArraysAndCustomBase(10)	random	32768	359459
RadixSortWithArraysAndCustomBase(10)	random	65536	711625
RadixSortWithArraysAndCustomBase(10)	random	131072	1815375
RadixSortWithArraysAndCustomBase(10)	random	262144	3418375
RadixSortWithArraysAndCustomBase(10)	random	524288	6909375
RadixSortWithArraysAndCustomBase(10)	random	1048576	16060834
RadixSortWithArraysAndCustomBase(10)	random	2097152	33052208
RadixSortWithArraysAndCustomBase(10)	random	4194304	63790250
RadixSortWithArraysAndCustomBase(10)	random	8388608	127256083
RadixSortWithArraysAndCustomBase(10)	random	16777216	309443458
RadixSortWithArraysAndCustomBase(10)	random	33554432	602784250
RadixSortWithArraysAndCustomBase(10)	random	67108864	1203954000
RadixSortWithArraysAndCustomBase(10)	ascending	1024	19667
RadixSortWithArraysAndCustomBase(10)	ascending	2048	24708
RadixSortWithArraysAndCustomBase(10)	ascending	4096	51959
RadixSortWithArraysAndCustomBase(10)	ascending	8192	86000
RadixSortWithArraysAndCustomBase(10)	ascending	16384	180625
RadixSortWithArraysAndCustomBase(10)	ascending	32768	353500
RadixSortWithArraysAndCustomBase(10)	ascending	65536	690334
RadixSortWithArraysAndCustomBase(10)	ascending	131072	1703208
RadixSortWithArraysAndCustomBase(10)	ascending	262144	3351667
RadixSortWithArraysAndCustomBase(10)	ascending	524288	6708750
RadixSortWithArraysAndCustomBase(10)	ascending	1048576	15631208
RadixSortWithArraysAndCustomBase(10)	ascending	2097152	30930584
RadixSortWithArraysAndCustomBase(10)	ascending	4194304	63751083
RadixSortWithArraysAndCustomBase(10)	ascending	8388608	124582917
RadixSortWithArraysAndCustomBase(10)	ascending	16777216	297599541
RadixSortWithArraysAndCustomBase(10)	ascending	33554432	593961500
RadixSortWithArraysAndCustomBase(10)	ascending	67108864	1200625167
RadixSortWithArraysAndCustomBase(10)	descending	1024	19125
RadixSortWithArraysAndCustomBase(10)	descending	2048	30291
RadixSortWithArraysAndCustomBase(10)	descending	4096	51542
RadixSortWithArraysAndCustomBase(10)	descending	8192	85125
RadixSortWithArraysAndCustomBase(10)	descending	16384	182417
RadixSortWithArraysAndCustomBase(10)	descending	32768	345083
RadixSortWithArraysAndCustomBase(10)	descending	65536	712625
RadixSortWithArraysAndCustomBase(10)	descending	131072	1674041
RadixSortWithArraysAndCustomBase(10)	descending	262144	3191666
RadixSortWithArraysAndCustomBase(10)	descending	524288	6563459
RadixSortWithArraysAndCustomBase(10)	descending	1048576	15495958
RadixSortWithArraysAndCustomBase(10)	descending	2097152	30959959
RadixSortWithArraysAndCustomBase(10)	descending	4194304	61282375
RadixSortWithArraysAndCustomBase(10)	descending	8388608	123003958
RadixSortWithArraysAndCustomBase(10)	descending	16777216	295179459
RadixSortWithArraysAndCustomBase(10)	descending	33554432	589309917
RadixSortWithArraysAndCustomBase(10)	descending	67108864	1191138125
RadixSortWithArraysAndCustomBase(100)	random	1024	15500
RadixSortWithArraysAndCustomBase(100)	random	2048	23041
RadixSortWithArraysAndCustomBase(100)	random	4096	33250
RadixSortWithArraysAndCustomBase(100)	random	8192	58250
RadixSortWithArraysAndCustomBase(100)	random	16384	140625
RadixSortWithArraysAndCustomBase(100)	random	32768	235750
RadixSortWithArraysAndCustomBase(100)	random	65536	442333
RadixSortWithArraysAndCustomBase(100)	random	131072	854000
RadixSortWithArraysAndCustomBase(100)	random	262144	1675750
RadixSortWithArraysAndCustomBase(100)	random	524288	3316125
RadixSortWithArraysAndCustomBase(100)	random	1048576	9932667
RadixSortWithArraysAndCustomBase(100)	random	2097152	19462333
RadixSortWithArraysAndCustomBase(100)	random	4194304	36188875
RadixSortWithArraysAndCustomBase(100)	random	8388608	72180084
RadixSortWithArraysAndCustomBase(100)	random	16777216	143719500
RadixSortWithArraysAndCustomBase(100)	random	33554432	297121833
RadixSortWithArraysAndCustomBase(100)	random	67108864	699322042
RadixSortWithArraysAndCustomBase(100)	ascending	1024	14167
RadixSortWithArraysAndCustomBase(100)	ascending	2048	20375
RadixSortWithArraysAndCustomBase(100)	ascending	4096	30709
RadixSortWithArraysAndCustomBase(100)	ascending	8192	44459
RadixSortWithArraysAndCustomBase(100)	ascending	16384	118041
RadixSortWithArraysAndCustomBase(100)	ascending	32768	224875
RadixSortWithArraysAndCustomBase(100)	ascending	65536	432167
RadixSortWithArraysAndCustomBase(100)	ascending	131072	853584
RadixSortWithArraysAndCustomBase(100)	ascending	262144	1678125
RadixSortWithArraysAndCustomBase(100)	ascending	524288	3448708
RadixSortWithArraysAndCustomBase(100)	ascending	1048576	9390667
RadixSortWithArraysAndCustomBase(100)	ascending	2097152	18167541
RadixSortWithArraysAndCustomBase(100)	ascending	4194304	36629417
RadixSortWithArraysAndCustomBase(100)	ascending	8388608	72360000
RadixSortWithArraysAndCustomBase(100)	ascending	16777216	178961250
RadixSortWithArraysAndCustomBase(100)	ascending	33554432	436237542
RadixSortWithArraysAndCustomBase(100)	ascending	67108864	1000149667
RadixSortWithArraysAndCustomBase(100)	descending	1024	13125
RadixSortWithArraysAndCustomBase(100)	descending	2048	20500
RadixSortWithArraysAndCustomBase(100)	descending	4096	30209
RadixSortWithArraysAndCustomBase(100)	descending	8192	53792
RadixSortWithArraysAndCustomBase(100)	descending	16384	122625
RadixSortWithArraysAndCustomBase(100)	descending	32768	228667
RadixSortWithArraysAndCustomBase(100)	descending	65536	434000
RadixSortWithArraysAndCustomBase(100)	descending	131072	856667
RadixSortWithArraysAndCustomBase(100)	descending	262144	1672667
RadixSortWithArraysAndCustomBase(100)	descending	524288	3339042
RadixSortWithArraysAndCustomBase(100)	descending	1048576	9279333
RadixSortWithArraysAndCustomBase(100)	descending	2097152	17740584
RadixSortWithArraysAndCustomBase(100)	descending	4194304	36107083
RadixSortWithArraysAndCustomBase(100)	descending	8388608	71240500
RadixSortWithArraysAndCustomBase(100)	descending	16777216	175256125
RadixSortWithArraysAndCustomBase(100)	descending	33554432	434289833
RadixSortWithArraysAndCustomBase(100)	descending	67108864	989614625
RadixSortWithCountingSortAndCustomBase(10)	random	1024	18042
RadixSortWithCountingSortAndCustomBase(10)	random	2048	26125
RadixSortWithCountingSortAndCustomBase(10)	random	4096	46375
RadixSortWithCountingSortAndCustomBase(10)	random	8192	77167
RadixSortWithCountingSortAndCustomBase(10)	random	16384	188417
RadixSortWithCountingSortAndCustomBase(10)	random	32768	320750
RadixSortWithCountingSortAndCustomBase(10)	random	65536	625167
RadixSortWithCountingSortAndCustomBase(10)	random	131072	1533042
RadixSortWithCountingSortAndCustomBase(10)	random	262144	2978458
RadixSortWithCountingSortAndCustomBase(10)	random	524288	5905250
RadixSortWithCountingSortAndCustomBase(10)	random	1048576	14583750
RadixSortWithCountingSortAndCustomBase(10)	random	2097152	29227375
RadixSortWithCountingSortAndCustomBase(10)	random	4194304	55762833
RadixSortWithCountingSortAndCustomBase(10)	random	8388608	110193375
RadixSortWithCountingSortAndCustomBase(10)	random	16777216	263206333
RadixSortWithCountingSortAndCustomBase(10)	random	33554432	507177291
RadixSortWithCountingSortAndCustomBase(10)	random	67108864	1007062500
RadixSortWithCountingSortAndCustomBase(10)	ascending	1024	15333
RadixSortWithCountingSortAndCustomBase(10)	ascending	2048	21750
RadixSortWithCountingSortAndCustomBase(10)	ascending	4096	36958
RadixSortWithCountingSortAndCustomBase(10)	ascending	8192	67416
RadixSortWithCountingSortAndCustomBase(10)	ascending	16384	160375
RadixSortWithCountingSortAndCustomBase(10)	ascending	32768	311584
RadixSortWithCountingSortAndCustomBase(10)	ascending	65536	617958
RadixSortWithCountingSortAndCustomBase(10)	ascending	131072	1483041
RadixSortWithCountingSortAndCustomBase(10)	ascending	262144	2947792
RadixSortWithCountingSortAndCustomBase(10)	ascending	524288	5979750
RadixSortWithCountingSortAndCustomBase(10)	ascending	1048576	13739041
RadixSortWithCountingSortAndCustomBase(10)	ascending	2097152	27857875
RadixSortWithCountingSortAndCustomBase(10)	ascending	4194304	55311375
RadixSortWithCountingSortAndCustomBase(10)	ascending	8388608	110107042
RadixSortWithCountingSortAndCustomBase(10)	ascending	16777216	250729542
RadixSortWithCountingSortAndCustomBase(10)	ascending	33554432	508075959
RadixSortWithCountingSortAndCustomBase(10)	ascending	67108864	1014708250
RadixSortWithCountingSortAndCustomBase(10)	descending	1024	14750
RadixSortWithCountingSortAndCustomBase(10)	descending	2048	25917
RadixSortWithCountingSortAndCustomBase(10)	descending	4096	45667
RadixSortWithCountingSortAndCustomBase(10)	descending	8192	66708
RadixSortWithCountingSortAndCustomBase(10)	descending	16384	159209
RadixSortWithCountingSortAndCustomBase(10)	descending	32768	314917
RadixSortWithCountingSortAndCustomBase(10)	descending	65536	606000
RadixSortWithCountingSortAndCustomBase(10)	descending	131072	1458917
RadixSortWithCountingSortAndCustomBase(10)	descending	262144	2909958
RadixSortWithCountingSortAndCustomBase(10)	descending	524288	6094458
RadixSortWithCountingSortAndCustomBase(10)	descending	1048576	14435083
RadixSortWithCountingSortAndCustomBase(10)	descending	2097152	28459792
RadixSortWithCountingSortAndCustomBase(10)	descending	4194304	57098292
RadixSortWithCountingSortAndCustomBase(10)	descending	8388608	114204500
RadixSortWithCountingSortAndCustomBase(10)	descending	16777216	250401917
RadixSortWithCountingSortAndCustomBase(10)	descending	33554432	499178292
RadixSortWithCountingSortAndCustomBase(10)	descending	67108864	1000838833
RadixSortWithCountingSortAndCustomBase(100)	random	1024	11334
RadixSortWithCountingSortAndCustomBase(100)	random	2048	14000
RadixSortWithCountingSortAndCustomBase(100)	random	4096	26250
RadixSortWithCountingSortAndCustomBase(100)	random	8192	47167
RadixSortWithCountingSortAndCustomBase(100)	random	16384	117750
RadixSortWithCountingSortAndCustomBase(100)	random	32768	195875
RadixSortWithCountingSortAndCustomBase(100)	random	65536	373750
RadixSortWithCountingSortAndCustomBase(100)	random	131072	753959
RadixSortWithCountingSortAndCustomBase(100)	random	262144	1468500
RadixSortWithCountingSortAndCustomBase(100)	random	524288	2966666
RadixSortWithCountingSortAndCustomBase(100)	random	1048576	8286917
RadixSortWithCountingSortAndCustomBase(100)	random	2097152	17471625
RadixSortWithCountingSortAndCustomBase(100)	random	4194304	31885791
RadixSortWithCountingSortAndCustomBase(100)	random	8388608	63693833
RadixSortWithCountingSortAndCustomBase(100)	random	16777216	127411084
RadixSortWithCountingSortAndCustomBase(100)	random	33554432	257815250
RadixSortWithCountingSortAndCustomBase(100)	random	67108864	510986208
RadixSortWithCountingSortAndCustomBase(100)	ascending	1024	11583
RadixSortWithCountingSortAndCustomBase(100)	ascending	2048	16125
RadixSortWithCountingSortAndCustomBase(100)	ascending	4096	27000
RadixSortWithCountingSortAndCustomBase(100)	ascending	8192	45709
RadixSortWithCountingSortAndCustomBase(100)	ascending	16384	115916
RadixSortWithCountingSortAndCustomBase(100)	ascending	32768	204542
RadixSortWithCountingSortAndCustomBase(100)	ascending	65536	392667
RadixSortWithCountingSortAndCustomBase(100)	ascending	131072	761292
RadixSortWithCountingSortAndCustomBase(100)	ascending	262144	1505208
RadixSortWithCountingSortAndCustomBase(100)	ascending	524288	3045625
RadixSortWithCountingSortAndCustomBase(100)	ascending	1048576	8197292
RadixSortWithCountingSortAndCustomBase(100)	ascending	2097152	16349750
RadixSortWithCountingSortAndCustomBase(100)	ascending	4194304	32997667
RadixSortWithCountingSortAndCustomBase(100)	ascending	8388608	65051292
RadixSortWithCountingSortAndCustomBase(100)	ascending	16777216	131277708
RadixSortWithCountingSortAndCustomBase(100)	ascending	33554432	264926375
RadixSortWithCountingSortAndCustomBase(100)	ascending	67108864	530930750
RadixSortWithCountingSortAndCustomBase(100)	descending	1024	11667
RadixSortWithCountingSortAndCustomBase(100)	descending	2048	15833
RadixSortWithCountingSortAndCustomBase(100)	descending	4096	25292
RadixSortWithCountingSortAndCustomBase(100)	descending	8192	45667
RadixSortWithCountingSortAndCustomBase(100)	descending	16384	115042
RadixSortWithCountingSortAndCustomBase(100)	descending	32768	202000
RadixSortWithCountingSortAndCustomBase(100)	descending	65536	382834
RadixSortWithCountingSortAndCustomBase(100)	descending	131072	747917
RadixSortWithCountingSortAndCustomBase(100)	descending	262144	1470625
RadixSortWithCountingSortAndCustomBase(100)	descending	524288	2948583
RadixSortWithCountingSortAndCustomBase(100)	descending	1048576	7915583
RadixSortWithCountingSortAndCustomBase(100)	descending	2097152	15997209
RadixSortWithCountingSortAndCustomBase(100)	descending	4194304	32406167
RadixSortWithCountingSortAndCustomBase(100)	descending	8388608	63982500
RadixSortWithCountingSortAndCustomBase(100)	descending	16777216	128995583
RadixSortWithCountingSortAndCustomBase(100)	descending	33554432	260593042
RadixSortWithCountingSortAndCustomBase(100)	descending	67108864	522951375
RecursiveMsdRadixSortWithArraysAndCustomBase(10)	random	1024	40000
RecursiveMsdRadixSortWithArraysAndCustomBase(10)	random	2048	64959
RecursiveMsdRadixSortWithArraysAndCustomBase(10)	random	4096	112375
RecursiveMsdRadixSortWithArraysAndCustomBase(10)	random	8192	201708
RecursiveMsdRadixSortWithArraysAndCustomBase(10)	random	16384	441459
RecursiveMsdRadixSortWithArraysAndCustomBase(10)	random	32768	819791
RecursiveMsdRadixSortWithArraysAndCustomBase(10)	random	65536	1591041
RecursiveMsdRadixSortWithArraysAndCustomBase(10)	random	131072	3761875
RecursiveMsdRadixSortWithArraysAndCustomBase(10)	random	262144	7394292
RecursiveMsdRadixSortWithArraysAndCustomBase(10)	random	524288	14549708
RecursiveMsdRadixSortWithArraysAndCustomBase(10)	random	1048576	32015208
RecursiveMsdRadixSortWithArraysAndCustomBase(10)	random	2097152	62320875
RecursiveMsdRadixSortWithArraysAndCustomBase(10)	random	4194304	122581291
RecursiveMsdRadixSortWithArraysAndCustomBase(10)	random	8388608	243912792
RecursiveMsdRadixSortWithArraysAndCustomBase(10)	random	16777216	559886458
RecursiveMsdRadixSortWithArraysAndCustomBase(10)	random	33554432	1089862833
RecursiveMsdRadixSortWithArraysAndCustomBase(10)	random	67108864	2176656709
RecursiveMsdRadixSortWithArraysAndCustomBase(10)	ascending	1024	25833
RecursiveMsdRadixSortWithArraysAndCustomBase(10)	ascending	2048	49083
RecursiveMsdRadixSortWithArraysAndCustomBase(10)	ascending	4096	85625
RecursiveMsdRadixSortWithArraysAndCustomBase(10)	ascending	8192	148458
RecursiveMsdRadixSortWithArraysAndCustomBase(10)	ascending	16384	290708
RecursiveMsdRadixSortWithArraysAndCustomBase(10)	ascending	32768	578959
RecursiveMsdRadixSortWithArraysAndCustomBase(10)	ascending	65536	1101125
RecursiveMsdRadixSortWithArraysAndCustomBase(10)	ascending	131072	2771625
RecursiveMsdRadixSortWithArraysAndCustomBase(10)	ascending	262144	6021292
RecursiveMsdRadixSortWithArraysAndCustomBase(10)	ascending	524288	11517167
RecursiveMsdRadixSortWithArraysAndCustomBase(10)	ascending	1048576	23879083
RecursiveMsdRadixSortWithArraysAndCustomBase(10)	ascending	2097152	48459750
RecursiveMsdRadixSortWithArraysAndCustomBase(10)	ascending	4194304	94440375
RecursiveMsdRadixSortWithArraysAndCustomBase(10)	ascending	8388608	186430083
RecursiveMsdRadixSortWithArraysAndCustomBase(10)	ascending	16777216	441399209
RecursiveMsdRadixSortWithArraysAndCustomBase(10)	ascending	33554432	882084667
RecursiveMsdRadixSortWithArraysAndCustomBase(10)	ascending	67108864	1759984000
RecursiveMsdRadixSortWithArraysAndCustomBase(10)	descending	1024	26250
RecursiveMsdRadixSortWithArraysAndCustomBase(10)	descending	2048	39834
RecursiveMsdRadixSortWithArraysAndCustomBase(10)	descending	4096	79375
RecursiveMsdRadixSortWithArraysAndCustomBase(10)	descending	8192	162667
RecursiveMsdRadixSortWithArraysAndCustomBase(10)	descending	16384	300959
RecursiveMsdRadixSortWithArraysAndCustomBase(10)	descending	32768	590833
RecursiveMsdRadixSortWithArraysAndCustomBase(10)	descending	65536	1171584
RecursiveMsdRadixSortWithArraysAndCustomBase(10)	descending	131072	2848542
RecursiveMsdRadixSortWithArraysAndCustomBase(10)	descending	262144	6335000
RecursiveMsdRadixSortWithArraysAndCustomBase(10)	descending	524288	12312875
RecursiveMsdRadixSortWithArraysAndCustomBase(10)	descending	1048576	24679292
RecursiveMsdRadixSortWithArraysAndCustomBase(10)	descending	2097152	48965375
RecursiveMsdRadixSortWithArraysAndCustomBase(10)	descending	4194304	98124291
RecursiveMsdRadixSortWithArraysAndCustomBase(10)	descending	8388608	198495166
RecursiveMsdRadixSortWithArraysAndCustomBase(10)	descending	16777216	464298417
RecursiveMsdRadixSortWithArraysAndCustomBase(10)	descending	33554432	926040875
RecursiveMsdRadixSortWithArraysAndCustomBase(10)	descending	67108864	1857392250
RecursiveMsdRadixSortWithArraysAndCustomBase(1000)	random	1024	27583
RecursiveMsdRadixSortWithArraysAndCustomBase(1000)	random	2048	48334
RecursiveMsdRadixSortWithArraysAndCustomBase(1000)	random	4096	83750
RecursiveMsdRadixSortWithArraysAndCustomBase(1000)	random	8192	135250
RecursiveMsdRadixSortWithArraysAndCustomBase(1000)	random	16384	257167
RecursiveMsdRadixSortWithArraysAndCustomBase(1000)	random	32768	464917
RecursiveMsdRadixSortWithArraysAndCustomBase(1000)	random	65536	922250
RecursiveMsdRadixSortWithArraysAndCustomBase(1000)	random	131072	1839500
RecursiveMsdRadixSortWithArraysAndCustomBase(1000)	random	262144	3645208
RecursiveMsdRadixSortWithArraysAndCustomBase(1000)	random	524288	7413250
RecursiveMsdRadixSortWithArraysAndCustomBase(1000)	random	1048576	18157375
RecursiveMsdRadixSortWithArraysAndCustomBase(1000)	random	2097152	34767375
RecursiveMsdRadixSortWithArraysAndCustomBase(1000)	random	4194304	67530833
RecursiveMsdRadixSortWithArraysAndCustomBase(1000)	random	8388608	134633666
RecursiveMsdRadixSortWithArraysAndCustomBase(1000)	random	16777216	268425750
RecursiveMsdRadixSortWithArraysAndCustomBase(1000)	random	33554432	540551500
RecursiveMsdRadixSortWithArraysAndCustomBase(1000)	random	67108864	1107038500
RecursiveMsdRadixSortWithArraysAndCustomBase(1000)	ascending	1024	21000
RecursiveMsdRadixSortWithArraysAndCustomBase(1000)	ascending	2048	37334
RecursiveMsdRadixSortWithArraysAndCustomBase(1000)	ascending	4096	59333
RecursiveMsdRadixSortWithArraysAndCustomBase(1000)	ascending	8192	94333
RecursiveMsdRadixSortWithArraysAndCustomBase(1000)	ascending	16384	172750
RecursiveMsdRadixSortWithArraysAndCustomBase(1000)	ascending	32768	313500
RecursiveMsdRadixSortWithArraysAndCustomBase(1000)	ascending	65536	612208
RecursiveMsdRadixSortWithArraysAndCustomBase(1000)	ascending	131072	1213292
RecursiveMsdRadixSortWithArraysAndCustomBase(1000)	ascending	262144	2379041
RecursiveMsdRadixSortWithArraysAndCustomBase(1000)	ascending	524288	4504583
RecursiveMsdRadixSortWithArraysAndCustomBase(1000)	ascending	1048576	10236417
RecursiveMsdRadixSortWithArraysAndCustomBase(1000)	ascending	2097152	20922583
RecursiveMsdRadixSortWithArraysAndCustomBase(1000)	ascending	4194304	40891833
RecursiveMsdRadixSortWithArraysAndCustomBase(1000)	ascending	8388608	81822416
RecursiveMsdRadixSortWithArraysAndCustomBase(1000)	ascending	16777216	163083250
RecursiveMsdRadixSortWithArraysAndCustomBase(1000)	ascending	33554432	326228750
RecursiveMsdRadixSortWithArraysAndCustomBase(1000)	ascending	67108864	651912417
RecursiveMsdRadixSortWithArraysAndCustomBase(1000)	descending	1024	20042
RecursiveMsdRadixSortWithArraysAndCustomBase(1000)	descending	2048	34334
RecursiveMsdRadixSortWithArraysAndCustomBase(1000)	descending	4096	58375
RecursiveMsdRadixSortWithArraysAndCustomBase(1000)	descending	8192	91250
RecursiveMsdRadixSortWithArraysAndCustomBase(1000)	descending	16384	162250
RecursiveMsdRadixSortWithArraysAndCustomBase(1000)	descending	32768	309833
RecursiveMsdRadixSortWithArraysAndCustomBase(1000)	descending	65536	594584
RecursiveMsdRadixSortWithArraysAndCustomBase(1000)	descending	131072	1201459
RecursiveMsdRadixSortWithArraysAndCustomBase(1000)	descending	262144	2342417
RecursiveMsdRadixSortWithArraysAndCustomBase(1000)	descending	524288	4433417
RecursiveMsdRadixSortWithArraysAndCustomBase(1000)	descending	1048576	10205917
RecursiveMsdRadixSortWithArraysAndCustomBase(1000)	descending	2097152	20130084
RecursiveMsdRadixSortWithArraysAndCustomBase(1000)	descending	4194304	40074417
RecursiveMsdRadixSortWithArraysAndCustomBase(1000)	descending	8388608	79930500
RecursiveMsdRadixSortWithArraysAndCustomBase(1000)	descending	16777216	160179958
RecursiveMsdRadixSortWithArraysAndCustomBase(1000)	descending	33554432	320526375
RecursiveMsdRadixSortWithArraysAndCustomBase(1000)	descending	67108864	639773625
RadixSortWithDynamicListsAndCustomBase(10)	random	1024	35042
RadixSortWithDynamicListsAndCustomBase(10)	random	2048	50792
RadixSortWithDynamicListsAndCustomBase(10)	random	4096	77333
RadixSortWithDynamicListsAndCustomBase(10)	random	8192	141209
RadixSortWithDynamicListsAndCustomBase(10)	random	16384	308708
RadixSortWithDynamicListsAndCustomBase(10)	random	32768	590708
RadixSortWithDynamicListsAndCustomBase(10)	random	65536	1197916
RadixSortWithDynamicListsAndCustomBase(10)	random	131072	2856250
RadixSortWithDynamicListsAndCustomBase(10)	random	262144	5564125
RadixSortWithDynamicListsAndCustomBase(10)	random	524288	11758042
RadixSortWithDynamicListsAndCustomBase(10)	random	1048576	32523708
RadixSortWithDynamicListsAndCustomBase(10)	random	2097152	86051458
RadixSortWithDynamicListsAndCustomBase(10)	random	4194304	165313125
RadixSortWithDynamicListsAndCustomBase(10)	random	8388608	303968708
RadixSortWithDynamicListsAndCustomBase(10)	random	16777216	650661500
RadixSortWithDynamicListsAndCustomBase(10)	random	33554432	1323610834
RadixSortWithDynamicListsAndCustomBase(10)	random	67108864	4625497709
RadixSortWithDynamicListsAndCustomBase(10)	ascending	1024	31584
RadixSortWithDynamicListsAndCustomBase(10)	ascending	2048	46167
RadixSortWithDynamicListsAndCustomBase(10)	ascending	4096	66709
RadixSortWithDynamicListsAndCustomBase(10)	ascending	8192	124375
RadixSortWithDynamicListsAndCustomBase(10)	ascending	16384	308250
RadixSortWithDynamicListsAndCustomBase(10)	ascending	32768	609750
RadixSortWithDynamicListsAndCustomBase(10)	ascending	65536	1251917
RadixSortWithDynamicListsAndCustomBase(10)	ascending	131072	2834541
RadixSortWithDynamicListsAndCustomBase(10)	ascending	262144	5709541
RadixSortWithDynamicListsAndCustomBase(10)	ascending	524288	11697167
RadixSortWithDynamicListsAndCustomBase(10)	ascending	1048576	28331000
RadixSortWithDynamicListsAndCustomBase(10)	ascending	2097152	61889125
RadixSortWithDynamicListsAndCustomBase(10)	ascending	4194304	129341417
RadixSortWithDynamicListsAndCustomBase(10)	ascending	8388608	286411833
RadixSortWithDynamicListsAndCustomBase(10)	ascending	16777216	1165892875
RadixSortWithDynamicListsAndCustomBase(10)	ascending	33554432	2470826875
RadixSortWithDynamicListsAndCustomBase(10)	ascending	67108864	5553447209
RadixSortWithDynamicListsAndCustomBase(10)	descending	1024	26125
RadixSortWithDynamicListsAndCustomBase(10)	descending	2048	41000
RadixSortWithDynamicListsAndCustomBase(10)	descending	4096	73625
RadixSortWithDynamicListsAndCustomBase(10)	descending	8192	123208
RadixSortWithDynamicListsAndCustomBase(10)	descending	16384	314500
RadixSortWithDynamicListsAndCustomBase(10)	descending	32768	604459
RadixSortWithDynamicListsAndCustomBase(10)	descending	65536	1245667
RadixSortWithDynamicListsAndCustomBase(10)	descending	131072	2827666
RadixSortWithDynamicListsAndCustomBase(10)	descending	262144	5613000
RadixSortWithDynamicListsAndCustomBase(10)	descending	524288	11550375
RadixSortWithDynamicListsAndCustomBase(10)	descending	1048576	28100208
RadixSortWithDynamicListsAndCustomBase(10)	descending	2097152	61660459
RadixSortWithDynamicListsAndCustomBase(10)	descending	4194304	130821625
RadixSortWithDynamicListsAndCustomBase(10)	descending	8388608	380951375
RadixSortWithDynamicListsAndCustomBase(10)	descending	16777216	1084959167
RadixSortWithDynamicListsAndCustomBase(10)	descending	33554432	2512944292
RadixSortWithDynamicListsAndCustomBase(10)	descending	67108864	5667041750
RadixSortWithDynamicListsAndCustomBase(100)	random	1024	22167
RadixSortWithDynamicListsAndCustomBase(100)	random	2048	34041
RadixSortWithDynamicListsAndCustomBase(100)	random	4096	56625
RadixSortWithDynamicListsAndCustomBase(100)	random	8192	93292
RadixSortWithDynamicListsAndCustomBase(100)	random	16384	218000
RadixSortWithDynamicListsAndCustomBase(100)	random	32768	401250
RadixSortWithDynamicListsAndCustomBase(100)	random	65536	763291
RadixSortWithDynamicListsAndCustomBase(100)	random	131072	1543667
RadixSortWithDynamicListsAndCustomBase(100)	random	262144	3098958
RadixSortWithDynamicListsAndCustomBase(100)	random	524288	8130166
RadixSortWithDynamicListsAndCustomBase(100)	random	1048576	19791458
RadixSortWithDynamicListsAndCustomBase(100)	random	2097152	46435000
RadixSortWithDynamicListsAndCustomBase(100)	random	4194304	111098542
RadixSortWithDynamicListsAndCustomBase(100)	random	8388608	228252375
RadixSortWithDynamicListsAndCustomBase(100)	random	16777216	475323292
RadixSortWithDynamicListsAndCustomBase(100)	random	33554432	998346208
RadixSortWithDynamicListsAndCustomBase(100)	random	67108864	1980271833
RadixSortWithDynamicListsAndCustomBase(100)	ascending	1024	16750
RadixSortWithDynamicListsAndCustomBase(100)	ascending	2048	24208
RadixSortWithDynamicListsAndCustomBase(100)	ascending	4096	46709
RadixSortWithDynamicListsAndCustomBase(100)	ascending	8192	78125
RadixSortWithDynamicListsAndCustomBase(100)	ascending	16384	180500
RadixSortWithDynamicListsAndCustomBase(100)	ascending	32768	347916
RadixSortWithDynamicListsAndCustomBase(100)	ascending	65536	701041
RadixSortWithDynamicListsAndCustomBase(100)	ascending	131072	1419167
RadixSortWithDynamicListsAndCustomBase(100)	ascending	262144	3042541
RadixSortWithDynamicListsAndCustomBase(100)	ascending	524288	6237084
RadixSortWithDynamicListsAndCustomBase(100)	ascending	1048576	16321917
RadixSortWithDynamicListsAndCustomBase(100)	ascending	2097152	33807916
RadixSortWithDynamicListsAndCustomBase(100)	ascending	4194304	73024000
RadixSortWithDynamicListsAndCustomBase(100)	ascending	8388608	166499834
RadixSortWithDynamicListsAndCustomBase(100)	ascending	16777216	441335833
RadixSortWithDynamicListsAndCustomBase(100)	ascending	33554432	1027711083
RadixSortWithDynamicListsAndCustomBase(100)	ascending	67108864	2266856583
RadixSortWithDynamicListsAndCustomBase(100)	descending	1024	18458
RadixSortWithDynamicListsAndCustomBase(100)	descending	2048	27875
RadixSortWithDynamicListsAndCustomBase(100)	descending	4096	45959
RadixSortWithDynamicListsAndCustomBase(100)	descending	8192	77250
RadixSortWithDynamicListsAndCustomBase(100)	descending	16384	197958
RadixSortWithDynamicListsAndCustomBase(100)	descending	32768	352916
RadixSortWithDynamicListsAndCustomBase(100)	descending	65536	704000
RadixSortWithDynamicListsAndCustomBase(100)	descending	131072	1415250
RadixSortWithDynamicListsAndCustomBase(100)	descending	262144	2873708
RadixSortWithDynamicListsAndCustomBase(100)	descending	524288	6595709
RadixSortWithDynamicListsAndCustomBase(100)	descending	1048576	17031125
RadixSortWithDynamicListsAndCustomBase(100)	descending	2097152	34562625
RadixSortWithDynamicListsAndCustomBase(100)	descending	4194304	73224334
RadixSortWithDynamicListsAndCustomBase(100)	descending	8388608	168195791
RadixSortWithDynamicListsAndCustomBase(100)	descending	16777216	442504583
RadixSortWithDynamicListsAndCustomBase(100)	descending	33554432	1021472375
RadixSortWithDynamicListsAndCustomBase(100)	descending	67108864	2234858958
RadixSortWithArraysAndCustomBase(10)	random	1024	18000
RadixSortWithArraysAndCustomBase(10)	random	2048	33583
RadixSortWithArraysAndCustomBase(10)	random	4096	52417
RadixSortWithArraysAndCustomBase(10)	random	8192	89459
RadixSortWithArraysAndCustomBase(10)	random	16384	204500
RadixSortWithArraysAndCustomBase(10)	random	32768	372208
RadixSortWithArraysAndCustomBase(10)	random	65536	713958
RadixSortWithArraysAndCustomBase(10)	random	131072	1816708
RadixSortWithArraysAndCustomBase(10)	random	262144	3433792
RadixSortWithArraysAndCustomBase(10)	random	524288	6849667
RadixSortWithArraysAndCustomBase(10)	random	1048576	16171042
RadixSortWithArraysAndCustomBase(10)	random	2097152	33170875
RadixSortWithArraysAndCustomBase(10)	random	4194304	63646000
RadixSortWithArraysAndCustomBase(10)	random	8388608	127013125
RadixSortWithArraysAndCustomBase(10)	random	16777216	310679083
RadixSortWithArraysAndCustomBase(10)	random	33554432	602908000
RadixSortWithArraysAndCustomBase(10)	random	67108864	1209751541
RadixSortWithArraysAndCustomBase(10)	ascending	1024	19375
RadixSortWithArraysAndCustomBase(10)	ascending	2048	23791
RadixSortWithArraysAndCustomBase(10)	ascending	4096	42500
RadixSortWithArraysAndCustomBase(10)	ascending	8192	78000
RadixSortWithArraysAndCustomBase(10)	ascending	16384	175542
RadixSortWithArraysAndCustomBase(10)	ascending	32768	361541
RadixSortWithArraysAndCustomBase(10)	ascending	65536	702375
RadixSortWithArraysAndCustomBase(10)	ascending	131072	1698500
RadixSortWithArraysAndCustomBase(10)	ascending	262144	3312042
RadixSortWithArraysAndCustomBase(10)	ascending	524288	6686709
RadixSortWithArraysAndCustomBase(10)	ascending	1048576	15673084
RadixSortWithArraysAndCustomBase(10)	ascending	2097152	31139125
RadixSortWithArraysAndCustomBase(10)	ascending	4194304	61804417
RadixSortWithArraysAndCustomBase(10)	ascending	8388608	124851083
RadixSortWithArraysAndCustomBase(10)	ascending	16777216	303835333
RadixSortWithArraysAndCustomBase(10)	ascending	33554432	596191833
RadixSortWithArraysAndCustomBase(10)	ascending	67108864	1202309000
RadixSortWithArraysAndCustomBase(10)	descending	1024	20333
RadixSortWithArraysAndCustomBase(10)	descending	2048	29792
RadixSortWithArraysAndCustomBase(10)	descending	4096	51084
RadixSortWithArraysAndCustomBase(10)	descending	8192	83917
RadixSortWithArraysAndCustomBase(10)	descending	16384	183209
RadixSortWithArraysAndCustomBase(10)	descending	32768	346875
RadixSortWithArraysAndCustomBase(10)	descending	65536	687791
RadixSortWithArraysAndCustomBase(10)	descending	131072	1654000
RadixSortWithArraysAndCustomBase(10)	descending	262144	3320417
RadixSortWithArraysAndCustomBase(10)	descending	524288	6647708
RadixSortWithArraysAndCustomBase(10)	descending	1048576	15483459
RadixSortWithArraysAndCustomBase(10)	descending	2097152	30528208
RadixSortWithArraysAndCustomBase(10)	descending	4194304	61183000
RadixSortWithArraysAndCustomBase(10)	descending	8388608	123352833
RadixSortWithArraysAndCustomBase(10)	descending	16777216	295814042
RadixSortWithArraysAndCustomBase(10)	descending	33554432	590938958
RadixSortWithArraysAndCustomBase(10)	descending	67108864	1193685292
RadixSortWithArraysAndCustomBase(100)	random	1024	15292
RadixSortWithArraysAndCustomBase(100)	random	2048	22750
RadixSortWithArraysAndCustomBase(100)	random	4096	34833
RadixSortWithArraysAndCustomBase(100)	random	8192	52834
RadixSortWithArraysAndCustomBase(100)	random	16384	140417
RadixSortWithArraysAndCustomBase(100)	random	32768	233458
RadixSortWithArraysAndCustomBase(100)	random	65536	434792
RadixSortWithArraysAndCustomBase(100)	random	131072	873000
RadixSortWithArraysAndCustomBase(100)	random	262144	1696125
RadixSortWithArraysAndCustomBase(100)	random	524288	3414291
RadixSortWithArraysAndCustomBase(100)	random	1048576	9236708
RadixSortWithArraysAndCustomBase(100)	random	2097152	19413583
RadixSortWithArraysAndCustomBase(100)	random	4194304	36307917
RadixSortWithArraysAndCustomBase(100)	random	8388608	72250792
RadixSortWithArraysAndCustomBase(100)	random	16777216	144060000
RadixSortWithArraysAndCustomBase(100)	random	33554432	300030125
RadixSortWithArraysAndCustomBase(100)	random	67108864	702949542
RadixSortWithArraysAndCustomBase(100)	ascending	1024	14208
RadixSortWithArraysAndCustomBase(100)	ascending	2048	20208
RadixSortWithArraysAndCustomBase(100)	ascending	4096	31208
RadixSortWithArraysAndCustomBase(100)	ascending	8192	56833
RadixSortWithArraysAndCustomBase(100)	ascending	16384	123166
RadixSortWithArraysAndCustomBase(100)	ascending	32768	223500
RadixSortWithArraysAndCustomBase(100)	ascending	65536	462875
RadixSortWithArraysAndCustomBase(100)	ascending	131072	851625
RadixSortWithArraysAndCustomBase(100)	ascending	262144	1694500
RadixSortWithArraysAndCustomBase(100)	ascending	524288	3436250
RadixSortWithArraysAndCustomBase(100)	ascending	1048576	9256958
RadixSortWithArraysAndCustomBase(100)	ascending	2097152	18047833
RadixSortWithArraysAndCustomBase(100)	ascending	4194304	36765125
RadixSortWithArraysAndCustomBase(100)	ascending	8388608	72214583
RadixSortWithArraysAndCustomBase(100)	ascending	16777216	178534000
RadixSortWithArraysAndCustomBase(100)	ascending	33554432	438344208
RadixSortWithArraysAndCustomBase(100)	ascending	67108864	998364666
RadixSortWithArraysAndCustomBase(100)	descending	1024	14125
RadixSortWithArraysAndCustomBase(100)	descending	2048	19375
RadixSortWithArraysAndCustomBase(100)	descending	4096	29500
RadixSortWithArraysAndCustomBase(100)	descending	8192	52417
RadixSortWithArraysAndCustomBase(100)	descending	16384	127125
RadixSortWithArraysAndCustomBase(100)	descending	32768	235000
RadixSortWithArraysAndCustomBase(100)	descending	65536	432875
RadixSortWithArraysAndCustomBase(100)	descending	131072	854500
RadixSortWithArraysAndCustomBase(100)	descending	262144	1662708
RadixSortWithArraysAndCustomBase(100)	descending	524288	3285958
RadixSortWithArraysAndCustomBase(100)	descending	1048576	9190125
RadixSortWithArraysAndCustomBase(100)	descending	2097152	17894667
RadixSortWithArraysAndCustomBase(100)	descending	4194304	36002334
RadixSortWithArraysAndCustomBase(100)	descending	8388608	71584292
RadixSortWithArraysAndCustomBase(100)	descending	16777216	177094542
RadixSortWithArraysAndCustomBase(100)	descending	33554432	433827791
RadixSortWithArraysAndCustomBase(100)	descending	67108864	989316416
RadixSortWithCountingSortAndCustomBase(10)	random	1024	18458
RadixSortWithCountingSortAndCustomBase(10)	random	2048	28375
RadixSortWithCountingSortAndCustomBase(10)	random	4096	49000
RadixSortWithCountingSortAndCustomBase(10)	random	8192	75458
RadixSortWithCountingSortAndCustomBase(10)	random	16384	183667
RadixSortWithCountingSortAndCustomBase(10)	random	32768	318041
RadixSortWithCountingSortAndCustomBase(10)	random	65536	632084
RadixSortWithCountingSortAndCustomBase(10)	random	131072	1522583
RadixSortWithCountingSortAndCustomBase(10)	random	262144	3040667
RadixSortWithCountingSortAndCustomBase(10)	random	524288	5882917
RadixSortWithCountingSortAndCustomBase(10)	random	1048576	14839417
RadixSortWithCountingSortAndCustomBase(10)	random	2097152	29238083
RadixSortWithCountingSortAndCustomBase(10)	random	4194304	55695666
RadixSortWithCountingSortAndCustomBase(10)	random	8388608	110686292
RadixSortWithCountingSortAndCustomBase(10)	random	16777216	262407708
RadixSortWithCountingSortAndCustomBase(10)	random	33554432	507269125
RadixSortWithCountingSortAndCustomBase(10)	random	67108864	1008061750
RadixSortWithCountingSortAndCustomBase(10)	ascending	1024	16459
RadixSortWithCountingSortAndCustomBase(10)	ascending	2048	25750
RadixSortWithCountingSortAndCustomBase(10)	ascending	4096	50750
RadixSortWithCountingSortAndCustomBase(10)	ascending	8192	81500
RadixSortWithCountingSortAndCustomBase(10)	ascending	16384	170042
RadixSortWithCountingSortAndCustomBase(10)	ascending	32768	320042
RadixSortWithCountingSortAndCustomBase(10)	ascending	65536	613083
RadixSortWithCountingSortAndCustomBase(10)	ascending	131072	1516791
RadixSortWithCountingSortAndCustomBase(10)	ascending	262144	2961292
RadixSortWithCountingSortAndCustomBase(10)	ascending	524288	6096833
RadixSortWithCountingSortAndCustomBase(10)	ascending	1048576	13832375
RadixSortWithCountingSortAndCustomBase(10)	ascending	2097152	27650458
RadixSortWithCountingSortAndCustomBase(10)	ascending	4194304	55786209
RadixSortWithCountingSortAndCustomBase(10)	ascending	8388608	110506959
RadixSortWithCountingSortAndCustomBase(10)	ascending	16777216	251992958
RadixSortWithCountingSortAndCustomBase(10)	ascending	33554432	504534584
RadixSortWithCountingSortAndCustomBase(10)	ascending	67108864	1010564500
RadixSortWithCountingSortAndCustomBase(10)	descending	1024	16667
RadixSortWithCountingSortAndCustomBase(10)	descending	2048	25917
RadixSortWithCountingSortAndCustomBase(10)	descending	4096	45417
RadixSortWithCountingSortAndCustomBase(10)	descending	8192	77083
RadixSortWithCountingSortAndCustomBase(10)	descending	16384	180625
RadixSortWithCountingSortAndCustomBase(10)	descending	32768	319834
RadixSortWithCountingSortAndCustomBase(10)	descending	65536	616958
RadixSortWithCountingSortAndCustomBase(10)	descending	131072	1484625
RadixSortWithCountingSortAndCustomBase(10)	descending	262144	2913167
RadixSortWithCountingSortAndCustomBase(10)	descending	524288	5908417
RadixSortWithCountingSortAndCustomBase(10)	descending	1048576	13697292
RadixSortWithCountingSortAndCustomBase(10)	descending	2097152	27313541
RadixSortWithCountingSortAndCustomBase(10)	descending	4194304	54722291
RadixSortWithCountingSortAndCustomBase(10)	descending	8388608	109324500
RadixSortWithCountingSortAndCustomBase(10)	descending	16777216	250091708
RadixSortWithCountingSortAndCustomBase(10)	descending	33554432	499723708
RadixSortWithCountingSortAndCustomBase(10)	descending	67108864	1001835000
RadixSortWithCountingSortAndCustomBase(100)	random	1024	9625
RadixSortWithCountingSortAndCustomBase(100)	random	2048	13583
RadixSortWithCountingSortAndCustomBase(100)	random	4096	21708
RadixSortWithCountingSortAndCustomBase(100)	random	8192	37792
RadixSortWithCountingSortAndCustomBase(100)	random	16384	115375
RadixSortWithCountingSortAndCustomBase(100)	random	32768	190792
RadixSortWithCountingSortAndCustomBase(100)	random	65536	384709
RadixSortWithCountingSortAndCustomBase(100)	random	131072	744541
RadixSortWithCountingSortAndCustomBase(100)	random	262144	1508417
RadixSortWithCountingSortAndCustomBase(100)	random	524288	2989958
RadixSortWithCountingSortAndCustomBase(100)	random	1048576	8270333
RadixSortWithCountingSortAndCustomBase(100)	random	2097152	17342667
RadixSortWithCountingSortAndCustomBase(100)	random	4194304	31747209
RadixSortWithCountingSortAndCustomBase(100)	random	8388608	63709333
RadixSortWithCountingSortAndCustomBase(100)	random	16777216	126875708
RadixSortWithCountingSortAndCustomBase(100)	random	33554432	255289917
RadixSortWithCountingSortAndCustomBase(100)	random	67108864	509169250
RadixSortWithCountingSortAndCustomBase(100)	ascending	1024	11000
RadixSortWithCountingSortAndCustomBase(100)	ascending	2048	15792
RadixSortWithCountingSortAndCustomBase(100)	ascending	4096	26292
RadixSortWithCountingSortAndCustomBase(100)	ascending	8192	38667
RadixSortWithCountingSortAndCustomBase(100)	ascending	16384	102208
RadixSortWithCountingSortAndCustomBase(100)	ascending	32768	202875
RadixSortWithCountingSortAndCustomBase(100)	ascending	65536	388417
RadixSortWithCountingSortAndCustomBase(100)	ascending	131072	765375
RadixSortWithCountingSortAndCustomBase(100)	ascending	262144	1503708
RadixSortWithCountingSortAndCustomBase(100)	ascending	524288	3001500
RadixSortWithCountingSortAndCustomBase(100)	ascending	1048576	8186542
RadixSortWithCountingSortAndCustomBase(100)	ascending	2097152	16363000
RadixSortWithCountingSortAndCustomBase(100)	ascending	4194304	32590792
RadixSortWithCountingSortAndCustomBase(100)	ascending	8388608	64959083
RadixSortWithCountingSortAndCustomBase(100)	ascending	16777216	131470291
RadixSortWithCountingSortAndCustomBase(100)	ascending	33554432	263938042
RadixSortWithCountingSortAndCustomBase(100)	ascending	67108864	530963750
RadixSortWithCountingSortAndCustomBase(100)	descending	1024	10333
RadixSortWithCountingSortAndCustomBase(100)	descending	2048	15333
RadixSortWithCountingSortAndCustomBase(100)	descending	4096	25583
RadixSortWithCountingSortAndCustomBase(100)	descending	8192	37334
RadixSortWithCountingSortAndCustomBase(100)	descending	16384	98791
RadixSortWithCountingSortAndCustomBase(100)	descending	32768	189375
RadixSortWithCountingSortAndCustomBase(100)	descending	65536	378250
RadixSortWithCountingSortAndCustomBase(100)	descending	131072	750833
RadixSortWithCountingSortAndCustomBase(100)	descending	262144	1482583
RadixSortWithCountingSortAndCustomBase(100)	descending	524288	2971084
RadixSortWithCountingSortAndCustomBase(100)	descending	1048576	8010958
RadixSortWithCountingSortAndCustomBase(100)	descending	2097152	15942167
RadixSortWithCountingSortAndCustomBase(100)	descending	4194304	32296667
RadixSortWithCountingSortAndCustomBase(100)	descending	8388608	64066708
RadixSortWithCountingSortAndCustomBase(100)	descending	16777216	128528750
RadixSortWithCountingSortAndCustomBase(100)	descending	33554432	260446750
RadixSortWithCountingSortAndCustomBase(100)	descending	67108864	522796458
RecursiveMsdRadixSortWithArraysAndCustomBase(10)	random	1024	44167
RecursiveMsdRadixSortWithArraysAndCustomBase(10)	random	2048	65083
RecursiveMsdRadixSortWithArraysAndCustomBase(10)	random	4096	111916
RecursiveMsdRadixSortWithArraysAndCustomBase(10)	random	8192	204583
RecursiveMsdRadixSortWithArraysAndCustomBase(10)	random	16384	432375
RecursiveMsdRadixSortWithArraysAndCustomBase(10)	random	32768	816875
RecursiveMsdRadixSortWithArraysAndCustomBase(10)	random	65536	1588500
RecursiveMsdRadixSortWithArraysAndCustomBase(10)	random	131072	3820958
RecursiveMsdRadixSortWithArraysAndCustomBase(10)	random	262144	7410125
RecursiveMsdRadixSortWithArraysAndCustomBase(10)	random	524288	14737792
RecursiveMsdRadixSortWithArraysAndCustomBase(10)	random	1048576	32026917
RecursiveMsdRadixSortWithArraysAndCustomBase(10)	random	2097152	62255709
RecursiveMsdRadixSortWithArraysAndCustomBase(10)	random	4194304	122379625
RecursiveMsdRadixSortWithArraysAndCustomBase(10)	random	8388608	243732042
RecursiveMsdRadixSortWithArraysAndCustomBase(10)	random	16777216	560648333
RecursiveMsdRadixSortWithArraysAndCustomBase(10)	random	33554432	1093312667
RecursiveMsdRadixSortWithArraysAndCustomBase(10)	random	67108864	2178181625
RecursiveMsdRadixSortWithArraysAndCustomBase(10)	ascending	1024	21416
RecursiveMsdRadixSortWithArraysAndCustomBase(10)	ascending	2048	47667
RecursiveMsdRadixSortWithArraysAndCustomBase(10)	ascending	4096	76542
RecursiveMsdRadixSortWithArraysAndCustomBase(10)	ascending	8192	138250
RecursiveMsdRadixSortWithArraysAndCustomBase(10)	ascending	16384	300792
RecursiveMsdRadixSortWithArraysAndCustomBase(10)	ascending	32768	597792
RecursiveMsdRadixSortWithArraysAndCustomBase(10)	ascending	65536	1168000
RecursiveMsdRadixSortWithArraysAndCustomBase(10)	ascending	131072	2884959
RecursiveMsdRadixSortWithArraysAndCustomBase(10)	ascending	262144	5799333
RecursiveMsdRadixSortWithArraysAndCustomBase(10)	ascending	524288	11707041
RecursiveMsdRadixSortWithArraysAndCustomBase(10)	ascending	1048576	24067625
RecursiveMsdRadixSortWithArraysAndCustomBase(10)	ascending	2097152	48710708
RecursiveMsdRadixSortWithArraysAndCustomBase(10)	ascending	4194304	95154541
RecursiveMsdRadixSortWithArraysAndCustomBase(10)	ascending	8388608	188369458
RecursiveMsdRadixSortWithArraysAndCustomBase(10)	ascending	16777216	439814417
RecursiveMsdRadixSortWithArraysAndCustomBase(10)	ascending	33554432	880020667
RecursiveMsdRadixSortWithArraysAndCustomBase(10)	ascending	67108864	1762274875
RecursiveMsdRadixSortWithArraysAndCustomBase(10)	descending	1024	26083
RecursiveMsdRadixSortWithArraysAndCustomBase(10)	descending	2048	46917
RecursiveMsdRadixSortWithArraysAndCustomBase(10)	descending	4096	87292
RecursiveMsdRadixSortWithArraysAndCustomBase(10)	descending	8192	158458
RecursiveMsdRadixSortWithArraysAndCustomBase(10)	descending	16384	286084
RecursiveMsdRadixSortWithArraysAndCustomBase(10)	descending	32768	602583
RecursiveMsdRadixSortWithArraysAndCustomBase(10)	descending	65536	1214167
RecursiveMsdRadixSortWithArraysAndCustomBase(10)	descending	131072	3012875
RecursiveMsdRadixSortWithArraysAndCustomBase(10)	descending	262144	6275292
RecursiveMsdRadixSortWithArraysAndCustomBase(10)	descending	524288	12042500
RecursiveMsdRadixSortWithArraysAndCustomBase(10)	descending	1048576	24280250
RecursiveMsdRadixSortWithArraysAndCustomBase(10)	descending	2097152	48942250
RecursiveMsdRadixSortWithArraysAndCustomBase(10)	descending	4194304	99386500
RecursiveMsdRadixSortWithArraysAndCustomBase(10)	descending	8388608	197388375
RecursiveMsdRadixSortWithArraysAndCustomBase(10)	descending	16777216	464289500
RecursiveMsdRadixSortWithArraysAndCustomBase(10)	descending	33554432	928423083
RecursiveMsdRadixSortWithArraysAndCustomBase(10)	descending	67108864	1871820084
RecursiveMsdRadixSortWithArraysAndCustomBase(1000)	random	1024	33333
RecursiveMsdRadixSortWithArraysAndCustomBase(1000)	random	2048	52084
RecursiveMsdRadixSortWithArraysAndCustomBase(1000)	random	4096	77916
RecursiveMsdRadixSortWithArraysAndCustomBase(1000)	random	8192	137208
RecursiveMsdRadixSortWithArraysAndCustomBase(1000)	random	16384	238875
RecursiveMsdRadixSortWithArraysAndCustomBase(1000)	random	32768	469792
RecursiveMsdRadixSortWithArraysAndCustomBase(1000)	random	65536	920125
RecursiveMsdRadixSortWithArraysAndCustomBase(1000)	random	131072	1825083
RecursiveMsdRadixSortWithArraysAndCustomBase(1000)	random	262144	3630958
RecursiveMsdRadixSortWithArraysAndCustomBase(1000)	random	524288	7377166
RecursiveMsdRadixSortWithArraysAndCustomBase(1000)	random	1048576	18190500
RecursiveMsdRadixSortWithArraysAndCustomBase(1000)	random	2097152	35169708
RecursiveMsdRadixSortWithArraysAndCustomBase(1000)	random	4194304	67518166
RecursiveMsdRadixSortWithArraysAndCustomBase(1000)	random	8388608	134763750
RecursiveMsdRadixSortWithArraysAndCustomBase(1000)	random	16777216	268939166
RecursiveMsdRadixSortWithArraysAndCustomBase(1000)	random	33554432	550796416
RecursiveMsdRadixSortWithArraysAndCustomBase(1000)	random	67108864	1113652708
RecursiveMsdRadixSortWithArraysAndCustomBase(1000)	ascending	1024	24375
RecursiveMsdRadixSortWithArraysAndCustomBase(1000)	ascending	2048	33000
RecursiveMsdRadixSortWithArraysAndCustomBase(1000)	ascending	4096	58667
RecursiveMsdRadixSortWithArraysAndCustomBase(1000)	ascending	8192	100792
RecursiveMsdRadixSortWithArraysAndCustomBase(1000)	ascending	16384	166042
RecursiveMsdRadixSortWithArraysAndCustomBase(1000)	ascending	32768	292375
RecursiveMsdRadixSortWithArraysAndCustomBase(1000)	ascending	65536	620125
RecursiveMsdRadixSortWithArraysAndCustomBase(1000)	ascending	131072	1207083
RecursiveMsdRadixSortWithArraysAndCustomBase(1000)	ascending	262144	2259500
RecursiveMsdRadixSortWithArraysAndCustomBase(1000)	ascending	524288	4456792
RecursiveMsdRadixSortWithArraysAndCustomBase(1000)	ascending	1048576	10361292
RecursiveMsdRadixSortWithArraysAndCustomBase(1000)	ascending	2097152	20458042
RecursiveMsdRadixSortWithArraysAndCustomBase(1000)	ascending	4194304	41107375
RecursiveMsdRadixSortWithArraysAndCustomBase(1000)	ascending	8388608	81071541
RecursiveMsdRadixSortWithArraysAndCustomBase(1000)	ascending	16777216	162391834
RecursiveMsdRadixSortWithArraysAndCustomBase(1000)	ascending	33554432	325094750
RecursiveMsdRadixSortWithArraysAndCustomBase(1000)	ascending	67108864	651419916
RecursiveMsdRadixSortWithArraysAndCustomBase(1000)	descending	1024	23667
RecursiveMsdRadixSortWithArraysAndCustomBase(1000)	descending	2048	37333
RecursiveMsdRadixSortWithArraysAndCustomBase(1000)	descending	4096	56833
RecursiveMsdRadixSortWithArraysAndCustomBase(1000)	descending	8192	96084
RecursiveMsdRadixSortWithArraysAndCustomBase(1000)	descending	16384	153042
RecursiveMsdRadixSortWithArraysAndCustomBase(1000)	descending	32768	300333
RecursiveMsdRadixSortWithArraysAndCustomBase(1000)	descending	65536	565041
RecursiveMsdRadixSortWithArraysAndCustomBase(1000)	descending	131072	1164334
RecursiveMsdRadixSortWithArraysAndCustomBase(1000)	descending	262144	2357583
RecursiveMsdRadixSortWithArraysAndCustomBase(1000)	descending	524288	4698041
RecursiveMsdRadixSortWithArraysAndCustomBase(1000)	descending	1048576	9986167
RecursiveMsdRadixSortWithArraysAndCustomBase(1000)	descending	2097152	20195083
RecursiveMsdRadixSortWithArraysAndCustomBase(1000)	descending	4194304	42202542
RecursiveMsdRadixSortWithArraysAndCustomBase(1000)	descending	8388608	79742583
RecursiveMsdRadixSortWithArraysAndCustomBase(1000)	descending	16777216	159276250
RecursiveMsdRadixSortWithArraysAndCustomBase(1000)	descending	33554432	319404375
RecursiveMsdRadixSortWithArraysAndCustomBase(1000)	descending	67108864	636915375
RadixSortWithDynamicListsAndCustomBase(10)	random	1024	30458
RadixSortWithDynamicListsAndCustomBase(10)	random	2048	51875
RadixSortWithDynamicListsAndCustomBase(10)	random	4096	77583
RadixSortWithDynamicListsAndCustomBase(10)	random	8192	135333
RadixSortWithDynamicListsAndCustomBase(10)	random	16384	308542
RadixSortWithDynamicListsAndCustomBase(10)	random	32768	592541
RadixSortWithDynamicListsAndCustomBase(10)	random	65536	1180084
RadixSortWithDynamicListsAndCustomBase(10)	random	131072	2833583
RadixSortWithDynamicListsAndCustomBase(10)	random	262144	5549583
RadixSortWithDynamicListsAndCustomBase(10)	random	524288	11822834
RadixSortWithDynamicListsAndCustomBase(10)	random	1048576	32689792
RadixSortWithDynamicListsAndCustomBase(10)	random	2097152	86271958
RadixSortWithDynamicListsAndCustomBase(10)	random	4194304	170175417
RadixSortWithDynamicListsAndCustomBase(10)	random	8388608	303466542
RadixSortWithDynamicListsAndCustomBase(10)	random	16777216	651473416
RadixSortWithDynamicListsAndCustomBase(10)	random	33554432	1312321000
RadixSortWithDynamicListsAndCustomBase(10)	random	67108864	4471170625
RadixSortWithDynamicListsAndCustomBase(10)	ascending	1024	25792
RadixSortWithDynamicListsAndCustomBase(10)	ascending	2048	37542
RadixSortWithDynamicListsAndCustomBase(10)	ascending	4096	77125
RadixSortWithDynamicListsAndCustomBase(10)	ascending	8192	126958
RadixSortWithDynamicListsAndCustomBase(10)	ascending	16384	305708
RadixSortWithDynamicListsAndCustomBase(10)	ascending	32768	596084
RadixSortWithDynamicListsAndCustomBase(10)	ascending	65536	1247500
RadixSortWithDynamicListsAndCustomBase(10)	ascending	131072	2848875
RadixSortWithDynamicListsAndCustomBase(10)	ascending	262144	5694792
RadixSortWithDynamicListsAndCustomBase(10)	ascending	524288	11651208
RadixSortWithDynamicListsAndCustomBase(10)	ascending	1048576	28121792
RadixSortWithDynamicListsAndCustomBase(10)	ascending	2097152	61329167
RadixSortWithDynamicListsAndCustomBase(10)	ascending	4194304	134953750
RadixSortWithDynamicListsAndCustomBase(10)	ascending	8388608	395163958
RadixSortWithDynamicListsAndCustomBase(10)	ascending	16777216	1174452750
RadixSortWithDynamicListsAndCustomBase(10)	ascending	33554432	2531399208
RadixSortWithDynamicListsAndCustomBase(10)	ascending	67108864	5578168084
RadixSortWithDynamicListsAndCustomBase(10)	descending	1024	27791
RadixSortWithDynamicListsAndCustomBase(10)	descending	2048	46792
RadixSortWithDynamicListsAndCustomBase(10)	descending	4096	75166
RadixSortWithDynamicListsAndCustomBase(10)	descending	8192	121125
RadixSortWithDynamicListsAndCustomBase(10)	descending	16384	298250
RadixSortWithDynamicListsAndCustomBase(10)	descending	32768	598583
RadixSortWithDynamicListsAndCustomBase(10)	descending	65536	1236208
RadixSortWithDynamicListsAndCustomBase(10)	descending	131072	2809792
RadixSortWithDynamicListsAndCustomBase(10)	descending	262144	5607500
RadixSortWithDynamicListsAndCustomBase(10)	descending	524288	11599166
RadixSortWithDynamicListsAndCustomBase(10)	descending	1048576	27912834
RadixSortWithDynamicListsAndCustomBase(10)	descending	2097152	62052708
RadixSortWithDynamicListsAndCustomBase(10)	descending	4194304	129918209
RadixSortWithDynamicListsAndCustomBase(10)	descending	8388608	386533875
RadixSortWithDynamicListsAndCustomBase(10)	descending	16777216	1128763833
RadixSortWithDynamicListsAndCustomBase(10)	descending	33554432	2592669875
RadixSortWithDynamicListsAndCustomBase(10)	descending	67108864	5540119708
RadixSortWithDynamicListsAndCustomBase(100)	random	1024	21500
RadixSortWithDynamicListsAndCustomBase(100)	random	2048	32708
RadixSortWithDynamicListsAndCustomBase(100)	random	4096	54458
RadixSortWithDynamicListsAndCustomBase(100)	random	8192	96959
RadixSortWithDynamicListsAndCustomBase(100)	random	16384	219750
RadixSortWithDynamicListsAndCustomBase(100)	random	32768	408083
RadixSortWithDynamicListsAndCustomBase(100)	random	65536	797208
RadixSortWithDynamicListsAndCustomBase(100)	random	131072	1591500
RadixSortWithDynamicListsAndCustomBase(100)	random	262144	3108917
RadixSortWithDynamicListsAndCustomBase(100)	random	524288	8313750
RadixSortWithDynamicListsAndCustomBase(100)	random	1048576	19811541
RadixSortWithDynamicListsAndCustomBase(100)	random	2097152	45972500
RadixSortWithDynamicListsAndCustomBase(100)	random	4194304	110923917
RadixSortWithDynamicListsAndCustomBase(100)	random	8388608	228718084
RadixSortWithDynamicListsAndCustomBase(100)	random	16777216	475922250
RadixSortWithDynamicListsAndCustomBase(100)	random	33554432	950926583
RadixSortWithDynamicListsAndCustomBase(100)	random	67108864	2062260625
RadixSortWithDynamicListsAndCustomBase(100)	ascending	1024	17500
RadixSortWithDynamicListsAndCustomBase(100)	ascending	2048	23708
RadixSortWithDynamicListsAndCustomBase(100)	ascending	4096	46792
RadixSortWithDynamicListsAndCustomBase(100)	ascending	8192	80125
RadixSortWithDynamicListsAndCustomBase(100)	ascending	16384	189458
RadixSortWithDynamicListsAndCustomBase(100)	ascending	32768	354083
RadixSortWithDynamicListsAndCustomBase(100)	ascending	65536	695167
RadixSortWithDynamicListsAndCustomBase(100)	ascending	131072	1431666
RadixSortWithDynamicListsAndCustomBase(100)	ascending	262144	2881417
RadixSortWithDynamicListsAndCustomBase(100)	ascending	524288	6208292
RadixSortWithDynamicListsAndCustomBase(100)	ascending	1048576	16486750
RadixSortWithDynamicListsAndCustomBase(100)	ascending	2097152	33875125
RadixSortWithDynamicListsAndCustomBase(100)	ascending	4194304	72906292
RadixSortWithDynamicListsAndCustomBase(100)	ascending	8388608	166341125
RadixSortWithDynamicListsAndCustomBase(100)	ascending	16777216	441936084
RadixSortWithDynamicListsAndCustomBase(100)	ascending	33554432	975630291
RadixSortWithDynamicListsAndCustomBase(100)	ascending	67108864	2343498042
RadixSortWithDynamicListsAndCustomBase(100)	descending	1024	19167
RadixSortWithDynamicListsAndCustomBase(100)	descending	2048	26750
RadixSortWithDynamicListsAndCustomBase(100)	descending	4096	38917
RadixSortWithDynamicListsAndCustomBase(100)	descending	8192	76459
RadixSortWithDynamicListsAndCustomBase(100)	descending	16384	178292
RadixSortWithDynamicListsAndCustomBase(100)	descending	32768	340042
RadixSortWithDynamicListsAndCustomBase(100)	descending	65536	696917
RadixSortWithDynamicListsAndCustomBase(100)	descending	131072	1399833
RadixSortWithDynamicListsAndCustomBase(100)	descending	262144	2871708
RadixSortWithDynamicListsAndCustomBase(100)	descending	524288	6410750
RadixSortWithDynamicListsAndCustomBase(100)	descending	1048576	17165750
RadixSortWithDynamicListsAndCustomBase(100)	descending	2097152	34299541
RadixSortWithDynamicListsAndCustomBase(100)	descending	4194304	73396834
RadixSortWithDynamicListsAndCustomBase(100)	descending	8388608	165460750
RadixSortWithDynamicListsAndCustomBase(100)	descending	16777216	442750167
RadixSortWithDynamicListsAndCustomBase(100)	descending	33554432	1021935833
RadixSortWithDynamicListsAndCustomBase(100)	descending	67108864	2266539167
RadixSortWithArraysAndCustomBase(10)	random	1024	20375
RadixSortWithArraysAndCustomBase(10)	random	2048	38333
RadixSortWithArraysAndCustomBase(10)	random	4096	57083
RadixSortWithArraysAndCustomBase(10)	random	8192	86333
RadixSortWithArraysAndCustomBase(10)	random	16384	201792
RadixSortWithArraysAndCustomBase(10)	random	32768	360833
RadixSortWithArraysAndCustomBase(10)	random	65536	705667
RadixSortWithArraysAndCustomBase(10)	random	131072	1816000
RadixSortWithArraysAndCustomBase(10)	random	262144	3495791
RadixSortWithArraysAndCustomBase(10)	random	524288	6882708
RadixSortWithArraysAndCustomBase(10)	random	1048576	16118583
RadixSortWithArraysAndCustomBase(10)	random	2097152	32925583
RadixSortWithArraysAndCustomBase(10)	random	4194304	64006958
RadixSortWithArraysAndCustomBase(10)	random	8388608	126772000
RadixSortWithArraysAndCustomBase(10)	random	16777216	310586500
RadixSortWithArraysAndCustomBase(10)	random	33554432	600499292
RadixSortWithArraysAndCustomBase(10)	random	67108864	1201869417
RadixSortWithArraysAndCustomBase(10)	ascending	1024	19000
RadixSortWithArraysAndCustomBase(10)	ascending	2048	29375
RadixSortWithArraysAndCustomBase(10)	ascending	4096	51459
RadixSortWithArraysAndCustomBase(10)	ascending	8192	85209
RadixSortWithArraysAndCustomBase(10)	ascending	16384	188708
RadixSortWithArraysAndCustomBase(10)	ascending	32768	350625
RadixSortWithArraysAndCustomBase(10)	ascending	65536	706333
RadixSortWithArraysAndCustomBase(10)	ascending	131072	1706666
RadixSortWithArraysAndCustomBase(10)	ascending	262144	3278041
RadixSortWithArraysAndCustomBase(10)	ascending	524288	6641083
RadixSortWithArraysAndCustomBase(10)	ascending	1048576	15555167
RadixSortWithArraysAndCustomBase(10)	ascending	2097152	30919875
RadixSortWithArraysAndCustomBase(10)	ascending	4194304	61802625
RadixSortWithArraysAndCustomBase(10)	ascending	8388608	125045917
RadixSortWithArraysAndCustomBase(10)	ascending	16777216	296447709
RadixSortWithArraysAndCustomBase(10)	ascending	33554432	595692458
RadixSortWithArraysAndCustomBase(10)	ascending	67108864	1203280583
RadixSortWithArraysAndCustomBase(10)	descending	1024	16500
RadixSortWithArraysAndCustomBase(10)	descending	2048	29917
RadixSortWithArraysAndCustomBase(10)	descending	4096	49292
RadixSortWithArraysAndCustomBase(10)	descending	8192	84292
RadixSortWithArraysAndCustomBase(10)	descending	16384	183291
RadixSortWithArraysAndCustomBase(10)	descending	32768	350000
RadixSortWithArraysAndCustomBase(10)	descending	65536	681958
RadixSortWithArraysAndCustomBase(10)	descending	131072	1678709
RadixSortWithArraysAndCustomBase(10)	descending	262144	3214375
RadixSortWithArraysAndCustomBase(10)	descending	524288	6675208
RadixSortWithArraysAndCustomBase(10)	descending	1048576	15527042
RadixSortWithArraysAndCustomBase(10)	descending	2097152	30528958
RadixSortWithArraysAndCustomBase(10)	descending	4194304	61080833
RadixSortWithArraysAndCustomBase(10)	descending	8388608	123238959
RadixSortWithArraysAndCustomBase(10)	descending	16777216	293448834
RadixSortWithArraysAndCustomBase(10)	descending	33554432	588673584
RadixSortWithArraysAndCustomBase(10)	descending	67108864	1191259584
RadixSortWithArraysAndCustomBase(100)	random	1024	15833
RadixSortWithArraysAndCustomBase(100)	random	2048	22625
RadixSortWithArraysAndCustomBase(100)	random	4096	34583
RadixSortWithArraysAndCustomBase(100)	random	8192	56083
RadixSortWithArraysAndCustomBase(100)	random	16384	137792
RadixSortWithArraysAndCustomBase(100)	random	32768	232500
RadixSortWithArraysAndCustomBase(100)	random	65536	433750
RadixSortWithArraysAndCustomBase(100)	random	131072	880667
RadixSortWithArraysAndCustomBase(100)	random	262144	1674000
RadixSortWithArraysAndCustomBase(100)	random	524288	3335458
RadixSortWithArraysAndCustomBase(100)	random	1048576	9303541
RadixSortWithArraysAndCustomBase(100)	random	2097152	19544917
RadixSortWithArraysAndCustomBase(100)	random	4194304	36373500
RadixSortWithArraysAndCustomBase(100)	random	8388608	72030000
RadixSortWithArraysAndCustomBase(100)	random	16777216	143650583
RadixSortWithArraysAndCustomBase(100)	random	33554432	298353750
RadixSortWithArraysAndCustomBase(100)	random	67108864	691158542
RadixSortWithArraysAndCustomBase(100)	ascending	1024	13209
RadixSortWithArraysAndCustomBase(100)	ascending	2048	19459
RadixSortWithArraysAndCustomBase(100)	ascending	4096	31250
RadixSortWithArraysAndCustomBase(100)	ascending	8192	53250
RadixSortWithArraysAndCustomBase(100)	ascending	16384	126292
RadixSortWithArraysAndCustomBase(100)	ascending	32768	231375
RadixSortWithArraysAndCustomBase(100)	ascending	65536	444125
RadixSortWithArraysAndCustomBase(100)	ascending	131072	868250
RadixSortWithArraysAndCustomBase(100)	ascending	262144	1713291
RadixSortWithArraysAndCustomBase(100)	ascending	524288	3449083
RadixSortWithArraysAndCustomBase(100)	ascending	1048576	9379625
RadixSortWithArraysAndCustomBase(100)	ascending	2097152	18048875
RadixSortWithArraysAndCustomBase(100)	ascending	4194304	36382167
RadixSortWithArraysAndCustomBase(100)	ascending	8388608	72326584
RadixSortWithArraysAndCustomBase(100)	ascending	16777216	178330791
RadixSortWithArraysAndCustomBase(100)	ascending	33554432	437913000
RadixSortWithArraysAndCustomBase(100)	ascending	67108864	1000487625
RadixSortWithArraysAndCustomBase(100)	descending	1024	12250
RadixSortWithArraysAndCustomBase(100)	descending	2048	18416
RadixSortWithArraysAndCustomBase(100)	descending	4096	31500
RadixSortWithArraysAndCustomBase(100)	descending	8192	54583
RadixSortWithArraysAndCustomBase(100)	descending	16384	126625
RadixSortWithArraysAndCustomBase(100)	descending	32768	230792
RadixSortWithArraysAndCustomBase(100)	descending	65536	430541
RadixSortWithArraysAndCustomBase(100)	descending	131072	841625
RadixSortWithArraysAndCustomBase(100)	descending	262144	1656500
RadixSortWithArraysAndCustomBase(100)	descending	524288	3408167
RadixSortWithArraysAndCustomBase(100)	descending	1048576	9289333
RadixSortWithArraysAndCustomBase(100)	descending	2097152	17780417
RadixSortWithArraysAndCustomBase(100)	descending	4194304	36066750
RadixSortWithArraysAndCustomBase(100)	descending	8388608	71806292
RadixSortWithArraysAndCustomBase(100)	descending	16777216	174796792
RadixSortWithArraysAndCustomBase(100)	descending	33554432	432520250
RadixSortWithArraysAndCustomBase(100)	descending	67108864	989090292
RadixSortWithCountingSortAndCustomBase(10)	random	1024	17708
RadixSortWithCountingSortAndCustomBase(10)	random	2048	26042
RadixSortWithCountingSortAndCustomBase(10)	random	4096	40875
RadixSortWithCountingSortAndCustomBase(10)	random	8192	71500
RadixSortWithCountingSortAndCustomBase(10)	random	16384	176959
RadixSortWithCountingSortAndCustomBase(10)	random	32768	313000
RadixSortWithCountingSortAndCustomBase(10)	random	65536	614042
RadixSortWithCountingSortAndCustomBase(10)	random	131072	1535875
RadixSortWithCountingSortAndCustomBase(10)	random	262144	3048042
RadixSortWithCountingSortAndCustomBase(10)	random	524288	6034125
RadixSortWithCountingSortAndCustomBase(10)	random	1048576	14536250
RadixSortWithCountingSortAndCustomBase(10)	random	2097152	29070500
RadixSortWithCountingSortAndCustomBase(10)	random	4194304	55351708
RadixSortWithCountingSortAndCustomBase(10)	random	8388608	110126583
RadixSortWithCountingSortAndCustomBase(10)	random	16777216	262272542
RadixSortWithCountingSortAndCustomBase(10)	random	33554432	505216250
RadixSortWithCountingSortAndCustomBase(10)	random	67108864	1010252125
RadixSortWithCountingSortAndCustomBase(10)	ascending	1024	16375
RadixSortWithCountingSortAndCustomBase(10)	ascending	2048	25167
RadixSortWithCountingSortAndCustomBase(10)	ascending	4096	43166
RadixSortWithCountingSortAndCustomBase(10)	ascending	8192	77792
RadixSortWithCountingSortAndCustomBase(10)	ascending	16384	173750
RadixSortWithCountingSortAndCustomBase(10)	ascending	32768	329584
RadixSortWithCountingSortAndCustomBase(10)	ascending	65536	627166
RadixSortWithCountingSortAndCustomBase(10)	ascending	131072	1512000
RadixSortWithCountingSortAndCustomBase(10)	ascending	262144	2920416
RadixSortWithCountingSortAndCustomBase(10)	ascending	524288	5956209
RadixSortWithCountingSortAndCustomBase(10)	ascending	1048576	14032000
RadixSortWithCountingSortAndCustomBase(10)	ascending	2097152	27729500
RadixSortWithCountingSortAndCustomBase(10)	ascending	4194304	55155250
RadixSortWithCountingSortAndCustomBase(10)	ascending	8388608	110840958
RadixSortWithCountingSortAndCustomBase(10)	ascending	16777216	252276458
RadixSortWithCountingSortAndCustomBase(10)	ascending	33554432	505509500
RadixSortWithCountingSortAndCustomBase(10)	ascending	67108864	1009564083
RadixSortWithCountingSortAndCustomBase(10)	descending	1024	15541
RadixSortWithCountingSortAndCustomBase(10)	descending	2048	24750
RadixSortWithCountingSortAndCustomBase(10)	descending	4096	44208
RadixSortWithCountingSortAndCustomBase(10)	descending	8192	76500
RadixSortWithCountingSortAndCustomBase(10)	descending	16384	168333
RadixSortWithCountingSortAndCustomBase(10)	descending	32768	317583
RadixSortWithCountingSortAndCustomBase(10)	descending	65536	631459
RadixSortWithCountingSortAndCustomBase(10)	descending	131072	1501334
RadixSortWithCountingSortAndCustomBase(10)	descending	262144	2886958
RadixSortWithCountingSortAndCustomBase(10)	descending	524288	5785625
RadixSortWithCountingSortAndCustomBase(10)	descending	1048576	13874334
RadixSortWithCountingSortAndCustomBase(10)	descending	2097152	27282500
RadixSortWithCountingSortAndCustomBase(10)	descending	4194304	54607167
RadixSortWithCountingSortAndCustomBase(10)	descending	8388608	109147084
RadixSortWithCountingSortAndCustomBase(10)	descending	16777216	250099084
RadixSortWithCountingSortAndCustomBase(10)	descending	33554432	499206333
RadixSortWithCountingSortAndCustomBase(10)	descending	67108864	1003194916
RadixSortWithCountingSortAndCustomBase(100)	random	1024	11375
RadixSortWithCountingSortAndCustomBase(100)	random	2048	15583
RadixSortWithCountingSortAndCustomBase(100)	random	4096	25750
RadixSortWithCountingSortAndCustomBase(100)	random	8192	46625
RadixSortWithCountingSortAndCustomBase(100)	random	16384	122333
RadixSortWithCountingSortAndCustomBase(100)	random	32768	201750
RadixSortWithCountingSortAndCustomBase(100)	random	65536	386208
RadixSortWithCountingSortAndCustomBase(100)	random	131072	746208
RadixSortWithCountingSortAndCustomBase(100)	random	262144	1476459
RadixSortWithCountingSortAndCustomBase(100)	random	524288	2999834
RadixSortWithCountingSortAndCustomBase(100)	random	1048576	8539166
RadixSortWithCountingSortAndCustomBase(100)	random	2097152	17321375
RadixSortWithCountingSortAndCustomBase(100)	random	4194304	31773250
RadixSortWithCountingSortAndCustomBase(100)	random	8388608	63376208
RadixSortWithCountingSortAndCustomBase(100)	random	16777216	127245750
RadixSortWithCountingSortAndCustomBase(100)	random	33554432	254671417
RadixSortWithCountingSortAndCustomBase(100)	random	67108864	517874000
RadixSortWithCountingSortAndCustomBase(100)	ascending	1024	11125
RadixSortWithCountingSortAndCustomBase(100)	ascending	2048	16667
RadixSortWithCountingSortAndCustomBase(100)	ascending	4096	26542
RadixSortWithCountingSortAndCustomBase(100)	ascending	8192	47250
RadixSortWithCountingSortAndCustomBase(100)	ascending	16384	113417
RadixSortWithCountingSortAndCustomBase(100)	ascending	32768	207291
RadixSortWithCountingSortAndCustomBase(100)	ascending	65536	393375
RadixSortWithCountingSortAndCustomBase(100)	ascending	131072	761708
RadixSortWithCountingSortAndCustomBase(100)	ascending	262144	1514083
RadixSortWithCountingSortAndCustomBase(100)	ascending	524288	3021459
RadixSortWithCountingSortAndCustomBase(100)	ascending	1048576	8284500
RadixSortWithCountingSortAndCustomBase(100)	ascending	2097152	16296000
RadixSortWithCountingSortAndCustomBase(100)	ascending	4194304	32943208
RadixSortWithCountingSortAndCustomBase(100)	ascending	8388608	65054750
RadixSortWithCountingSortAndCustomBase(100)	ascending	16777216	131373125
RadixSortWithCountingSortAndCustomBase(100)	ascending	33554432	264340833
RadixSortWithCountingSortAndCustomBase(100)	ascending	67108864	539332083
RadixSortWithCountingSortAndCustomBase(100)	descending	1024	12208
RadixSortWithCountingSortAndCustomBase(100)	descending	2048	15166
RadixSortWithCountingSortAndCustomBase(100)	descending	4096	25333
RadixSortWithCountingSortAndCustomBase(100)	descending	8192	47167
RadixSortWithCountingSortAndCustomBase(100)	descending	16384	112125
RadixSortWithCountingSortAndCustomBase(100)	descending	32768	214375
RadixSortWithCountingSortAndCustomBase(100)	descending	65536	383542
RadixSortWithCountingSortAndCustomBase(100)	descending	131072	746291
RadixSortWithCountingSortAndCustomBase(100)	descending	262144	1465959
RadixSortWithCountingSortAndCustomBase(100)	descending	524288	2985333
RadixSortWithCountingSortAndCustomBase(100)	descending	1048576	8130125
RadixSortWithCountingSortAndCustomBase(100)	descending	2097152	16220833
RadixSortWithCountingSortAndCustomBase(100)	descending	4194304	32587334
RadixSortWithCountingSortAndCustomBase(100)	descending	8388608	64330708
RadixSortWithCountingSortAndCustomBase(100)	descending	16777216	129531000
RadixSortWithCountingSortAndCustomBase(100)	descending	33554432	260092708
RadixSortWithCountingSortAndCustomBase(100)	descending	67108864	524228083
RecursiveMsdRadixSortWithArraysAndCustomBase(10)	random	1024	34125
RecursiveMsdRadixSortWithArraysAndCustomBase(10)	random	2048	65292
RecursiveMsdRadixSortWithArraysAndCustomBase(10)	random	4096	111334
RecursiveMsdRadixSortWithArraysAndCustomBase(10)	random	8192	204208
RecursiveMsdRadixSortWithArraysAndCustomBase(10)	random	16384	422541
RecursiveMsdRadixSortWithArraysAndCustomBase(10)	random	32768	805459
RecursiveMsdRadixSortWithArraysAndCustomBase(10)	random	65536	1571625
RecursiveMsdRadixSortWithArraysAndCustomBase(10)	random	131072	3750625
RecursiveMsdRadixSortWithArraysAndCustomBase(10)	random	262144	7407042
RecursiveMsdRadixSortWithArraysAndCustomBase(10)	random	524288	14692375
RecursiveMsdRadixSortWithArraysAndCustomBase(10)	random	1048576	31799333
RecursiveMsdRadixSortWithArraysAndCustomBase(10)	random	2097152	62522875
RecursiveMsdRadixSortWithArraysAndCustomBase(10)	random	4194304	122537958
RecursiveMsdRadixSortWithArraysAndCustomBase(10)	random	8388608	244625750
RecursiveMsdRadixSortWithArraysAndCustomBase(10)	random	16777216	559133375
RecursiveMsdRadixSortWithArraysAndCustomBase(10)	random	33554432	1089662250
RecursiveMsdRadixSortWithArraysAndCustomBase(10)	random	67108864	2180569167
RecursiveMsdRadixSortWithArraysAndCustomBase(10)	ascending	1024	25250
RecursiveMsdRadixSortWithArraysAndCustomBase(10)	ascending	2048	47792
RecursiveMsdRadixSortWithArraysAndCustomBase(10)	ascending	4096	82292
RecursiveMsdRadixSortWithArraysAndCustomBase(10)	ascending	8192	142208
RecursiveMsdRadixSortWithArraysAndCustomBase(10)	ascending	16384	284542
RecursiveMsdRadixSortWithArraysAndCustomBase(10)	ascending	32768	590959
RecursiveMsdRadixSortWithArraysAndCustomBase(10)	ascending	65536	1172125
RecursiveMsdRadixSortWithArraysAndCustomBase(10)	ascending	131072	2683667
RecursiveMsdRadixSortWithArraysAndCustomBase(10)	ascending	262144	5794750
RecursiveMsdRadixSortWithArraysAndCustomBase(10)	ascending	524288	11982375
RecursiveMsdRadixSortWithArraysAndCustomBase(10)	ascending	1048576	23882792
RecursiveMsdRadixSortWithArraysAndCustomBase(10)	ascending	2097152	46946542
RecursiveMsdRadixSortWithArraysAndCustomBase(10)	ascending	4194304	94809541
RecursiveMsdRadixSortWithArraysAndCustomBase(10)	ascending	8388608	187977708
RecursiveMsdRadixSortWithArraysAndCustomBase(10)	ascending	16777216	440013958
RecursiveMsdRadixSortWithArraysAndCustomBase(10)	ascending	33554432	880694416
RecursiveMsdRadixSortWithArraysAndCustomBase(10)	ascending	67108864	1763170417
RecursiveMsdRadixSortWithArraysAndCustomBase(10)	descending	1024	23000
RecursiveMsdRadixSortWithArraysAndCustomBase(10)	descending	2048	49042
RecursiveMsdRadixSortWithArraysAndCustomBase(10)	descending	4096	84083
RecursiveMsdRadixSortWithArraysAndCustomBase(10)	descending	8192	153458
RecursiveMsdRadixSortWithArraysAndCustomBase(10)	descending	16384	323667
RecursiveMsdRadixSortWithArraysAndCustomBase(10)	descending	32768	593000
RecursiveMsdRadixSortWithArraysAndCustomBase(10)	descending	65536	1165834
RecursiveMsdRadixSortWithArraysAndCustomBase(10)	descending	131072	2881833
RecursiveMsdRadixSortWithArraysAndCustomBase(10)	descending	262144	6427458
RecursiveMsdRadixSortWithArraysAndCustomBase(10)	descending	524288	12549542
RecursiveMsdRadixSortWithArraysAndCustomBase(10)	descending	1048576	24129166
RecursiveMsdRadixSortWithArraysAndCustomBase(10)	descending	2097152	48458708
RecursiveMsdRadixSortWithArraysAndCustomBase(10)	descending	4194304	97685875
RecursiveMsdRadixSortWithArraysAndCustomBase(10)	descending	8388608	196921375
RecursiveMsdRadixSortWithArraysAndCustomBase(10)	descending	16777216	463490000
RecursiveMsdRadixSortWithArraysAndCustomBase(10)	descending	33554432	931293708
RecursiveMsdRadixSortWithArraysAndCustomBase(10)	descending	67108864	1855067334
RecursiveMsdRadixSortWithArraysAndCustomBase(1000)	random	1024	33333
RecursiveMsdRadixSortWithArraysAndCustomBase(1000)	random	2048	52500
RecursiveMsdRadixSortWithArraysAndCustomBase(1000)	random	4096	77666
RecursiveMsdRadixSortWithArraysAndCustomBase(1000)	random	8192	128667
RecursiveMsdRadixSortWithArraysAndCustomBase(1000)	random	16384	246375
RecursiveMsdRadixSortWithArraysAndCustomBase(1000)	random	32768	471833
RecursiveMsdRadixSortWithArraysAndCustomBase(1000)	random	65536	913584
RecursiveMsdRadixSortWithArraysAndCustomBase(1000)	random	131072	1844458
RecursiveMsdRadixSortWithArraysAndCustomBase(1000)	random	262144	3628125
RecursiveMsdRadixSortWithArraysAndCustomBase(1000)	random	524288	7269292
RecursiveMsdRadixSortWithArraysAndCustomBase(1000)	random	1048576	18172625
RecursiveMsdRadixSortWithArraysAndCustomBase(1000)	random	2097152	34955417
RecursiveMsdRadixSortWithArraysAndCustomBase(1000)	random	4194304	67629583
RecursiveMsdRadixSortWithArraysAndCustomBase(1000)	random	8388608	134403208
RecursiveMsdRadixSortWithArraysAndCustomBase(1000)	random	16777216	268340125
RecursiveMsdRadixSortWithArraysAndCustomBase(1000)	random	33554432	539312750
RecursiveMsdRadixSortWithArraysAndCustomBase(1000)	random	67108864	1106401959
RecursiveMsdRadixSortWithArraysAndCustomBase(1000)	ascending	1024	20917
RecursiveMsdRadixSortWithArraysAndCustomBase(1000)	ascending	2048	35334
RecursiveMsdRadixSortWithArraysAndCustomBase(1000)	ascending	4096	59625
RecursiveMsdRadixSortWithArraysAndCustomBase(1000)	ascending	8192	93875
RecursiveMsdRadixSortWithArraysAndCustomBase(1000)	ascending	16384	158375
RecursiveMsdRadixSortWithArraysAndCustomBase(1000)	ascending	32768	311583
RecursiveMsdRadixSortWithArraysAndCustomBase(1000)	ascending	65536	615500
RecursiveMsdRadixSortWithArraysAndCustomBase(1000)	ascending	131072	1205500
RecursiveMsdRadixSortWithArraysAndCustomBase(1000)	ascending	262144	2377958
RecursiveMsdRadixSortWithArraysAndCustomBase(1000)	ascending	524288	4496750
RecursiveMsdRadixSortWithArraysAndCustomBase(1000)	ascending	1048576	10953875
RecursiveMsdRadixSortWithArraysAndCustomBase(1000)	ascending	2097152	20408083
RecursiveMsdRadixSortWithArraysAndCustomBase(1000)	ascending	4194304	40957833
RecursiveMsdRadixSortWithArraysAndCustomBase(1000)	ascending	8388608	81384042
RecursiveMsdRadixSortWithArraysAndCustomBase(1000)	ascending	16777216	162864583
RecursiveMsdRadixSortWithArraysAndCustomBase(1000)	ascending	33554432	326540916
RecursiveMsdRadixSortWithArraysAndCustomBase(1000)	ascending	67108864	652036292
RecursiveMsdRadixSortWithArraysAndCustomBase(1000)	descending	1024	24291
RecursiveMsdRadixSortWithArraysAndCustomBase(1000)	descending	2048	35792
RecursiveMsdRadixSortWithArraysAndCustomBase(1000)	descending	4096	65291
RecursiveMsdRadixSortWithArraysAndCustomBase(1000)	descending	8192	92958
RecursiveMsdRadixSortWithArraysAndCustomBase(1000)	descending	16384	155625
RecursiveMsdRadixSortWithArraysAndCustomBase(1000)	descending	32768	311500
RecursiveMsdRadixSortWithArraysAndCustomBase(1000)	descending	65536	568834
RecursiveMsdRadixSortWithArraysAndCustomBase(1000)	descending	131072	1169750
RecursiveMsdRadixSortWithArraysAndCustomBase(1000)	descending	262144	2366625
RecursiveMsdRadixSortWithArraysAndCustomBase(1000)	descending	524288	4793583
RecursiveMsdRadixSortWithArraysAndCustomBase(1000)	descending	1048576	10363583
RecursiveMsdRadixSortWithArraysAndCustomBase(1000)	descending	2097152	19977208
RecursiveMsdRadixSortWithArraysAndCustomBase(1000)	descending	4194304	42398000
RecursiveMsdRadixSortWithArraysAndCustomBase(1000)	descending	8388608	80679875
RecursiveMsdRadixSortWithArraysAndCustomBase(1000)	descending	16777216	160060500
RecursiveMsdRadixSortWithArraysAndCustomBase(1000)	descending	33554432	320052500
RecursiveMsdRadixSortWithArraysAndCustomBase(1000)	descending	67108864	639316208
